card_url,image_url,В ЖК,Адрес,От метро,"Цена, ₽","Цена за м², ₽",Комнат,Этаж,Этажность,Площадь,description,Количество,"Площадь, м²","Цена, млн. ₽","Цена за м², тыс. ₽"
https://www.cian.ru/sale/flat/304058853/,https://images.cdn-cian.ru/images/2207569097-4.jpg,ЖК «Переделкино Ближнее Город-парк»,"Москва, НАО (Новомосковский), м. Рассказовка, Переделкино Ближнее мкр, 18-й кв-л",Пешком,10630272.0,309920.0,1.0,7.0,17.0,34.3,"Продается однокомнатная квартира в городе-парке ""Переделкино Ближнее"". 
Общая площадь квартиры - 34,3 кв. м, этаж 7 из 17. 
Срок сдачи - 2 квартал 2026 года. 
Тип дома - монолитный. 
 
Город-парк ""Переделкино Ближнее"" расположен в 8 км от МКАД по Боровскому шоссе. 
 
ТРАНСПОРТНАЯ ДОСТУПНОСТЬ: 
 
- 10 минут пешком до МЦД-4 ""Мичуринец""
- 15 минут пешком до станции метро ""Рассказовка"" Солнцевской линии
- 10 минут на машине до станции метро ""Филатов Луг"" Сокольнической линии
- 30 минут до центра Москвы
- Прямой выезд на дорогу Солнцево-Бутово-Варшавское шоссе, минуя жилую застройку всего ЖК 
 
БЛАГОУСТРОЙСТВО: 
 
Новая фаза строительства уникальна своим расположением -  в шаговой доступности парк на Лукинской улицы, река Алёшинка. 
На территории 18 фазы строительства будут построены 2 монолитных жилых корпуса повышенного комфорта разной этажности 7, 17 этажей. А также многоуровневый паркинг на 300 м/мест. 
Вход в жилую часть корпусов каждой секции осуществляется с двух сторон - с наружного контура жилого дома и со стороны дворового пространства, предусмотрен безбарьерный доступ. 
 
ВНУТРЕННЯЯ ИНФРАСТРУКТУРА: 
 
В рамках данной фазы, для жителей предусмотрено создание пространства, свободного от машин - благоустроенные огороженные дворы с современными детскими и спортивными площадками, разделенными на зоны по возрастам.
На территории проекта есть все необходимые объекты социальной и бытовой инфраструктуры: детские сады, школы, магазины, паркинги, аптеки, поликлиники, пожарная часть и др. 
 
АВТОРСКИЙ ДИЗАЙН: 
 
Современный монолитный дом переменной этажности 7 и 17 этажей. На фасаде предусмотрены корзины для установки кондиционеров. Входные группы домов выполнены по авторскому дизайну. Колясочные располагаются при входе, велопарковка на -1 этаже. Продается 1-комнатная квартира рядом с метро Рассказовка.",,34.3,10.6,309.9
https://www.cian.ru/sale/flat/311508621/,https://images.cdn-cian.ru/images/kvartira-moskva-borovskoe-shosse-2356664667-4.jpg,,"Москва, ЗАО, р-н Ново-Переделкино, м. Рассказовка, Боровское шоссе, 33К1",Транспортом,13600000.0,357895.0,,,,,"Продаётся однокомнатная квартира с дизайнерским ремонтом рядом с метро Новопеределкино. Из окон шикарный панорамный  вид на юго-запад. Хорошая планировка, выход на застеклённый балкон из просторной кухни, совмещённый санузел, уютная спальня, оснащённая гардеробная. В квартире выполнен качественный ремонт с заменой всех коммуникаций, окон и радиаторов, в прихожей и санузле смонтирован тёплый пол, установлен кондиционер, проточный водонагреватель, видеодомофон. Кухня с встроенной техникой (холодильник, посудомоечная машина, духовой шкаф, микроволновая печь, варочная панель, вытяжка). После ремонта в квартире никто не жил. Квартира продаётся со всей мебелью и техникой. Без обременений и прописанных, один взрослый собственник, полная стоимость в договоре. Продам 1-комнатную квартиру рядом с метро Рассказовка.",,nan,13.6,357.9
https://www.cian.ru/sale/flat/307207882/,https://images.cdn-cian.ru/images/2265415343-4.jpg,ЖК «Город-парк Первый Московский»,"Москва, НАО (Новомосковский), м. Рассказовка, Московский г., Первый Московский мкр, Первый Московский ЖК, 7-я фаза, 3",Транспортом,8832384.0,268462.0,1.0,12.0,20.0,32.9,"Продается однокомнатная квартира  без отделки в 7 фазе города-парка ""Первый Московский"". 
Общая площадь квартиры - 32,9 кв. м, этаж 12 из 20. 
Срок сдачи - 1 квартал 2027 года. 
Тип дома - монолитный. 
 
Новый корпус состоит из 3х секций:
- 1 и 2 секции с отделкой White Box с возможностью приобретения чистовой отделки за дополнительную плату
- 3 секция без отделки 
 
Город-парк ""Первый Московский"" расположен всего в 7 км по Киевскому шоссе (Новая Москва). Из города-парка прямой выезд на Киевское шоссе и трассу Солнцево-Бутово-Варшавское шоссе. 
 
ТРАНСПОРТНАЯ ДОСТУПНОСТЬ: 
 
- 5 мин. на личном автомобиле  или 10 мин. на автобусе 189 и 147 до станции метро ""Филатов Луг""
- 25  мин. пешком до станции метро ""Филатов Луг"" 
 
ИНФРАСТРУКТУРА: 
 
Около 7 фазы запланировано строительство детского сада, школы, 2 многоуровневых паркинга.
Также на территории проекта есть все необходимые объекты действующей социальной и бытовой инфраструктуры: 8 детских садов, 5 школ, тц, магазины, паркинги, аптеки и др. 
 
БЛАГОУСТРОЙСТВО: 
 
- Дворы без машин
- Игровые зоны для детей, зоны для занятия спортом, зоны для отдыха с навесами/качелями
- Детские площадки разделены по возрастным группам
- Пешеходный и вело-маршрут с двуполостной велодорожкой 2,5 м. в ширину
- Озеленение с растениями всесезонного цветения 
 
ОСОБЕННОСТИ АРХИТЕКТУРЫ: 
 
В каждой секции 3 корпуса предусмотрены: 
- колясочные во входных группах
- кладовые помещения с -1 по 20 этажи
- коммерческие помещения на 1 этажах
- по 4 лифта: 2 пассажирских, 2 грузовых
- видеонаблюдение установленное в холлах первых этажей, у подъездов и прилегающей территории 
 
АВТОРСКИЙ ДИЗАЙН: 
 
Входные группы выполнены по авторскому дизайну, оснащены системой ""тёплый пол"". В каждой входной группе будет располагаться комфортабельная зона ожидания с мягким диваном,
акцентными пуфами и столиком. 1-комнатная квартира рядом с метро Рассказовка.",,32.9,8.8,268.5
https://www.cian.ru/sale/flat/303387198/,https://images.cdn-cian.ru/images/2193180730-4.jpg,ЖК «Рассказово»,"Москва, НАО (Новомосковский), м. Рассказовка, Внуковское поселение, бульвар Андрея Тарковского, 11",Пешком,11700000.0,390000.0,1.0,18.0,22.0,30.0,"Продается однокомнатная квартира, полностью готовая к чистовой отделке.   
Квартира расположена на 18 этаже, солнечная сторона, лоджия.  
Прекрасный жилой комплекс ""Рассказово"" в пешей доступности от метро ""Рассказовка"". Красивые фасады и развитая инфраструктура для комфортного проживания. Консьерж, видеонаблюдение по периметру, двор без машин, подземный паркинг, детские площадки, ресторан, магазины, зоны для спорта и отдыха.   
Рядом 2 парка ""Боровский"" и ""Ульяновский"".  
  
2 взрослых собственника, прямая продажа.  
  
Компания ZIP Realty является членом РГР (Российской гильдии риэлторов), ГРМ (Гильдии риэлторов Москвы), Гильдии риэлторов при МТПП (Московской торгово-промышленной палате), КОКОН (Консультанты коммерческой недвижимости), AREA (Ассоциации агентств элитной недвижимости) Купить 1-комнатную квартиру рядом с метро Рассказовка.",,30.0,11.7,390.0
https://www.cian.ru/sale/flat/307207737/,https://images.cdn-cian.ru/images/2265413388-4.jpg,ЖК «Город-парк Первый Московский»,"Москва, НАО (Новомосковский), м. Рассказовка, Московский г., Первый Московский мкр, Первый Московский ЖК",Транспортом,10125961.0,259640.0,1.0,8.0,19.0,39.0,"Продается однокомнатная квартира  с отделкой в 9 фазе города-парка ""Первый Московский"". 
Общая площадь квартиры - 39 кв. м, этаж 8 из 19. 
Срок сдачи - 2 квартал 2027 года. 
Тип дома - монолитный. 
 
Новый корпус состоит из 3х секций:
Все секции с отделкой White Box с возможностью дополнительного выбора дизайнерской отделки: Classic или Smart+ 
 
Город-парк ""Первый Московский"" расположен всего в 7 км по Киевскому шоссе (Новая Москва). Из города-парка прямой выезд на Киевское шоссе и трассу Солнцево-Бутово-Варшавское шоссе. 
 
ТРАНСПОРТНАЯ ДОСТУПНОСТЬ: 
 
- 5 мин. на личном автомобиле или 10 мин. на автобусе 189, 147, 193  до станции метро ""Филатов Луг""
- 5 мин. на личном автомобиле или 12 мин. на автобусе 863 до станции метро ""Саларьево""
- 6 мин. на личном автомобиле или 15 мин. на автобусе 333 до станции метро ""Рассказовка"" 
 
РАЗВИТАЯ ИНФРАСТРУКТУРА В ОКРУЖЕНИИ: 
 
- общеобразовательная школа 2120 корпуса д1, д7, ш1-ш5
- детский сад 2120 корпуса д2, д9 
- школа искусств
- городская больница, детская поликлиника, филиал 5
- подстанция скорой помощи 58 и пожарно-спасательный центр 313
- отдел полиции, отдел ГИБДД
- торговые центры Столица и Новомосковский 
- стадион, каток, бассейн
- кафе, продуктовые магазины, аптеки, фитнес центры, салоны красоты и пр. 
 

БЛАГОУСТРОЙСТВО: 
 
- дворы без машин
- разнообразные детские площадки и развивающие комплексы
- детские площадки разделены по возрастным группам
- максимальная близость корпуса к пару Филатов луг
- озеленение территории с учетом зонирования, островками для отдыха 
 
ОСОБЕННОСТИ АРХИТЕКТУРЫ: 
 
- безбарьерные входные группы
- велопарковка на -1 этаже
- колясочные в каждой входной группе
- коммерческие помещения на 1 этаже в трех секциях
- кладовые помещения расположены на жилых этажах и на -1 этаже
- в каждой секции корпуса по 4 лифта: 2 пассажирских, 2 грузовых
- видеонаблюдение установленное в холлах первых этажей, у подъездов и прилегающей территории 
 
АВТОРСКИЙ ДИЗАЙН: 
 
Входные группы выполнены по авторскому дизайну, оснащены системой ""тёплый пол"". В каждой входной группе будет располагаться комфортабельная зона ожидания, почтовые ящики с ячейкой для спама, колясочная, акцентные пуфы и столик.",,39.0,10.1,259.6
https://www.cian.ru/sale/flat/306277521/,https://images.cdn-cian.ru/images/2248800296-4.jpg,ЖК «Солнцево парк»,"Москва, НАО (Новомосковский), м. Рассказовка, Внуковское поселение, улица Летчика Ульянина, 3А",Транспортом,10400000.0,250602.0,1.0,8.0,13.0,41.5,"Номер в базе: 1859615. Продаются отличные двухкомнатные аппартаменты, общей площадью 41,5 кв.м.

Окружение: 
Экологически чистый район Москвы. Развитый микрорайон. Школы (строется новая так же), несколько детских садов, поликлиника, в 2 минутах центр развития творчества, спортивные секции, кружки для детей, а также частная школа. Двор благоустроенный, с современными детскими и спортивными/скейт площадками, хорошая экология, рядом парк и пруд! В ближайшей перспективе охрана в подъездах и установка шлагбаума. В составе комплекса: на первых этажах жилых домов (офисы, магазины, аптеки, салоны красоты), новый район с современными стандартами инфраструктуры. 

О доме: 
Дом 2020 года. В доме 2 лифта, 1 грузовой и 1 пассажирский. В подъезде всегда чисто. На этаже есть место для личных вещей (коляска, велосипед и тд.) Соседи тихие и спокойные. Просторная входная группа и на этажах есть так же домофон (прохожий с улицы не зайдет) 

О апартаментах: 
Апартаменты расположены на 8 этаже 13 этажного дома. Прекрасный вид из окна.  Высота потолков 2,7 метра. Квартира очень светлая и приятная. Ремонт от застройщика, остаётся мебель. Как для жизни, так и для сдачи подходит идеально. 

Транспортная доступность: 
* 5 минут пешком до метро ""Пыхтино""
* 2 минуты пешком до остановки ""Улица Лётчика Грицевца, 4""
* До МКАДа 15 минут на машине 

О документах: 
ДДУ. 1 взрослый собственник. Полная стоимость в договоре. 


Код пользователя: 141977",,41.5,10.4,250.6
https://www.cian.ru/sale/flat/311081838/,https://images.cdn-cian.ru/images/2346843278-4.jpg,ЖК «Детали»,"Москва, НАО (Новомосковский), м. Рассказовка, пос. Марьино, Детали ЖК",Транспортом,9072809.0,220750.0,1.0,8.0,23.0,41.1,"ЖК ""Детали"" - бизнес-класс по цене комфорта! 

Покупка квартиры в ЖК ""Детали"" - это хорошая инвестиция.
 
Преимущества комплекса:
-  Московская прописка
- Близость к метро Филатов Луг - 15 минут
- Подземный паркинг
- Закрытая охраняемая территория
- Автобусная остановка, сады, школы и поликлиника в шаге от дома
- Уютные лобби с зоной коворкинга, фитнесом и детским клубом
-  Окна в пол, мастер-спальни и гардеробные

Продается 1-к квартира общей площадью 41.1 кв. метра на 8-м этаже комплекса бизнес-класса ""Детали"".

Благодаря продуманной ступенчатой застройке и панорамному остеклению квартиры здесь получают максимум естественного освещения в течение дня. Ваша квартира будет не только светлой и уютной, но и комфортной благодаря эргономичной планировке.
 
Квартиры в ЖК Детали - это возможность быть ближе к природе, не теряя преимуществ крупного мегаполиса!
 
Транспортная доступность:
- Автобусная остановка в 15 метрах от дома
- Метро ""Филатов Луг"" - 15 минут на общественном транспорте
- Метро ""Десна"" - 10 минут (открытие 2027 г.)
- МКАД - 15 км
- 50 минут до центра Москвы

Локация:
Дом расположен в центре поселка Марьино, поселение Филимонковское Новой Москвы, в окружении открытых детских садов, школ и поликлиники. По соседству на 17 гектарах раскинулся лесной массив парка ""Марьино"" и протекает река ""Незнайка"". Это один из самых экологически благоприятных районов Москвы по данным рейтинга EcoStandart Group.

На территории ЖК девелопер реализует:
- Два собственных детских сада по 250 мест. Ввод в эксплуатацию планируется в 4-м квартале 2026 года, в 1-м квартале 2027 года
- В каждом лобби спроектированы общественный санузел, мягкая зона для комфортного ожидания курьера или такси, предусмотрены отдельные помещения для хранения колясок, велосипедов и самокатов, а также помещения для мойки лап собакам
- Для мам с колясками продуман безбарьерный вход
- Каждая секция ЖК - с панорамным остеклением, индивидуальным дизайном и приятным интерьером
- Подземный охраняемый паркинг, оснащенный системой считывания номеров, с доступом на лифте с любого этажа
- Наземный паркинг с зарядкой для электрокаров
- Безопасная закрытая территория комплекса с системой контроля и управления доступом
- Приватный двор с многоуровневым ландшафтным парком, детскими площадками, зонами для отдыха и арт-объектами
- Двор без машин - изюминка проекта. В жилом комплексе Детали вся территория будет под видеонаблюдением и охраной
 
Поселение Филимоновское это:
- Валуевский лесопарк
- Исторические памятники архитектуры
- Конные и теннисные клубы, горнолыжные склоны, реки и водоемы.
Здесь развита образовательная инфраструктура: школы, детские сады, спортивные и творческие секции. Безусловно, здесь также есть всё необходимое и для повседневной жизни.
 
Все условия для покупки:
- Рассрочка
- Семейная ипотека
- Материнский капитал
- Траншевая ипотека
- Военная ипотека
- Trade-In
- Индивидуальные скидки
 
Звоните и записывайтесь на просмотр!",,41.1,9.1,220.8
https://www.cian.ru/sale/flat/305463181/,https://images.cdn-cian.ru/images/2235442566-4.jpg,ЖК «Город-парк Первый Московский»,"Москва, НАО (Новомосковский), м. Рассказовка, Московский г., улица Москвитина, 9к2",Транспортом,11400000.0,285000.0,1.0,16.0,23.0,40.0,"Номер в базе: 1789397. ЭТУ КВАРТИРУ МОЖНО КУПИТЬ В ИПОТЕКУ ПОД 14.99%!
Вашему вниманию представлена 1-к квартира с отличным ремонтом в современном стиле в Новой Москве!
В квартире теплые полы, большой гардероб, уютная кухня с бытовой техникой.
Свободная продажа,1 взрослый собственник, без обременений. 
Все документы готовы к сделке.
• ЖК: 
-  Качественный монолитный дом с красивой архитектурой, расположенный в тихом месте;
- Школа и детские сады в пешей доступности;
- Поликлиника в пешей доступности;
- Детские и спортивные площадки на территории;
- Остановки общественного транспорта;
- Развитая и сложившаяся инфраструктура;
- Район озеленен. Парки Филатов луг и Ульяновский лесопарк находятся в пешем доступе;
• НАШИМ ПОКУПАТЕЛЯМ: 
Агентство недвижимости ЭТАЖИ поможет предоставить вам одобрение ипотеки по выгодным ставкам от банков партнеров, а также безопасно провести сделку от и до перехода права собственности!
Финансовая гарантия до 25 млн. рублей
НЕ УПУСТИТЕ ВОЗМОЖНОСТЬ! ОТЛИЧНОЕ ПРЕДЛОЖЕНИЕ, ЗВОНИТЕ!
Код пользователя: 165780",,40.0,11.4,285.0
https://aprelevka.cian.ru/sale/flat/303606793/,https://images.cdn-cian.ru/images/2361621215-4.jpg,ЖК «Парк Апрель»,"Московская область, Наро-Фоминский городской округ, Апрелевка, м. Рассказовка, Парк Апрель ЖК",Транспортом,8543626.0,204100.0,1.0,3.0,4.0,41.86,"Прямая продажа от застройщика! Загородный жилой комплекс класса Комфорт Плюс.
Продаётся 1-к квартира номер 63 общей площадью 41.86 кв.м. на 3-м этаже 4 этажного дома. Без отделки.

Особенности:
- Квартира доступна к покупке в Trade-In.
- Линейная
- МЦД-4 в 10-ти минутах
- Квартиры с ключами
- Квартиры в готовом поселке
- Отличный вариант для проживания или инвестиций. Поселок готов к проживанию. Посмотрите вживую!
- Закрытый поселок в окружении леса
- Детский сад и школа на территории
- Закрытая территория
- Въезд и выезд только через КПП
- Круглосуточная охрана и видеонаблюдение
- Реки и леса в пешей доступности

Квартира без отделки. Чистый холст для воплощения интерьера вашей мечты.

Расположение комплекса: 
Уникальный жилой комплекс, расположенный в 20 минутах от Москвы по Киевскому шоссе и окруженный первозданным лесом. В Парк Апрель легко наслаждаться жизнью на природе, не отказываясь от привычного уровня комфорта. Это возможно, благодаря уникальному сочетанию преимуществ комплекса. ЖК, окруженный с трех сторон лесом - подарит вам возможность дышать полной грудью и наслаждаться прекрасными видами, а развитая инфраструктура, транспортная доступность и высокий уровень безопасности принесут спокойствие и безмятежность.

Транспортная доступность:
МКАД в 20 минутах по Киевскому шоссе по современной скоростной трассе. Автобусная остановка в 200-х метрах от дома. 9 маршрутов наземного транспорта, автобусы до станций метро Юго-Западная, Саларьево, Румянцево, Тропарево. 25 минут на МЦД D4 до Киевского вокзала.

Внутренняя инфраструктура:
Развитая инфраструктура жилого комплекса, включает муниципальную школу, детский сад, торговый центр и другие объекты. Расположение домов тщательно продумано, так что из окон открываются красивые виды на тихие дворики и окружающий лес, а всего за 10 минут на личном или общественном транспорте вы доедете до любой из двадцати школ, поликлиники или современного дворца спорта. Разумеется, в Апрелевке найдутся также торговые комплексы, фитнес-центры и многое другое. 

Для кровли используется черепица, имеющая отличные тепло- и шумоизоляционные характеристики. Благодаря стенам из керамических на протяжении всего года в доме будет здоровый микроклимат, а облицовка бельгийский кирпичом придает особое очарование фасадам.
Вы сможете создать уникальный формат жилья, который подойдет именно вам. Просторная кухня - гостиная, отдельный кабинет для работы, мастер-спальня с гардеробной и ванной - квартира со свободной планировкой позволяет воплотить в жизнь все ваши идеи
С трех сторон Парк Апрель окружен лесом и малоэтажной частной застройкой, поблизости отсутствуют вредные производства. В пешей доступности находятся две реки и лесной массив, откуда удачная роза ветров приносит свежий воздух
Жителям Парк Апрель доступна развитая инфраструктура Апрелевки: два десятка образовательных учреждений, спортивная школа, современный дворец спорта, поликлиники, фитнес-центры, магазины и торговые комплексы. Все объекты расположены не более, чем",,41.9,8.5,204.1
https://odintsovo.cian.ru/sale/flat/305928449/,https://images.cdn-cian.ru/images/2242558501-4.jpg,,"Московская область, Одинцово, м. Рассказовка, Микрорайон Клубничное Поле, 8",Транспортом,13000000.0,342105.0,1.0,8.0,24.0,38.0,"Номер в базе: 1751573. **ПРЕДЛАГАЕМ ВАШЕМУ ВНИМАНИЮ УНИКАЛЬНЫЙ ОБЪЕКТ В ЖК ""ОДИНГРАД. СЕМЕЙНЫЙ КВАРТАЛ""!** 

** ЛУЧШАЯ КВАРТИРА В ДАННОМ ЖИЛОМ КОМПЛЕКСЕ! **

Продаётся великолепная евродвушка площадью 38 кв.м., которая станет идеальным местом для комфортной жизни вашей семьи. 
Эта квартира с утепленным балконом-кабинетом — настоящий оазис уюта и стиля, где каждый элемент продуман до мелочей. 
Дизайнерский ремонт выполнен с использованием только самых качественных материалов, что гарантирует долговечность и привлекательный внешний вид.

Квартира полностью готова к проживанию — просто заезжайте и наслаждайтесь! 

Тёплые полы создадут атмосферу уюта даже в самые холодные дни, а кондиционеры обеспечат комфорт в жару. 
Умное зонирование помещений делает пространство функциональным и удобным для жизни. Кухня укомплектована всей необходимой встроенной техникой, а санузел оборудован ванной и стиральной машиной. 
На входе Вас встретит большая гардеробная , в которой достаточно места, чтобы разместить все Ваши вещи и поддерживать порядок в Вашем новом доме.   

Безопасность и комфорт — важные аспекты для каждой семьи. Двор без машин обеспечит спокойствие для вас и ваших близких, парковка авто в ЖК  вынесена за его пределы. В дополнение, в ближайшее время будет достроен многоэтажный крытый паркинг, что сделает жизнь в ЖК ещё более удобной.

Жилой комплекс ""Одинград. Семейный"" расположен в экологически чистом Одинцовском районе , окружённом парками с вековыми деревьями. 
На территории ЖК вы найдёте всё необходимое для комфортной жизни: детские сады, школы, лицеи, спортивные центры, магазины, кафе и салоны красоты — всё в шаговой доступности. Вам не придётся покидать территорию комплекса, чтобы решить повседневные задачи.

Удобный выезд на платную дорогу ""Северный обход Одинцово"" позволяет всего за 15 минут добраться до делового центра Москвы, что делает это место идеальным для работающих людей.

Не упустите возможность стать счастливым обладателем этой уютной квартиры! 
Звоните прямо сейчас и записывайтесь на просмотр — ваша мечта о комфортной жизни в прекрасном районе может стать реальностью!


Код пользователя: 162615",,38.0,13.0,342.1
https://www.cian.ru/sale/flat/304058181/,https://images.cdn-cian.ru/images/2318775997-4.jpg,ЖК «Переделкино Ближнее Город-парк»,"Москва, НАО (Новомосковский), м. Рассказовка, Переделкино Ближнее мкр, 18-й кв-л",Пешком,12908492.0,288781.0,1.0,2.0,17.0,44.7,"Продается однокомнатная квартира с отделкой в 18 фазе города-парка ""Переделкино Ближнее"". 
Общая площадь квартиры - 44,7 кв. м, этаж 2 из 17. 
Срок сдачи - 2 квартал 2027 года. 
Тип дома - монолитный. 
 
Новый корпус состоит из 12 секций c переменной этажностью 8-17 этажей: 
Все секции с отделкой White Box с возможностью повышения за дополнительную плату до дизайнерской отделки: Classic или Smart+ 
 
Город-парк ""Переделкино Ближнее"" расположен в 8 км от МКАД по Боровскому шоссе. 
 
ТРАНСПОРТНАЯ ДОСТУПНОСТЬ: 
 
- 10 минут пешком до МЦД-4 ""Мичуринец""
- 14 минут на машине до станции метро ""Филатов Луг"" Сокольнической линии
- 15 минут пешком до станции метро ""Рассказовка"" Солнцевской линии
- 30 минут до центра Москвы
- Прямой выезд на дорогу Солнцево-Бутово-Варшавское шоссе, минуя жилую застройку всего ЖК 
 
РАЗВИТАЯ СОЦИАЛЬНАЯ ИНФРАСТРУКТУРА: 
  
- 7 детских садов, 3 школы
- детская музыкальная школа имени Б.Л. Пастернака
- поликлиника для взрослых ГБУЗ ГП  212 ДЗМ филиал  70
- пожарная часть 66. Аварийно-спасательный отряд  6 ГКУ
- банки, продуктовые магазины, аптеки, фитнес центры, салоны красоты и пр 
 
БЛАГОУСТРОЙСТВО: 
 
- дворы без машин
- игровые зоны и развивающие детские площадки
- детские площадки разделены по возрастным группам
- зоны для пассивного отдыха 
- зоны для занятий спорта 
 
ОСОБЕННОСТИ АРХИТЕКТУРЫ: 
 
- переменная этажность открывает видовые характеристики на реку Алешинка и на лесопарковую зону
- увеличенное остекление в квартирах
- высокие потолки от 3,03 м.
- безбарьерные входные группы 
- колясочные в каждой входной группе
- кладовые помещения расположены на -1 этаже каждой секции и на 2-17 жилых этажах в секции 11
- коммерческие помещения на 1 этаже в 11 и 12 секциях
- в секциях 2-4, 6-7, 11-12 по 2 лифта: 1 пассажирский, 1 грузовой
- в секциях 1, 5, 8-10: 1 грузовой лифт
- мусоропроводы в домах не предусмотрены, запроектированы специальные зона для сбора мусора
- на фасаде предусмотрены корзины для установки кондиционеров.
- видеонаблюдение установленное в холлах первых этажей, у подъездов и прилегающей территории 
 
АВТОРСКИЙ ДИЗАЙН:  
 
Входные группы выполнены по авторскому дизайну, оснащены системой ""тёплый пол"". В каждой входной группе будет располагаться комфортабельная зона ожидания, почтовые ящики, колясочная, акцентные пуфы и столик.",,44.7,12.9,288.8
https://odintsovo.cian.ru/sale/flat/311786817/,https://images.cdn-cian.ru/images/2361961746-4.jpg,,"Московская область, м. Рассказовка, Одинцовский городской округ, пос. ВНИИССОК, 7",Транспортом,5700000.0,175385.0,,,,,"Номер в базе: 4327645. Продается великолепная 1-комнатная квартира в живописном поселке ВНИИССОК, дом 7, Одинцовского района! Это идеальное место для комфортной жизни, всего в 13 км от МКАД по Можайскому шоссе. 

Просторная светлая комната площадью 19,4 м² наполнена уютом и теплом, а кухня размером 5,6 м² станет настоящей находкой для кулинаров. Раздельный санузел и прихожая площадью 5 м² обеспечат вам дополнительный комфорт и удобство.

Квартира полностью готова к проживанию: установлена электрическая плита, проведен интернет и подключен домофон. 

Отличная транспортная доступность позволит вам быстро добраться до Москвы, а поблизости находится железнодорожная станция ""Пионерская"" всего в 12 минутах пешком. Автобусная остановка, откуда можно доехать до станции метро МЦД Одинцово, расположена в 5 минутах от дома.

Инфраструктура района радует разнообразием: в шаговой доступности находятся несколько детских садов и школа, отделение почты, стоматология, парикмахерские и пункты выдачи товаров Ozon и Wildberries. 

 Для шопинга и отдыха вам доступны магазины ""Пятёрочка"", ""Верный"", ""Магнит"" и ""ВкусВилл"". Не упустите возможность посетить торгово-развлекательный центр ""Атлас"" с кинотеатром, множеством магазинов и кафе, а также гипермаркеты ""Леруа Мерлен"" и ""Глобус"".

Эта квартира — ваш шанс на комфортную жизнь в спокойном и развитом районе! 

Звоните и записывайтесь на просмотр уже сегодня!
Код пользователя: 175253",,nan,5.7,175.4
https://www.cian.ru/sale/flat/308015744/,https://images.cdn-cian.ru/images/2284874110-4.jpg,ЖК «Переделкино Ближнее Город-парк»,"Москва, НАО (Новомосковский), м. Рассказовка, Переделкино Ближнее мкр, 18-й кв-л",Пешком,12315292.0,297471.0,1.0,5.0,17.0,41.4,"Продается однокомнатная квартира с отделкой в 18 фазе города-парка ""Переделкино Ближнее"". 
Общая площадь квартиры - 41,4 кв. м, этаж 5 из 17. 
Срок сдачи - 2 квартал 2027 года. 
Тип дома - монолитный. 
 
Новый корпус состоит из 12 секций c переменной этажностью 8-17 этажей: 
Все секции с отделкой White Box с возможностью повышения за дополнительную плату до дизайнерской отделки: Classic или Smart+ 
 
Город-парк ""Переделкино Ближнее"" расположен в 8 км от МКАД по Боровскому шоссе. 
 
ТРАНСПОРТНАЯ ДОСТУПНОСТЬ: 
 
- 10 минут пешком до МЦД-4 ""Мичуринец""
- 14 минут на машине до станции метро ""Филатов Луг"" Сокольнической линии
- 15 минут пешком до станции метро ""Рассказовка"" Солнцевской линии
- 30 минут до центра Москвы
- Прямой выезд на дорогу Солнцево-Бутово-Варшавское шоссе, минуя жилую застройку всего ЖК 
 
РАЗВИТАЯ СОЦИАЛЬНАЯ ИНФРАСТРУКТУРА: 
  
- 7 детских садов, 3 школы
- детская музыкальная школа имени Б.Л. Пастернака
- поликлиника для взрослых ГБУЗ ГП  212 ДЗМ филиал  70
- пожарная часть 66. Аварийно-спасательный отряд  6 ГКУ
- банки, продуктовые магазины, аптеки, фитнес центры, салоны красоты и пр 
 
БЛАГОУСТРОЙСТВО: 
 
- дворы без машин
- игровые зоны и развивающие детские площадки
- детские площадки разделены по возрастным группам
- зоны для пассивного отдыха 
- зоны для занятий спорта 
 
ОСОБЕННОСТИ АРХИТЕКТУРЫ: 
 
- переменная этажность открывает видовые характеристики на реку Алешинка и на лесопарковую зону
- увеличенное остекление в квартирах
- высокие потолки от 3,03 м.
- безбарьерные входные группы 
- колясочные в каждой входной группе
- кладовые помещения расположены на -1 этаже каждой секции и на 2-17 жилых этажах в секции 11
- коммерческие помещения на 1 этаже в 11 и 12 секциях
- в секциях 2-4, 6-7, 11-12 по 2 лифта: 1 пассажирский, 1 грузовой
- в секциях 1, 5, 8-10: 1 грузовой лифт
- мусоропроводы в домах не предусмотрены, запроектированы специальные зона для сбора мусора
- на фасаде предусмотрены корзины для установки кондиционеров.
- видеонаблюдение установленное в холлах первых этажей, у подъездов и прилегающей территории 
 
АВТОРСКИЙ ДИЗАЙН:  
 
Входные группы выполнены по авторскому дизайну, оснащены системой ""тёплый пол"". В каждой входной группе будет располагаться комфортабельная зона ожидания, почтовые ящики, колясочная, акцентные пуфы и столик.",,41.4,12.3,297.5
https://www.cian.ru/sale/flat/311931656/,https://images.cdn-cian.ru/images/novostroyka-cvetochnye-polyany-2365318061-4.jpg,ЖК «Цветочные Поляны»,"Москва, НАО (Новомосковский), м. Рассказовка, Цветочные Поляны ЖК, к8",Транспортом,6650000.0,204050.0,,,,,"Продаётся однокомнатная квартира. 
убедительная просьба риэлторов не беспокоить. 
сдача дома 30.06.2025г",,nan,6.7,204.1
https://www.cian.ru/sale/flat/310797748/,https://images.cdn-cian.ru/images/2340527854-4.jpg,ЖК «Середневский лес»,"Москва, НАО (Новомосковский), м. Рассказовка, Середневский Лес ЖК, 4.3",Транспортом,8258849.0,228145.0,1.0,7.0,9.0,36.2,"Продаётся 1-комн. квартира площадью 36,2 кв.м на 7 этаже 9 этажного дома (Корпус 4.3, Секция 2) проекта ПИК Середневский лес. Светлый просторный подъезд на уровне земли, функциональная планировка, большие окна, .
 
В 10 минутах на автомобиле находится станция метро ""Внуково"", а в 15 минутах — станции ""Филатов Луг"" и ""Саларьево"". От них до центра Москвы всего 3540 минут. На рейсовом автобусе от жилого квартала до метро ""Филатов Луг"" — 20 минут.
 
На территории ""Середневского леса"" появилось общественное пространство с игровыми площадками, местами для отдыха, пешеходными маршрутами и велопарковкой — для прогулок, отдыха и встреч жителей квартала. Также внутри жилого квартала уже открыта школа на 1100 мест и детский сад для 325 малышей. В дальнейшем откроется ещё один сад для 340 детей. Артикул 966285  (Застройщик ООО ""Специализированный застройщик Середнево"")",,36.2,8.3,228.1
https://odintsovo.cian.ru/sale/flat/311950984/,https://images.cdn-cian.ru/images/2365427730-4.jpg,ЖК «Гусарская баллада»,"Московская область, м. Рассказовка, Одинцовский городской округ, пос. ВНИИССОК, улица Михаила Кутузова, 15",Транспортом,8200000.0,189376.0,,,,,"Номер в базе: 4328632. Продается уютная и светлая квартира в престижном закрытом жилом комплексе ""Гусарская Баллада""! Это идеальное место для тех, кто ценит комфорт и спокойствие. 

Квартира оформлена в стильном минималистичном дизайне, который создает атмосферу уюта и гармонии. Здесь нет ярких кислотных оттенков, только спокойные и натуральные цвета, которые способствуют расслаблению. Просторная светлая лоджия станет вашим любимым местом для отдыха, а большая гардеробная с продуманной системой хранения позволит легко организовать пространство. Натяжной потолок с точечным освещением добавляет изысканности, а полы из ламината в комнате и плитки на кухне и в прихожей обеспечивают практичность и легкость в уходе.

Одним из главных достоинств квартиры являются окна, выходящие на живописное поле с лошадьми, что создает атмосферу уединения и спокойствия, вдали от городской суеты и шумных детских площадок. И, конечно, стоит отметить отличную энергетику квартиры, которую вы почувствуете с первого взгляда.

Инфраструктура района прекрасно развита: новые детские и спортивные площадки, ухоженные дворы с фонтанами, детский сад и школа, фитнес-центр, торговые и медицинские центры, аптеки и пункты выдачи WB и Озон  все, что нужно для комфортной жизни, находится в шаговой доступности.

Удобное транспортное сообщение: станция МЦД-1 ""Пионерская"" всего в 10 минутах пешком. Вы сможете быстро добраться до метро Кунцевская за 20 минут или до Белорусской за 40 минут. Также легкий выезд на Можайское и Минское шоссе, что удобно как для пешеходов, так и для автомобилистов.

Квартира находится в собственности у одного взрослого собственника, без обременений, что гарантирует быстрый выход на сделку.

Не упустите шанс стать владельцем этой замечательной квартиры! Приглашаю на просмотр, чтобы вы могли лично оценить все ее преимущества и уют. Ваш новый дом ждет вас!

Код пользователя: 162615",,nan,8.2,189.4
https://www.cian.ru/sale/flat/305973158/,https://images.cdn-cian.ru/images/2243318963-4.jpg,ЖК «Переделкино Ближнее Город-парк»,"Москва, НАО (Новомосковский), м. Рассказовка, Переделкино Ближнее мкр, 18-й кв-л",Пешком,12015201.0,322123.0,1.0,4.0,17.0,37.3,"Продается однокомнатная квартира с отделкой в 18 фазе города-парка ""Переделкино Ближнее"". 
Общая площадь квартиры - 37,3 кв. м, этаж 4 из 17. 
Срок сдачи - 2 квартал 2027 года. 
Тип дома - монолитный. 
 
Новый корпус состоит из 12 секций c переменной этажностью 8-17 этажей: 
Все секции с отделкой White Box с возможностью повышения за дополнительную плату до дизайнерской отделки: Classic или Smart+ 
 
Город-парк ""Переделкино Ближнее"" расположен в 8 км от МКАД по Боровскому шоссе. 
 
ТРАНСПОРТНАЯ ДОСТУПНОСТЬ: 
 
- 10 минут пешком до МЦД-4 ""Мичуринец""
- 14 минут на машине до станции метро ""Филатов Луг"" Сокольнической линии
- 15 минут пешком до станции метро ""Рассказовка"" Солнцевской линии
- 30 минут до центра Москвы
- Прямой выезд на дорогу Солнцево-Бутово-Варшавское шоссе, минуя жилую застройку всего ЖК 
 
РАЗВИТАЯ СОЦИАЛЬНАЯ ИНФРАСТРУКТУРА: 
  
- 7 детских садов, 3 школы
- детская музыкальная школа имени Б.Л. Пастернака
- поликлиника для взрослых ГБУЗ ГП  212 ДЗМ филиал  70
- пожарная часть 66. Аварийно-спасательный отряд  6 ГКУ
- банки, продуктовые магазины, аптеки, фитнес центры, салоны красоты и пр 
 
БЛАГОУСТРОЙСТВО: 
 
- дворы без машин
- игровые зоны и развивающие детские площадки
- детские площадки разделены по возрастным группам
- зоны для пассивного отдыха 
- зоны для занятий спорта 
 
ОСОБЕННОСТИ АРХИТЕКТУРЫ: 
 
- переменная этажность открывает видовые характеристики на реку Алешинка и на лесопарковую зону
- увеличенное остекление в квартирах
- высокие потолки от 3,03 м.
- безбарьерные входные группы 
- колясочные в каждой входной группе
- кладовые помещения расположены на -1 этаже каждой секции и на 2-17 жилых этажах в секции 11
- коммерческие помещения на 1 этаже в 11 и 12 секциях
- в секциях 2-4, 6-7, 11-12 по 2 лифта: 1 пассажирский, 1 грузовой
- в секциях 1, 5, 8-10: 1 грузовой лифт
- мусоропроводы в домах не предусмотрены, запроектированы специальные зона для сбора мусора
- на фасаде предусмотрены корзины для установки кондиционеров.
- видеонаблюдение установленное в холлах первых этажей, у подъездов и прилегающей территории 
 
АВТОРСКИЙ ДИЗАЙН:  
 
Входные группы выполнены по авторскому дизайну, оснащены системой ""тёплый пол"". В каждой входной группе будет располагаться комфортабельная зона ожидания, почтовые ящики, колясочная, акцентные пуфы и столик.",,37.3,12.0,322.1
https://odintsovo.cian.ru/sale/flat/311967840/,https://images.cdn-cian.ru/images/2365847718-4.jpg,ЖК «Гусарская баллада»,"Московская область, Одинцово, м. Рассказовка, улица Гвардейская, 7",Транспортом,8250000.0,187500.0,,,,,"Номер в базе: 4329338.  ВИДОВАЯ КВАРТИРА С ШИКАРНЫМ ВИДОМ НА ЛЕС - ВАШ ИДЕАЛЬНЫЙ ДОМ! 

 Представьте: Вы просыпаетесь под лучами утреннего солнца, подходите к окну, и перед Вами открывается захватывающий вид на зеленый массив леса. Чистый воздух наполняет легкие, а тишина дарит умиротворение... Это не мечта — это реальность!

 КЛЮЧЕВЫЕ ПРЕИМУЩЕСТВА:
- Живописный вид на лес из окон - природа у Вашего порога
- Просторная светлая комната с эркером и окнами на юг - максимум естественного света в течение всего дня
- Лучшее расположение в ЖК - удобная парковка и быстрый выезд из ЖК без пробок 
- Отличная транспортная доступность - всего 15 минут до делового центра столицы по скоростной трассе М1
- Развитая инфраструктура: все необходимое на территории ЖК, ТЦ с ""Перекрестком"" в 2 минутах ходьбы

 О КВАРТИРЕ:
Премиальный ремонт:
- Современная отделка в светлых тонах, стены под покраску
- Элегантные белые двери
- Премиальная чешская сантехника
- Стильная кухня IKEA, укомплектованная надежной техникой Hansa

 ЮРИДИЧЕСКАЯ ЧИСТОТА:
- Проверенная история - один собственник 10+ лет
- Без обременений
- Быстрый выход на сделку

 ЛОКАЦИЯ И ИНФРАСТРУКТУРА:
Открой для себя ЖК ""ГУСАРСКАЯ БАЛЛАДА"" - неоднократного победителя престижных премий Urban Awards и RREF Awards! Этот уникальный проект комфорт-класса расположился в живописном Одинцовском районе в 12 км от МКАД, где чистый воздух и отличная транспортная доступность создают идеальный баланс для жизни.

 Круглосуточный фитнес-центр LIME FITNESS Одинцово — крупнейший на западе Подмосковья площадью более 10 000 м²:
- 2 профессиональных бассейна
- Эксклюзивные залы персонального тренинга
- Оборудование для тренировок мирового класса
- Премиальная SPA-зона
- Комплекс бань для восстановления сил

 Передовой образовательный центр ""Багратион""  гордость комплекса, третий по величине в России (более 30 000 м²): 
- Инновационные мастерские
- Впечатляющий концертный зал
- Современные компьютерные классы
- Просторные спортивные залы

 Ультрасовременная поликлиника на территории ЖК (2025): 
- 500 пациентов в смену (350 взрослых, 150 детей)
- Передовое медицинское оборудование
- Полный спектр диагностики (функциональная, эндоскопическая)
- Дневной стационар на 16 коек

- МФЦ, магазины, аптеки, кафе, рестораны и салоны красоты
- Современные спортивные и детские площадки
- Несколько живописных парков поблизости
- Государственные детские сады

 Транспортная доступность:
- 15 минут до делового центра Москвы по М1
- 5 минут до МКАД
- 10 минут до аэропорта Внуково (2025)
- 10 минут до станции МЦД Одинцово
- Пешая доступность до ж/д станций Пионерская, Отрадная

 СРОЧНАЯ ПРОДАЖА! 
 Каждое утро Вас будет встречать живописная панорама леса - привилегия, доступная лишь избранным. 
 Крайне редкий лот  подобные видовые характеристики имеют менее 3% квартир в ЖК!
 Не упустите шанс стать владельцем квартиры, о которой Вы всегда мечтали!
Звоните! Отвечу на все вопросы и организую показ в удобное для Вас время.
Код пользователя: 162615",,nan,8.2,187.5
https://www.cian.ru/sale/flat/304057959/,https://images.cdn-cian.ru/images/2207552925-4.jpg,ЖК «Город-парк Первый Московский»,"Москва, НАО (Новомосковский), м. Рассказовка, Московский г., Первый Московский мкр, Первый Московский ЖК, 7-я фаза, 3",Транспортом,10395695.0,259892.0,1.0,18.0,20.0,40.0,"Продается однокомнатная квартира  с отделкой в 7 фазе города-парка ""Первый Московский"". 
Общая площадь квартиры - 40 кв. м, этаж 18 из 20. 
Срок сдачи - 1 квартал 2027 года. 
Тип дома - монолитный. 
 
Новый корпус состоит из 3х секций:
- 1 и 2 секции с отделкой White Box с возможностью приобретения чистовой отделки за дополнительную плату
- 3 секция без отделки 
 
Город-парк ""Первый Московский"" расположен всего в 7 км по Киевскому шоссе (Новая Москва). Из города-парка прямой выезд на Киевское шоссе и трассу Солнцево-Бутово-Варшавское шоссе. 
 
ТРАНСПОРТНАЯ ДОСТУПНОСТЬ: 
 
- 5 мин. на личном автомобиле  или 10 мин. на автобусе 189 и 147 до станции метро ""Филатов Луг""
- 25  мин. пешком до станции метро ""Филатов Луг"" 
 
ИНФРАСТРУКТУРА: 
 
Около 7 фазы запланировано строительство детского сада, школы, 2 многоуровневых паркинга.
Также на территории проекта есть все необходимые объекты действующей социальной и бытовой инфраструктуры: 8 детских садов, 5 школ, тц, магазины, паркинги, аптеки и др. 
 
БЛАГОУСТРОЙСТВО: 
 
- Дворы без машин
- Игровые зоны для детей, зоны для занятия спортом, зоны для отдыха с навесами/качелями
- Детские площадки разделены по возрастным группам
- Пешеходный и вело-маршрут с двуполостной велодорожкой 2,5 м. в ширину
- Озеленение с растениями всесезонного цветения 
 
ОСОБЕННОСТИ АРХИТЕКТУРЫ: 
 
В каждой секции 3 корпуса предусмотрены: 
- колясочные во входных группах
- кладовые помещения с -1 по 20 этажи
- коммерческие помещения на 1 этажах
- по 4 лифта: 2 пассажирских, 2 грузовых
- видеонаблюдение установленное в холлах первых этажей, у подъездов и прилегающей территории 
 
АВТОРСКИЙ ДИЗАЙН: 
 
Входные группы выполнены по авторскому дизайну, оснащены системой ""тёплый пол"". В каждой входной группе будет располагаться комфортабельная зона ожидания с мягким диваном,
акцентными пуфами и столиком.",,40.0,10.4,259.9
https://www.cian.ru/sale/flat/306905797/,https://images.cdn-cian.ru/images/2259810103-4.jpg,ЖК «Середневский лес»,"Москва, НАО (Новомосковский), м. Рассказовка, улица Усадебный Парк, 5",Транспортом,8300000.0,244118.0,1.0,8.0,9.0,34.0,"Номер в базе: 901626. Продается уютная квартира в новом жилом комплексе ""Середневский лес"" в живописном районе экологически чистой новой Москвы. Это идеальное место для тех, кто ценит комфорт и уют. Квартира светлая и просторная, с качественным ремонтом и видом во двор. Здесь вы найдете все необходимое для комфортной жизни: детские и спортивные площадки, зоны отдыха, магазины, кафе и салоны красоты. 

Жилой комплекс оборудован современной системой видеонаблюдения для вашей безопасности. Развитая инфраструктура района включает в себя детский сад и скоро открывающуюся школу. Удобная транспортная доступность позволит вам быстро добраться до метро и других районов города. 

Эта квартира идеально подойдет как для семьи, так и для инвестиций. Не упустите возможность стать счастливым обладателем этого жилья! Звоните прямо сейчас, чтобы узнать больше и договориться о просмотре.


Код пользователя: 155772",,34.0,8.3,244.1
https://www.cian.ru/sale/flat/304058127/,https://images.cdn-cian.ru/images/2210094206-4.jpg,ЖК «Город-парк Первый Московский»,"Москва, НАО (Новомосковский), м. Рассказовка, Московский г., Первый Московский мкр, Первый Московский ЖК, 7-я фаза, 3",Транспортом,9875596.0,238541.0,1.0,17.0,20.0,41.4,"Продается однокомнатная квартира  без отделки в 7 фазе города-парка ""Первый Московский"". 
Общая площадь квартиры - 41,4 кв. м, этаж 17 из 20. 
Срок сдачи - 1 квартал 2027 года. 
Тип дома - монолитный. 
 
Новый корпус состоит из 3х секций:
- 1 и 2 секции с отделкой White Box с возможностью приобретения чистовой отделки за дополнительную плату
- 3 секция без отделки 
 
Город-парк ""Первый Московский"" расположен всего в 7 км по Киевскому шоссе (Новая Москва). Из города-парка прямой выезд на Киевское шоссе и трассу Солнцево-Бутово-Варшавское шоссе. 
 
ТРАНСПОРТНАЯ ДОСТУПНОСТЬ: 
 
- 5 мин. на личном автомобиле  или 10 мин. на автобусе 189 и 147 до станции метро ""Филатов Луг""
- 25  мин. пешком до станции метро ""Филатов Луг"" 
 
ИНФРАСТРУКТУРА: 
 
Около 7 фазы запланировано строительство детского сада, школы, 2 многоуровневых паркинга.
Также на территории проекта есть все необходимые объекты действующей социальной и бытовой инфраструктуры: 8 детских садов, 5 школ, тц, магазины, паркинги, аптеки и др. 
 
БЛАГОУСТРОЙСТВО: 
 
- Дворы без машин
- Игровые зоны для детей, зоны для занятия спортом, зоны для отдыха с навесами/качелями
- Детские площадки разделены по возрастным группам
- Пешеходный и вело-маршрут с двуполостной велодорожкой 2,5 м. в ширину
- Озеленение с растениями всесезонного цветения 
 
ОСОБЕННОСТИ АРХИТЕКТУРЫ: 
 
В каждой секции 3 корпуса предусмотрены: 
- колясочные во входных группах
- кладовые помещения с -1 по 20 этажи
- коммерческие помещения на 1 этажах
- по 4 лифта: 2 пассажирских, 2 грузовых
- видеонаблюдение установленное в холлах первых этажей, у подъездов и прилегающей территории 
 
АВТОРСКИЙ ДИЗАЙН: 
 
Входные группы выполнены по авторскому дизайну, оснащены системой ""тёплый пол"". В каждой входной группе будет располагаться комфортабельная зона ожидания с мягким диваном,
акцентными пуфами и столиком.",,41.4,9.9,238.5
https://odintsovo.cian.ru/sale/flat/310657090/,https://images.cdn-cian.ru/images/kvartira-mikrorayon-klubnichnoe-2337930619-4.jpg,,"Московская область, Одинцово, м. Рассказовка, Микрорайон Клубничное Поле, 7",Транспортом,7940000.0,223034.0,,,,,"Всем привет, я собственник, продаю  1-комнатную квартиру с отделкой от застройщика Инград в ЖК Одинград Квартал Семейный. 
Основание собственности - ДДУ,   в собственности с 2022г, сделка будет прямая продажа от собственника, полная  сумма в договоре, мат капитал для покупки  не использовался. 
Юридическую чистоту гарантируем и подтверждаем  по проверке от известного сервиса, оплатим проверку сами, дополним страховкой на кадастровую стоимость.
О квартире: 
Квартира  по ЕГРН - 34.6 кв.м плюс балкон 2.1м кв, итого 35.6 м кв., 4этаж. 
   Комната отдельная 17,7кв м + кухня квадратной формы 9,4 кв м, санузел совмещенный,  коридор +балкон 2,1 кв.м.
В квартире ремонт от застройщика, уже  установлены межкомнатные двери, на стенах флизелиновые   обои белого цвета,   санузел в плитке и  с сантехникой: раковина, ванная, унитаз все  в наличии и как на фото.  На полу - в комнате ламинат , в кухне плитка, везде стоят розетки их предостаточно , свет, балкон с отделкой и электричеством.
     Пакет документов собран и готов - выход на сделку в теч 3-5 дней. 
Что немаловажно: квартира без истории проживания, в ней не жили. Нет дизайнерского наследия.  Фото в объявлении актуальные.
    Район спокойный, отдельностящий, с развитой инфраструктурой, со своим собственным выездом/заездом на платку и выходами к лесным массивам, большой плюс социальное окружение - спокойные, семейные люди. 
Риелторов без клиентов не беспокоить, от слова совсем.
Если на телефонный звонок не ответила, напишите в сообщениях ЦИАН , я отвечу позже обязательно.
Бонус посреднику - есть, можно посмотреть в настройках.
Ждем на просмотр по договоренности.",,nan,7.9,223.0
https://www.cian.ru/sale/flat/304056834/,https://images.cdn-cian.ru/images/2210086706-4.jpg,ЖК «Город-парк Первый Московский»,"Москва, НАО (Новомосковский), м. Рассказовка, Московский г., Первый Московский мкр, Первый Московский ЖК, 11-я фаза, к3",Транспортом,12439506.0,298309.0,1.0,20.0,22.0,41.7,"Продается однокомнатная квартира  с отделкой в новой 11 фазе города-парка ""Первый Московский"". 
Общая площадь квартиры - 41,7 кв. м, этаж 20 из 22. 
Срок сдачи - 3 квартал 2025 года. 
Тип дома - монолитный. 
 
Город-парк ""Первый Московский"" расположен всего в 7 км по Киевскому шоссе (Новая Москва). Из города-парка есть удобный выезд на Киевское шоссе. 
 
 ТРАНСПОРТНАЯ ДОСТУПНОСТЬ: 
 
- 7 мин. на личном автомобиле или 10 мин. на автобусе до станции метро ""Филатов Луг""
- 10 мин. на автомобиле или 20 мин. на автобусе до станции метро ""Рассказовка"" или ""Саларьево""  
 
ВНУТРЕННЯЯ ИФРАСТРУКТУРА И БЛАГОУСТРОЙСТВО: 
 
Дома 11 фазы граничат с Ульяновским лесопарком. В концепции благоустройства воссоздано ощущение естественного взрослого озеленения. 
Вся территория 11 фазы разделена на 2 типа: 
- приватное дворовое пространство с детскими игровыми площадками. Дворы свободны от машин.
- прогулочные маршруты с зонами отдыха. Прогулочный маршрут объединяет дома 11 фазы в единое пространство, за счёт оригинальной геопластики создаётся уникальный разноуровневый ландшафтный узор. 
 
В каждом из домов предусмотрены кладовые помещения на -1 и жилых этажах, а также коммерческие помещения на 1 этажах.
На территории новой фазы запланировано строительство 2 многоуровневых паркингов. 
 
АВТОРСКИЙ ДИЗАЙН: 
 
Входные группы выполнены по авторскому дизайну, оснащены системой ""тёплый пол"". 
В каждой входной группе будет располагаться комфортабельная зона ожидания с мягким диваном и кашпо с крупными растениями.
При входе предусмотрено помещение для хранения колясок и на -1 этаже располагается велопарковка.",,41.7,12.4,298.3
https://odintsovo.cian.ru/sale/flat/312100353/,https://images.cdn-cian.ru/images/2368718668-4.jpg,,"Московская область, Одинцово, мкр. 2-й, м. Рассказовка, Северная улица, 26",Транспортом,9150000.0,229899.0,1.0,12.0,14.0,39.8,"Не упустите  возможность приобрести квартиру по ставке 15,2% от Сбербанка.   
Вашему вниманию предлагается просторная однокомнатная квартира в самом центре Одинцово. Сделан ремонт с полной заменой всех коммуникаций и электрики. Заменены полы. Большая шестиметровая, застекленная лоджия. Раздельный санузел с качественным оборудованием от импортных производителей. Квартира полностью готова для комфортного проживания, есть вся необходимая техника и мебель.  
Рядом с домом есть вся необходимая инфраструктура.  
Чистый подъезд. Отличные соседи.  
Свободная продажа.",,39.8,9.2,229.9
https://www.cian.ru/sale/flat/310538179/,https://images.cdn-cian.ru/images/2350160603-4.jpg,ЖК «Новое Внуково»,"Москва, НАО (Новомосковский), м. Рассказовка, № 37 кв-л, Новое Внуково ЖК, к27",Транспортом,8224020.0,250274.0,1.0,1.0,8.0,32.86,"Ипотека 5,9% на два года. Продается 1-комн. квартира. Квартира расположена на 1 этаже 8 этажного монолитного дома (Корпус 27, Секция 1) в ЖК ""Новое Внуково"" от группы ""Самолет"". 

""Новое Внуково"" — это жилой комплекс в Новой Москве, у подножия берега реки Незнайка. Поблизости — живописные места для прогулок: народный парк ""Ручеек"", усадьба Старо-Никольское, Валуевский и Ульяновский лесопарки.
Часть домов сдана и внутри района уже открыт детсад с бассейном, а в ближайшее время откроются еще 3 детсада, 2 школы и поликлиника.
На территории проекта будет построен первый в России Центр Российской Федерации Баскетбола, где будут площадки с трибунами, тренажерный зал, кафе и конференц-зал.
Дворы-парки закрыты от машин и посторонних. На территории — прогулочный маршрут вдоль реки Незнайка и набережная с шезлонгами и качелями для отдыха. Также здесь появится плейхаб ""Незнайка на Луне"", площадь для мероприятий с сухим фонтаном, летним кинотеатром и кафе.
В жилом комплексе — монолитные дома высотой от 6 до 14 этажей. Фасады облицованы кирпичом природных оттенков.
 
Цена динамическая и может отличаться, уточняйте актуальность у застройщика.",,32.9,8.2,250.3
https://www.cian.ru/sale/flat/311615402/,https://images.cdn-cian.ru/images/kvartira-grad-moskovskiy-raduzhnaya-ulica-2358486822-4.jpg,,"Москва, НАО (Новомосковский), м. Рассказовка, Московский г., Град Московский мкр, улица Радужная, 11",Транспортом,9200000.0,248649.0,1.0,6.0,17.0,37.0,"Продается просторная однокомнатная квартира с современным ремонтом. Общая площадь 37 кв. м., жилая 19 кв. м., кухня 9,2 кв. м. Квартира светлая, уютная. Укомплектована необходимой мебелью.
Хорошо развитая инфраструктура района. Все в пешей доступности: школа, детский сад, поликлиника, ТЦ. Свободная продажа.",,37.0,9.2,248.6
https://www.cian.ru/sale/flat/310538293/,https://images.cdn-cian.ru/images/2350162212-4.jpg,ЖК «Новое Внуково»,"Москва, НАО (Новомосковский), м. Рассказовка, № 37 кв-л, Новое Внуково ЖК, к24",Транспортом,8957757.0,257851.0,1.0,1.0,8.0,34.74,"Ипотека 5,9% на два года. Продается 1-комн. квартира. Квартира расположена на 1 этаже 8 этажного монолитного дома (Корпус 24, Секция 1) в ЖК ""Новое Внуково"" от группы ""Самолет"". 

""Новое Внуково"" — это жилой комплекс в Новой Москве, у подножия берега реки Незнайка. Поблизости — живописные места для прогулок: народный парк ""Ручеек"", усадьба Старо-Никольское, Валуевский и Ульяновский лесопарки.
Часть домов сдана и внутри района уже открыт детсад с бассейном, а в ближайшее время откроются еще 3 детсада, 2 школы и поликлиника.
На территории проекта будет построен первый в России Центр Российской Федерации Баскетбола, где будут площадки с трибунами, тренажерный зал, кафе и конференц-зал.
Дворы-парки закрыты от машин и посторонних. На территории — прогулочный маршрут вдоль реки Незнайка и набережная с шезлонгами и качелями для отдыха. Также здесь появится плейхаб ""Незнайка на Луне"", площадь для мероприятий с сухим фонтаном, летним кинотеатром и кафе.
В жилом комплексе — монолитные дома высотой от 6 до 14 этажей. Фасады облицованы кирпичом природных оттенков.
 
Цена динамическая и может отличаться, уточняйте актуальность у застройщика.",,34.7,9.0,257.9
https://www.cian.ru/sale/flat/312078391/,https://images.cdn-cian.ru/images/2368262073-4.jpg,,"Москва, НАО (Новомосковский), м. Рассказовка, Московский г., улица Солнечная, 13",Транспортом,9400000.0,247368.0,1.0,13.0,17.0,38.0,"Код объекта: 1351071.
 СВОБОДНАЯ ПРОДАЖА. Более пяти лет в собственности. ДОКУМЕНТЫ ГОТОВЫ К СДЕЛКЕ. Возможна ипотека. 

Квартира в удобном районе г. Московский, в панельном доме 2011 года постройки. Аккуратный косметический ремонт, санузел совмещенный, балкон. Из окон 13-го этажа открывается красивый вид на город (на теплицы). Солнечная сторона. В квартире уютно, светло и тихо.

ВСЯ мебель и встроенная техника ОСТАЮТСЯ. Квартира полностью готова для проживания, или сдачи в аренду.

Парковка открытая, перед домом. Рядом - прекрасный парк Филатов луг, фитнес-клуб с бассейном, сетевые магазины ""Верный"", ""Пятерочка"", аптеки, школа 2120, детский сад.

До метро Филатов Луг, Саларьево, на автобусе - 25-30 минут. Автобусная остановка рядом с домом.",,38.0,9.4,247.4
https://www.cian.ru/sale/flat/311615402/,https://images.cdn-cian.ru/images/kvartira-grad-moskovskiy-raduzhnaya-ulica-2358486822-4.jpg,,"Москва, НАО (Новомосковский), м. Рассказовка, Московский г., Град Московский мкр, улица Радужная, 11",Транспортом,9200000.0,248649.0,1.0,6.0,17.0,37.0,"Продается просторная однокомнатная квартира с современным ремонтом. Общая площадь 37 кв. м., жилая 19 кв. м., кухня 9,2 кв. м. Квартира светлая, уютная. Укомплектована необходимой мебелью.
Хорошо развитая инфраструктура района. Все в пешей доступности: школа, детский сад, поликлиника, ТЦ. Свободная продажа.",,37.0,9.2,248.6
https://www.cian.ru/sale/flat/311571964/,https://images.cdn-cian.ru/images/2357445763-4.jpg,ЖК «Переделкино Ближнее Город-парк»,"Москва, НАО (Новомосковский), м. Рассказовка, Внуковское поселение, улица Самуила Маршака, 19",Пешком,10500000.0,280000.0,1.0,14.0,17.0,37.5,"За объект уже внесли аванс
Внесен аванс до 15 января 2025 года!

В городе парке Переделкино Ближнее продается однокомнатная квартира для тех, кто любит покой и комфорт.
Стильная кухня, со встроенной техникой класса Премиум, посудомоечная машина, позволит отдохнуть от забот и расслабиться в уютной комнате.
Встроенный шкаф вместит достаточно вещей и необходимых мелочей. 
Большая прихожая позволит разместить удобную вешалку, стеллажи или украсить пространство по своему вкусу.
Ванная в светлых тонах подарит ощущение комфорта и неги.
Удивительно светлая , теплая и уютная квартира станет местом силы для того, кому она достанется.
Еще о преимуществах: во дворе в 100 метрах большая школа и детский сад. До метро Рассказовка 7 минут пешком, до Боровского шоссе 500 метров. 
В шаговой доступности большой торговый центр Сказка, Ульяновский лесопарк , оборудованный для прогулок, занятий спортом и отдыха. Обустроенная набережная вокруг центрального пруда..
1 взрослый собственник, свободная продажа, никто не зарегистрирован.",,37.5,10.5,280.0
https://www.cian.ru/sale/flat/304058127/,https://images.cdn-cian.ru/images/2210094206-4.jpg,ЖК «Город-парк Первый Московский»,"Москва, НАО (Новомосковский), м. Рассказовка, Московский г., Первый Московский мкр, Первый Московский ЖК, 7-я фаза, 3",Транспортом,9875596.0,238541.0,1.0,17.0,20.0,41.4,"Продается однокомнатная квартира  без отделки в 7 фазе города-парка ""Первый Московский"". 
Общая площадь квартиры - 41,4 кв. м, этаж 17 из 20. 
Срок сдачи - 1 квартал 2027 года. 
Тип дома - монолитный. 
 
Новый корпус состоит из 3х секций:
- 1 и 2 секции с отделкой White Box с возможностью приобретения чистовой отделки за дополнительную плату
- 3 секция без отделки 
 
Город-парк ""Первый Московский"" расположен всего в 7 км по Киевскому шоссе (Новая Москва). Из города-парка прямой выезд на Киевское шоссе и трассу Солнцево-Бутово-Варшавское шоссе. 
 
ТРАНСПОРТНАЯ ДОСТУПНОСТЬ: 
 
- 5 мин. на личном автомобиле  или 10 мин. на автобусе 189 и 147 до станции метро ""Филатов Луг""
- 25  мин. пешком до станции метро ""Филатов Луг"" 
 
ИНФРАСТРУКТУРА: 
 
Около 7 фазы запланировано строительство детского сада, школы, 2 многоуровневых паркинга.
Также на территории проекта есть все необходимые объекты действующей социальной и бытовой инфраструктуры: 8 детских садов, 5 школ, тц, магазины, паркинги, аптеки и др. 
 
БЛАГОУСТРОЙСТВО: 
 
- Дворы без машин
- Игровые зоны для детей, зоны для занятия спортом, зоны для отдыха с навесами/качелями
- Детские площадки разделены по возрастным группам
- Пешеходный и вело-маршрут с двуполостной велодорожкой 2,5 м. в ширину
- Озеленение с растениями всесезонного цветения 
 
ОСОБЕННОСТИ АРХИТЕКТУРЫ: 
 
В каждой секции 3 корпуса предусмотрены: 
- колясочные во входных группах
- кладовые помещения с -1 по 20 этажи
- коммерческие помещения на 1 этажах
- по 4 лифта: 2 пассажирских, 2 грузовых
- видеонаблюдение установленное в холлах первых этажей, у подъездов и прилегающей территории 
 
АВТОРСКИЙ ДИЗАЙН: 
 
Входные группы выполнены по авторскому дизайну, оснащены системой ""тёплый пол"". В каждой входной группе будет располагаться комфортабельная зона ожидания с мягким диваном,
акцентными пуфами и столиком.",,41.4,9.9,238.5
https://www.cian.ru/sale/flat/299599852/,https://images.cdn-cian.ru/images/2121824911-4.jpg,ЖК «Город-парк Первый Московский»,"Москва, НАО (Новомосковский), м. Рассказовка, Московский г., улица Никитина, 10",Транспортом,9400000.0,243523.0,,,,,"Арт. 61222368     Продается  светлая  однокомнатная квартира в новом современном районе в ЖК "" Город парк Первый Московский "" на 9 этаже 17 этажного дома  2014 года постройки.   Современный , развитый район  с удобной транспортной  развязкой до метро :   "" Саларьево"", "" Рассказовка"", "" Филатов Луг "".   Хороший выезд  на Киевское, Калужское, Боровское шоссе.  Автобусная остановка находится рядом с домом .   Квартира оборудована  кухней  с бытовой техникой,  мягкой и корпусной мебелью . По желанию  готовы оставить  новому собственнику .  В квартире  двойная  с  дверью  просторная лоджия , с выходом из кухни. С/у совмещенный . Пол  ламинат , в ванной  комнате и на кухне  плитка. В квартире имеется небольшая гардеробная для хранения вещей .  Вид из окна квартиры во двор и на лесопарковую зону.  Благоустроенный двор с  видеонаблюдением .  Прекрасно развитая инфраструктура , в шаговой доступности современные  школы, сады, поликлиники, торговые и развлекательные центры, фитнес  клубы. Построены детские спортивные площадки . Рядом с  домом массивный лесопарк для прогулок и отдыха. Красивая входная группа в подъезд.   Приветливые соседи, чистый  ухоженный подъезд . При входе в подъезд предусмотрено помещение  для консьержа. Имеется пандус для спуска колясок и велосипедов.  Два лифта ( грузовой и пассажирский ) .  Первичная собственность , один собственник . Документы без обременений . Полная стоимость в договоре.  Свободная квартира.  Московская прописка.",,nan,9.4,243.5
https://www.cian.ru/sale/flat/309212696/,https://images.cdn-cian.ru/images/kvartira-vnukovskoe-letchika-gricevca-ulica-2309552980-4.jpg,ЖК «Солнцево парк»,"Москва, НАО (Новомосковский), м. Рассказовка, Внуковское поселение, улица Летчика Грицевца, 11",Транспортом,9670000.0,261351.0,1.0,10.0,17.0,37.0,"Заезжай и живи!  Свободная продажа, первый собственник, перепланировок нет.. Продается уютная, светлая квартира. Большая комната, просторная кухня, широкая прихожая, застекленная лоджия. Школа, детский сад, магазины, паркинг, аптека и т.д. - все рядом. Приходите - не пожалеете))",,37.0,9.7,261.4
https://www.cian.ru/sale/flat/304056834/,https://images.cdn-cian.ru/images/2210086706-4.jpg,ЖК «Город-парк Первый Московский»,"Москва, НАО (Новомосковский), м. Рассказовка, Московский г., Первый Московский мкр, Первый Московский ЖК, 11-я фаза, к3",Транспортом,12439506.0,298309.0,1.0,20.0,22.0,41.7,"Продается однокомнатная квартира  с отделкой в новой 11 фазе города-парка ""Первый Московский"". 
Общая площадь квартиры - 41,7 кв. м, этаж 20 из 22. 
Срок сдачи - 3 квартал 2025 года. 
Тип дома - монолитный. 
 
Город-парк ""Первый Московский"" расположен всего в 7 км по Киевскому шоссе (Новая Москва). Из города-парка есть удобный выезд на Киевское шоссе. 
 
 ТРАНСПОРТНАЯ ДОСТУПНОСТЬ: 
 
- 7 мин. на личном автомобиле или 10 мин. на автобусе до станции метро ""Филатов Луг""
- 10 мин. на автомобиле или 20 мин. на автобусе до станции метро ""Рассказовка"" или ""Саларьево""  
 
ВНУТРЕННЯЯ ИФРАСТРУКТУРА И БЛАГОУСТРОЙСТВО: 
 
Дома 11 фазы граничат с Ульяновским лесопарком. В концепции благоустройства воссоздано ощущение естественного взрослого озеленения. 
Вся территория 11 фазы разделена на 2 типа: 
- приватное дворовое пространство с детскими игровыми площадками. Дворы свободны от машин.
- прогулочные маршруты с зонами отдыха. Прогулочный маршрут объединяет дома 11 фазы в единое пространство, за счёт оригинальной геопластики создаётся уникальный разноуровневый ландшафтный узор. 
 
В каждом из домов предусмотрены кладовые помещения на -1 и жилых этажах, а также коммерческие помещения на 1 этажах.
На территории новой фазы запланировано строительство 2 многоуровневых паркингов. 
 
АВТОРСКИЙ ДИЗАЙН: 
 
Входные группы выполнены по авторскому дизайну, оснащены системой ""тёплый пол"". 
В каждой входной группе будет располагаться комфортабельная зона ожидания с мягким диваном и кашпо с крупными растениями.
При входе предусмотрено помещение для хранения колясок и на -1 этаже располагается велопарковка.",,41.7,12.4,298.3
https://www.cian.ru/sale/flat/304878561/,https://images.cdn-cian.ru/images/2334110875-4.jpg,ЖК «Солнцево парк»,"Москва, НАО (Новомосковский), м. Рассказовка, Внуковское поселение, улица Летчика Грицевца, 7",Транспортом,9440000.0,249077.0,1.0,17.0,17.0,37.9,"Продаётся видовая однокомнатная квартира в ЖК "" Солнцево -парк"" , 8 минут ходьбы метро Пыхтино!
Квартира расположена на 17 м этаже , окна выходят на юго-запад. Квартира очень светлая, общая площадь 37,9 кв.м., комната 18,9 кв.м, кухня 7,3 кв.м, санузел совмещенный, балкон, из окон красивый панорамный вид.

Квартира с косметическим ремонтом. Балкон застеклен.В квартире остается холодильник , машинка-автомат. Парковка во дворе. Зеленый тихий двор.
Экологически благоприятный и комфортный район для проживания. В жилом комплексе находятся все необходимые объекты инфраструктуры: 2 школы (одна на стадии завершения строительства), 3 детских сада, поликлиника, магазины, пункты выдачи тд.

В пешей доступности расположены 3 парка для отдыха и прогулок:
1. парк Пыхтино у пруда (спортивная площадка, детская площадка, бесплатные беседки для барбекю с мангалами, зона для загара и прокат лодок/катамаранов) пешком 10 минут;
2. лесопарк Боровский (скейт-парк, площадка для дрессировки/выгула собак) пешком 13 минут;
3. лесопарк Рассказовка (полоса препятствий для детей, площадки для занятия спортом) пешком 18 минут.

Отличный вариант как для жизни, так и для сдачи в аренду, в данный момент квартира сдается.
3 взрослых собственника , приобреталась у застройщика по ДДУ. Свободная продажа .В договоре полная стоимость. Помощь в оформлении ипотеки! Торг!",,37.9,9.4,249.1
https://odintsovo.cian.ru/sale/flat/301702517/,https://images.cdn-cian.ru/images/kvartira-odincovo-molodezhnaya-ulica-2163994649-4.jpg,,"Московская область, Одинцово, м. Рассказовка, Молодежная улица, 1А",Транспортом,4850000.0,124041.0,1.0,4.0,4.0,39.1,"Продается однокомнатная квартира. Высокие потолки -3,5 м. Состояние -под ремонт!
Возможно сделать перепланировку в ""Евродвушку""-это кухня-гостиная и отдельная спальня. Сан. узел -раздельный. Тихий, спокойный район вдали от шумных магистралей. Фасад дома облицован плиткой. Новый домофон. Видеонаблюдение по периметру. Благоустроенная территория с детскими площадками , дом утопает в зелени. От жд. станции Отрадное - 10 мин. пешком. Автобусная остановка -10 мин. пешком. МЦД ""Одинцово"" - 10 мин. транспортом. Развитая инфраструктура : школа, дет. сад в шаговой доступности, магазин ""Светофор"","" Лента"", городской парк -20 мин. пешком. ДОКУМЕНТЫ ОСНОВАНИЯ : Приватизация 2024 года. Один собственник. Выписка до сделки. Альтернатива подобрана! Показы по договоренности!",,39.1,4.8,124.0
https://www.cian.ru/sale/flat/310538179/,https://images.cdn-cian.ru/images/2350160603-4.jpg,ЖК «Новое Внуково»,"Москва, НАО (Новомосковский), м. Рассказовка, № 37 кв-л, Новое Внуково ЖК, к27",Транспортом,8224020.0,250274.0,1.0,1.0,8.0,32.86,"Ипотека 5,9% на два года. Продается 1-комн. квартира. Квартира расположена на 1 этаже 8 этажного монолитного дома (Корпус 27, Секция 1) в ЖК ""Новое Внуково"" от группы ""Самолет"". 

""Новое Внуково"" — это жилой комплекс в Новой Москве, у подножия берега реки Незнайка. Поблизости — живописные места для прогулок: народный парк ""Ручеек"", усадьба Старо-Никольское, Валуевский и Ульяновский лесопарки.
Часть домов сдана и внутри района уже открыт детсад с бассейном, а в ближайшее время откроются еще 3 детсада, 2 школы и поликлиника.
На территории проекта будет построен первый в России Центр Российской Федерации Баскетбола, где будут площадки с трибунами, тренажерный зал, кафе и конференц-зал.
Дворы-парки закрыты от машин и посторонних. На территории — прогулочный маршрут вдоль реки Незнайка и набережная с шезлонгами и качелями для отдыха. Также здесь появится плейхаб ""Незнайка на Луне"", площадь для мероприятий с сухим фонтаном, летним кинотеатром и кафе.
В жилом комплексе — монолитные дома высотой от 6 до 14 этажей. Фасады облицованы кирпичом природных оттенков.
 
Цена динамическая и может отличаться, уточняйте актуальность у застройщика.",,32.9,8.2,250.3
https://www.cian.ru/sale/flat/311802229/,https://images.cdn-cian.ru/images/kvartira-moskovskiy-nikitina-ulica-2362275318-4.jpg,ЖК «Город-парк Первый Московский»,"Москва, НАО (Новомосковский), м. Рассказовка, Московский г., улица Никитина, 11к4",Транспортом,12320000.0,385000.0,1.0,17.0,25.0,32.0,"Продам уютную, светлую 1-комнатную квартиру (фактическая площадь 34.8 кв.м) в экологически чистом и быстроразвивающемся районе города Москвы. 
Квартира с отличным, дизайнерским ремонтом, полностью готова для комфортного проживания, укомплектована мебелью, предметами интерьера  и необходимой техникой. Вся мебель и техника новые, после ремонта никто не жил.
Удачная планировка квартиры : отдельная спальня; большая кухня-гостиная, оборудованная встроенной кухонной мебелью и техникой; просторный холл; вместительная гардеробная; санузел, оснащенный импортной сантехникой. В квартире установлены  двери PROFILDORS скрытого монтажа, в мокрых зонах подключена система протечек, теплые полы, шумоизоляция. Полностью заменена сеть отопления от застройщика на лучевую систему REHAU. 
Презентабельная входная группа, выполненная по авторскому дизайну. Видеонаблюдение, двор без машин. Многоуровневая парковка рядом с домом. Спортивные и детские площадки.
Развитая инфраструктура: рядом детские сады и школы, банки, торговые центры и различные сетевые магазины, детская и взрослая поликлиники, фитнес-клуб.
В шаговой доступности  благоустроенный парк Филатов луг с прогулочными зонами и велодорожками, зонами барбекю.
Отличная транспортная  доступность: удобный и быстрый выезд на Киевское, Калужское и Боровское шоссе. До метро Филатов луг 5 минут общественным транспортом или 15 минут пешком, до метро Саларьево 8 минут общественным транспортом- остановка рядом с домом. 
Оперативные показы в любое время по предварительной договорённости. Один собственник, никто не живет и не прописан. Без обременений.  Быстрый выход на сделку!",,32.0,12.3,385.0
https://www.cian.ru/sale/flat/311670107/,https://images.cdn-cian.ru/images/2359552156-4.jpg,,"Москва, ЗАО, р-н Ново-Переделкино, м. Рассказовка, Боровское шоссе, 58",Пешком,8900000.0,232376.0,1.0,11.0,17.0,38.3,"Номер лота: вт-0418429.
Вашему вниманию предлагается однокомнатная квартира. Район с устойчивой и развитой инфраструктурой: в пешей доступности детские сады, школы, поликлиники, досуговые центры, продуктовые магазины, торговый центр. В 5 минутах станция метро Рассказовка, в 10 минутах станция метро Новопеределкино, в 15 минутах ж/д станция Мичуринец и Переделкино (Киевское направление).
Идеально подойдет как инвестиция или для личного проживания, всегда ликвидный объект.
Квартира без перепланировок, требует ремонта. Лучший вариант-реализуйте любое дизайнерское решение, не переплачивайте за чужой ремонт!
Сделайте звонок первым, не упустите свой шанс! Содействие в получении специальных условий и преференций по ипотеке.",,38.3,8.9,232.4
https://www.cian.ru/sale/flat/310538293/,https://images.cdn-cian.ru/images/2350162212-4.jpg,ЖК «Новое Внуково»,"Москва, НАО (Новомосковский), м. Рассказовка, № 37 кв-л, Новое Внуково ЖК, к24",Транспортом,8957757.0,257851.0,1.0,1.0,8.0,34.74,"Ипотека 5,9% на два года. Продается 1-комн. квартира. Квартира расположена на 1 этаже 8 этажного монолитного дома (Корпус 24, Секция 1) в ЖК ""Новое Внуково"" от группы ""Самолет"". 

""Новое Внуково"" — это жилой комплекс в Новой Москве, у подножия берега реки Незнайка. Поблизости — живописные места для прогулок: народный парк ""Ручеек"", усадьба Старо-Никольское, Валуевский и Ульяновский лесопарки.
Часть домов сдана и внутри района уже открыт детсад с бассейном, а в ближайшее время откроются еще 3 детсада, 2 школы и поликлиника.
На территории проекта будет построен первый в России Центр Российской Федерации Баскетбола, где будут площадки с трибунами, тренажерный зал, кафе и конференц-зал.
Дворы-парки закрыты от машин и посторонних. На территории — прогулочный маршрут вдоль реки Незнайка и набережная с шезлонгами и качелями для отдыха. Также здесь появится плейхаб ""Незнайка на Луне"", площадь для мероприятий с сухим фонтаном, летним кинотеатром и кафе.
В жилом комплексе — монолитные дома высотой от 6 до 14 этажей. Фасады облицованы кирпичом природных оттенков.
 
Цена динамическая и может отличаться, уточняйте актуальность у застройщика.",,34.7,9.0,257.9
https://www.cian.ru/sale/flat/272856487/,https://images.cdn-cian.ru/images/2006874194-4.jpg,,"Москва, НАО (Новомосковский), м. Рассказовка, Московский г., Град Московский мкр, проезд Радужный, 3",Транспортом,10200000.0,218884.0,1.0,20.0,25.0,46.6,"Продается светлая, просторная однокомнатная квартира в ЖК ""Град Московский"", в зеленом районе Новой Москвы, с хорошо развитой инфраструктурой, здесь в шаговой доступности есть все необходимое для комфортного проживания, школы, д/сады, магазины, поликлиники, облагороженный парк с детскими и спортивными площадками, велосипедными и беговыми дорожками, а также в пешей доступности метро Филатов Луг. В квартире сделан качественный ремонт, просторная кухня 13 м2, лоджия 3,2 м2, окна во двор. 


 Один взрослый собственник, в собственности более пяти лет. Транспортная доступность : около 20 мин на автобусе до м Саларьево . Автобусная остановка находится возле дома . В перспективе продление улицы Филатов луг , которая напрямую соединит микрорайон Град Московский и станцию м. Филатов Луг. Удобный выезд в сторону Калужского и Киевского шоссе. Ближайшие станции метро Филатов луг и Рассказовка.",,46.6,10.2,218.9
https://www.cian.ru/sale/flat/311207246/,https://images.cdn-cian.ru/images/kvartira-moskva-borovskoe-shosse-2349406102-4.jpg,,"Москва, ЗАО, р-н Ново-Переделкино, м. Рассказовка, Боровское шоссе, 30",Транспортом,9700000.0,254593.0,1.0,3.0,17.0,38.1,"РИЭЛТОР УМЕНЯ ЕСТЬ Продаётся 1 Комнатная Квартира Расположена В 1 минуте Хотьбе от метро вся инфраструктура развита . Школы, Сады ,Поликлиники , ВБ,Озон. Аптеки , Через Дорогу Лес . Выгодное Вложение Для Инвестиций, Также Хорошо Под Сдачу , Жить Самому Ещё Лучше До  Парка Победы З0 Мин  На метро  До Аэропорта Внуково 10 Мин. На Метро . 

1 Риэлтор У Меня Есть 

2 Документы Наследство Более 3 Лет . 

3 Обременений Нет Долгов Нет .

4 Альтернатива  найду быстро .",,38.1,9.7,254.6
https://www.cian.ru/sale/flat/304058573/,https://images.cdn-cian.ru/images/2243321413-4.jpg,ЖК «Переделкино Ближнее Город-парк»,"Москва, НАО (Новомосковский), м. Рассказовка, Переделкино Ближнее мкр, 18-й кв-л",Пешком,13506549.0,287373.0,1.0,5.0,17.0,47.0,"Продается однокомнатная квартира с отделкой в 18 фазе города-парка ""Переделкино Ближнее"". 
Общая площадь квартиры - 47 кв. м, этаж 5 из 17. 
Срок сдачи - 2 квартал 2027 года. 
Тип дома - монолитный. 
 
Новый корпус состоит из 12 секций c переменной этажностью 8-17 этажей: 
Все секции с отделкой White Box с возможностью повышения за дополнительную плату до дизайнерской отделки: Classic или Smart+ 
 
Город-парк ""Переделкино Ближнее"" расположен в 8 км от МКАД по Боровскому шоссе. 
 
ТРАНСПОРТНАЯ ДОСТУПНОСТЬ: 
 
- 10 минут пешком до МЦД-4 ""Мичуринец""
- 14 минут на машине до станции метро ""Филатов Луг"" Сокольнической линии
- 15 минут пешком до станции метро ""Рассказовка"" Солнцевской линии
- 30 минут до центра Москвы
- Прямой выезд на дорогу Солнцево-Бутово-Варшавское шоссе, минуя жилую застройку всего ЖК 
 
РАЗВИТАЯ СОЦИАЛЬНАЯ ИНФРАСТРУКТУРА: 
  
- 7 детских садов, 3 школы
- детская музыкальная школа имени Б.Л. Пастернака
- поликлиника для взрослых ГБУЗ ГП  212 ДЗМ филиал  70
- пожарная часть 66. Аварийно-спасательный отряд  6 ГКУ
- банки, продуктовые магазины, аптеки, фитнес центры, салоны красоты и пр 
 
БЛАГОУСТРОЙСТВО: 
 
- дворы без машин
- игровые зоны и развивающие детские площадки
- детские площадки разделены по возрастным группам
- зоны для пассивного отдыха 
- зоны для занятий спорта 
 
ОСОБЕННОСТИ АРХИТЕКТУРЫ: 
 
- переменная этажность открывает видовые характеристики на реку Алешинка и на лесопарковую зону
- увеличенное остекление в квартирах
- высокие потолки от 3,03 м.
- безбарьерные входные группы 
- колясочные в каждой входной группе
- кладовые помещения расположены на -1 этаже каждой секции и на 2-17 жилых этажах в секции 11
- коммерческие помещения на 1 этаже в 11 и 12 секциях
- в секциях 2-4, 6-7, 11-12 по 2 лифта: 1 пассажирский, 1 грузовой
- в секциях 1, 5, 8-10: 1 грузовой лифт
- мусоропроводы в домах не предусмотрены, запроектированы специальные зона для сбора мусора
- на фасаде предусмотрены корзины для установки кондиционеров.
- видеонаблюдение установленное в холлах первых этажей, у подъездов и прилегающей территории 
 
АВТОРСКИЙ ДИЗАЙН:  
 
Входные группы выполнены по авторскому дизайну, оснащены системой ""тёплый пол"". В каждой входной группе будет располагаться комфортабельная зона ожидания, почтовые ящики, колясочная, акцентные пуфы и столик.",,47.0,13.5,287.4
https://www.cian.ru/sale/flat/312078391/,https://images.cdn-cian.ru/images/2368262073-4.jpg,,"Москва, НАО (Новомосковский), м. Рассказовка, Московский г., улица Солнечная, 13",Транспортом,9400000.0,247368.0,1.0,13.0,17.0,38.0,"Код объекта: 1351071.
 СВОБОДНАЯ ПРОДАЖА. Более пяти лет в собственности. ДОКУМЕНТЫ ГОТОВЫ К СДЕЛКЕ. Возможна ипотека. 

Квартира в удобном районе г. Московский, в панельном доме 2011 года постройки. Аккуратный косметический ремонт, санузел совмещенный, балкон. Из окон 13-го этажа открывается красивый вид на город (на теплицы). Солнечная сторона. В квартире уютно, светло и тихо.

ВСЯ мебель и встроенная техника ОСТАЮТСЯ. Квартира полностью готова для проживания, или сдачи в аренду.

Парковка открытая, перед домом. Рядом - прекрасный парк Филатов луг, фитнес-клуб с бассейном, сетевые магазины ""Верный"", ""Пятерочка"", аптеки, школа 2120, детский сад.

До метро Филатов Луг, Саларьево, на автобусе - 25-30 минут. Автобусная остановка рядом с домом.",,38.0,9.4,247.4
https://www.cian.ru/sale/flat/308563851/,https://images.cdn-cian.ru/images/kvartira-vnukovskoe-samuila-marshaka-ulica-2295948433-4.jpg,ЖК «Переделкино Ближнее Город-парк»,"Москва, НАО (Новомосковский), м. Рассказовка, Внуковское поселение, улица Самуила Маршака, 23",Пешком,9900000.0,260526.0,1.0,2.0,17.0,38.0,"Продается чистая просторная квартира в доме серии П-44Т. Уютный зеленый район, в 7 минутах пешком от метро. Красивая входная группа, застекленная лоджия, стеклопакеты, металлическая дверь, окна - во двор. Один взрослый собственник, полная стоимость в договоре. Возможен торг при условии согласования понижения  цены за альтернативную квартиру. Квартира подходит для  сдачи в аренду. По усмотрению будущего собственника может потребоваться косметический ремонт.",,38.0,9.9,260.5
https://www.cian.ru/sale/flat/304058658/,https://images.cdn-cian.ru/images/2239319625-4.jpg,ЖК «Переделкино Ближнее Город-парк»,"Москва, НАО (Новомосковский), м. Рассказовка, Переделкино Ближнее мкр, 18-й кв-л",Пешком,12329613.0,320250.0,1.0,15.0,17.0,38.5,"Продается однокомнатная квартира с отделкой в 18 фазе города-парка ""Переделкино Ближнее"". 
Общая площадь квартиры - 38,5 кв. м, этаж 15 из 17. 
Срок сдачи - 2 квартал 2027 года. 
Тип дома - монолитный. 
 
Новый корпус состоит из 12 секций c переменной этажностью 8-17 этажей: 
Все секции с отделкой White Box с возможностью повышения за дополнительную плату до дизайнерской отделки: Classic или Smart+ 
 
Город-парк ""Переделкино Ближнее"" расположен в 8 км от МКАД по Боровскому шоссе. 
 
ТРАНСПОРТНАЯ ДОСТУПНОСТЬ: 
 
- 10 минут пешком до МЦД-4 ""Мичуринец""
- 14 минут на машине до станции метро ""Филатов Луг"" Сокольнической линии
- 15 минут пешком до станции метро ""Рассказовка"" Солнцевской линии
- 30 минут до центра Москвы
- Прямой выезд на дорогу Солнцево-Бутово-Варшавское шоссе, минуя жилую застройку всего ЖК 
 
РАЗВИТАЯ СОЦИАЛЬНАЯ ИНФРАСТРУКТУРА: 
  
- 7 детских садов, 3 школы
- детская музыкальная школа имени Б.Л. Пастернака
- поликлиника для взрослых ГБУЗ ГП  212 ДЗМ филиал  70
- пожарная часть 66. Аварийно-спасательный отряд  6 ГКУ
- банки, продуктовые магазины, аптеки, фитнес центры, салоны красоты и пр 
 
БЛАГОУСТРОЙСТВО: 
 
- дворы без машин
- игровые зоны и развивающие детские площадки
- детские площадки разделены по возрастным группам
- зоны для пассивного отдыха 
- зоны для занятий спорта 
 
ОСОБЕННОСТИ АРХИТЕКТУРЫ: 
 
- переменная этажность открывает видовые характеристики на реку Алешинка и на лесопарковую зону
- увеличенное остекление в квартирах
- высокие потолки от 3,03 м.
- безбарьерные входные группы 
- колясочные в каждой входной группе
- кладовые помещения расположены на -1 этаже каждой секции и на 2-17 жилых этажах в секции 11
- коммерческие помещения на 1 этаже в 11 и 12 секциях
- в секциях 2-4, 6-7, 11-12 по 2 лифта: 1 пассажирский, 1 грузовой
- в секциях 1, 5, 8-10: 1 грузовой лифт
- мусоропроводы в домах не предусмотрены, запроектированы специальные зона для сбора мусора
- на фасаде предусмотрены корзины для установки кондиционеров.
- видеонаблюдение установленное в холлах первых этажей, у подъездов и прилегающей территории 
 
АВТОРСКИЙ ДИЗАЙН:  
 
Входные группы выполнены по авторскому дизайну, оснащены системой ""тёплый пол"". В каждой входной группе будет располагаться комфортабельная зона ожидания, почтовые ящики, колясочная, акцентные пуфы и столик.",,38.5,12.3,320.2
https://www.cian.ru/sale/flat/311433054/,https://images.cdn-cian.ru/images/2354528333-4.jpg,,"Москва, НАО (Новомосковский), м. Рассказовка, Внуковское поселение, улица Корнея Чуковского, 5",Пешком,12400000.0,319588.0,1.0,12.0,19.0,38.8,"Представлена квартира с лучшим в этом районе видом во двор,  с детскими и спортивными площадками.   
Квартира после косметического ремонта, готова для комфортного проживания.   
Отличная транспортная доступность,  8 минут пешком до станции метро ""Рассказовка"" и торгового центра.   
Подходит под ипотеку.   
Один собственник,  прямая продажа.   
Остались вопросы  ? Звоните  !",,38.8,12.4,319.6
https://www.cian.ru/sale/flat/312107703/,https://images.cdn-cian.ru/images/kvartira-vnukovskoe-omskaya-ulica-2368899487-4.jpg,,"Москва, НАО (Новомосковский), м. Рассказовка, Внуковское поселение, улица Омская, 5",Транспортом,8700000.0,248571.0,1.0,11.0,17.0,35.0,"Продается однокомнатная квартира в районе с развитой инфраструктурой (школа, детский сад, магазины, ТЦ и прочее). Хорошая транспортная доступность. Один взрослый собственник, свободная продажа.",,35.0,8.7,248.6
https://www.cian.ru/sale/flat/307207854/,https://images.cdn-cian.ru/images/2265414923-4.jpg,ЖК «Город-парк Первый Московский»,"Москва, НАО (Новомосковский), м. Рассказовка, Московский г., Первый Московский мкр, Первый Московский ЖК, 7-я фаза, 3",Транспортом,10859225.0,261039.0,1.0,10.0,20.0,41.6,"Продается однокомнатная квартира  с отделкой в 7 фазе города-парка ""Первый Московский"". 
Общая площадь квартиры - 41,6 кв. м, этаж 10 из 20. 
Срок сдачи - 1 квартал 2027 года. 
Тип дома - монолитный. 
 
Новый корпус состоит из 3х секций:
- 1 и 2 секции с отделкой White Box с возможностью приобретения чистовой отделки за дополнительную плату
- 3 секция без отделки 
 
Город-парк ""Первый Московский"" расположен всего в 7 км по Киевскому шоссе (Новая Москва). Из города-парка прямой выезд на Киевское шоссе и трассу Солнцево-Бутово-Варшавское шоссе. 
 
ТРАНСПОРТНАЯ ДОСТУПНОСТЬ: 
 
- 5 мин. на личном автомобиле  или 10 мин. на автобусе 189 и 147 до станции метро ""Филатов Луг""
- 25  мин. пешком до станции метро ""Филатов Луг"" 
 
ИНФРАСТРУКТУРА: 
 
Около 7 фазы запланировано строительство детского сада, школы, 2 многоуровневых паркинга.
Также на территории проекта есть все необходимые объекты действующей социальной и бытовой инфраструктуры: 8 детских садов, 5 школ, тц, магазины, паркинги, аптеки и др. 
 
БЛАГОУСТРОЙСТВО: 
 
- Дворы без машин
- Игровые зоны для детей, зоны для занятия спортом, зоны для отдыха с навесами/качелями
- Детские площадки разделены по возрастным группам
- Пешеходный и вело-маршрут с двуполостной велодорожкой 2,5 м. в ширину
- Озеленение с растениями всесезонного цветения 
 
ОСОБЕННОСТИ АРХИТЕКТУРЫ: 
 
В каждой секции 3 корпуса предусмотрены: 
- колясочные во входных группах
- кладовые помещения с -1 по 20 этажи
- коммерческие помещения на 1 этажах
- по 4 лифта: 2 пассажирских, 2 грузовых
- видеонаблюдение установленное в холлах первых этажей, у подъездов и прилегающей территории 
 
АВТОРСКИЙ ДИЗАЙН: 
 
Входные группы выполнены по авторскому дизайну, оснащены системой ""тёплый пол"". В каждой входной группе будет располагаться комфортабельная зона ожидания с мягким диваном,
акцентными пуфами и столиком.",,41.6,10.9,261.0
https://odintsovo.cian.ru/sale/flat/310657090/,https://images.cdn-cian.ru/images/kvartira-mikrorayon-klubnichnoe-2337930619-4.jpg,,"Московская область, Одинцово, м. Рассказовка, Микрорайон Клубничное Поле, 7",Транспортом,7940000.0,223034.0,,,,,"Всем привет, я собственник, продаю  1-комнатную квартиру с отделкой от застройщика Инград в ЖК Одинград Квартал Семейный. 
Основание собственности - ДДУ,   в собственности с 2022г, сделка будет прямая продажа от собственника, полная  сумма в договоре, мат капитал для покупки  не использовался. 
Юридическую чистоту гарантируем и подтверждаем  по проверке от известного сервиса, оплатим проверку сами, дополним страховкой на кадастровую стоимость.
О квартире: 
Квартира  по ЕГРН - 34.6 кв.м плюс балкон 2.1м кв, итого 35.6 м кв., 4этаж. 
   Комната отдельная 17,7кв м + кухня квадратной формы 9,4 кв м, санузел совмещенный,  коридор +балкон 2,1 кв.м.
В квартире ремонт от застройщика, уже  установлены межкомнатные двери, на стенах флизелиновые   обои белого цвета,   санузел в плитке и  с сантехникой: раковина, ванная, унитаз все  в наличии и как на фото.  На полу - в комнате ламинат , в кухне плитка, везде стоят розетки их предостаточно , свет, балкон с отделкой и электричеством.
     Пакет документов собран и готов - выход на сделку в теч 3-5 дней. 
Что немаловажно: квартира без истории проживания, в ней не жили. Нет дизайнерского наследия.  Фото в объявлении актуальные.
    Район спокойный, отдельностящий, с развитой инфраструктурой, со своим собственным выездом/заездом на платку и выходами к лесным массивам, большой плюс социальное окружение - спокойные, семейные люди. 
Риелторов без клиентов не беспокоить, от слова совсем.
Если на телефонный звонок не ответила, напишите в сообщениях ЦИАН , я отвечу позже обязательно.
Бонус посреднику - есть, можно посмотреть в настройках.
Ждем на просмотр по договоренности.",,nan,7.9,223.0
https://www.cian.ru/sale/flat/310739703/,https://images.cdn-cian.ru/images/kvartira-1y-2339353964-4.jpg,,"Москва, НАО (Новомосковский), м. Рассказовка, Московский г., 1-й мкр, 26",Транспортом,7500000.0,209497.0,1.0,11.0,12.0,35.8,"Продается однокомнатная квартира в центре города Московский, отличная планировка большая кухня с балконом, дом газифицирован!!! Очень удобное расположение дома на центральной аллее города, рядом остановка, Магазин ""Пятерочка"" и круглосуточный продуктовый магазин. Через дорогу школа в которой два отдельных корпуса (для младших и старших классов), детский сад, почта и Дом Культуры. В собственности более 10-ти лет!!!",,35.8,7.5,209.5
https://www.cian.ru/sale/flat/310078587/,https://images.cdn-cian.ru/images/2334395015-4.jpg,ЖК «Середневский лес»,"Москва, НАО (Новомосковский), м. Рассказовка, Середневский Лес ЖК, 4.3",Транспортом,7900676.0,206824.0,1.0,6.0,9.0,38.2,"Продаётся 1-комн. квартира площадью 38,2 кв.м на 6 этаже 9 этажного дома (Корпус 4.3, Секция 2) проекта ПИК Середневский лес. Светлый просторный подъезд на уровне земли, функциональная планировка, большие окна, .
 
В 10 минутах на автомобиле находится станция метро ""Внуково"", а в 15 минутах — станции ""Филатов Луг"" и ""Саларьево"". От них до центра Москвы всего 3540 минут. На рейсовом автобусе от жилого квартала до метро ""Филатов Луг"" — 20 минут.
 
На территории ""Середневского леса"" появилось общественное пространство с игровыми площадками, местами для отдыха, пешеходными маршрутами и велопарковкой — для прогулок, отдыха и встреч жителей квартала. Также внутри жилого квартала уже открыта школа на 1100 мест и детский сад для 325 малышей. В дальнейшем откроется ещё один сад для 340 детей. Артикул 966269  (Застройщик ООО ""Специализированный застройщик Середнево"")",,38.2,7.9,206.8
https://odintsovo.cian.ru/sale/flat/312100353/,https://images.cdn-cian.ru/images/2368718668-4.jpg,,"Московская область, Одинцово, мкр. 2-й, м. Рассказовка, Северная улица, 26",Транспортом,9150000.0,229899.0,1.0,12.0,14.0,39.8,"Не упустите  возможность приобрести квартиру по ставке 15,2% от Сбербанка.   
Вашему вниманию предлагается просторная однокомнатная квартира в самом центре Одинцово. Сделан ремонт с полной заменой всех коммуникаций и электрики. Заменены полы. Большая шестиметровая, застекленная лоджия. Раздельный санузел с качественным оборудованием от импортных производителей. Квартира полностью готова для комфортного проживания, есть вся необходимая техника и мебель.  
Рядом с домом есть вся необходимая инфраструктура.  
Чистый подъезд. Отличные соседи.  
Свободная продажа.",,39.8,9.2,229.9
https://odintsovo.cian.ru/sale/flat/308598467/,https://images.cdn-cian.ru/images/kvartira-odincovo-severnaya-ulica-2296816158-4.jpg,ЖК «Одинбург»,"Московская область, Одинцово, м. Рассказовка, Северная улица, 5к3",Транспортом,7800000.0,195000.0,1.0,3.0,25.0,40.0,"Лучшее предложение! Цена ниже рынка! 

Продается уютная 1- комнатная квартира с просторной лоджией, полностью меблирована в живописной локации рядом с парком в Одинцово!

Экологически чистое место, идеально для тех, кто ценит свое здоровье и комфортную жизнь.

 Квартира с отличным ремонтом, где каждая деталь продумана с любовью. Здесь вы найдете все необходимое для уютного проживания.

Квартира продается с мебелью, зонами хранения вещей, встроенной техникой.

Рядом с домом находятся парки и зеленые зоны.

Развитая инфраструктура: школа, детский сад, магазины, поликлиники, транспортная развязка.

Звоните прямо сейчас и узнайте больше информации о этой уникальной квартире!

Не упустите возможность стать обладателем этого прекрасного жилья в Одинцово!

Прямая продажа. 
Один собственник!",,40.0,7.8,195.0
https://www.cian.ru/sale/flat/305234544/,https://images.cdn-cian.ru/images/2334394895-4.jpg,ЖК «Середневский лес»,"Москва, НАО (Новомосковский), м. Рассказовка, Середневский Лес ЖК, 4.3",Транспортом,9473507.0,221862.0,1.0,2.0,9.0,42.7,"Продаётся 1-комн. квартира площадью 42,7 кв.м на 2 этаже 9 этажного дома (Корпус 4.3, Секция 6) проекта ПИК Середневский лес. Светлый просторный подъезд на уровне земли, функциональная планировка, большие окна, .
 
В 10 минутах на автомобиле находится станция метро ""Внуково"", а в 15 минутах — станции ""Филатов Луг"" и ""Саларьево"". От них до центра Москвы всего 3540 минут. На рейсовом автобусе от жилого квартала до метро ""Филатов Луг"" — 20 минут.
 
На территории ""Середневского леса"" появилось общественное пространство с игровыми площадками, местами для отдыха, пешеходными маршрутами и велопарковкой — для прогулок, отдыха и встреч жителей квартала. Также внутри жилого квартала уже открыта школа на 1100 мест и детский сад для 325 малышей. В дальнейшем откроется ещё один сад для 340 детей. Артикул 966712  (Застройщик ООО ""Специализированный застройщик Середнево"")",,42.7,9.5,221.9
https://odintsovo.cian.ru/sale/flat/310974611/,https://images.cdn-cian.ru/images/kvartira-odincovo-ulica-marshala-biryuzova-2344353408-4.jpg,ЖК «Одинград»,"Московская область, Одинцово, м. Рассказовка, улица Маршала Бирюзова, 7к2",Транспортом,11500000.0,338235.0,,,,,"Продается квартира в ЖК Одинград, квартал Лесной. 
В квартире сделан ремонт по индивидуальному дизайн-проекту известного дизайнера.
В отделке использованы высококачественные материалы, имеются акты скрытых работ и фото коммуникаций. Утеплена лоджия, теплый пол, установлены вертикальные радиаторы и сантехника Grohe.
Вся мебель сделана на заказ. На кухне - встроенный холодильник, посудомоечная машина, микроволновая печь, духовой шкаф.
Много мест хранения. 
Из окна открывается прекрасный вид на лес. 
Презентабельная входная группа, хорошие лифты, колясочная и консьерж. 
Красивый и современный двор с детскими площадками. На первых этаж ЖК расположены кафе, салоны и магазины.
В пешей доступности известный парк им. Ларисы Лазутиной, где катаются на беговых лыжах.
По платке дорога до Сити занимает не более 15 минут, удобный выезд на шоссе.
Один взрослый собственник, никто не прописан.",,nan,11.5,338.2
https://www.cian.ru/sale/flat/310423556/,https://images.cdn-cian.ru/images/2333196711-4.jpg,,"Москва, НАО (Новомосковский), м. Рассказовка, Московский г., Град Московский мкр, улица Георгиевская, 11",Транспортом,8750000.0,236486.0,1.0,10.0,17.0,37.0,"Код объекта: 1319104.
 АВАНС до 24.01 !!!! Квартира в которой одни преимущества:
- любимая москвичами серия П44Т - 2012 года;
- удачная планировка (просторная кухня и комната с вместительным балконом);
- высокий 10 этаж;
- симпатичный ремонт;
- квартира свободна фактически и юридически;
- развитая инфраструктура, автобусная остановка в 5 минутах. До метро можно добраться за 15-20 мин (Саларьево и Филатов луг);
- в собственности одной семьи с момента постройки дома, полная стоимость в договоре;
- возможность оформления Вам на эту квартиру ипотеки под 14,99%!!!!!
- соседи сдают подобные квартиры от 48 000 в месяц!

Качество услуг гарантировано стандартами Гильдии Риэлторов Москвы!",,37.0,8.8,236.5
https://www.cian.ru/sale/flat/306642219/,https://images.cdn-cian.ru/images/2255026887-4.jpg,ЖК «Переделкино Ближнее Город-парк»,"Москва, НАО (Новомосковский), м. Рассказовка, Переделкино Ближнее мкр, 18-й кв-л",Пешком,14840423.0,295626.0,1.0,12.0,17.0,50.2,"Продается однокомнатная квартира с отделкой в 18 фазе города-парка ""Переделкино Ближнее"". 
Общая площадь квартиры - 50,2 кв. м, этаж 12 из 17. 
Срок сдачи - 2 квартал 2027 года. 
Тип дома - монолитный. 
 
Новый корпус состоит из 12 секций c переменной этажностью 8-17 этажей: 
Все секции с отделкой White Box с возможностью повышения за дополнительную плату до дизайнерской отделки: Classic или Smart+ 
 
Город-парк ""Переделкино Ближнее"" расположен в 8 км от МКАД по Боровскому шоссе. 
 
ТРАНСПОРТНАЯ ДОСТУПНОСТЬ: 
 
- 10 минут пешком до МЦД-4 ""Мичуринец""
- 14 минут на машине до станции метро ""Филатов Луг"" Сокольнической линии
- 15 минут пешком до станции метро ""Рассказовка"" Солнцевской линии
- 30 минут до центра Москвы
- Прямой выезд на дорогу Солнцево-Бутово-Варшавское шоссе, минуя жилую застройку всего ЖК 
 
РАЗВИТАЯ СОЦИАЛЬНАЯ ИНФРАСТРУКТУРА: 
  
- 7 детских садов, 3 школы
- детская музыкальная школа имени Б.Л. Пастернака
- поликлиника для взрослых ГБУЗ ГП  212 ДЗМ филиал  70
- пожарная часть 66. Аварийно-спасательный отряд  6 ГКУ
- банки, продуктовые магазины, аптеки, фитнес центры, салоны красоты и пр 
 
БЛАГОУСТРОЙСТВО: 
 
- дворы без машин
- игровые зоны и развивающие детские площадки
- детские площадки разделены по возрастным группам
- зоны для пассивного отдыха 
- зоны для занятий спорта 
 
ОСОБЕННОСТИ АРХИТЕКТУРЫ: 
 
- переменная этажность открывает видовые характеристики на реку Алешинка и на лесопарковую зону
- увеличенное остекление в квартирах
- высокие потолки от 3,03 м.
- безбарьерные входные группы 
- колясочные в каждой входной группе
- кладовые помещения расположены на -1 этаже каждой секции и на 2-17 жилых этажах в секции 11
- коммерческие помещения на 1 этаже в 11 и 12 секциях
- в секциях 2-4, 6-7, 11-12 по 2 лифта: 1 пассажирский, 1 грузовой
- в секциях 1, 5, 8-10: 1 грузовой лифт
- мусоропроводы в домах не предусмотрены, запроектированы специальные зона для сбора мусора
- на фасаде предусмотрены корзины для установки кондиционеров.
- видеонаблюдение установленное в холлах первых этажей, у подъездов и прилегающей территории 
 
АВТОРСКИЙ ДИЗАЙН:  
 
Входные группы выполнены по авторскому дизайну, оснащены системой ""тёплый пол"". В каждой входной группе будет располагаться комфортабельная зона ожидания, почтовые ящики, колясочная, акцентные пуфы и столик.",,50.2,14.8,295.6
https://www.cian.ru/sale/flat/286718301/,https://images.cdn-cian.ru/images/39/260/071/kvartira-filimonkovskoe-zhemchuzhnaya-ulica-1700629339-4.jpg,ЖК «Марьино Град»,"Москва, НАО (Новомосковский), м. Рассказовка, Филимонковское поселение, улица Жемчужная, 1к16",Транспортом,4750000.0,81615.0,1.0,5.0,6.0,58.2,"Лучшая планировка в ЖК: нижний уровень потолка мансарды- 1.7 метра, высший уровень 3.2 метра!

Уникальное предложение на территории Новой Москвы. Продаются Апартаменты в мансардных этажах ЖК ""Марьино Град"". Общая площадь 58,2кв.м, кухня 26кв.м, комната 29кв.м (можно сделать две спальни). 

Красивый экологически чистый район, комплекс окружённым лесом и рекой, через которую построен мост из ЖК в посёлок Марьино. В посёлке: поликлиника, школа, детский сад и сетевые супермаркеты: ВкусВилл, Дикси, Магнит, Пятёрочка.

Остановка общественного транспорта напротив комплекса, до метро ""Филатов Луг"" 12-15 минут на транспорте, до метро ""Саларьево"" 15-17 минут. Удобный и быстрый выезд на МКАД, Калужское и Киевское шоссе по широкой современной трассе.

Дом кирпичный. В подъезде установлен грузовой лифт OTIS. В помещении установлены мансардные окна Rehau, осуществлена разводка труб отопления и установлены радиаторы, подведены инженерные коммуникации (трубы холодного и горячего водоснабжения, канализация, электрическая сеть до щитка). Помещение без отделки и свободной планировки.

Один собственник. Свободная продажа. Полная стоимость в ДКП.",,58.2,4.8,81.6
https://www.cian.ru/sale/flat/311409905/,https://images.cdn-cian.ru/images/2354063029-4.jpg,,"Москва, ЗАО, р-н Ново-Переделкино, м. Рассказовка, Боровское шоссе, 44К1",Пешком,10500000.0,276316.0,1.0,6.0,17.0,38.0,"Арт. 88477059 Вашему вниманию предлагается уникальная квартира!!!

Единственная КВАРТИРА В ПАНЕЛЬНОМ  ДОМЕ с ЕВРО ремонтом которую стоит увидеть! 



О КВАРТИРЕ:

Продается просторная 1но комнатная квартира  общей площадью 38 кв. м., с балконом 40 кв. м,


Высота потолка 2.65 м.;
санузла совмещенный;
Комната квадратная правильной формы;
Окна во двор;
Роскошная квартира по хорошей цене! 
ОБЩЕЕ:

Дом расположен в районе с развитой инфраструктурой рядом: 
Детский сад;
Микрорайон расположен в живописном районе на Западе Москвы;
Консьерж;
Внутри двора прогулочные зоны с детскими игровыми площадками;
Объекты социальной инфраструктуры;
Общеобразовательная школа;
 В шаговой доступности магазины, кафе. 
ИНФРАСТРУКТУРА:

Все продумано и обустроено для комфортного проживания. 

Экологически привлекательный район находится в окружении природных лесных массивов:

Ульяновский лесопарк;
Чоботовский лес;
Аэропорт Внуково 2 остановка на метро;
Хорошо развита инфраструктура. 

Недалеко новый гипермаркет ""Оби"", Гипер ""Лента"", . 

. 

ТРАНСПОРТНАЯ ДОСТУПНОСТЬ:

Удобный выезд на МКАД. 

Отличное транспортное сообщение с Москвой как личным, так и общественным транспортом. 

Продуктовые магазины, аптеки. 

Оперативные показы;
Помощь в одобрении ипотеки;
Ответственность агентства CENTURY21 ""Столичная недвижимость"" по сделкам застрахована на 100 млн рублей.


ЗВОНИТЕ В ЛЮБОЕ ВРЕМЯ, всегда постараемся помочь!



ПРИЕЗЖАЙТЕ НА ПОКАЗ.",,38.0,10.5,276.3
https://www.cian.ru/sale/flat/305234612/,https://images.cdn-cian.ru/images/2334394922-4.jpg,ЖК «Середневский лес»,"Москва, НАО (Новомосковский), м. Рассказовка, Середневский Лес ЖК, 4.3",Транспортом,7267422.0,223613.0,1.0,6.0,9.0,32.5,"Продаётся 1-комн. квартира площадью 32,5 кв.м на 6 этаже 9 этажного дома (Корпус 4.3, Секция 1) проекта ПИК Середневский лес. Светлый просторный подъезд на уровне земли, функциональная планировка, большие окна, .
 
В 10 минутах на автомобиле находится станция метро ""Внуково"", а в 15 минутах — станции ""Филатов Луг"" и ""Саларьево"". От них до центра Москвы всего 3540 минут. На рейсовом автобусе от жилого квартала до метро ""Филатов Луг"" — 20 минут.
 
На территории ""Середневского леса"" появилось общественное пространство с игровыми площадками, местами для отдыха, пешеходными маршрутами и велопарковкой — для прогулок, отдыха и встреч жителей квартала. Также внутри жилого квартала уже открыта школа на 1100 мест и детский сад для 325 малышей. В дальнейшем откроется ещё один сад для 340 детей. Артикул 966159  (Застройщик ООО ""Специализированный застройщик Середнево"")",,32.5,7.3,223.6
https://www.cian.ru/sale/flat/309446375/,https://images.cdn-cian.ru/images/2314137414-4.jpg,ЖК «Переделкино Ближнее Город-парк»,"Москва, НАО (Новомосковский), м. Рассказовка, Внуковское поселение, улица Самуила Маршака, 13",Пешком,14000000.0,311111.0,1.0,21.0,24.0,45.0,"Код объекта: 1297192.
 Продаётся  квартира с прекрасным видом на закаты!

Если вы ищете комфортное жильё в тихом районе, то эта квартира — отличный вариант для вас. Продаётся светлая и просторная однокомнатная квартира на 21 этаже 24-этажного дома. 

Дом построен в 2015 году по монолитной технологии, перекрытия выполнены из железобетонных плит. В доме своя котельная, что обеспечивает бесперебойное отопление и горячее водоснабжение. Для удобства жильцов в доме есть 2 пассажирских и грузовой лифты.Отличные соседи, прекрасный двор с  современной детской площадкой.

Район Внуково считается одним из самых экологически чистых районов Москвы. Здесь есть всё необходимое для комфортной жизни: школы, детские сады, поликлиники, магазины, кафе и рестораны. До аэропорта Внуково можно добраться за 20 минут на машине или общественном транспорте. Также рядом с домом находится остановка общественного транспорта.

Квартира продаётся с качественным евроремонтом. Стоит система защиты от протечки,теплые полы, водонагреватель и кондиционер. Кухня оборудована всей необходимой техникой. Есть личная парковка около дома. Окна выходят на улицу, что позволяет наслаждаться прекрасным видом из окна. Это отличное место для проживания как одному, так и небольшой семьёй.

Мы гарантируем безопасную сделку и юридическую поддержку нашим Клиентам. Поможем одобрить ипотеку с сниженной ставкой.

Не упустите свой шанс стать обладателем этой прекрасной квартиры! Звоните нам прямо сейчас, чтобы узнать больше о квартире и договориться о просмотре!",,45.0,14.0,311.1
https://www.cian.ru/sale/flat/310214632/,https://images.cdn-cian.ru/images/kvartira-vnukovskoe-letchika-gricevca-ulica-2329072071-4.jpg,ЖК «Солнцево парк»,"Москва, НАО (Новомосковский), м. Рассказовка, Внуковское поселение, улица Летчика Грицевца, 4к1",Транспортом,10200000.0,274933.0,1.0,4.0,17.0,37.1,"Продается 1комнатная квартира, общей площадью 37,1 кв.м. 
Просторная, чистая квартира с косметическим ремонтом и большой лоджией. 
До ст. метро Пыхтино 7 минут пешком, остановка автобуса 3 мин пешком. 
Район располагает всей необходимой инфраструктурой: детские сады, школа, поликлиника, магазины. Один взрослый собственник",,37.1,10.2,274.9
https://www.cian.ru/sale/flat/304058898/,https://images.cdn-cian.ru/images/2288826588-4.jpg,ЖК «Переделкино Ближнее Город-парк»,"Москва, НАО (Новомосковский), м. Рассказовка, Переделкино Ближнее мкр, 18-й кв-л",Пешком,13876710.0,256501.0,1.0,14.0,17.0,54.1,"Продается однокомнатная квартира в городе-парке ""Переделкино Ближнее"". 
Общая площадь квартиры - 54,1 кв. м, этаж 14 из 17. 
Срок сдачи - 2 квартал 2026 года. 
Тип дома - монолитный. 
 
Город-парк ""Переделкино Ближнее"" расположен в 8 км от МКАД по Боровскому шоссе. 
 
ТРАНСПОРТНАЯ ДОСТУПНОСТЬ: 
 
- 10 минут пешком до МЦД-4 ""Мичуринец""
- 15 минут пешком до станции метро ""Рассказовка"" Солнцевской линии
- 10 минут на машине до станции метро ""Филатов Луг"" Сокольнической линии
- 30 минут до центра Москвы
- Прямой выезд на дорогу Солнцево-Бутово-Варшавское шоссе, минуя жилую застройку всего ЖК 
 
БЛАГОУСТРОЙСТВО: 
 
Новая фаза строительства уникальна своим расположением -  в шаговой доступности парк на Лукинской улицы, река Алёшинка. 
На территории 18 фазы строительства будут построены 2 монолитных жилых корпуса повышенного комфорта разной этажности 7, 17 этажей. А также многоуровневый паркинг на 300 м/мест. 
Вход в жилую часть корпусов каждой секции осуществляется с двух сторон - с наружного контура жилого дома и со стороны дворового пространства, предусмотрен безбарьерный доступ. 
 
ВНУТРЕННЯЯ ИНФРАСТРУКТУРА: 
 
В рамках данной фазы, для жителей предусмотрено создание пространства, свободного от машин - благоустроенные огороженные дворы с современными детскими и спортивными площадками, разделенными на зоны по возрастам.
На территории проекта есть все необходимые объекты социальной и бытовой инфраструктуры: детские сады, школы, магазины, паркинги, аптеки, поликлиники, пожарная часть и др. 
 
АВТОРСКИЙ ДИЗАЙН: 
 
Современный монолитный дом переменной этажности 7 и 17 этажей. На фасаде предусмотрены корзины для установки кондиционеров. Входные группы домов выполнены по авторскому дизайну. Колясочные располагаются при входе, велопарковка на -1 этаже.",,54.1,13.9,256.5
https://odintsovo.cian.ru/sale/flat/312241589/,https://images.cdn-cian.ru/images/kvartira-odincovo-gvardeyskaya-ulica-2371838082-4.jpg,ЖК «Гусарская баллада»,"Московская область, Одинцово, м. Рассказовка, улица Гвардейская, 9",Транспортом,8200000.0,188940.0,1.0,2.0,15.0,43.4,"Продается  однокомнатная квартира в Одинцово, ЖК Гусарская Баллада. Удобная планировка позволяет эффективно использовать пространство. Просторная кухня. Санузел совмещенный. Есть лоджия. Дом в отличном состоянии, оснащен двумя пассажирскими и одним грузовым лифтом, что удобно для переездов и повседневных нужд. Наземная парковка позволяет вам всегда найти место для автомобиля. В доме предусмотрен пандус.
Рядом с домом находятся детские сады, школа что удобно для семей с детьми. В шаговой доступности расположены магазины . В доме магазины , Яндекс Маркет , Озон.
Один  взрослый  собственник, в квартире никто не прописан, в собственности 10 лет .",,43.4,8.2,188.9
https://www.cian.ru/sale/flat/311647695/,https://images.cdn-cian.ru/images/2359138313-4.jpg,,"Москва, НАО (Новомосковский), м. Рассказовка, улица Шекспира, 1к1",Транспортом,7700000.0,236196.0,1.0,2.0,4.0,32.6,"Номер в базе: 934125. Уважаемые покупатели и коллеги! Данную квартиру можно приобрести по программам снижения % ставок от Банков РФ!  За подробностями обращайтесь!
Прописка - Москва! 
Пешком до метро не более 25 мин! 
Продаю 1 комнатную квартира на 2м этаже (первый этаж жилой) ,  квартира частично с ремонтом, функциональная планировка, изолированная спальня и кухня-гостиная, увеличенный размер оконных проёмов. Есть дизайн-проект.
На фото представлен дизайн одной из комнат и санузла, как они будут выглядеть 
 Вся инфраструктура рядом, государственные и частные сады, школы, поликлиника, фитнесцентры, кафе и супермаркетов. Всегда есть парковочные места. Можно ежедневно прогуливаться в благоустроенном лесном парке , также пешком можно дойти до Внуково Outlet и парка в Пыхтино  . До м.Саларьево - 10 мин на автобусе. Открылась новая станция метро Внуково, до которой не более 20 мин пешком. Без обременений! Звоните, отвечу на все вопросы.
Код пользователя: 34334",,32.6,7.7,236.2
https://www.cian.ru/sale/flat/309051450/,https://images.cdn-cian.ru/images/2306227325-4.jpg,ЖК «Город-парк Первый Московский»,"Москва, НАО (Новомосковский), м. Рассказовка, Московский г., Первый Московский мкр, Первый Московский ЖК, 11-я фаза, к3",Транспортом,11839050.0,299723.0,1.0,12.0,22.0,39.5,"Продается однокомнатная квартира  с отделкой в новой 11 фазе города-парка ""Первый Московский"". 
Общая площадь квартиры - 39,5 кв. м, этаж 12 из 22. 
Срок сдачи - 3 квартал 2025 года. 
Тип дома - монолитный. 
 
Город-парк ""Первый Московский"" расположен всего в 7 км по Киевскому шоссе (Новая Москва). Из города-парка есть удобный выезд на Киевское шоссе. 
 
 ТРАНСПОРТНАЯ ДОСТУПНОСТЬ: 
 
- 7 мин. на личном автомобиле или 10 мин. на автобусе до станции метро ""Филатов Луг""
- 10 мин. на автомобиле или 20 мин. на автобусе до станции метро ""Рассказовка"" или ""Саларьево""  
 
ВНУТРЕННЯЯ ИФРАСТРУКТУРА И БЛАГОУСТРОЙСТВО: 
 
Дома 11 фазы граничат с Ульяновским лесопарком. В концепции благоустройства воссоздано ощущение естественного взрослого озеленения. 
Вся территория 11 фазы разделена на 2 типа: 
- приватное дворовое пространство с детскими игровыми площадками. Дворы свободны от машин.
- прогулочные маршруты с зонами отдыха. Прогулочный маршрут объединяет дома 11 фазы в единое пространство, за счёт оригинальной геопластики создаётся уникальный разноуровневый ландшафтный узор. 
 
В каждом из домов предусмотрены кладовые помещения на -1 и жилых этажах, а также коммерческие помещения на 1 этажах.
На территории новой фазы запланировано строительство 2 многоуровневых паркингов. 
 
АВТОРСКИЙ ДИЗАЙН: 
 
Входные группы выполнены по авторскому дизайну, оснащены системой ""тёплый пол"". 
В каждой входной группе будет располагаться комфортабельная зона ожидания с мягким диваном и кашпо с крупными растениями.
При входе предусмотрено помещение для хранения колясок и на -1 этаже располагается велопарковка.",,39.5,11.8,299.7
https://odintsovo.cian.ru/sale/flat/308617776/,https://images.cdn-cian.ru/images/kvartira-odincovo-severnaya-ulica-2297160206-4.jpg,ЖК «Одинбург»,"Московская область, Одинцово, м. Рассказовка, Северная улица, 5к3",Транспортом,10200000.0,202783.0,1.0,11.0,24.0,50.3,"Продается уютная квартира в современном доме по адресу: Московская область, Одинцово, Северная улица, 5к3. Это отличное предложение для тех, кто ищет комфортное жилье в развитом районе. Общая площадь квартиры составляет 50.3 кв. м, жилая площадь — 30 кв. м, кухня — 10 кв. м. Квартира расположена на 11 этаже 24-этажного кирпичного дома, построенного в 2017 году. Из окон открывается вид во двор, что обеспечит вам тишину и спокойствие.

Квартира приобреталась напрямую у застройщика на стадии строительства. Ипотека полностью погашена. Был привлечен мат.капитал и выделены доли детям- согласие от опеки на продажу получено. Готовы выходить на сделку.

В квартире выполнен косметический ремонт, что позволяет сразу же заехать и жить. Просторная комната и функциональная кухня создают атмосферу уюта и удобства. Санузел совмещенный, что дает больше пространства для ваших нужд. Лоджия, на которую можно выйти из кухни, станет отличным местом для отдыха или хранения вещей.

Дом оснащен тремя пассажирскими лифтами и пандусом, поэтому можно без проблем передвигаться с коляской или велосипедом. Наземная парковка позволит вам всегда найти место для вашего автомобиля. 

Район, в котором находится квартира, предлагает все необходимые удобства для комфортной жизни. В шаговой доступности расположены школы и детские сады, что особенно важно для семей с детьми. Также рядом есть клиники и магазины, что облегчает решение повседневных задач. До метро ""Рассказовка"" можно добраться на автомобиле за 19 минут, что делает поездки в центр города быстрыми и удобными.

Условия сделки: продажа квартиры осуществляется по договору купли-продажи. Возможна ипотека. Юридическая чистота сделки гарантируется, квартира без обременений и долгов. 

Приглашаем вас на просмотр! Записывайтесь, чтобы убедиться в том, насколько это предложение соответствует вашим ожиданиям. Мы с удовольствием ответим на все ваши вопросы и поможем сделать правильный выбор.",,50.3,10.2,202.8
https://www.cian.ru/sale/flat/308449031/,https://images.cdn-cian.ru/images/2292851452-4.jpg,ЖК «Цветочные Поляны»,"Москва, НАО (Новомосковский), м. Рассказовка, № 23 кв-л, 4-5",Транспортом,6200000.0,189602.0,1.0,9.0,17.0,32.7,"Арт. 75122979 Продаётся 1-комнатная квартира 32,7 кв. м. в новом ЖК ""Цветочные Поляны"" в Новой Москве на 9-м этаже 17-ти этажного монолитного дома. Срок сдачи дома в эксплуатацию - 4-й кв. 2024г. Застройщик - Группа компаний Самолет.

Масштабный жилой проект ""Цветочные Поляны"" возводится в Новой Москве. Комплекс реализуется по концепции ""город в городе"", поэтому для будущих жителей здесь построят всё необходимое для комфортной жизни  образовательные и медицинский центры, физкультурно-оздоровительный комплекс и бассейн. На первых этажах жилых корпусов откроются супермаркеты и аптеки, кафе и рестораны, пекарни, фитнес-залы и многое другое.
Квартал расположен в окружении зеленой зоны Валуевского лесопарка. Чуть дальше находятся Ульяновский лесопарк и Боровский парк. В 10 минутах пешком протекает река Незнайка. В 20 минутах  благоустроенный ""Парк Марьино"".

В квартале предусмотрен прямой выезд на Филимоновское шоссе, в 10 минутах пути  Киевское шоссе. На личном авто до МКАД можно добраться за 20 минут на автомобиле. На автобусе за 15 минут можно доехать до станции метро ""Филатов Луг"" Сокольнической линии. Остановка автобуса в 5-ти минутах ходьбы. В 15-ти минутах езды находится аэропорт ""Внуково"" с одноименной станцией метро Солнцевской линии, которая открылась в 2023 году.

Квартира сдаётся без отделки. Продажа по переуступке прав собственности.

Компания Самолет Плюс гарантирует безопасность сделки своим клиентам!
Звоните!",,32.7,6.2,189.6
https://www.cian.ru/sale/flat/311788014/,https://images.cdn-cian.ru/images/2361982769-4.jpg,ЖК «Середневский лес»,"Москва, НАО (Новомосковский), м. Рассказовка, Середневский Лес ЖК, 4.3",Транспортом,7193108.0,211562.0,1.0,4.0,9.0,34.0,"Продаётся 1-комн. квартира площадью 34 кв.м на 4 этаже 9 этажного дома (Корпус 4.3, Секция 2) проекта ПИК Середневский лес. Светлый просторный подъезд на уровне земли, функциональная планировка, большие окна, .
 
В 10 минутах на автомобиле находится станция метро ""Внуково"", а в 15 минутах — станции ""Филатов Луг"" и ""Саларьево"". От них до центра Москвы всего 3540 минут. На рейсовом автобусе от жилого квартала до метро ""Филатов Луг"" — 20 минут.
 
На территории ""Середневского леса"" появилось общественное пространство с игровыми площадками, местами для отдыха, пешеходными маршрутами и велопарковкой — для прогулок, отдыха и встреч жителей квартала. Также внутри жилого квартала уже открыта школа на 1100 мест и детский сад для 325 малышей. В дальнейшем откроется ещё один сад для 340 детей. Артикул 966246  (Застройщик ООО ""Специализированный застройщик Середнево"")",,34.0,7.2,211.6
https://www.cian.ru/sale/flat/311064723/,https://images.cdn-cian.ru/images/2346442299-4.jpg,ЖК «Рассказово»,"Москва, НАО (Новомосковский), м. Рассказовка, Внуковское поселение, бульвар Андрея Тарковского, 6",Пешком,14500000.0,398352.0,1.0,3.0,10.0,36.4,"Вашему вниманию предлагается просторная Евро 2комн квартира, с дизайнерским ремонтом.В квартире есть все для комфортного проживания. А так же в 800 метрах от дома расположена станция метро ""Рассказово"".ПРО ПЛАНИРОВКУ:
- Кухня-Гостиная  20.5м²
- Спальня  6.78 м²
- Ванная  4.04 м ²

- прихожая  4.48 м²
- Лоджия  3.36 м²Жилой комплекс Рассказово включает в себя ряд благоустроенных дворов с развитой инфраструктурой такие как:Большое количество парковочных мест  предусмотрены как закрытые подземные паркинги, так и крытые наземные парковки с дополнительно выделенными открытыми парковочными местами возле домов;
Круглосуточно охраняемая территория, закрытая от посторонних  для безопасности каждого жителя;
Двор-парк без машин, где можно не переживать за играющих детей;
социальные объекты: своя поликлиника, детские сады и школы;
Здоровая среда: воркаут - площадки, обустроенные места для занятий спортом на свежем воздухе, живописные места для утренних пробежек, велосипедные маршруты любой сложности;
Благоустроенная набережная лесного озера для тихих прогулок или семейного отдыха;
коммерческие объекты  действующие магазины, кафе и салоны красоты. УСЛОВИЯ СДЕЛКИ:
- 1 взрослый собственник (лично будет на сделке).- Полная цена в Договоре.

Ключи на руках - Оперативный показ!

Звоните, покажем в любое для вас удобное время.",,36.4,14.5,398.4
https://www.cian.ru/sale/flat/301652107/,https://images.cdn-cian.ru/images/kvartira-1y-2163323257-4.jpg,,"Москва, НАО (Новомосковский), м. Рассказовка, Московский г., 1-й мкр, 21",Транспортом,8320000.0,208000.0,1.0,7.0,12.0,40.0,"Шикарная, светлая, чистая квартира.  Зеленый, чистый район. Рядом школа, детский сад, отделение банка, аптека, магазины, зоны отдыха. Удобный  выезде на киевское или калужское шоссе. Один взрослый собственник. Полная стоимость в договоре. Свободная продажа. Быстрый выход на сделку. Квартира подходит под ипотеку.",,40.0,8.3,208.0
https://www.cian.ru/sale/flat/304057949/,https://images.cdn-cian.ru/images/2207552898-4.jpg,ЖК «Город-парк Первый Московский»,"Москва, НАО (Новомосковский), м. Рассказовка, Московский г., Первый Московский мкр, Первый Московский ЖК, 7-я фаза, 3",Транспортом,11227397.0,238374.0,1.0,18.0,20.0,47.1,"Продается однокомнатная квартира  с отделкой в 7 фазе города-парка ""Первый Московский"". 
Общая площадь квартиры - 47,1 кв. м, этаж 18 из 20. 
Срок сдачи - 1 квартал 2027 года. 
Тип дома - монолитный. 
 
Новый корпус состоит из 3х секций:
- 1 и 2 секции с отделкой White Box с возможностью приобретения чистовой отделки за дополнительную плату
- 3 секция без отделки 
 
Город-парк ""Первый Московский"" расположен всего в 7 км по Киевскому шоссе (Новая Москва). Из города-парка прямой выезд на Киевское шоссе и трассу Солнцево-Бутово-Варшавское шоссе. 
 
ТРАНСПОРТНАЯ ДОСТУПНОСТЬ: 
 
- 5 мин. на личном автомобиле  или 10 мин. на автобусе 189 и 147 до станции метро ""Филатов Луг""
- 25  мин. пешком до станции метро ""Филатов Луг"" 
 
ИНФРАСТРУКТУРА: 
 
Около 7 фазы запланировано строительство детского сада, школы, 2 многоуровневых паркинга.
Также на территории проекта есть все необходимые объекты действующей социальной и бытовой инфраструктуры: 8 детских садов, 5 школ, тц, магазины, паркинги, аптеки и др. 
 
БЛАГОУСТРОЙСТВО: 
 
- Дворы без машин
- Игровые зоны для детей, зоны для занятия спортом, зоны для отдыха с навесами/качелями
- Детские площадки разделены по возрастным группам
- Пешеходный и вело-маршрут с двуполостной велодорожкой 2,5 м. в ширину
- Озеленение с растениями всесезонного цветения 
 
ОСОБЕННОСТИ АРХИТЕКТУРЫ: 
 
В каждой секции 3 корпуса предусмотрены: 
- колясочные во входных группах
- кладовые помещения с -1 по 20 этажи
- коммерческие помещения на 1 этажах
- по 4 лифта: 2 пассажирских, 2 грузовых
- видеонаблюдение установленное в холлах первых этажей, у подъездов и прилегающей территории 
 
АВТОРСКИЙ ДИЗАЙН: 
 
Входные группы выполнены по авторскому дизайну, оснащены системой ""тёплый пол"". В каждой входной группе будет располагаться комфортабельная зона ожидания с мягким диваном,
акцентными пуфами и столиком.",,47.1,11.2,238.4
https://www.cian.ru/sale/flat/310871679/,https://images.cdn-cian.ru/images/2342227784-4.jpg,ЖК «Цветочные Поляны»,"Москва, НАО (Новомосковский), м. Рассказовка, № 23 кв-л, 4-5",Транспортом,6100000.0,186544.0,1.0,9.0,16.0,32.7,"Код объекта: 1265679.
 Продается квартира в жилом комплексе ""Цветочные Поляны"" — отличная возможность для комфортной жизни и выгодного инвестирования!

Не упустите шанс стать частью уютного и благоустроенного сообщества в ""Цветочных Полянах""! Звоните, чтобы получить подробную информацию и записаться на просмотр.

Основные преимущества:

Функциональная планировка: Квартира без отделки, по переуступке от застройщика. Свободная планировка предоставляет возможность создать интерьер вашей мечты, учитывая любые дизайнерские задумки.

Экология и природа: В окружении 5 гектаров лесопарковой зоны для отдыха на свежем воздухе и занятий спортом. Живописные прогулочные зоны идеально подходят для семейных прогулок и активного отдыха.

Развитая инфраструктура: Уже работают школа, детский сад, супермаркеты и кафе. В скором будущем здесь появятся дополнительные образовательные учреждения и крупный торговый центр, делая район еще более удобным и самодостаточным.

Удобная транспортная доступность: Всего 6 км до Киевского шоссе и 8 км до Калужского. Ближайшие станции метро ""Филатов Луг"" и ""Саларьево"" находятся в шаговой доступности, что обеспечивает быстрый и легкий доступ к центру города.

Продуманное благоустройство: Дворы без машин, современные спортивные и игровые площадки, уютные зеленые бульвары и многоуровневый паркинг обеспечат комфорт и безопасность для всей семьи.

Архитектура и стиль: Современные дома до 22 этажей с уникальным дизайном фасадов создают эстетически привлекательную атмосферу для жизни.",,32.7,6.1,186.5
https://www.cian.ru/sale/flat/308959185/,https://images.cdn-cian.ru/images/kvartira-moskva-ulica-sholohova-2304101112-4.jpg,,"Москва, ЗАО, р-н Ново-Переделкино, м. Рассказовка, улица Шолохова, 6",Пешком,9800000.0,251282.0,1.0,10.0,14.0,39.0,"Абсолютно Свободная Продажа. Светлая и просторная квартира. Глубокая лоджия с выходом из комнаты. Есть еще балкон - выход из кухни. Застеклить, утеплить и будет дополнительно еще два помещения. Санузел раздельный. Возможность перепланировки. В комнате альков. В коридоре глубокий шкаф. Можно получиться хорошая гардеробная. Вид из окон на Ульяновский лесопарк. Метро Ново Переделкино в 5 минутах пешком. Подъезд в середине дома, чистый, без запахов. Дом 1988 года очень теплый, наружные стены - трехслойные панели хорошего качества, Расположен среди парковых зон и лесных массивов. Оптимальный 10 этаж. Есть пандус. В договоре купли продажи будет указана Полная стоимость. Никто не зарегистрирован в квартире, один взрослый собственник. По цене готовы к диалогу после просмотра. В районе отличная экология. В пешей доступности: школы, д/сады, поликлиники детская и взрослая, храм, бассейн, спортивная школа ""Борец"", ледовый каток ""Радужный"", Патриаршее Подворье, Школа Искусств, Дом Культуры ""Новопеределкино"", супермаркеты, ТЦ, продуктовый рынок, салоны красоты, кафе, оздоровительный центр, благоустроенный двор с детскими и спортивными площадками",,39.0,9.8,251.3
https://aprelevka.cian.ru/sale/flat/300698914/,https://images.cdn-cian.ru/images/2361622253-4.jpg,ЖК «Парк Апрель»,"Московская область, Наро-Фоминский городской округ, Апрелевка, м. Рассказовка, Парк Апрель ЖК",Транспортом,8159328.0,196800.0,1.0,3.0,4.0,41.46,"Корпус сдан! Прямая продажа от застройщика! Загородный жилой комплекс класса Комфорт Плюс.
Продаётся 1-к квартира номер 48 в сданном корпусе общей площадью 41.46 кв.м. на 3-м этаже 4 этажного дома.

Особенности:
- Квартира доступна к покупке в Trade-In.
- Линейная
- МЦД-4 в 10-ти минутах
- Квартиры с ключами
- Квартиры в готовом поселке
- Отличный вариант для проживания или инвестиций. Поселок готов к проживанию. Посмотрите вживую!
- Закрытый поселок в окружении леса
- Детский сад и школа на территории
- Закрытая территория
- Въезд и выезд только через КПП
- Круглосуточная охрана и видеонаблюдение
- Реки и леса в пешей доступности

Расположение комплекса: 
Уникальный жилой комплекс, расположенный в 20 минутах от Москвы по Киевскому шоссе и окруженный первозданным лесом. В Парк Апрель легко наслаждаться жизнью на природе, не отказываясь от привычного уровня комфорта. Это возможно, благодаря уникальному сочетанию преимуществ комплекса. ЖК, окруженный с трех сторон лесом - подарит вам возможность дышать полной грудью и наслаждаться прекрасными видами, а развитая инфраструктура, транспортная доступность и высокий уровень безопасности принесут спокойствие и безмятежность.

Транспортная доступность:
МКАД в 20 минутах по Киевскому шоссе по современной скоростной трассе. Автобусная остановка в 200-х метрах от дома. 9 маршрутов наземного транспорта, автобусы до станций метро Юго-Западная, Саларьево, Румянцево, Тропарево. 25 минут на МЦД D4 до Киевского вокзала.

Внутренняя инфраструктура:
Развитая инфраструктура жилого комплекса, включает муниципальную школу, детский сад, торговый центр и другие объекты. Расположение домов тщательно продумано, так что из окон открываются красивые виды на тихие дворики и окружающий лес, а всего за 10 минут на личном или общественном транспорте вы доедете до любой из двадцати школ, поликлиники или современного дворца спорта. Разумеется, в Апрелевке найдутся также торговые комплексы, фитнес-центры и многое другое. 

Для кровли используется черепица, имеющая отличные тепло- и шумоизоляционные характеристики. Благодаря стенам из керамических на протяжении всего года в доме будет здоровый микроклимат, а облицовка бельгийский кирпичом придает особое очарование фасадам.
Вы сможете создать уникальный формат жилья, который подойдет именно вам. Просторная кухня - гостиная, отдельный кабинет для работы, мастер-спальня с гардеробной и ванной - квартира со свободной планировкой позволяет воплотить в жизнь все ваши идеи
С трех сторон Парк Апрель окружен лесом и малоэтажной частной застройкой, поблизости отсутствуют вредные производства. В пешей доступности находятся две реки и лесной массив, откуда удачная роза ветров приносит свежий воздух
Жителям Парк Апрель доступна развитая инфраструктура Апрелевки: два десятка образовательных учреждений, спортивная школа, современный дворец спорта, поликлиники, фитнес-центры, магазины и торговые комплексы. Все объекты расположены не более, чем в 10 минутах езды на машине.
 
Цены указаны с учетом ск",,41.5,8.2,196.8
https://www.cian.ru/sale/flat/312220356/,https://images.cdn-cian.ru/images/kvartira-vnukovskoe-letchika-ulyanina-ulica-2371530529-4.jpg,ЖК «Солнцево парк»,"Москва, НАО (Новомосковский), м. Рассказовка, Внуковское поселение, улица Летчика Ульянина, 3А",Транспортом,9500000.0,272989.0,1.0,8.0,13.0,34.8,"Продаются просторные, светлые. однокомнатные апартаменты. 

Свободная продажа, один взрослый собственник. В собственности с 2020 года. Документ основание - ДДУ. Приобретены за наличные денежные средства, без привлечения кредита. Обременений не было и нет. Полная стоимость в договоре купли-продажи.

Полностью готовы для проживания. Вся мебель и бытовая техника остаются. Чистый подъезд, в подъезде 2 лифта. 
В 4 минут пешком от дома новая станция метро ПЫХТИНО (открыта в сентябре 2023 года). Дом расположен в экологически чистом районе. Ближайшее шоссе: Боровское, Киевское, Минское. Отлично развитая инфраструктура: магазины, банки, парковки, школы, детские сады, поликлиника, торговый центр. Рядом Парк ""Пыхтино"" и Ульяновский лесопарк.

Отличный вариант для собственного проживания или сдачу в аренду (средняя ставка - 65 тыс.руб. в месяц).

Прошу агентов и агентства не беспокоить по поводу размещения, рекламы, поиска покупателей. Спасибо за понимание.",,34.8,9.5,273.0
https://www.cian.ru/sale/flat/312093094/,https://images.cdn-cian.ru/images/2368575907-4.jpg,ЖК «Переделкино Ближнее Город-парк»,"Москва, НАО (Новомосковский), м. Рассказовка, Внуковское поселение, улица Анны Ахматовой, 10",Пешком,13500000.0,318396.0,1.0,14.0,22.0,42.4,"Номер лота: вт-0413291.
ПОД АВАНСОМ! ЖК ""Переделкино"" в 5 минутах пешком от м. Рассказовка.  Дом монолит, класса "" Комфорт"". Квартира в отличном состоянии с евроремонтом. Все используемые в ремонте материалы относятся к классу Люкс, брендовая Испанская плитка на полу и в санузле (стены, пол), пол ламинат 34 класс Германия, стены выровнены и нанесена краска пр-во Швеция. Подоконник и столешница на барной стойке натуральный дуб. Все двери в квартире  сделаны  на заказ (нестандартная высота и ширина), дверь в гостиную распашная с витражным  остеклением, дорогая фарфоровая фурнитура. На кухне установлена кухня пр-во "" Мария"" (дерево, шпон ольха). Встроенный шкаф с наполнением, а также стеллаж сделаны под заказ. Душевая кабина пр-во Италия, туалетный столик и зеркало шпон дерево, фарфоровая раковина, вся сантехника импортная. Балконная дверь остекление в пол, балкон остеклен вид панорамный. На этаже установлена камера видеонаблюдения. Во дворе много бесплатных парковочных мест. Придомовая территория оборудована детской площадкой и детсадом, площадкой для выгула домашних животных, парковками. Рядом школа, супермаркеты и другая инфраструктура. Свободная продажа, один взрослый собственник более 5 лет. Полная стоимость в договоре. Свободна физически и юридически. Презентабельная  входная группа в подъезде, три лифта, мусоропровод  просторная, имеется помещение для колясок/ велосипедов. Прекрасное место для жизни и отдыха! Квартира без долгов и обременений. Ипотека приветствуется. Просмотры по договоренности. Проспект Мира УАК",,42.4,13.5,318.4
https://www.cian.ru/sale/flat/311508904/,https://images.cdn-cian.ru/images/2356151671-4.jpg,ЖК «Середневский лес»,"Москва, НАО (Новомосковский), м. Рассказовка, Середневский Лес ЖК, 4.3",Транспортом,7261747.0,224128.0,1.0,7.0,9.0,32.4,"Продаётся 1-комн. квартира площадью 32,4 кв.м на 7 этаже 9 этажного дома (Корпус 4.3, Секция 1) проекта ПИК Середневский лес. Светлый просторный подъезд на уровне земли, функциональная планировка, большие окна, .
 
В 10 минутах на автомобиле находится станция метро ""Внуково"", а в 15 минутах — станции ""Филатов Луг"" и ""Саларьево"". От них до центра Москвы всего 3540 минут. На рейсовом автобусе от жилого квартала до метро ""Филатов Луг"" — 20 минут.
 
На территории ""Середневского леса"" появилось общественное пространство с игровыми площадками, местами для отдыха, пешеходными маршрутами и велопарковкой — для прогулок, отдыха и встреч жителей квартала. Также внутри жилого квартала уже открыта школа на 1100 мест и детский сад для 325 малышей. В дальнейшем откроется ещё один сад для 340 детей. Артикул 966172  (Застройщик ООО ""Специализированный застройщик Середнево"")",,32.4,7.3,224.1
https://www.cian.ru/sale/flat/310867959/,https://images.cdn-cian.ru/images/kvartira-vnukovskoe-andreya-tarkovskogo-bulvar-2342351091-4.jpg,ЖК «Рассказово»,"Москва, НАО (Новомосковский), м. Рассказовка, Внуковское поселение, бульвар Андрея Тарковского, 10",Транспортом,12780000.0,310949.0,1.0,4.0,21.0,41.1,"Вашему вниманию квартира свободной планировки евро-2шка ЖК Рассказово на 4 этаже в новом доме. Квартира без отделки. Дом абсолютно новый, 2024 год. ЖК Рассказово это уникальный комплекс вблизи леса, расстояние от метро Рассказовка 20 мин пешком, расстояние до парка 10 мин пешком. На метро до Сити ровно 30 минут. Самый удачный с точки зрения расположения и архитектуры ЖК в Новой Москве. На территории уже построен муниципальный детский сад, и готовится к открытию в 2026 году новая муниципальная школа. 
Первоклассные технологии монолитного домостроения, премиальные входные группы, высокие потолки, закрытая территория и наличие зоны ресепшн на первом этаже характеризуют ЖК как бизнес-класс. Только последние дома в ЖК выполнены по самым передовым технологиям строительства, и не отличаются от бизнес-класса компании Sezar Group. Контингент жильцов соответствующий, на территории безопасно и чисто. Лесное озеро в пяти минутах от ЖК.
Предлагаемая квартира находится в самом приватном подъезде, так как на этаже расположено всего три квартиры. От подъезда до школы пешком не более 5 минут. Прекрасный вид на лесопарк, который уже не застроят, а не окна в окна, закатная сторона.
Функциональная планировка квартиры: кухня-гостиная с лоджией, одна изолированная спальня, большая ванная комната. Две отдельные зоны водоснабжения (кухня и ванная комната раздельно). Стеклопакеты установлены очень качественно. Нет несущих стен. Из квартиры можно сделать  двухкомнатную, так как есть два окна и отдельная лоджия. На лоджии прекрасно организуется зона отдыха с видом на лес или рабочая зона.
Свободная продажа. Один взрослый собственник. Быстрый выход на сделку, так как квартира БЕЗ ОБРЕМЕНЕНИЙ, БЕЗ ИСПОЛЬЗОВАНИЯ МАТЕРИНСКОГО КАПИТАЛА, БЕЗ ИПОТЕКИ И БЕЗ ОПЕКИ.
Агентов просьба не звонить без клиента (особенно Этажи!). Я сама агент.",,41.1,12.8,310.9
https://www.cian.ru/sale/flat/311417180/,https://images.cdn-cian.ru/images/kvartira-1y-2354262666-4.jpg,,"Москва, НАО (Новомосковский), м. Рассказовка, Московский г., 1-й мкр, 26",Транспортом,7800000.0,225434.0,1.0,1.0,12.0,34.6,"Мoсквa. г. Московский. мкр-н.1-й, д.26
Продается 1-я  комнатная квартира 34.6м2, с большой комнатой 20 м2, расположенная на 1 этаже. Квapтира с хорошим ремонтом: большой вместительный встроенный шкаф, кухня(12 м2) оснащены всем необходимым, качественная сантехника, заезжай и живи. Прямая продажа, один взрослый собственник, никто не прописан, быстрый выход на сделку. Центр города Московского, развитая инфраструктура и удобная транспортная доступность к центру Москвы. Рядом садик и школа, магазин ""Пятёрочка"", Дом культуры, красивый бульвар. Тихо и спокойно. Показ квартиры по предварительной договоренности.",,34.6,7.8,225.4
https://www.cian.ru/sale/flat/309050914/,https://images.cdn-cian.ru/images/2306222905-4.jpg,ЖК «Город-парк Первый Московский»,"Москва, НАО (Новомосковский), м. Рассказовка, Московский г., Первый Московский мкр, Первый Московский ЖК, 7-я фаза, 3",Транспортом,10611218.0,236330.0,1.0,2.0,20.0,44.9,"Продается однокомнатная квартира  с отделкой в 7 фазе города-парка ""Первый Московский"". 
Общая площадь квартиры - 44,9 кв. м, этаж 2 из 20. 
Срок сдачи - 1 квартал 2027 года. 
Тип дома - монолитный. 
 
Новый корпус состоит из 3х секций:
- 1 и 2 секции с отделкой White Box с возможностью приобретения чистовой отделки за дополнительную плату
- 3 секция без отделки 
 
Город-парк ""Первый Московский"" расположен всего в 7 км по Киевскому шоссе (Новая Москва). Из города-парка прямой выезд на Киевское шоссе и трассу Солнцево-Бутово-Варшавское шоссе. 
 
ТРАНСПОРТНАЯ ДОСТУПНОСТЬ: 
 
- 5 мин. на личном автомобиле  или 10 мин. на автобусе 189 и 147 до станции метро ""Филатов Луг""
- 25  мин. пешком до станции метро ""Филатов Луг"" 
 
ИНФРАСТРУКТУРА: 
 
Около 7 фазы запланировано строительство детского сада, школы, 2 многоуровневых паркинга.
Также на территории проекта есть все необходимые объекты действующей социальной и бытовой инфраструктуры: 8 детских садов, 5 школ, тц, магазины, паркинги, аптеки и др. 
 
БЛАГОУСТРОЙСТВО: 
 
- Дворы без машин
- Игровые зоны для детей, зоны для занятия спортом, зоны для отдыха с навесами/качелями
- Детские площадки разделены по возрастным группам
- Пешеходный и вело-маршрут с двуполостной велодорожкой 2,5 м. в ширину
- Озеленение с растениями всесезонного цветения 
 
ОСОБЕННОСТИ АРХИТЕКТУРЫ: 
 
В каждой секции 3 корпуса предусмотрены: 
- колясочные во входных группах
- кладовые помещения с -1 по 20 этажи
- коммерческие помещения на 1 этажах
- по 4 лифта: 2 пассажирских, 2 грузовых
- видеонаблюдение установленное в холлах первых этажей, у подъездов и прилегающей территории 
 
АВТОРСКИЙ ДИЗАЙН: 
 
Входные группы выполнены по авторскому дизайну, оснащены системой ""тёплый пол"". В каждой входной группе будет располагаться комфортабельная зона ожидания с мягким диваном,
акцентными пуфами и столиком.",,44.9,10.6,236.3
https://www.cian.ru/sale/flat/278292111/,https://images.cdn-cian.ru/images/09/610/831/kvartira-moskovskiy-bianki-ulica-1380169099-4.jpg,,"Москва, НАО (Новомосковский), м. Рассказовка, Московский г., улица Бианки, 4к2",Транспортом,11190000.0,283291.0,1.0,15.0,17.0,39.5,"В ПОМОЩИ РИЕЛТОРОВ НЕ НУЖДАЮСЬ.
Возможна рассрочка на часть суммы.
Отличная светлая уютная квартира. В квартире есть абсолютно всё для комфортной жизни.
Два встроенных (под потолок) шкафа MrDoors с пожизненной гарантией. В шкафах установлена подсветка.
Мощный кондиционер Panasonic, расположенный на кухне, без труда охлаждает всю квартиру, а за счёт расположения на кухне его можно не выключать ночью, не боясь простыть.
Немецкий водонагреватель Stiebel обеспечивает горячей водой, даже во время её отключения. 
Утепленный балкон подойдёт для организации рабочего места или зимнего сада.
Встроенный шкаф в комнате занимает всё стену без зазоров с боков, а также сверху и снизу, создаёт монолитное ощущение стены, при этом стеклянные белые двери не съедают пространство и не давят на человека. В комнате есть блок розеток для организации рабочего места, а освещение разбито на две зоны. Высококачественные рулонные шторы с направляющими на балконных окнах защищают от палящего зноя в летнюю жару, а сверхплотные шторы в комнате не дают свету мешать утреннему сну.
Рулонные шторы на кухне за счёт специального слоя не только защищают от солнце, но и отражают ультрафиолет, что очень важно летом, так как окна выходят на юг.
На кухне имеется холодильник LG со специальной зоной для хранения скоропортящихся продуктов, микроволновая печь, духовой шкаф Samsung и варочная панель. Установлен фильтр для воды с обратным осмосом (пять ступеней).
Раздвижной стол позволяет максимально комфортно разместиться 6 взрослым.
В санузле установлена стиральная машина LG.
Встроенный шкаф в прихожей глубиной в метр позволяет максимально использовать нишу, что важно в однокомнатной квартире. В глубине шкафа расположены большие полки для обуви, а ближе к дверям можно повесить куртки и пальто. Вверху шкафа расположена антресоль, куда помещается ёлка, большой чемодан и много чего ещё.
По всей квартире, кроме ванной комнаты, постелен износостойкий ламинат 32 класса. Подключён интернет и домофон.
Подъезд имеет два выхода, на первом этаже расположена колясочная, закрывающаяся на ключ.
В районе очень много отличных детских площадок, 3 школы, 3 детских сада, в шаговой доступности 3 крупных продуктовых магазина и один ТЦ, а на машине быстро можно доехать до 2-х больших ТРЦ  (Саларис и Новомосковский) и магазина МЕТРО.
Вблизи района расположены два больших парка с мангальными зонами, а также уединённый пруд для рыбалки.
В 500 метрах открыта новая большая парковка.
Один взрослый собственник.
Квартира по своему функционалу является ЛУЧШЕЙ КВАРТИРОЙ В РАЙОНЕ, вся мебель и техника в идеальном состоянии. Ремонт также в идеале, ни одного гвоздя забивать не надо, никакой шуруп подкручивать не придётся. В квартире остаётся всё, кроме телевизоров, дивана и детской мебели.
Продаю в связи с переездом в квартиру больше.",,39.5,11.2,283.3
https://www.cian.ru/sale/flat/312155404/,https://images.cdn-cian.ru/images/kvartira-moskva-novoperedelkinskaya-ulica-2369961807-4.jpg,,"Москва, ЗАО, р-н Ново-Переделкино, м. Рассказовка, Новопеределкинская улица, 13",Транспортом,12000000.0,311688.0,1.0,12.0,14.0,38.5,"Просторная, светлая 1-комнатная квартира рядом с метро Новопеределкино! Из окон шикарный панорамный вид! Планировка позволяет зонировать большую жилую комнату на спальню и гостиную, 2 балкона, совмещённый санузел. Этаж/этажность 12/14. Кухня со встроенной техникой (посудомоечная машина, духовой шкаф, варочная панель, вытяжка). 
Очень развита инфраструктура района: в шаговой доступности школа, детский сад, взрослая и детская поликлиники, школа фигурного катания, плавания, сетевые магазины, банки и т.д. Рядом два лесопарка: Ульяновский и Чоботовский лес.
В собственности более 5 лет. Полная стоимость в договоре. Оперативный показ и быстрый выход на сделку.",,38.5,12.0,311.7
https://www.cian.ru/sale/flat/304056594/,https://images.cdn-cian.ru/images/2210084094-4.jpg,ЖК «Город-парк Первый Московский»,"Москва, НАО (Новомосковский), м. Рассказовка, Московский г., Первый Московский мкр, Первый Московский ЖК, 9-я фаза",Транспортом,12092690.0,289993.0,1.0,19.0,19.0,41.7,"Продается однокомнатная квартира  с отделкой в новой 9 фазе города-парка ""Первый Московский"". 
Общая площадь квартиры - 41,7 кв. м, этаж 19 из 19. 
Срок сдачи - 2 квартал 2026 года. 
Тип дома - монолитный. 
 
В квартире будет выполнена высококачественная отделка ""под ключ"". На выбор представлены два стиля отделки: 
- Classic (классический стиль)  традиционное сочетание материалов и фактур  тёмный, тёплый по тону пол и светлые нейтральные стены, керамогранит с рисунком под мрамор. 
- Smart+ (современный стиль)  нейтральная цветовая гамма с использованием бетонных фактур и темного керамогранита, керамическая плитка до потолка в ванной и санузле.
Независимо от того, какой стиль отделки выберите Вы, можете быть уверенными, что цветовое сочетание будет актуальным долгие годы. 
 
Город-парк ""Первый Московский"" расположен всего в 7 км по Киевскому шоссе (Новая Москва). Из города-парка есть удобный выезд на Киевское шоссе. 
 
ТРАНСПОРТНАЯ ДОСТУПНОСТЬ: 
 
- 5 мин. на личном автомобиле или 10 мин. на автобусе 189 и 876 до станции метро ""Филатов Луг""
- 20 мин. пешком до станции метро ""Филатов Луг"" 
 
ИНФРАСТРУКТУРА И БЛАГОУСТРОЙСТВО: 
 
9 фаза сочетает в себе максимальную близость данной фазы строительства к парку Филатов луг. 
Основной акцент в благоустройстве сделан на разнообразные детские площадки и развивающие комплексы, с зонами для активного и спокойного отдыха взрослых.
В каждом из домов предусмотрены кладовые помещения на -1 этаже и коммерческие помещения на 1 этажах. 

АВТОРСКИЙ ДИЗАЙН: 

Входные группы выполнены по авторскому дизайну, оснащены системой ""тёплый пол"". В каждой входной группе будет располагаться комфортабельная зона ожидания. При входе предусмотрено помещение для хранения колясок и на -1 этаже располагается велопарковка.",,41.7,12.1,290.0
https://www.cian.ru/sale/flat/309208250/,https://images.cdn-cian.ru/images/kvartira-moskovskiy-moskvitina-ulica-2359378683-4.jpg,ЖК «Город-парк Первый Московский»,"Москва, НАО (Новомосковский), м. Рассказовка, Московский г., улица Москвитина, 9к2",Транспортом,8200000.0,215789.0,1.0,24.0,25.0,38.0,"ВАШЕМУ ВНИМАНИЮ! 
Продается видовая квартира расположенная на 24 этаже 25 этажного монолитного дома.
Общая площадь квартиры: 35.9 кв. м.
Жилая площадь: 20 кв. м. 
Площадь кухни: 10 кв. м. 
Квартира без ремонта. Идеальный вариант как для жизни так и для сдачи.
Развитая инфраструктура(школа, детские сады, поликлиника, МФЦ, отделения банков, финес клуб Ohana, Пятерочка, ВКУСВИЛЛ) и многое другое. 
Рядом с домом расположена большая охраняемая парковка 4000 рублей в месяц.
Развитая инфраструктура м. Филатов луг, м. Саларьево м. Рассказовка(10 мин. на транспорте), остановка вблизи дома. 

ДОКУМЕНТЫ:
2 собственника, полная стоимость, никто не зарегистрирован.

ОПЕРАТИВНЫЙ ПОКАЗ!

Помощь в подборе вторичного жилья.
Помощь в подборе новостроек БЕСПЛАТНО!
Помощь в одобрении ипотеки",,38.0,8.2,215.8
https://www.cian.ru/sale/flat/310107816/,https://images.cdn-cian.ru/images/kvartira-moskva-harlampieva-ulica-2327151766-4.jpg,ЖК «Спортивный квартал»,"Москва, НАО (Новомосковский), м. Рассказовка, улица Харлампиева, 52к1",Транспортом,8490000.0,212250.0,1.0,6.0,12.0,40.0,"Однокомнатная квартиры с новым качественным ремонтом, в которой никто не жил и не прописан. В квартире есть просторная гардеробная комната (на фото), так с окна и балкона открывается шикарный вид (особенно летом). Свободная продажа, без обременений, один взрослый собственник, документы юридически чисты и готовы к сделке. В подарок идёт сертификат на кухню ""Vivat"" (скидка 50%). Оперативный показ - звоните!",,40.0,8.5,212.2
https://www.cian.ru/sale/flat/304057091/,https://images.cdn-cian.ru/images/2207541802-4.jpg,ЖК «Город-парк Первый Московский»,"Москва, НАО (Новомосковский), м. Рассказовка, Московский г., Первый Московский мкр, Первый Московский ЖК",Транспортом,9649273.0,241836.0,1.0,1.0,19.0,39.9,"Продается однокомнатная квартира  с отделкой в 9 фазе города-парка ""Первый Московский"". 
Общая площадь квартиры - 39,9 кв. м, этаж 1 из 19. 
Срок сдачи - 2 квартал 2027 года. 
Тип дома - монолитный. 
 
Новый корпус состоит из 3х секций:
Все секции с отделкой White Box с возможностью дополнительного выбора дизайнерской отделки: Classic или Smart+ 
 
Город-парк ""Первый Московский"" расположен всего в 7 км по Киевскому шоссе (Новая Москва). Из города-парка прямой выезд на Киевское шоссе и трассу Солнцево-Бутово-Варшавское шоссе. 
 
ТРАНСПОРТНАЯ ДОСТУПНОСТЬ: 
 
- 5 мин. на личном автомобиле или 10 мин. на автобусе 189, 147, 193  до станции метро ""Филатов Луг""
- 5 мин. на личном автомобиле или 12 мин. на автобусе 863 до станции метро ""Саларьево""
- 6 мин. на личном автомобиле или 15 мин. на автобусе 333 до станции метро ""Рассказовка"" 
 
РАЗВИТАЯ ИНФРАСТРУКТУРА В ОКРУЖЕНИИ: 
 
- общеобразовательная школа 2120 корпуса д1, д7, ш1-ш5
- детский сад 2120 корпуса д2, д9 
- школа искусств
- городская больница, детская поликлиника, филиал 5
- подстанция скорой помощи 58 и пожарно-спасательный центр 313
- отдел полиции, отдел ГИБДД
- торговые центры Столица и Новомосковский 
- стадион, каток, бассейн
- кафе, продуктовые магазины, аптеки, фитнес центры, салоны красоты и пр. 
 

БЛАГОУСТРОЙСТВО: 
 
- дворы без машин
- разнообразные детские площадки и развивающие комплексы
- детские площадки разделены по возрастным группам
- максимальная близость корпуса к пару Филатов луг
- озеленение территории с учетом зонирования, островками для отдыха 
 
ОСОБЕННОСТИ АРХИТЕКТУРЫ: 
 
- безбарьерные входные группы
- велопарковка на -1 этаже
- колясочные в каждой входной группе
- коммерческие помещения на 1 этаже в трех секциях
- кладовые помещения расположены на жилых этажах и на -1 этаже
- в каждой секции корпуса по 4 лифта: 2 пассажирских, 2 грузовых
- видеонаблюдение установленное в холлах первых этажей, у подъездов и прилегающей территории 
 
АВТОРСКИЙ ДИЗАЙН: 
 
Входные группы выполнены по авторскому дизайну, оснащены системой ""тёплый пол"". В каждой входной группе будет располагаться комфортабельная зона ожидания, почтовые ящики с ячейкой для спама, колясочная, акцентные пуфы и столик.",,39.9,9.6,241.8
https://www.cian.ru/sale/flat/295976679/,https://images.cdn-cian.ru/images/kvartira-filimonkovskoe-harlampieva-ulica-2049131779-4.jpg,,"Москва, НАО (Новомосковский), м. Рассказовка, улица Харлампиева, 52к1",Транспортом,7800000.0,213699.0,1.0,6.0,14.0,36.5,"Продается уютная, светлая, квартира в ЖК ""Спортивный квартал"". Месторасположение: Москва, НАО, поселение Филимонковское, 
Харлампьева д.52 к.1. 
   В квартире выполнен качественный ремонт, остается кухонный гарнитур в подарок. Дом новый,кирпично-монолитный. 
    Ближайшая станция метро ,,Филатов луг"", ""Саларьево"" 15 минут на общественном транспорте, автобус 420. Есть вся инфраструктура для комфортного проживания. Место с красивыми видами из окна и чистым воздухом, новейшие детские и спортивные площадки, свободные парковочные места рядом с домом.
   Быстрый выход на сделку, 1 взрослый собственник, более 3 лет в собственности, возможна ипотека.",,36.5,7.8,213.7
https://www.cian.ru/sale/flat/311950158/,https://images.cdn-cian.ru/images/kvartira-vnukovskoe-letchika-ulyanina-ulica-2365411829-4.jpg,,"Москва, НАО (Новомосковский), м. Рассказовка, Внуковское поселение, улица Летчика Ульянина, 4",Транспортом,9500000.0,278592.0,1.0,8.0,20.0,34.1,"Продается уютная однокомнатная квартира в современном доме по адресу: Москва, Новомосковский административный округ, район Внуково, улица Лётчика Ульянина, 4. Квартира расположена на 8 этаже 20-этажного панельного дома, построенного в 2013 году. Общая площадь составляет 34,1 кв. м, жилая площадь — 15,7 кв. м, кухня — 9,0 кв. м. Высота потолков — 2,7 метра. 

В квартире сделан качественный евроремонт, что делает ее готовой к комфортному проживанию. Просторная кухня позволит вам с удовольствием готовить и принимать гостей. Санузел совмещенный, что удобно для небольших квартир. В квартире есть лоджия и маленький балкончик,  которые выходят во двор, поэтому вам обеспечена тишина и спокойствие. 

Дом оборудован пассажирским и грузовым лифтами, а также мусоропроводом, что делает проживание в нем более комфортным. Район отличается развитой инфраструктурой: рядом находятся школы, детские сады, клиники и магазины. До метро Пыхтино можно дойти всего за 8 минут, поэтому добраться до центра города не составит труда.

Квартира продается без обременений, возможна ипотека. Все документы готовы к сделке. 

Не упустите возможность приобрести эту замечательную квартиру. Звоните и записывайтесь на просмотр в удобное для вас время.",,34.1,9.5,278.6
https://www.cian.ru/sale/flat/304058343/,https://images.cdn-cian.ru/images/2239318622-4.jpg,ЖК «Переделкино Ближнее Город-парк»,"Москва, НАО (Новомосковский), м. Рассказовка, Переделкино Ближнее мкр, 18-й кв-л",Пешком,12103274.0,276963.0,1.0,4.0,17.0,43.7,"Продается однокомнатная квартира с отделкой в 18 фазе города-парка ""Переделкино Ближнее"". 
Общая площадь квартиры - 43,7 кв. м, этаж 4 из 17. 
Срок сдачи - 2 квартал 2027 года. 
Тип дома - монолитный. 
 
Новый корпус состоит из 12 секций c переменной этажностью 8-17 этажей: 
Все секции с отделкой White Box с возможностью повышения за дополнительную плату до дизайнерской отделки: Classic или Smart+ 
 
Город-парк ""Переделкино Ближнее"" расположен в 8 км от МКАД по Боровскому шоссе. 
 
ТРАНСПОРТНАЯ ДОСТУПНОСТЬ: 
 
- 10 минут пешком до МЦД-4 ""Мичуринец""
- 14 минут на машине до станции метро ""Филатов Луг"" Сокольнической линии
- 15 минут пешком до станции метро ""Рассказовка"" Солнцевской линии
- 30 минут до центра Москвы
- Прямой выезд на дорогу Солнцево-Бутово-Варшавское шоссе, минуя жилую застройку всего ЖК 
 
РАЗВИТАЯ СОЦИАЛЬНАЯ ИНФРАСТРУКТУРА: 
  
- 7 детских садов, 3 школы
- детская музыкальная школа имени Б.Л. Пастернака
- поликлиника для взрослых ГБУЗ ГП  212 ДЗМ филиал  70
- пожарная часть 66. Аварийно-спасательный отряд  6 ГКУ
- банки, продуктовые магазины, аптеки, фитнес центры, салоны красоты и пр 
 
БЛАГОУСТРОЙСТВО: 
 
- дворы без машин
- игровые зоны и развивающие детские площадки
- детские площадки разделены по возрастным группам
- зоны для пассивного отдыха 
- зоны для занятий спорта 
 
ОСОБЕННОСТИ АРХИТЕКТУРЫ: 
 
- переменная этажность открывает видовые характеристики на реку Алешинка и на лесопарковую зону
- увеличенное остекление в квартирах
- высокие потолки от 3,03 м.
- безбарьерные входные группы 
- колясочные в каждой входной группе
- кладовые помещения расположены на -1 этаже каждой секции и на 2-17 жилых этажах в секции 11
- коммерческие помещения на 1 этаже в 11 и 12 секциях
- в секциях 2-4, 6-7, 11-12 по 2 лифта: 1 пассажирский, 1 грузовой
- в секциях 1, 5, 8-10: 1 грузовой лифт
- мусоропроводы в домах не предусмотрены, запроектированы специальные зона для сбора мусора
- на фасаде предусмотрены корзины для установки кондиционеров.
- видеонаблюдение установленное в холлах первых этажей, у подъездов и прилегающей территории 
 
АВТОРСКИЙ ДИЗАЙН:  
 
Входные группы выполнены по авторскому дизайну, оснащены системой ""тёплый пол"". В каждой входной группе будет располагаться комфортабельная зона ожидания, почтовые ящики, колясочная, акцентные пуфы и столик.",,43.7,12.1,277.0
https://www.cian.ru/sale/flat/309997758/,https://images.cdn-cian.ru/images/kvartira-grad-moskovskiy-raduzhnaya-ulica-2325186302-4.jpg,,"Москва, НАО (Новомосковский), м. Рассказовка, Московский г., Град Московский мкр, улица Радужная, 17",Транспортом,8300000.0,218421.0,1.0,13.0,17.0,38.0,"Продаётся просторная, светлая однокомнатная квартира площадью 38 кв.м., расположенная на 13 этаже. Кухня 9 кв.м., комната 19 кв.м.. санузел совмещен. Просторный коридор. Приятные соседи. Ухоженная входная группа. Есть Консъерж. 

Развитая инфpаcтруктурa микрорaйонa, все в шaгoвой доступнoсти: поликлиники, школа, детcкий cад, торговые центры с супермаркетами. В 200 метрах зaмeчaтельный парк с различным видом дорожек, с барбекю зоной, множеством детских и спортивных площадок.

Хорошая транспортная доступность на общественном транспорте - автобусы до различных станций МЦД-4, станций метро Саларьево ( один из двух рейсов каждые пять минут ), Рассказовка, Филатов Луг, Теплый стан, Юго-Западная, Тропарево, Румянцево, Ольховая, Аэропорт Внуково. 
По документам: 1 взрослый Собственик. Свободная продажа. Никто не прописан. Полная стоимость в договоре. Быстрый выход на сделку. Нет никаких обременений. Оперативный показ. Звоните!",,38.0,8.3,218.4
https://www.cian.ru/sale/flat/310270051/,https://images.cdn-cian.ru/images/kvartira-vnukovskoe-borisa-pasternaka-ulica-2332491558-4.jpg,ЖК «Переделкино Ближнее Город-парк»,"Москва, НАО (Новомосковский), м. Рассказовка, Внуковское поселение, улица Бориса Пастернака, 17",Пешком,13700000.0,368280.0,1.0,11.0,17.0,37.2,"Быстрый выход на сделку. Один взрослый собственник. В квартире никто не зарегистрирован. Полная стоимость в ДКП. Без обременений и долгов. Свободная продажа (без альтернативы). Материнский капитал не использовался. Юридическое сопровождение сделки.  УБЕДИТЕЛЬНАЯ ПРОСЬБА агентов с предложениями предоставления своих услуг не беспокоить !!!

Остается кухонный гарнитур, а также встроенная бытовая техника: духовой шкаф SMEG, варочная панель, посудомоечная и стиральная машины Bosch, холодильник Whirlpool и кондиционер Toshiba. Мебель по договоренности.

Продается комфортабельная квартира, расположенная в современном монолитно-кирпичном доме. Квартира подойдёт как для проживания, так и для сдачи в аренду посуточно (недалеко аэропорт Внуково) или на длительный срок. 

Благодаря профессиональному дизайнерскому ремонту, каждая деталь интерьера гармонично сочетается, создавая уют и комфорт для жизни, не требуя никаких дополнительных вложений. Площадь кухни-гостиной составляет 19,5 м². Уютная мини комната площадью 8 м² (без учета встроенного шкафа для одежды) может быть использована как спальня и/или кабинет. Коридор площадью 3,5 м², ванная комната и туалет общей площадью 4 м² оборудованы всей необходимой сантехникой. Балкон с панорамным остеклением, площадью 3 м², который открывает фантастический вид на красивые закаты.

Кухня-гостиная продуманно разделена на две световые зоны. Элементы дизайна, такие как двухуровневые потолки, декоративная штукатурка, шикарные люстры и разнообразное освещение, добавляют изысканности и создают расслабляющую атмосферу. В кухне и ванной комнате установлена система защиты от протечек Нептун, а также они оснащены дорогой европейской сантехникой. Важным дополнением являются теплые полы на кухне, в коридоре и ванной комнате. В ванной комнате предусмотрен гигиенический душ. На полу уложена качественная паркетная доска, которая подчеркивает элегантность интерьера. В квартире установлены регулируемые радиаторы отопления и внутрипольный конвектор, что позволяет поддерживать оптимальную температуру в зимнее время года.

Для удобства жильцов предусмотрен видеодомофон, современная входная группа, а также грузовой и пассажирский лифты фирмы OTIS.

Этот район считается одним из самых экологически чистых уголков Москвы, с благоустроенной территорией, зелеными газонами и современными детскими площадками, что создает отличные условия для семейной жизни. Здесь находятся три школы (две действующие и одна строящаяся), а также современные детские сады, спортивные площадки, супермаркеты, поликлиники, фитнес-центры, пекарни, кофейни и рестораны. А для владельцев собак предусмотрены специальные площадки для выгула.

Транспортная доступность высокая: до аэропорта Внуково всего 15 минут на метро и 7 минут на автомобиле. Станция метро Рассказовка находится в 8 минутах пешком, а автобусная остановка прямо напротив дома позволяет добраться до метро за 3 минуты. До центра Москвы можно доехать за 35 минут, а до МЦД 4 Мичуринец всего 1,5 километра.",,37.2,13.7,368.3
https://www.cian.ru/sale/flat/308015886/,https://images.cdn-cian.ru/images/2284877754-4.jpg,ЖК «Переделкино Ближнее Город-парк»,"Москва, НАО (Новомосковский), м. Рассказовка, Переделкино Ближнее мкр, 18-й кв-л",Пешком,11903530.0,294642.0,1.0,9.0,17.0,40.4,"Продается однокомнатная квартира с отделкой в 18 фазе города-парка ""Переделкино Ближнее"". 
Общая площадь квартиры - 40,4 кв. м, этаж 9 из 17. 
Срок сдачи - 2 квартал 2027 года. 
Тип дома - монолитный. 
 
Новый корпус состоит из 12 секций c переменной этажностью 8-17 этажей: 
Все секции с отделкой White Box с возможностью повышения за дополнительную плату до дизайнерской отделки: Classic или Smart+ 
 
Город-парк ""Переделкино Ближнее"" расположен в 8 км от МКАД по Боровскому шоссе. 
 
ТРАНСПОРТНАЯ ДОСТУПНОСТЬ: 
 
- 10 минут пешком до МЦД-4 ""Мичуринец""
- 14 минут на машине до станции метро ""Филатов Луг"" Сокольнической линии
- 15 минут пешком до станции метро ""Рассказовка"" Солнцевской линии
- 30 минут до центра Москвы
- Прямой выезд на дорогу Солнцево-Бутово-Варшавское шоссе, минуя жилую застройку всего ЖК 
 
РАЗВИТАЯ СОЦИАЛЬНАЯ ИНФРАСТРУКТУРА: 
  
- 7 детских садов, 3 школы
- детская музыкальная школа имени Б.Л. Пастернака
- поликлиника для взрослых ГБУЗ ГП  212 ДЗМ филиал  70
- пожарная часть 66. Аварийно-спасательный отряд  6 ГКУ
- банки, продуктовые магазины, аптеки, фитнес центры, салоны красоты и пр 
 
БЛАГОУСТРОЙСТВО: 
 
- дворы без машин
- игровые зоны и развивающие детские площадки
- детские площадки разделены по возрастным группам
- зоны для пассивного отдыха 
- зоны для занятий спорта 
 
ОСОБЕННОСТИ АРХИТЕКТУРЫ: 
 
- переменная этажность открывает видовые характеристики на реку Алешинка и на лесопарковую зону
- увеличенное остекление в квартирах
- высокие потолки от 3,03 м.
- безбарьерные входные группы 
- колясочные в каждой входной группе
- кладовые помещения расположены на -1 этаже каждой секции и на 2-17 жилых этажах в секции 11
- коммерческие помещения на 1 этаже в 11 и 12 секциях
- в секциях 2-4, 6-7, 11-12 по 2 лифта: 1 пассажирский, 1 грузовой
- в секциях 1, 5, 8-10: 1 грузовой лифт
- мусоропроводы в домах не предусмотрены, запроектированы специальные зона для сбора мусора
- на фасаде предусмотрены корзины для установки кондиционеров.
- видеонаблюдение установленное в холлах первых этажей, у подъездов и прилегающей территории 
 
АВТОРСКИЙ ДИЗАЙН:  
 
Входные группы выполнены по авторскому дизайну, оснащены системой ""тёплый пол"". В каждой входной группе будет располагаться комфортабельная зона ожидания, почтовые ящики, колясочная, акцентные пуфы и столик.",,40.4,11.9,294.6
https://odintsovo.cian.ru/sale/flat/312006608/,https://images.cdn-cian.ru/images/kvartira-odincovo-severnaya-ulica-2366696392-4.jpg,,"Московская область, Одинцово, мкр. 3-й, м. Рассказовка, Северная улица, 64",Транспортом,5500000.0,174051.0,1.0,1.0,5.0,31.6,"Продается 1-комнатная квартира в  Одинцово по адресу: ул. Северная, дом 64. Общая площадь квартиры составляет 31,6 кв.м. Дом находится в отличной локации — всего в 10 минутах от станции МЦД Одинцово. В шаговой доступности находятся остановки общественного транспорта, что обеспечит вам легкий доступ к другим районам города. Для любителей активного отдыха и природы в окрестностях расположены три зеленых парка, где можно наслаждаться свежим воздухом и проводить время с близкими. Центральный парк с прудом, волейбольной площадкой и ледовой ареной. Свободная продажа. Без обременений.",,31.6,5.5,174.1
https://www.cian.ru/sale/flat/292732887/,https://images.cdn-cian.ru/images/kvartira-moskovskiy-solnechnaya-ulica-1953466156-4.jpg,ЖК «Клубный дом Солнечный»,"Москва, НАО (Новомосковский), м. Рассказовка, Московский г., улица Солнечная, 3А",Транспортом,5950000.0,238000.0,1.0,7.0,9.0,25.0,"В современном ЖК с огороженной охраняемой территорией продается студия-аппарт.  Свежий ремонт. Полностью укомплектована современной мебелью и техникой. Благоустроенный двор. Въезд под шлагбаум. Пропуск на 2 машины. Развитая инфраструктура, до метро Филатов Луг легко добраться маршруткой, автобусом или прогуляться пешочком по красивому благоустроенному парку. Мобильный показ. Один взрослый собственник.",,25.0,6.0,238.0
https://aprelevka.cian.ru/sale/flat/303606830/,https://images.cdn-cian.ru/images/2361800797-4.jpg,ЖК «Парк Апрель»,"Московская область, Наро-Фоминский городской округ, Апрелевка, м. Рассказовка, Парк Апрель ЖК",Транспортом,6712737.0,212900.0,1.0,2.0,4.0,31.53,"Прямая продажа от застройщика! Загородный жилой комплекс класса Комфорт Плюс.
Продаётся 1-к квартира номер 78 общей площадью 31.53 кв.м. на 2-м этаже 4 этажного дома. Без отделки.

Особенности:
- Квартира доступна к покупке в Trade-In.
- Линейная
- МЦД-4 в 10-ти минутах
- Квартиры с ключами
- Квартиры в готовом поселке
- Отличный вариант для проживания или инвестиций. Поселок готов к проживанию. Посмотрите вживую!
- Закрытый поселок в окружении леса
- Детский сад и школа на территории
- Закрытая территория
- Въезд и выезд только через КПП
- Круглосуточная охрана и видеонаблюдение
- Реки и леса в пешей доступности

Квартира без отделки. Чистый холст для воплощения интерьера вашей мечты.

Расположение комплекса: 
Уникальный жилой комплекс, расположенный в 20 минутах от Москвы по Киевскому шоссе и окруженный первозданным лесом. В Парк Апрель легко наслаждаться жизнью на природе, не отказываясь от привычного уровня комфорта. Это возможно, благодаря уникальному сочетанию преимуществ комплекса. ЖК, окруженный с трех сторон лесом - подарит вам возможность дышать полной грудью и наслаждаться прекрасными видами, а развитая инфраструктура, транспортная доступность и высокий уровень безопасности принесут спокойствие и безмятежность.

Транспортная доступность:
МКАД в 20 минутах по Киевскому шоссе по современной скоростной трассе. Автобусная остановка в 200-х метрах от дома. 9 маршрутов наземного транспорта, автобусы до станций метро Юго-Западная, Саларьево, Румянцево, Тропарево. 25 минут на МЦД D4 до Киевского вокзала.

Внутренняя инфраструктура:
Развитая инфраструктура жилого комплекса, включает муниципальную школу, детский сад, торговый центр и другие объекты. Расположение домов тщательно продумано, так что из окон открываются красивые виды на тихие дворики и окружающий лес, а всего за 10 минут на личном или общественном транспорте вы доедете до любой из двадцати школ, поликлиники или современного дворца спорта. Разумеется, в Апрелевке найдутся также торговые комплексы, фитнес-центры и многое другое. 

Для кровли используется черепица, имеющая отличные тепло- и шумоизоляционные характеристики. Благодаря стенам из керамических на протяжении всего года в доме будет здоровый микроклимат, а облицовка бельгийский кирпичом придает особое очарование фасадам.
Вы сможете создать уникальный формат жилья, который подойдет именно вам. Просторная кухня - гостиная, отдельный кабинет для работы, мастер-спальня с гардеробной и ванной - квартира со свободной планировкой позволяет воплотить в жизнь все ваши идеи
С трех сторон Парк Апрель окружен лесом и малоэтажной частной застройкой, поблизости отсутствуют вредные производства. В пешей доступности находятся две реки и лесной массив, откуда удачная роза ветров приносит свежий воздух
Жителям Парк Апрель доступна развитая инфраструктура Апрелевки: два десятка образовательных учреждений, спортивная школа, современный дворец спорта, поликлиники, фитнес-центры, магазины и торговые комплексы. Все объекты расположены не более, чем",,31.5,6.7,212.9
https://www.cian.ru/sale/flat/312152803/,https://images.cdn-cian.ru/images/2369885645-4.jpg,,"Москва, НАО (Новомосковский), м. Рассказовка, Внуковское поселение, улица Бориса Пастернака, 33к1",Пешком,9800000.0,257895.0,1.0,1.0,17.0,38.0,"Номер лота: вт-0423383.
Продается светлая, чистая, уютная квартира с ремонтом и мебелью в замечательном спальном районе. Метро Рассказовка 15 минут пешком, МЦД-4 Мичуринец. 
Инфраструктура:
Во дворе школа, детский сад, почта, парикмахерские, пятерочка, вкусВилл, КуулКлевер, аптеки, рестораны, Яндекс Маркет, Озон, Валдберис, Салоны красоты, ТЦ ""Сказка"", 5 минут до Парк ""Рассказока"", облагораживается Федосьинский пруд (сделают велосипедные дорожки, поставят шезлонги, можно будет купаться, детские площадки, площадки для выгула собак, кафе, рестораны).
В собственности более 5 лет, один взрослый собственник. 

 Содействие в получении специальных условий и преференций по ипотеке.",,38.0,9.8,257.9
https://www.cian.ru/sale/flat/312164986/,https://images.cdn-cian.ru/images/kvartira-grad-moskovskiy-raduzhnyy-proezd-2370198399-4.jpg,,"Москва, НАО (Новомосковский), м. Рассказовка, Московский г., Град Московский мкр, проезд Радужный, 1",Транспортом,8500000.0,229730.0,1.0,16.0,17.0,37.0,"Свободная продажа,в собственности более 5 лет,уютная светлая квартира,продается с мебелью,один собственник.",,37.0,8.5,229.7
https://www.cian.ru/sale/flat/311082044/,https://images.cdn-cian.ru/images/2346848139-4.jpg,ЖК «Детали»,"Москва, НАО (Новомосковский), м. Рассказовка, пос. Марьино, Детали ЖК",Транспортом,8874134.0,236014.0,1.0,12.0,23.0,37.6,"ЖК ""Детали"" - бизнес-класс по цене комфорта! 

Покупка квартиры в ЖК ""Детали"" - это хорошая инвестиция.
 
Преимущества комплекса:
-  Московская прописка
- Близость к метро Филатов Луг - 15 минут
- Подземный паркинг
- Закрытая охраняемая территория
- Автобусная остановка, сады, школы и поликлиника в шаге от дома
- Уютные лобби с зоной коворкинга, фитнесом и детским клубом
-  Окна в пол, мастер-спальни и гардеробные

Продается 1-к квартира общей площадью 37.6 кв. метра на 12-м этаже комплекса бизнес-класса ""Детали"".

Благодаря продуманной ступенчатой застройке и панорамному остеклению квартиры здесь получают максимум естественного освещения в течение дня. Ваша квартира будет не только светлой и уютной, но и комфортной благодаря эргономичной планировке.
 
Квартиры в ЖК Детали - это возможность быть ближе к природе, не теряя преимуществ крупного мегаполиса!
 
Транспортная доступность:
- Автобусная остановка в 15 метрах от дома
- Метро ""Филатов Луг"" - 15 минут на общественном транспорте
- Метро ""Десна"" - 10 минут (открытие 2027 г.)
- МКАД - 15 км
- 50 минут до центра Москвы

Локация:
Дом расположен в центре поселка Марьино, поселение Филимонковское Новой Москвы, в окружении открытых детских садов, школ и поликлиники. По соседству на 17 гектарах раскинулся лесной массив парка ""Марьино"" и протекает река ""Незнайка"". Это один из самых экологически благоприятных районов Москвы по данным рейтинга EcoStandart Group.

На территории ЖК девелопер реализует:
- Два собственных детских сада по 250 мест. Ввод в эксплуатацию планируется в 4-м квартале 2026 года, в 1-м квартале 2027 года
- В каждом лобби спроектированы общественный санузел, мягкая зона для комфортного ожидания курьера или такси, предусмотрены отдельные помещения для хранения колясок, велосипедов и самокатов, а также помещения для мойки лап собакам
- Для мам с колясками продуман безбарьерный вход
- Каждая секция ЖК - с панорамным остеклением, индивидуальным дизайном и приятным интерьером
- Подземный охраняемый паркинг, оснащенный системой считывания номеров, с доступом на лифте с любого этажа
- Наземный паркинг с зарядкой для электрокаров
- Безопасная закрытая территория комплекса с системой контроля и управления доступом
- Приватный двор с многоуровневым ландшафтным парком, детскими площадками, зонами для отдыха и арт-объектами
- Двор без машин - изюминка проекта. В жилом комплексе Детали вся территория будет под видеонаблюдением и охраной
 
Поселение Филимоновское это:
- Валуевский лесопарк
- Исторические памятники архитектуры
- Конные и теннисные клубы, горнолыжные склоны, реки и водоемы.
Здесь развита образовательная инфраструктура: школы, детские сады, спортивные и творческие секции. Безусловно, здесь также есть всё необходимое и для повседневной жизни.
 
Все условия для покупки:
- Рассрочка
- Семейная ипотека
- Материнский капитал
- Траншевая ипотека
- Военная ипотека
- Trade-In
- Индивидуальные скидки
 
Звоните и записывайтесь на просмотр!",,37.6,8.9,236.0
https://www.cian.ru/sale/flat/312103589/,https://images.cdn-cian.ru/images/2368758900-4.jpg,,"Москва, ЗАО, р-н Ново-Переделкино, м. Рассказовка, улица Скульптора Мухиной, 10",Пешком,10500000.0,278515.0,1.0,8.0,17.0,37.7,"Номер лота: вт-0423345.
Квартира с отличной планировкой в хорошем жилом состоянии. Зеленый, чистый район c развитой инфраструктурой. Для комфортной жизни есть все. Хорошая транспортная доступность. Рядом метро. Остались вопросы? Звоните, смотрите и покупайте!
 Содействие в получении специальных условий и преференций по ипотеке.",,37.7,10.5,278.5
https://aprelevka.cian.ru/sale/flat/310777862/,https://images.cdn-cian.ru/images/2361622571-4.jpg,ЖК «Парк Апрель»,"Московская область, Наро-Фоминский городской округ, Апрелевка, м. Рассказовка, Парк Апрель ЖК",Транспортом,5382020.0,207800.0,1.0,3.0,4.0,25.9,"Корпус сдан! Прямая продажа от застройщика! Загородный жилой комплекс класса Комфорт Плюс.
Продаётся 1-к квартира номер 62 в сданном корпусе общей площадью 25.9 кв.м. на 3-м этаже 4 этажного дома.

Особенности:
- Квартира доступна к покупке в Trade-In.
- Линейная
- МЦД-4 в 10-ти минутах
- Квартиры с ключами
- Квартиры в готовом поселке
- Отличный вариант для проживания или инвестиций. Поселок готов к проживанию. Посмотрите вживую!
- Закрытый поселок в окружении леса
- Детский сад и школа на территории
- Закрытая территория
- Въезд и выезд только через КПП
- Круглосуточная охрана и видеонаблюдение
- Реки и леса в пешей доступности

Расположение комплекса: 
Уникальный жилой комплекс, расположенный в 20 минутах от Москвы по Киевскому шоссе и окруженный первозданным лесом. В Парк Апрель легко наслаждаться жизнью на природе, не отказываясь от привычного уровня комфорта. Это возможно, благодаря уникальному сочетанию преимуществ комплекса. ЖК, окруженный с трех сторон лесом - подарит вам возможность дышать полной грудью и наслаждаться прекрасными видами, а развитая инфраструктура, транспортная доступность и высокий уровень безопасности принесут спокойствие и безмятежность.

Транспортная доступность:
МКАД в 20 минутах по Киевскому шоссе по современной скоростной трассе. Автобусная остановка в 200-х метрах от дома. 9 маршрутов наземного транспорта, автобусы до станций метро Юго-Западная, Саларьево, Румянцево, Тропарево. 25 минут на МЦД D4 до Киевского вокзала.

Внутренняя инфраструктура:
Развитая инфраструктура жилого комплекса, включает муниципальную школу, детский сад, торговый центр и другие объекты. Расположение домов тщательно продумано, так что из окон открываются красивые виды на тихие дворики и окружающий лес, а всего за 10 минут на личном или общественном транспорте вы доедете до любой из двадцати школ, поликлиники или современного дворца спорта. Разумеется, в Апрелевке найдутся также торговые комплексы, фитнес-центры и многое другое. 

Для кровли используется черепица, имеющая отличные тепло- и шумоизоляционные характеристики. Благодаря стенам из керамических на протяжении всего года в доме будет здоровый микроклимат, а облицовка бельгийский кирпичом придает особое очарование фасадам.
Вы сможете создать уникальный формат жилья, который подойдет именно вам. Просторная кухня - гостиная, отдельный кабинет для работы, мастер-спальня с гардеробной и ванной - квартира со свободной планировкой позволяет воплотить в жизнь все ваши идеи
С трех сторон Парк Апрель окружен лесом и малоэтажной частной застройкой, поблизости отсутствуют вредные производства. В пешей доступности находятся две реки и лесной массив, откуда удачная роза ветров приносит свежий воздух
Жителям Парк Апрель доступна развитая инфраструктура Апрелевки: два десятка образовательных учреждений, спортивная школа, современный дворец спорта, поликлиники, фитнес-центры, магазины и торговые комплексы. Все объекты расположены не более, чем в 10 минутах езды на машине.
 
Цены указаны с учетом ски",,25.9,5.4,207.8
https://www.cian.ru/sale/flat/304058676/,https://images.cdn-cian.ru/images/2239319680-4.jpg,ЖК «Переделкино Ближнее Город-парк»,"Москва, НАО (Новомосковский), м. Рассказовка, Переделкино Ближнее мкр, 18-й кв-л",Пешком,10840279.0,309722.0,1.0,4.0,17.0,35.0,"Продается однокомнатная квартира с отделкой в 18 фазе города-парка ""Переделкино Ближнее"". 
Общая площадь квартиры - 35 кв. м, этаж 4 из 17. 
Срок сдачи - 2 квартал 2027 года. 
Тип дома - монолитный. 
 
Новый корпус состоит из 12 секций c переменной этажностью 8-17 этажей: 
Все секции с отделкой White Box с возможностью повышения за дополнительную плату до дизайнерской отделки: Classic или Smart+ 
 
Город-парк ""Переделкино Ближнее"" расположен в 8 км от МКАД по Боровскому шоссе. 
 
ТРАНСПОРТНАЯ ДОСТУПНОСТЬ: 
 
- 10 минут пешком до МЦД-4 ""Мичуринец""
- 14 минут на машине до станции метро ""Филатов Луг"" Сокольнической линии
- 15 минут пешком до станции метро ""Рассказовка"" Солнцевской линии
- 30 минут до центра Москвы
- Прямой выезд на дорогу Солнцево-Бутово-Варшавское шоссе, минуя жилую застройку всего ЖК 
 
РАЗВИТАЯ СОЦИАЛЬНАЯ ИНФРАСТРУКТУРА: 
  
- 7 детских садов, 3 школы
- детская музыкальная школа имени Б.Л. Пастернака
- поликлиника для взрослых ГБУЗ ГП  212 ДЗМ филиал  70
- пожарная часть 66. Аварийно-спасательный отряд  6 ГКУ
- банки, продуктовые магазины, аптеки, фитнес центры, салоны красоты и пр 
 
БЛАГОУСТРОЙСТВО: 
 
- дворы без машин
- игровые зоны и развивающие детские площадки
- детские площадки разделены по возрастным группам
- зоны для пассивного отдыха 
- зоны для занятий спорта 
 
ОСОБЕННОСТИ АРХИТЕКТУРЫ: 
 
- переменная этажность открывает видовые характеристики на реку Алешинка и на лесопарковую зону
- увеличенное остекление в квартирах
- высокие потолки от 3,03 м.
- безбарьерные входные группы 
- колясочные в каждой входной группе
- кладовые помещения расположены на -1 этаже каждой секции и на 2-17 жилых этажах в секции 11
- коммерческие помещения на 1 этаже в 11 и 12 секциях
- в секциях 2-4, 6-7, 11-12 по 2 лифта: 1 пассажирский, 1 грузовой
- в секциях 1, 5, 8-10: 1 грузовой лифт
- мусоропроводы в домах не предусмотрены, запроектированы специальные зона для сбора мусора
- на фасаде предусмотрены корзины для установки кондиционеров.
- видеонаблюдение установленное в холлах первых этажей, у подъездов и прилегающей территории 
 
АВТОРСКИЙ ДИЗАЙН:  
 
Входные группы выполнены по авторскому дизайну, оснащены системой ""тёплый пол"". В каждой входной группе будет располагаться комфортабельная зона ожидания, почтовые ящики, колясочная, акцентные пуфы и столик.",,35.0,10.8,309.7
https://www.cian.ru/sale/flat/299355075/,https://images.cdn-cian.ru/images/kvartira-3y-2115839008-4.jpg,,"Москва, НАО (Новомосковский), м. Рассказовка, Московский г., 3-й мкр, 12",Транспортом,10300000.0,245823.0,1.0,3.0,19.0,41.9,"Свободная продажа ! Уютная однокомнатная квартира с удобной планировкой . 
Покажу оперативно.",,41.9,10.3,245.8
https://www.cian.ru/sale/flat/303174888/,https://images.cdn-cian.ru/images/kvartira-vnukovskoe-anny-ahmatovoy-ulica-2189331408-4.jpg,ЖК «Переделкино Ближнее Город-парк»,"Москва, НАО (Новомосковский), м. Рассказовка, Внуковское поселение, улица Анны Ахматовой, 16",Пешком,12500000.0,286697.0,1.0,13.0,22.0,43.6,"Продаeтcя 1-кoм. кваpтира г. Моcква, п. Bнуковскoе, ул. Aнны Aхматoвoй, д. 16.Ha  13 - oм этaже 22х этажнoго дoма в 2-х минутaх oт мeтpо Pacсказoвка.. Общая плoщaдь 43.6кв.м, комнaта - 18.1 м2, куxня-10.7кв.м . Cвобoднaя пpодaжa, oдин взрocлый cобствeнник.B собствeннoсти бoлее 5-ти лет.Покупали у заcтрoйщикa.Без рeмонта.",,43.6,12.5,286.7
https://www.cian.ru/sale/flat/309051241/,https://images.cdn-cian.ru/images/2306225874-4.jpg,ЖК «Город-парк Первый Московский»,"Москва, НАО (Новомосковский), м. Рассказовка, Московский г., Первый Московский мкр, Первый Московский ЖК, 7-я фаза, 3",Транспортом,9070363.0,247149.0,1.0,7.0,20.0,36.7,"Продается однокомнатная квартира  без отделки в 7 фазе города-парка ""Первый Московский"". 
Общая площадь квартиры - 36,7 кв. м, этаж 7 из 20. 
Срок сдачи - 1 квартал 2027 года. 
Тип дома - монолитный. 
 
Новый корпус состоит из 3х секций:
- 1 и 2 секции с отделкой White Box с возможностью приобретения чистовой отделки за дополнительную плату
- 3 секция без отделки 
 
Город-парк ""Первый Московский"" расположен всего в 7 км по Киевскому шоссе (Новая Москва). Из города-парка прямой выезд на Киевское шоссе и трассу Солнцево-Бутово-Варшавское шоссе. 
 
ТРАНСПОРТНАЯ ДОСТУПНОСТЬ: 
 
- 5 мин. на личном автомобиле  или 10 мин. на автобусе 189 и 147 до станции метро ""Филатов Луг""
- 25  мин. пешком до станции метро ""Филатов Луг"" 
 
ИНФРАСТРУКТУРА: 
 
Около 7 фазы запланировано строительство детского сада, школы, 2 многоуровневых паркинга.
Также на территории проекта есть все необходимые объекты действующей социальной и бытовой инфраструктуры: 8 детских садов, 5 школ, тц, магазины, паркинги, аптеки и др. 
 
БЛАГОУСТРОЙСТВО: 
 
- Дворы без машин
- Игровые зоны для детей, зоны для занятия спортом, зоны для отдыха с навесами/качелями
- Детские площадки разделены по возрастным группам
- Пешеходный и вело-маршрут с двуполостной велодорожкой 2,5 м. в ширину
- Озеленение с растениями всесезонного цветения 
 
ОСОБЕННОСТИ АРХИТЕКТУРЫ: 
 
В каждой секции 3 корпуса предусмотрены: 
- колясочные во входных группах
- кладовые помещения с -1 по 20 этажи
- коммерческие помещения на 1 этажах
- по 4 лифта: 2 пассажирских, 2 грузовых
- видеонаблюдение установленное в холлах первых этажей, у подъездов и прилегающей территории 
 
АВТОРСКИЙ ДИЗАЙН: 
 
Входные группы выполнены по авторскому дизайну, оснащены системой ""тёплый пол"". В каждой входной группе будет располагаться комфортабельная зона ожидания с мягким диваном,
акцентными пуфами и столиком.",,36.7,9.1,247.1
https://odintsovo.cian.ru/sale/flat/310588676/,https://images.cdn-cian.ru/images/kvartira-odincovo-triumfalnaya-ulica-2336224106-4.jpg,ЖК «Гусарская баллада»,"Московская область, Одинцово, м. Рассказовка, улица Триумфальная, 8",Транспортом,7494000.0,176329.0,1.0,4.0,15.0,42.5,"Продается уютная, светлая квартира. В доме лучшего расположения района. 4 этаж, дружелюбные соседи, удобный подъезд. В квартире сделан качественный ремонт, полностью заменили всю проводку и коммуникации от застройщика, на более качественные и долговечные материалы, кондиционер, кухонный гарнитур, балкон, имеется  необходимая техника для проживания, отдельное место под гардеробную комнату. Вся инфраструктура в пешей доступности. Детский сад, школа, детская и спортивная площадки рядом с домом, магазины, салоны красоты, фитнес-центры, пункты выдачи, клиники, свое отделение полиции многое другое. До ж/д станции ""Пионерская 15-20 мин. пешком. С территории ЖК ходят маршрутные автобусы по трём направлениям: 1) метро Молодежная по платной дороге (25 мин.), 2) До ж/д станции Одинцово. 3) По г. Одинцово, остановки у всех социальных объектов. Удобный выезд на платную дорогу, до МКАД 10 мин. (Северный обход Одинцово). В пару километрах продуктовый гипермаркет Глобус и строительный Леруа-Мерлен, так же, открыт  торгово-развлекательный центр. Недорогая платная парковка рядом с домом. Пропускная система для въезда в ЖК, видеонаблюдение на всей территории. Заезжаете и живёте.  
Без перепланировок. Полная сумма в договоре. Быстрый выход на сделку. Один взрослый собственник. Свободная продажа.  
Приглашаем Вас на просмотр!",,42.5,7.5,176.3
https://www.cian.ru/sale/flat/294506634/,https://images.cdn-cian.ru/images/novostroyka-rogozinino-lugovaya-ulica-2018150208-4.jpg,ЖК «Эдельвейс»,"Москва, ТАО (Троицкий), м. Рассказовка, Первомайское поселение, д. Рогозинино, улица Луговая",Транспортом,6500000.0,146067.0,1.0,6.0,7.0,44.5,"Пpoдaю чудесную 1 кoмнатную квартиру, c удобнoй планирoвкoй и шикарной застекленной лоджией  на кухню и комнату.
6 эт/7эт. дoма в лучшем кopпуce ЖK Эдeльвейс. В квaртирe предусмoтpeнa клaдoвaя.
Стены вoзведeны.

Монoлитный жилoй дом кoмфoрт класca,
Облицовкa вентилиpуeмыми фаcaдами.

Подземная 2-х уровневая, оxpаняемая aвтостoянка связанная с домом лифтовым сообщением.

Рядом лес и река Десна.
Звоните, договоримся!",,44.5,6.5,146.1
https://www.cian.ru/sale/flat/304058135/,https://images.cdn-cian.ru/images/2340468328-4.jpg,ЖК «Город-парк Первый Московский»,"Москва, НАО (Новомосковский), м. Рассказовка, Московский г., Первый Московский мкр, Первый Московский ЖК, 7-я фаза, 3",Транспортом,10974888.0,225821.0,1.0,18.0,20.0,48.6,"Продается однокомнатная квартира  без отделки в 7 фазе города-парка ""Первый Московский"". 
Общая площадь квартиры - 48,6 кв. м, этаж 18 из 20. 
Срок сдачи - 1 квартал 2027 года. 
Тип дома - монолитный. 
 
Новый корпус состоит из 3х секций:
- 1 и 2 секции с отделкой White Box с возможностью приобретения чистовой отделки за дополнительную плату
- 3 секция без отделки 
 
Город-парк ""Первый Московский"" расположен всего в 7 км по Киевскому шоссе (Новая Москва). Из города-парка прямой выезд на Киевское шоссе и трассу Солнцево-Бутово-Варшавское шоссе. 
 
ТРАНСПОРТНАЯ ДОСТУПНОСТЬ: 
 
- 5 мин. на личном автомобиле  или 10 мин. на автобусе 189 и 147 до станции метро ""Филатов Луг""
- 25  мин. пешком до станции метро ""Филатов Луг"" 
 
ИНФРАСТРУКТУРА: 
 
Около 7 фазы запланировано строительство детского сада, школы, 2 многоуровневых паркинга.
Также на территории проекта есть все необходимые объекты действующей социальной и бытовой инфраструктуры: 8 детских садов, 5 школ, тц, магазины, паркинги, аптеки и др. 
 
БЛАГОУСТРОЙСТВО: 
 
- Дворы без машин
- Игровые зоны для детей, зоны для занятия спортом, зоны для отдыха с навесами/качелями
- Детские площадки разделены по возрастным группам
- Пешеходный и вело-маршрут с двуполостной велодорожкой 2,5 м. в ширину
- Озеленение с растениями всесезонного цветения 
 
ОСОБЕННОСТИ АРХИТЕКТУРЫ: 
 
В каждой секции 3 корпуса предусмотрены: 
- колясочные во входных группах
- кладовые помещения с -1 по 20 этажи
- коммерческие помещения на 1 этажах
- по 4 лифта: 2 пассажирских, 2 грузовых
- видеонаблюдение установленное в холлах первых этажей, у подъездов и прилегающей территории 
 
АВТОРСКИЙ ДИЗАЙН: 
 
Входные группы выполнены по авторскому дизайну, оснащены системой ""тёплый пол"". В каждой входной группе будет располагаться комфортабельная зона ожидания с мягким диваном,
акцентными пуфами и столиком.",,48.6,11.0,225.8
https://www.cian.ru/sale/flat/311542481/,https://images.cdn-cian.ru/images/kvartira-vnukovskoe-borisa-pasternaka-ulica-2356675027-4.jpg,ЖК «Переделкино Ближнее Город-парк»,"Москва, НАО (Новомосковский), м. Рассказовка, Внуковское поселение, улица Бориса Пастернака, 31к2",Транспортом,10900000.0,286842.0,1.0,10.0,17.0,38.0,"Просторная  светлая квартира в отличном состоянии в современном доме серии П-44К.  Без перепланировок. Без залогов и обременений. Прямая продажа. Никто не зарегистрирован, 1 собственник. Мебель и бытовая техника остаются в подарок покупателю.",,38.0,10.9,286.8
https://www.cian.ru/sale/flat/311617429/,https://images.cdn-cian.ru/images/kvartira-3y-2358497229-4.jpg,,"Москва, НАО (Новомосковский), м. Рассказовка, Московский г., 3-й мкр, 9",Транспортом,10000000.0,222222.0,1.0,8.0,19.0,45.0,"Пожалуйста, звоните на !Whatsap! Продается уютная однокомнатная квартира в Москве, в районе Московский, 3-й микрорайон. Общая площадь - 45 кв. м, жилая площадь - 20 кв. м, кухня - 10 кв. м. Квартира расположена на 8 этаже 19-этажного дома, построенного в 2010 году. Высота потолков - 2.7 метра. Окна выходят на улицу, поэтому в квартире всегда светло. До метро ""Рассказовка"" можно добраться на автомобиле всего за 7 минут.
Просьба позвонить на WhatsApp или в Telegram. 926 234-42-64
В квартире сделан косметический ремонт. Просторная кухня позволяет легко разместить обеденную зону и современную бытовую технику. В квартире есть отдельный санузел и лоджия, где можно организовать зону отдыха или хранить сезонные вещи. 

Дом в хорошем состоянии, оснащен как пассажирским, так и грузовым лифтом, что удобно для перевозки крупногабаритных вещей. Есть мусоропровод и наземная парковка, поэтому вам не придется искать место для автомобиля.

В пешей доступности от дома находятся школы, детские сады и магазины, поэтому все необходимое всегда под рукой. Это делает квартиру отличным вариантом для семей и молодых специалистов.

Квартира продается без посредников, от собственника. Возможна покупка с использованием ипотеки. Все документы готовы к сделке, обременений нет.

Приглашаем вас на просмотр, чтобы оценить все преимущества этой квартиры. Звоните и записывайтесь на удобное время!",,45.0,10.0,222.2
https://www.cian.ru/sale/flat/311082567/,https://images.cdn-cian.ru/images/2346860857-4.jpg,ЖК «Детали»,"Москва, НАО (Новомосковский), м. Рассказовка, пос. Марьино, Детали ЖК",Транспортом,10125748.0,226021.0,1.0,9.0,23.0,44.8,"ЖК ""Детали"" - бизнес-класс по цене комфорта! 

Покупка квартиры в ЖК ""Детали"" - это хорошая инвестиция.
 
Преимущества комплекса:
-  Московская прописка
- Близость к метро Филатов Луг - 15 минут
- Подземный паркинг
- Закрытая охраняемая территория
- Автобусная остановка, сады, школы и поликлиника в шаге от дома
- Уютные лобби с зоной коворкинга, фитнесом и детским клубом
-  Окна в пол, мастер-спальни и гардеробные

Продается 1-к квартира общей площадью 44.8 кв. метра на 9-м этаже комплекса бизнес-класса ""Детали"".

Благодаря продуманной ступенчатой застройке и панорамному остеклению квартиры здесь получают максимум естественного освещения в течение дня. Ваша квартира будет не только светлой и уютной, но и комфортной благодаря эргономичной планировке.
 
Квартиры в ЖК Детали - это возможность быть ближе к природе, не теряя преимуществ крупного мегаполиса!
 
Транспортная доступность:
- Автобусная остановка в 15 метрах от дома
- Метро ""Филатов Луг"" - 15 минут на общественном транспорте
- Метро ""Десна"" - 10 минут (открытие 2027 г.)
- МКАД - 15 км
- 50 минут до центра Москвы

Локация:
Дом расположен в центре поселка Марьино, поселение Филимонковское Новой Москвы, в окружении открытых детских садов, школ и поликлиники. По соседству на 17 гектарах раскинулся лесной массив парка ""Марьино"" и протекает река ""Незнайка"". Это один из самых экологически благоприятных районов Москвы по данным рейтинга EcoStandart Group.

На территории ЖК девелопер реализует:
- Два собственных детских сада по 250 мест. Ввод в эксплуатацию планируется в 4-м квартале 2026 года, в 1-м квартале 2027 года
- В каждом лобби спроектированы общественный санузел, мягкая зона для комфортного ожидания курьера или такси, предусмотрены отдельные помещения для хранения колясок, велосипедов и самокатов, а также помещения для мойки лап собакам
- Для мам с колясками продуман безбарьерный вход
- Каждая секция ЖК - с панорамным остеклением, индивидуальным дизайном и приятным интерьером
- Подземный охраняемый паркинг, оснащенный системой считывания номеров, с доступом на лифте с любого этажа
- Наземный паркинг с зарядкой для электрокаров
- Безопасная закрытая территория комплекса с системой контроля и управления доступом
- Приватный двор с многоуровневым ландшафтным парком, детскими площадками, зонами для отдыха и арт-объектами
- Двор без машин - изюминка проекта. В жилом комплексе Детали вся территория будет под видеонаблюдением и охраной
 
Поселение Филимоновское это:
- Валуевский лесопарк
- Исторические памятники архитектуры
- Конные и теннисные клубы, горнолыжные склоны, реки и водоемы.
Здесь развита образовательная инфраструктура: школы, детские сады, спортивные и творческие секции. Безусловно, здесь также есть всё необходимое и для повседневной жизни.
 
Все условия для покупки:
- Рассрочка
- Семейная ипотека
- Материнский капитал
- Траншевая ипотека
- Военная ипотека
- Trade-In
- Индивидуальные скидки
 
Звоните и записывайтесь на просмотр!",,44.8,10.1,226.0
https://www.cian.ru/sale/flat/312175367/,https://images.cdn-cian.ru/images/kvartira-moskva-borovskoe-shosse-2370401014-4.jpg,,"Москва, ЗАО, р-н Ново-Переделкино, м. Рассказовка, Боровское шоссе, 40",Пешком,13200000.0,338462.0,1.0,9.0,22.0,39.0,"Продается уютная 1-квартира в хорошем состоянии. Один взрослый собственник, более 5-ти лет в собственности, полная стоимость в договоре. 
Кухня 9.8 кв.м , на кухне балкон, с/узел раздельный в отличном состоянии. Окна ПВХ, заменены батареи, кондиционер. Вся мебель кроме кровати остается покупателям.В комнате встроенный шкаф-купе во все стену, комната поделена на 2 зоны.Встроенная кухня, со встроенной техникой, духовой шкаф, варочная панель, вытяжка. Остается стиральная машинка.Чистый подъезд, домофон, консьерж.
Развитая инфраструктура района. 5 мин.пешком до метро Переделкино, много сетевых магазинов Пятерочка, Перекресток и много других, салоны красоты, аптеки, банки. Рядом лесопарковая зона, рядом с домом д/сады, школы,во дворе детская площадка. Въезд во двор через шлакбаум. Не далеко от дома бассейн, корт, каток где есть много детских секций.Фитнес клуб, поликлиники детская и взрослая. На все интересующие вопросы отвечу по телефону.",,39.0,13.2,338.5
https://odintsovo.cian.ru/sale/flat/311520738/,https://images.cdn-cian.ru/images/kvartira-odincovo-molodezhnaya-ulica-2356890082-4.jpg,,"Московская область, Одинцово, м. Рассказовка, Молодежная улица, 1Б",Транспортом,4800000.0,137143.0,1.0,4.0,4.0,35.0,"За объект уже внесли аванс
СВОБОДНАЯ ПРОДАЖА! Возможен быстрый выход на сделку! Документы: ПРИВАТИЗАЦИЯ 2008 год. Один собственник. Отказников нет. В квартире никто не зарегистрирован.Перепланировок нет. Квартира чистая, с косметическим ремонтом. Потолки 3, 5 метра. Новые окна ПВХ. Санузел совмещенный, отделан пластиковыми белыми панелями. Сантехника вся в хорошем состоянии. Остается мебель ( два огромных шкафа купе, один зеркальный, под потолок. выполнены на заказ, кондиционер на кухне, кухонный гарнитур, вытяжка, обеденный стол). Тихие соседи. Окна выходят во двор. Летом всё в зелени. Добраться др дома можно от станции Отрадная( следующая после Одинцовово) и далее 10-12 минут пешком. Или от ст. Одинцово на автобусе и далее пешком. 10-15 минут. Оперативный показ. Звоните!",,35.0,4.8,137.1
https://www.cian.ru/sale/flat/306940240/,https://images.cdn-cian.ru/images/2336372106-4.jpg,ЖК «Середневский лес»,"Москва, НАО (Новомосковский), м. Рассказовка, Середневский Лес ЖК, к4.2",Транспортом,8836788.0,219493.0,1.0,9.0,9.0,40.26,"Продаётся 1-комн. квартира площадью 40,26 кв.м на 9 этаже 9 этажного дома (Корпус 4.2, Секция 4) проекта ПИК Середневский лес. Светлый просторный подъезд на уровне земли, функциональная планировка, большие окна, .
 
В 10 минутах на автомобиле находится станция метро ""Внуково"", а в 15 минутах — станции ""Филатов Луг"" и ""Саларьево"". От них до центра Москвы всего 3540 минут. На рейсовом автобусе от жилого квартала до метро ""Филатов Луг"" — 20 минут.
 
На территории ""Середневского леса"" появилось общественное пространство с игровыми площадками, местами для отдыха, пешеходными маршрутами и велопарковкой — для прогулок, отдыха и встреч жителей квартала. Также внутри жилого квартала уже открыта школа на 1100 мест и детский сад для 325 малышей. В дальнейшем откроется ещё один сад для 340 детей. Артикул 907093  (Застройщик ООО ""Специализированный застройщик Середнево"")",,40.3,8.8,219.5
https://www.cian.ru/sale/flat/305242025/,https://images.cdn-cian.ru/images/kvartira-vnukovskoe-borisa-pasternaka-ulica-2235676431-4.jpg,ЖК «Переделкино Ближнее Город-парк»,"Москва, НАО (Новомосковский), м. Рассказовка, Внуковское поселение, улица Бориса Пастернака, 11",Пешком,10600000.0,286486.0,1.0,3.0,17.0,37.0,"СРОЧНО !! Продается уютная светлая 1-комнатная квартира в доме комфорт класса в зеленом и экологические чистом районе ! В квартире сделан косметический ремонт , без перепланировок. Есть лоджия. 

Очень развитая инфраструктура, в пешей доступности: множество школ и детских садов, супермаркеты, магазины, аптеки, салоны красоты, банки, различные детские и спортивные площадки. Благоустроенные дорожки возле Большого Федосьинского пруда. Так же рядом располагается сразу несколько лесопарковых зон: парк Рассказовка, Мещерский парк. 

До метро Рассказовка , МД Мичуринец - 10 минут пешком ! Удобный выезд на Боровское шоссе, МКАД.

Без обременений ! Легкая альтернатива. Более 10 лет в собственности. Оперативный показ ! ЗВОНИТЕ !",,37.0,10.6,286.5
https://www.cian.ru/sale/flat/312165777/,https://images.cdn-cian.ru/images/2370209983-4.jpg,ЖК «Город-парк Первый Московский»,"Москва, НАО (Новомосковский), м. Рассказовка, Московский г., улица Бианки, 5к1",Транспортом,9500000.0,250000.0,1.0,11.0,17.0,38.0,"Id 4275. Продается просторная, светлая однокомнатнaя квapтира в  ЖК Град Московский.
Современный экологически чистый район города Москвы, окружен лесопарком.
Прописка г. Москва!


О КВАРТИРЕ:

Общая площадь 38 м². 
Большая светлая комната.
Солнечная сторона!
Отличный вид из окна на часть двора и район с парком
Встроенная кухня 8 м²  укомплектована кухонным гарнитуром и всей 
необходимой бытовой техникой.
Из кухни выход на  застекленную, просторную лоджию. 
Ванная комната полностью облицована плиткой светлых тонов, установлена стиральная машина.
Выполнен качественный ремонт.

Мебель и бытовая техника - все остаётся новым владельцам!
ЗАЕЗЖАЙ И ЖИВИ!

О ДОМЕ:

Дом 2014 года. Серия дома :П-111М 
11 этаж в 17-и этажном этажном панельном доме.
Два лифта: пассажирский и грузовой

Придомовая территория оборудована детскими и спортивными 
площадками, зеленые зоны для отдыха, много паковочных мест.

РАЗВИТАЯ ИНФРАСТРУКТУРА:

Школы, детсады, спортивные комплексы, поликлиники, аптеки, магазины  в шаговой
доступности. ТЦ Москва, ТЦ Новомосковский, кинотеатр, бассейн все рядом!


ОТЛИЧНАЯ ТРАНСПОРТНАЯ ДОСТУПНОСТЬ:

5 мин до м.Филатов луг, 8 мин до м.Саларьево на автобусе.
Прямой выезд на Киевское шоссе.
7 км от МКАД

Первичная собственность , один собственник . 
Свободная продажа, обременений нет.
Оперативный показ, быстрый выход на сделку.
Помощь в оформлении ипотеки.

ЗВОНИТЕ, ПРИХОДИТЕ, СМОТРИТЕ!",,38.0,9.5,250.0
https://www.cian.ru/sale/flat/311081842/,https://images.cdn-cian.ru/images/2346843400-4.jpg,ЖК «Детали»,"Москва, НАО (Новомосковский), м. Рассказовка, пос. Марьино, Детали ЖК",Транспортом,7221939.0,263574.0,1.0,8.0,23.0,27.4,"ЖК ""Детали"" - бизнес-класс по цене комфорта! 

Покупка квартиры в ЖК ""Детали"" - это хорошая инвестиция.
 
Преимущества комплекса:
-  Московская прописка
- Близость к метро Филатов Луг - 15 минут
- Подземный паркинг
- Закрытая охраняемая территория
- Автобусная остановка, сады, школы и поликлиника в шаге от дома
- Уютные лобби с зоной коворкинга, фитнесом и детским клубом
-  Окна в пол, мастер-спальни и гардеробные

Продается 1-к квартира общей площадью 27.4 кв. метра на 8-м этаже комплекса бизнес-класса ""Детали"".

Благодаря продуманной ступенчатой застройке и панорамному остеклению квартиры здесь получают максимум естественного освещения в течение дня. Ваша квартира будет не только светлой и уютной, но и комфортной благодаря эргономичной планировке.
 
Квартиры в ЖК Детали - это возможность быть ближе к природе, не теряя преимуществ крупного мегаполиса!
 
Транспортная доступность:
- Автобусная остановка в 15 метрах от дома
- Метро ""Филатов Луг"" - 15 минут на общественном транспорте
- Метро ""Десна"" - 10 минут (открытие 2027 г.)
- МКАД - 15 км
- 50 минут до центра Москвы

Локация:
Дом расположен в центре поселка Марьино, поселение Филимонковское Новой Москвы, в окружении открытых детских садов, школ и поликлиники. По соседству на 17 гектарах раскинулся лесной массив парка ""Марьино"" и протекает река ""Незнайка"". Это один из самых экологически благоприятных районов Москвы по данным рейтинга EcoStandart Group.

На территории ЖК девелопер реализует:
- Два собственных детских сада по 250 мест. Ввод в эксплуатацию планируется в 4-м квартале 2026 года, в 1-м квартале 2027 года
- В каждом лобби спроектированы общественный санузел, мягкая зона для комфортного ожидания курьера или такси, предусмотрены отдельные помещения для хранения колясок, велосипедов и самокатов, а также помещения для мойки лап собакам
- Для мам с колясками продуман безбарьерный вход
- Каждая секция ЖК - с панорамным остеклением, индивидуальным дизайном и приятным интерьером
- Подземный охраняемый паркинг, оснащенный системой считывания номеров, с доступом на лифте с любого этажа
- Наземный паркинг с зарядкой для электрокаров
- Безопасная закрытая территория комплекса с системой контроля и управления доступом
- Приватный двор с многоуровневым ландшафтным парком, детскими площадками, зонами для отдыха и арт-объектами
- Двор без машин - изюминка проекта. В жилом комплексе Детали вся территория будет под видеонаблюдением и охраной
 
Поселение Филимоновское это:
- Валуевский лесопарк
- Исторические памятники архитектуры
- Конные и теннисные клубы, горнолыжные склоны, реки и водоемы.
Здесь развита образовательная инфраструктура: школы, детские сады, спортивные и творческие секции. Безусловно, здесь также есть всё необходимое и для повседневной жизни.
 
Все условия для покупки:
- Рассрочка
- Семейная ипотека
- Материнский капитал
- Траншевая ипотека
- Военная ипотека
- Trade-In
- Индивидуальные скидки
 
Звоните и записывайтесь на просмотр!",,27.4,7.2,263.6
https://odintsovo.cian.ru/sale/flat/304708039/,https://images.cdn-cian.ru/images/kvartira-odincovo-ulica-marshala-biryuzova-2219348744-4.jpg,,"Московская область, Одинцово, мкр. 3-й, м. Рассказовка, улица Маршала Бирюзова, 2",Транспортом,6200000.0,193750.0,1.0,3.0,9.0,32.0,"Объект актуален. 
 1- комнатная квартира с большой комнатой. Под ремонт. Окна в тихий зеленый двор, 
Дом кирпичный, ведомственный, с большими окнами.
В шaгoвoй доступнoсти  вся социальная инфраструктура: гоpодcкой и дeтcкиий пaрки.  Ледoвый двoрец ""Армaдa"",  автобусная остановка, магазины, рестораны и кафе. 
Быстрый выезд на платную дорогу до города Москвы.
1 взрослый собственник. В собственности более трех лет по ДКП. Полная стоимость в ДКП. Никто не зарегистрирован. Никаких обременений и долгов. Свободная продажа.",,32.0,6.2,193.8
https://www.cian.ru/sale/flat/307666820/,https://images.cdn-cian.ru/images/novostroyka-gorodskie-istorii-2277044751-4.jpg,ЖК «Городские истории (Рассказовка)»,"Москва, НАО (Новомосковский), м. Рассказовка, Городские Истории ЖК",Пешком,9600000.0,264099.0,1.0,2.0,19.0,36.35,"Продается 1-к квартира в строящемся ЖК Городские истории по переуступке прав требования. Жилой комплекс комфорт-класса, расположен в Новой Москве, в 2 минутах пешком от станции метро Рассказовка.
Квартал состоит из трех очередей жилых корпусов переменной этажности.
Квартира располагается на 2-м этаже многоэтажного жилого дома. 

Планировкой квартиры предусмотрена большая кухня-гостиная 17.31 кв м, комната 11,74 кв м, совмещенный санузел и коридор. Квартира будет передана участнику долевого строительства без отделки.
Передача Участнику долевого строительства Объекта не позднее 31 декабря 2025 года.",,36.4,9.6,264.1
https://www.cian.ru/sale/flat/305331213/,https://images.cdn-cian.ru/images/2230720378-4.jpg,ЖК «Переделкино Ближнее Город-парк»,"Москва, НАО (Новомосковский), м. Рассказовка, Внуковское поселение, улица Василия Аксенова, 4",Пешком,15090642.0,294739.0,1.0,9.0,12.0,51.2,"Первая линия домов у пруда! 
Продается однокомнатная квартира  без отделки в городе-парке ""Переделкино Ближнее"". 
Общая площадь квартиры - 51,2 кв. м, этаж 9 из 12. 
Тип дома - монолитный. 
Срок сдачи - 4 квартал 2023 года. 

Город-парк ""Переделкино Ближнее"" расположен в 8 км от МКАД по Боровскому шоссе. 

В 7 минутах пешком от проекта расположена станция метро ""Рассказовка"" Солнцевской линии. В пешей доступности находится ж/д станция ""Мичуринец"". Добраться до центра Москвы можно за 30 минут. 

Новая фаза строительства уникальна своим расположением - на берегу пруда в двух шагах от современного парка ""Переделкино Ближнее"". 

Все жители 16 фазы смогут комфортно провести время рядом с домом: инфраструктура нового парка включает в себя  благоустроенный пляж, площадки детского развития, современный спортивный кластер с пунктом проката инвентаря, велотрассу, памптрек, ресторан на воде, пирс, лодочную станцию. 

Современный монолитный дом переменной этажности, входные группы домов выполнены по авторскому дизайну. Первые этажи облицованы клинкерным кирпичом. На фасаде предусмотрены корзины для установки кондиционеров. Огороженный двор без машин, в каждом дворе будут установлены уникальные игровые и спортивные площадки, разработанные ведущими мировыми экспертами. На территории проекта есть все необходимые объекты социальной и бытовой инфраструктуры: 7 детских садов, 3 школы, магазины, паркинги, аптеки и др.",,51.2,15.1,294.7
https://www.cian.ru/sale/flat/310316832/,https://images.cdn-cian.ru/images/kvartira-moskovskiy-bianki-ulica-2330914014-4.jpg,ЖК «Город-парк Первый Московский»,"Москва, НАО (Новомосковский), м. Рассказовка, Московский г., улица Бианки, 13",Транспортом,9300000.0,254098.0,1.0,3.0,18.0,36.6,"СВОБОДНАЯ ПРОДАЖА!!! Продается замечательная, светлая, уютная 1-комнатная квартира. 
В квартира выполнен качественный ремонт в светлых тонах. Большая комната с выходом на застекленный балкон, просторная кухня, с/у совмещенный. Чистый ухоженный подъезд, консъерж. Новый современный район с развитой инфраструктурой- сетевые супермаркеты, детские сады и школы, аптеки и салоны красоты все в пешей доступности.1 собственник. Показы в удобное для Вас время.",,36.6,9.3,254.1
https://www.cian.ru/sale/flat/310689365/,https://images.cdn-cian.ru/images/kvartira-3y-2338383630-4.jpg,,"Москва, НАО (Новомосковский), м. Рассказовка, Московский г., 3-й мкр, 2",Транспортом,9750000.0,224654.0,1.0,2.0,17.0,43.4,"Продается уютная однокомнатная квартира в Москве, в 3-м микрорайоне Московского. Общая площадь составляет 43.4 кв. м, кухня  10 кв. м, расположена на 2-м этаже 17-этажного дома, построенного в 2008 году. Высота потолков  2.7 метра, окна выходят во двор, что обеспечивает тишину и спокойствие. 

В квартире есть все необходимое для комфортного проживания. Просторная кухня позволяет разместить обеденную зону. Санузел оборудован современной сантехникой. Вся мебель и техника остаются  заезжай и живи.

Дом в отличном состоянии: есть пассажирский и два грузовых лифта, мусоропровод. Во дворе предусмотрена парковка для жителей. Инфраструктура района прекрасно развита: рядом находятся школы, детские сады и магазины, что особенно удобно для семей с детьми.

До метро ""Рассказовка"" можно доехать на автомобиле всего за 7 минут. Это удобное расположение позволяет быстро добраться до центра города, а значит, экономить время на дорогу.

Квартира продается от собственника, без посредников и дополнительных комиссий. Возможна покупка в ипотеку. Документы готовы к сделке, нет обременений и юридических сложностей.

Звоните и записывайтесь на просмотр! Это отличный вариант для тех, кто ищет уютное и комфортное жилье в спокойном районе Москвы.",,43.4,9.8,224.7
https://www.cian.ru/sale/flat/307238059/,https://images.cdn-cian.ru/images/2266123280-4.jpg,ЖК «Рассказово»,"Москва, НАО (Новомосковский), м. Рассказовка, Внуковское поселение, бульвар Андрея Тарковского, 10",Транспортом,10345500.0,285000.0,1.0,19.0,22.0,36.3,"Продается 1-комнатная квартира в ЖК Рассказово на 19 этаже. Общая площадь квартиры составляет 36,3 кв.м. Квартира без отделки. Срок сдачи -- 2024 год.

Уникальность комплекса в его архитектуре  все дома построены в стиле Москвы 30-х годов, создавая неповторимое ощущение присутствия романтики того времени.

Роскошные входные группы, отделанные мрамором, с высотой потолков 4,5 м, белыми лепными карнизами и стойкой ресепшн с авторской отделкой создают атмосферу уюта, полностью отражая дух и воплощение уникальной архитектурной концепции 30-40 годов, являясь ее логическим продолжением.

Преимущество локации заключается в благоприятной экологической обстановке  с трех сторон комплекс окружен Ульяновским лесопарком и отсутствием промышленных предприятий, обеспечивая жителей чистым воздухом. До ближайшей станции метро ""Рассказовка"" всего 850 метров, а до центра можно доехать за 30 минут.

Проект предполагает комплексное освоение территории, создание комфортной жилой застройки с развитой качественной инфраструктурой:
- большое количество парковочных мест  предусмотрены как закрытые подземные паркинги, так и крытые наземные парковки с дополнительно выделенными открытыми парковочными местами возле домов;
- круглосуточно охраняемая территория, закрытая от посторонних  для безопасности каждого жителя;
- двор-парк без машин, где можно не переживать за играющих детей;
- социальные объекты: своя поликлиника, детские сады и школы;
- здоровая среда: воркаут - площадки, обустроенные места для занятий спортом на свежем воздухе, живописные места для утренних пробежек, велосипедные маршруты любой сложности;
- благоустроенная набережная лесного озера для тихих прогулок или семейного отдыха;
- коммерческие объекты  действующие магазины, кафе и салоны красоты.

Узнайте больше о комплексе  приезжайте на просмотр, записавшись по телефону. Менеджер вас встретит, угостит вкусным кофе, проведет по территории и покажет квартиру.",,36.3,10.3,285.0
https://www.cian.ru/sale/flat/306680560/,https://images.cdn-cian.ru/images/2279755510-4.jpg,ЖК «Город-парк Первый Московский»,"Москва, НАО (Новомосковский), м. Рассказовка, Московский г., улица Москвитина, 3к1",Транспортом,9500000.0,252660.0,1.0,3.0,16.0,37.6,"Код объекта: 1222475.
 Вашему вниманию предлагается ОДНОКОМНАТНАЯ КВАРТИРА в  ЖК ""Город парк Первый Московский""

Прописка Москва! 

Перспективное предложение  для жизни и как готовый бизнес проект для сдачи в аренду!

КВАРТИРА  мебелирована, укомплектованная бытовой техникой! 

Видеонаблюдение!

Невысокий этаж, большая лоджия, наличие свободных мест на парковке, развитая инфраструктура 
Магазины, кафе, аптеки, маркетплейсы

Локация. Удобный выезд на киевское шоссе.  5 минут от МКАД.

Подходит под ипотеку!  Гарантия юридической чистоты сделки!

Поможем вам приобрести эту квартиру по ипотечной ставке от 11,99%
Многодетным семьям ипотека без первоначального взноса!",,37.6,9.5,252.7
https://www.cian.ru/sale/flat/305468758/,https://images.cdn-cian.ru/images/kvartira-moskva-ulica-sholohova-2234436515-4.jpg,,"Москва, ЗАО, р-н Ново-Переделкино, м. Рассказовка, улица Шолохова, 6",Пешком,10800000.0,277635.0,1.0,10.0,14.0,38.9,"Продается 1-х комнатная квартира ул. Шолохова, д. 6., 10 этаж. Готова к  комфортному проживанию. Комната: 19.5. Кухня - 9 кв.м., на полу кухни и в коридоре ламинат, Квартира в хорошем состоянии.  В ванной комнате и с/у стены и пол выложены плиткой. Пластиковые окна. В квартире есть просторная застеклённая лоджия в комнате, балкон в кухне, кондиционер, установлены приборы учета воды. При необходимости мебель в квартире возможно оставить, в этом случае цена квартиры останется без торга.. Соседи  спокойные. Район с развитой инфраструктурой. Метро НовоПеределкино, Боровское шоссе 5 минут пешком. Один взрослый собственник. Лёгкая альтернатива. Просмотр по договорённости.",,38.9,10.8,277.6
https://www.cian.ru/sale/flat/307207821/,https://images.cdn-cian.ru/images/2265414528-4.jpg,ЖК «Город-парк Первый Московский»,"Москва, НАО (Новомосковский), м. Рассказовка, Московский г., Первый Московский мкр, Первый Московский ЖК, 7-я фаза, 3",Транспортом,9323740.0,264879.0,1.0,9.0,20.0,35.2,"Продается однокомнатная квартира  с отделкой в 7 фазе города-парка ""Первый Московский"". 
Общая площадь квартиры - 35,2 кв. м, этаж 9 из 20. 
Срок сдачи - 1 квартал 2027 года. 
Тип дома - монолитный. 
 
Новый корпус состоит из 3х секций:
- 1 и 2 секции с отделкой White Box с возможностью приобретения чистовой отделки за дополнительную плату
- 3 секция без отделки 
 
Город-парк ""Первый Московский"" расположен всего в 7 км по Киевскому шоссе (Новая Москва). Из города-парка прямой выезд на Киевское шоссе и трассу Солнцево-Бутово-Варшавское шоссе. 
 
ТРАНСПОРТНАЯ ДОСТУПНОСТЬ: 
 
- 5 мин. на личном автомобиле  или 10 мин. на автобусе 189 и 147 до станции метро ""Филатов Луг""
- 25  мин. пешком до станции метро ""Филатов Луг"" 
 
ИНФРАСТРУКТУРА: 
 
Около 7 фазы запланировано строительство детского сада, школы, 2 многоуровневых паркинга.
Также на территории проекта есть все необходимые объекты действующей социальной и бытовой инфраструктуры: 8 детских садов, 5 школ, тц, магазины, паркинги, аптеки и др. 
 
БЛАГОУСТРОЙСТВО: 
 
- Дворы без машин
- Игровые зоны для детей, зоны для занятия спортом, зоны для отдыха с навесами/качелями
- Детские площадки разделены по возрастным группам
- Пешеходный и вело-маршрут с двуполостной велодорожкой 2,5 м. в ширину
- Озеленение с растениями всесезонного цветения 
 
ОСОБЕННОСТИ АРХИТЕКТУРЫ: 
 
В каждой секции 3 корпуса предусмотрены: 
- колясочные во входных группах
- кладовые помещения с -1 по 20 этажи
- коммерческие помещения на 1 этажах
- по 4 лифта: 2 пассажирских, 2 грузовых
- видеонаблюдение установленное в холлах первых этажей, у подъездов и прилегающей территории 
 
АВТОРСКИЙ ДИЗАЙН: 
 
Входные группы выполнены по авторскому дизайну, оснащены системой ""тёплый пол"". В каждой входной группе будет располагаться комфортабельная зона ожидания с мягким диваном,
акцентными пуфами и столиком.",,35.2,9.3,264.9
https://odintsovo.cian.ru/sale/flat/311878462/,https://images.cdn-cian.ru/images/kvartira-odincovo-ulica-marshala-biryuzova-2363622146-4.jpg,ЖК «Одинград»,"Московская область, Одинцово, м. Рассказовка, улица Маршала Бирюзова, 7к2",Транспортом,8900000.0,285256.0,1.0,3.0,26.0,31.2,"Продаю 1-комнатная квартира в ЖК Одинград. Квартал Лесной.

Квартира в собственности.
Один собственник.
Без обременений.
Приобретена за наличные.
Свободная продажа.

Квартира площадью 31,2 м2, расположена на комфортном 3 этаже, с видом на лес. В квартире сделан современный ремонт, осталось только расставить мебель. 

Одинград это жилые кварталы с европейской архитектурой в центре города Одинцово - спутника Москвы. Для тех, кто хочет жить ближе к столице, но дальше от городского шума. Первый проект в городе Одинцово с собственным двором-парком и панорамными террасами в квартирах.
Квартал Лесной это 5 монолитных жилых корпусов, которые с одной стороны окружены лесными массивами, а с другой имеет удобный выезд в сторону Москвы.
Для квартала создана уникальная концепция, неповторимый архитектурный облик и индивидуальный дизайн внутренних помещений. Квартал Лесной это повышенный комфорт жизни и уникальные форматы квартир.

В ближайшем окружении находятся престижные образовательные учреждения, в том числе лицеи, гимназии, школы с изучением иностранных языков и филиал МГИМО. Поблизости находятся спортивный парк прославленной лыжницы и Героя России Ларисы Лазутиной, Ледовый дворец Армада и детско-юношеская шахматная школа, волейбольный центр и спортивный комплекс с тренажерами, а также городской стадион.

Станция наземного метро МЦД-1
Одинцово в 15 минут пешком.
В 2х минутах на авто выезд на платную трассу М1 Северный обход Одинцово, по ней до МКАД 5 минут и до Москва-Сити еще 7 минут.",,31.2,8.9,285.3
https://www.cian.ru/sale/flat/309168364/,https://images.cdn-cian.ru/images/kvartira-moskva-ulica-sholohova-2308667566-4.jpg,,"Москва, ЗАО, р-н Ново-Переделкино, м. Рассказовка, улица Шолохова, 17",Пешком,12900000.0,329923.0,1.0,2.0,14.0,39.1,"Продам красивую квартиру недалеко от метро. Полностью укомплектована и готова для комфортного проживания. Только что закончен капитальный ремонт, новые полы, потолки, обои, трубы, радиаторы, сантехника, бытовая техника, мебель- все новое, никто не жил, все остается Покупателю.
Окна на зеленый двор, восточная сторона. Большая парковка около дома. Развитая инфраструктура. Рядом лесная зона.
Один взрослый собственник, свободная продажа.
АГЕНТАМ НЕ ЗВОНИТЬ, КОМИССИИ, ЭКСКЛЮЗИВА НЕ БУДЕТ!",,39.1,12.9,329.9
https://www.cian.ru/sale/flat/311082522/,https://images.cdn-cian.ru/images/2346860117-4.jpg,ЖК «Детали»,"Москва, НАО (Новомосковский), м. Рассказовка, пос. Марьино, Детали ЖК",Транспортом,9041083.0,225463.0,1.0,3.0,23.0,40.1,"ЖК ""Детали"" - бизнес-класс по цене комфорта! 

Покупка квартиры в ЖК ""Детали"" - это хорошая инвестиция.
 
Преимущества комплекса:
-  Московская прописка
- Близость к метро Филатов Луг - 15 минут
- Подземный паркинг
- Закрытая охраняемая территория
- Автобусная остановка, сады, школы и поликлиника в шаге от дома
- Уютные лобби с зоной коворкинга, фитнесом и детским клубом
-  Окна в пол, мастер-спальни и гардеробные

Продается 1-к квартира общей площадью 40.1 кв. метра на 3-м этаже комплекса бизнес-класса ""Детали"".

Благодаря продуманной ступенчатой застройке и панорамному остеклению квартиры здесь получают максимум естественного освещения в течение дня. Ваша квартира будет не только светлой и уютной, но и комфортной благодаря эргономичной планировке.
 
Квартиры в ЖК Детали - это возможность быть ближе к природе, не теряя преимуществ крупного мегаполиса!
 
Транспортная доступность:
- Автобусная остановка в 15 метрах от дома
- Метро ""Филатов Луг"" - 15 минут на общественном транспорте
- Метро ""Десна"" - 10 минут (открытие 2027 г.)
- МКАД - 15 км
- 50 минут до центра Москвы

Локация:
Дом расположен в центре поселка Марьино, поселение Филимонковское Новой Москвы, в окружении открытых детских садов, школ и поликлиники. По соседству на 17 гектарах раскинулся лесной массив парка ""Марьино"" и протекает река ""Незнайка"". Это один из самых экологически благоприятных районов Москвы по данным рейтинга EcoStandart Group.

На территории ЖК девелопер реализует:
- Два собственных детских сада по 250 мест. Ввод в эксплуатацию планируется в 4-м квартале 2026 года, в 1-м квартале 2027 года
- В каждом лобби спроектированы общественный санузел, мягкая зона для комфортного ожидания курьера или такси, предусмотрены отдельные помещения для хранения колясок, велосипедов и самокатов, а также помещения для мойки лап собакам
- Для мам с колясками продуман безбарьерный вход
- Каждая секция ЖК - с панорамным остеклением, индивидуальным дизайном и приятным интерьером
- Подземный охраняемый паркинг, оснащенный системой считывания номеров, с доступом на лифте с любого этажа
- Наземный паркинг с зарядкой для электрокаров
- Безопасная закрытая территория комплекса с системой контроля и управления доступом
- Приватный двор с многоуровневым ландшафтным парком, детскими площадками, зонами для отдыха и арт-объектами
- Двор без машин - изюминка проекта. В жилом комплексе Детали вся территория будет под видеонаблюдением и охраной
 
Поселение Филимоновское это:
- Валуевский лесопарк
- Исторические памятники архитектуры
- Конные и теннисные клубы, горнолыжные склоны, реки и водоемы.
Здесь развита образовательная инфраструктура: школы, детские сады, спортивные и творческие секции. Безусловно, здесь также есть всё необходимое и для повседневной жизни.
 
Все условия для покупки:
- Рассрочка
- Семейная ипотека
- Материнский капитал
- Траншевая ипотека
- Военная ипотека
- Trade-In
- Индивидуальные скидки
 
Звоните и записывайтесь на просмотр!",,40.1,9.0,225.5
https://www.cian.ru/sale/flat/310885401/,https://images.cdn-cian.ru/images/kvartira-vnukovskoe-vasiliya-aksenova-ulica-2342632036-4.jpg,ЖК «Переделкино Ближнее Город-парк»,"Москва, НАО (Новомосковский), м. Рассказовка, Внуковское поселение, улица Василия Аксенова, 4",Пешком,14100000.0,325635.0,1.0,6.0,12.0,43.3,"1-ком.квартира в Ж.К. ""Ближнее Переделкино"". Удобная геолокация, экологическая привлекательность и транспортная доступность. До ст. метро ""Рассказовка"" 10 минут прогулочным шагом. Развивающаяся инфраструктура, всё необходимое в шаговой доступности. В квартире выполнен качественный ремонт с использованием экологичных материалов, установлена вся сантехника, установлены радиаторы отопления, стеклопакеты stis. Отличные видовые характеристики, одни из лучших в данном ЖК. Оперативный показ.",,43.3,14.1,325.6
https://www.cian.ru/sale/flat/309337985/,https://images.cdn-cian.ru/images/kvartira-vnukovskoe-omskaya-ulica-2312016561-4.jpg,,"Москва, НАО (Новомосковский), м. Рассказовка, Внуковское поселение, улица Омская, 17",Транспортом,7300000.0,255245.0,1.0,6.0,17.0,28.6,"Продаем квартиру-студию, общей площадью 28,6 кв.м (с учетом лоджии 29,6 кв.м), в Новой Москве  поселение Внуковское. Жилая площадь 14,8 кв.м, зона кухни 5,9 кв.м. Высота потолков - 2.75 м. Дом сдан в 2017 году. Презентабельная входная группа, 2 бесшумных лифта - пассажирский и грузовой. ЖK ""BHУКOВO 2017 - современный жилой комплекс комфорт класса. 
Транспортная доступность: рядом с домом автобусная остановка, маршрут: до м. Рассказовка, м. Пыхтино 10 мин. транспортом, до Троицка
аэропорт Внуково - 10 мин. ТРАНСПОРТ РАБОТАЕТ КАК ЧАСЫ, без перебоев! Удобный выезд на Боровское шоссе - 5 мин., Минское - 10 мин., Киевское шоссе- 10 мин.
Инфраструктура: в шаговой доступности многоуровневый охраняемый паркинг, аренда машиноместа 6-7 т.р. в месяц. Магазин ВкусВилл, Мясной маркет, Зельгрос, аптека, цветочный магазин, пункты выдачи Озон, WВ, Яндекс маркет, салоны красоты. Рядом с дома находится школа, детский сад, стадион, каток, во дворе много детских площадок. Jоy Ноusе (Ресторан, боулинг-клуб), ресторан Олива, Додо Пицца, Гюмри (кафе, ресторан, пекарня), пицца Паола, Унимэ Суши, кафе Тифлиси, суши Wоk, пруд ""Таблетка"", лесопарковая зона, парк Рассказовка, зона отдыха для пеших прогулок, велосипедные дорожки.
Документы: один собственник, свободная продажа, без проживающих, без обременений, без материнского капитала, расчеты через счет, полная стоимость в ДКП.",,28.6,7.3,255.2
https://www.cian.ru/sale/flat/309956644/,https://images.cdn-cian.ru/images/2350302553-4.jpg,ЖК «Новое Внуково»,"Москва, НАО (Новомосковский), м. Рассказовка, № 37 кв-л, Новое Внуково ЖК, к32",Транспортом,7581477.0,211832.0,1.0,6.0,10.0,35.79,"Ипотека 5,9% на два года. Продается 1-комн. квартира. Квартира расположена на 6 этаже 10 этажного монолитно-кирпичного дома (Корпус 32, Секция 2) в ЖК ""Новое Внуково"" от группы ""Самолет"". 

""Новое Внуково"" — это жилой комплекс в Новой Москве, у подножия берега реки Незнайка. Поблизости — живописные места для прогулок: народный парк ""Ручеек"", усадьба Старо-Никольское, Валуевский и Ульяновский лесопарки.
Часть домов сдана и внутри района уже открыт детсад с бассейном, а в ближайшее время откроются еще 3 детсада, 2 школы и поликлиника.
На территории проекта будет построен первый в России Центр Российской Федерации Баскетбола, где будут площадки с трибунами, тренажерный зал, кафе и конференц-зал.
Дворы-парки закрыты от машин и посторонних. На территории — прогулочный маршрут вдоль реки Незнайка и набережная с шезлонгами и качелями для отдыха. Также здесь появится плейхаб ""Незнайка на Луне"", площадь для мероприятий с сухим фонтаном, летним кинотеатром и кафе.
В жилом комплексе — монолитные дома высотой от 6 до 14 этажей. Фасады облицованы кирпичом природных оттенков.
 
Цена динамическая и может отличаться, уточняйте актуальность у застройщика.",,35.8,7.6,211.8
https://www.cian.ru/sale/flat/309943188/,https://images.cdn-cian.ru/images/kvartira-vnukovskoe-samuila-marshaka-ulica-2324094993-4.jpg,ЖК «Переделкино Ближнее Город-парк»,"Москва, НАО (Новомосковский), м. Рассказовка, Внуковское поселение, улица Самуила Маршака, 23к1",Пешком,11900000.0,302030.0,1.0,6.0,19.0,39.4,"Продается просторная, светлая квартира в экологически чистом районе Москвы, в десяти минутах ходьбы от метро Рассказовка, рядом с парком. Квартира имеет удачную планировку: просторная комната, вместительная кухня, совмещенный санузел, застекленная лоджия, высокие потолки. Окна выходят на парк Рассказовка. Продается полностью укомплектованной всей необходимой мебелью  техникой. В квартире никто не зарегистрирован. Один взрослый собственник., полная стоимость в ДКП. Оперативный показ, быстрый выход на сделку. По всем вопросам просьба звонить.",,39.4,11.9,302.0
https://www.cian.ru/sale/flat/311782778/,https://images.cdn-cian.ru/images/kvartira-filimonkovskoe-zhemchuzhnaya-ulica-2361874076-4.jpg,,"Москва, НАО (Новомосковский), м. Рассказовка, Филимонковское поселение, улица Жемчужная, 1к16",Транспортом,8390000.0,209750.0,1.0,3.0,6.0,40.0,"Однокомнатная квартира с новым качественным ремонтом, в котором есть балкон (из кухни) и полноценная гардеробная комната в прихожей. В квартире никто не жил, никто не прописан, все документы юридических чисты, собственник находит в Москве. припокупки квартиры в подарок идёт сертификат на 60% скидку кухни фирмы ""Vivat"".",,40.0,8.4,209.8
https://odintsovo.cian.ru/sale/flat/285451539/,https://images.cdn-cian.ru/images/2312753430-4.jpg,ЖК «Равновесие»,"Московская область, м. Рассказовка, Одинцовский городской округ, с. Перхушково, Равновесие мкр, 7",Транспортом,6602064.0,164640.0,1.0,1.0,5.0,40.1,"Указанная акционная стоимость доступна при 100% оплате или ипотеке без субсидирования. Цена действует до 15.01.2025 23:00:00. Стоимость без акции 7859600.

Продаётся апартамент с 1 комнатой общей площадью 40.10 кв. метров на 1 этаже жилого квартала комфорт-класса ""Равновесие"".

Срок сдачи: 3 кв. 2023

На территории комплекса будет возведен детский сад на 360 мест, а на первых этажах жилых домов откроются кафе, магазины и все необходимое для удобства жителей.

Локация ""Равновесия"" выделяется среди других пригородных ЖК разнообразием быстрых маршрутов до Москвы. Для автомобилистов преимуществом станут удобные выезды на Можайское шоссе, Рублёво-Успенское шоссе, Минское шоссе с платной трассой и другие. Также в пешей доступности находятся две ж/д станции — ""Жаворонки"" и ""Здравница"". Дорога на электропоезде до делового центра ""Москва-Сити"" составит всего 35 минут.

Особенности ЖК:

- Малоэтажная застройка: 4-6 этажей;
- Благоустроенный пешеходный бульвар;
- Пространства для отдыха и спорта;
- Квартиры с террасами на последних этажах;
- Квартиры с отдельным входом на первых этажах;
- Внутренняя территория квартала свободна от машин;
- Безбарьерная среда;
- Помещения для хранения детских колясок и спортивного инвентаря.))",,40.1,6.6,164.6
https://www.cian.ru/sale/flat/312245532/,https://images.cdn-cian.ru/images/kvartira-moskovskiy-bianki-ulica-2371751814-4.jpg,ЖК «Город-парк Первый Московский»,"Москва, НАО (Новомосковский), м. Рассказовка, Московский г., улица Бианки, 4к1",Транспортом,10000000.0,250000.0,1.0,9.0,19.0,40.0,"Микрорайон Первый Московский. Продается большая и уютная 1 комнатная квартира площадью 40 кв.м., расположенная на 9 этаже 19-этажного дома. В квартире сделан качественный ремонт вся необходимая для проживания мебель и техника останется новому собственнику. 

Во дворе детские и спортивные площадки. Развитая инфраструктура района: магазины, салоны красоты, поликлиника, аптеки, ТЦ Новомосковский, ТЦ Саларис, Аутлет Внуково, в которых есть все магазины, развлечения, кинотеатр, фитнес-клуб, парк Филатов луг с зонами отдыха, беговыми и пешеходными дорожками. 
Удобная транспортная доступность  метро Филатов, м.Саларьево и  м. Рассказовка можно добраться на автобусе или машине. Выезды на Киевское, Калужское и Боровское шоссе. 

Документы основания ДКП, 1 взрослый собственник, без обременений, прописанных нет. 

Звоните, буду рада ответить на Ваши вопросы и организовать оперативный показ!",,40.0,10.0,250.0
https://www.cian.ru/sale/flat/305535687/,https://images.cdn-cian.ru/images/kvartira-moskovskiy-bianki-ulica-2235467265-4.jpg,ЖК «Город-парк Первый Московский»,"Москва, НАО (Новомосковский), м. Рассказовка, Московский г., улица Бианки, 5",Транспортом,8700000.0,225974.0,1.0,2.0,17.0,38.5,"Дом серии П-111М. Комната 18,1кв.м., прихожая 5,7 кв.м. с местом под гардеробную 1,6 кв.м. Высота потолков 2,6 м. Состояние квартиры обычное. Окна квартиры выходят в противоположную от подъезда сторону. Балкон 6 кв.м. застеклен, выход их кухни. Чистый, современный подъезд. Один совершеннолетний собственник. Собственность более пяти лет. Обременений нет.",,38.5,8.7,226.0
https://www.cian.ru/sale/flat/304976497/,https://images.cdn-cian.ru/images/2224271206-4.jpg,ЖК «Рассказово»,"Москва, НАО (Новомосковский), м. Рассказовка, Внуковское поселение, бульвар Андрея Тарковского, 10",Транспортом,10687500.0,285000.0,1.0,11.0,22.0,37.5,"Продается 1-комнатная квартира в ЖК Рассказово на 11 этаже. Общая площадь квартиры составляет 37,5 кв.м. Квартира без отделки. Срок сдачи -- 2024 год.

Уникальность комплекса в его архитектуре  все дома построены в стиле Москвы 30-х годов, создавая неповторимое ощущение присутствия романтики того времени.

Роскошные входные группы, отделанные мрамором, с высотой потолков 4,5 м, белыми лепными карнизами и стойкой ресепшн с авторской отделкой создают атмосферу уюта, полностью отражая дух и воплощение уникальной архитектурной концепции 30-40 годов, являясь ее логическим продолжением.

Преимущество локации заключается в благоприятной экологической обстановке  с трех сторон комплекс окружен Ульяновским лесопарком и отсутствием промышленных предприятий, обеспечивая жителей чистым воздухом. До ближайшей станции метро ""Рассказовка"" всего 850 метров, а до центра можно доехать за 30 минут.

Проект предполагает комплексное освоение территории, создание комфортной жилой застройки с развитой качественной инфраструктурой:
- большое количество парковочных мест  предусмотрены как закрытые подземные паркинги, так и крытые наземные парковки с дополнительно выделенными открытыми парковочными местами возле домов;
- круглосуточно охраняемая территория, закрытая от посторонних  для безопасности каждого жителя;
- двор-парк без машин, где можно не переживать за играющих детей;
- социальные объекты: своя поликлиника, детские сады и школы;
- здоровая среда: воркаут - площадки, обустроенные места для занятий спортом на свежем воздухе, живописные места для утренних пробежек, велосипедные маршруты любой сложности;
- благоустроенная набережная лесного озера для тихих прогулок или семейного отдыха;
- коммерческие объекты  действующие магазины, кафе и салоны красоты.

Узнайте больше о комплексе  приезжайте на просмотр, записавшись по телефону. Менеджер вас встретит, угостит вкусным кофе, проведет по территории и покажет квартиру.",,37.5,10.7,285.0
https://www.cian.ru/sale/flat/311413436/,https://images.cdn-cian.ru/images/kvartira-moskovskiy-nikitina-ulica-2354141459-4.jpg,ЖК «Город-парк Первый Московский»,"Москва, НАО (Новомосковский), м. Рассказовка, Московский г., улица Никитина, 11к5",Транспортом,12000000.0,302267.0,1.0,24.0,25.0,39.7,"Продается уютная однокомнатная квартира в современном ЖК в районе Филимонковский, на улице Никитина, 11к5. Общая площадь квартиры составляет 39.7 кв. м, жилая площадь — 15.4 кв. м, а кухня — 11.4 кв. м. Квартира расположена на 24 этаже 25-этажного дома, построенного в 2021 году. Высокие потолки 3 метра создают ощущение простора. До станции метро Филатов Луг можно добраться на автомобиле всего за 10 минут.

Квартира с отличным евроремонтом, в которую вы сможете сразу же заехать. Просторная кухня позволит вам комфортно готовить и собираться с близкими. Санузел совмещенный и выполнен в современном стиле. Окна выходят во двор, что обеспечивает тишину и уют. 

Дом находится в отличном состоянии, оборудован тремя пассажирскими лифтами, что существенно облегчает доступ на ваш этаж. Для удобства жителей предусмотрена парковка во дворе. 

В шаговой доступности от дома расположены школы, детские сады, клиники и разнообразные магазины. Здесь есть все необходимое для комфортной жизни. 

Квартира продается в рамках стандартного договора купли-продажи. Возможно оформление ипотеки. Юридически чистая сделка, без обременений. 

Приглашаем вас на просмотр! Звоните и записывайтесь, чтобы оценить все преимущества этой квартиры лично.",,39.7,12.0,302.3
https://www.cian.ru/sale/flat/301336232/,https://images.cdn-cian.ru/images/kvartira-vnukovo-aeroflotskaya-ulica-2157585183-4.jpg,,"Москва, ЗАО, р-н Внуково, м. Рассказовка, улица Аэрофлотская, 1/7",Транспортом,7900000.0,258170.0,1.0,1.0,5.0,30.6,"Продаю светлую, теплую 1-комнaтную квартиру. Замечательное расположение дома, придомовая территория огорожена шлагбаумом, чистый подъезд, хорошие соседи. Развитая инфраструктура: школа 3 минуты пешком, детский сад 2 минуты пешком, культурный и торговый центры, сетевые магазины Дикси, Ярче. Несколько зеленых зон в шаговой доступности: парк Центральный, парк Аллея Славы, который является излюбленным местом жителей Внуково. До станций метро Аэропорт Внуково, 6 минут неспешным шагом, до станции метро Саларьево, МЦД Переделкино ходят автобусы с периодичностью 10-15 минут. Через дорогу от дома находится ТЦ Ла 5 в котором расположены Сбербанк, МФЦ Внуково, Нотариус, магазин Пятерочка, ресторан вкусно и точка. Два взрослых  собственника, квартира в собственности с 2000 года.",,30.6,7.9,258.2
https://www.cian.ru/sale/flat/307596728/,https://images.cdn-cian.ru/images/2275140661-4.jpg,ЖК «Переделкино Ближнее Город-парк»,"Москва, НАО (Новомосковский), м. Рассказовка, Переделкино Ближнее мкр, 18-й кв-л",Пешком,11628070.0,304400.0,1.0,5.0,17.0,38.2,"Продается однокомнатная квартира с отделкой в 18 фазе города-парка ""Переделкино Ближнее"". 
Общая площадь квартиры - 38,2 кв. м, этаж 5 из 17. 
Срок сдачи - 2 квартал 2027 года. 
Тип дома - монолитный. 
 
Новый корпус состоит из 12 секций c переменной этажностью 8-17 этажей: 
Все секции с отделкой White Box с возможностью повышения за дополнительную плату до дизайнерской отделки: Classic или Smart+ 
 
Город-парк ""Переделкино Ближнее"" расположен в 8 км от МКАД по Боровскому шоссе. 
 
ТРАНСПОРТНАЯ ДОСТУПНОСТЬ: 
 
- 10 минут пешком до МЦД-4 ""Мичуринец""
- 14 минут на машине до станции метро ""Филатов Луг"" Сокольнической линии
- 15 минут пешком до станции метро ""Рассказовка"" Солнцевской линии
- 30 минут до центра Москвы
- Прямой выезд на дорогу Солнцево-Бутово-Варшавское шоссе, минуя жилую застройку всего ЖК 
 
РАЗВИТАЯ СОЦИАЛЬНАЯ ИНФРАСТРУКТУРА: 
  
- 7 детских садов, 3 школы
- детская музыкальная школа имени Б.Л. Пастернака
- поликлиника для взрослых ГБУЗ ГП  212 ДЗМ филиал  70
- пожарная часть 66. Аварийно-спасательный отряд  6 ГКУ
- банки, продуктовые магазины, аптеки, фитнес центры, салоны красоты и пр 
 
БЛАГОУСТРОЙСТВО: 
 
- дворы без машин
- игровые зоны и развивающие детские площадки
- детские площадки разделены по возрастным группам
- зоны для пассивного отдыха 
- зоны для занятий спорта 
 
ОСОБЕННОСТИ АРХИТЕКТУРЫ: 
 
- переменная этажность открывает видовые характеристики на реку Алешинка и на лесопарковую зону
- увеличенное остекление в квартирах
- высокие потолки от 3,03 м.
- безбарьерные входные группы 
- колясочные в каждой входной группе
- кладовые помещения расположены на -1 этаже каждой секции и на 2-17 жилых этажах в секции 11
- коммерческие помещения на 1 этаже в 11 и 12 секциях
- в секциях 2-4, 6-7, 11-12 по 2 лифта: 1 пассажирский, 1 грузовой
- в секциях 1, 5, 8-10: 1 грузовой лифт
- мусоропроводы в домах не предусмотрены, запроектированы специальные зона для сбора мусора
- на фасаде предусмотрены корзины для установки кондиционеров.
- видеонаблюдение установленное в холлах первых этажей, у подъездов и прилегающей территории 
 
АВТОРСКИЙ ДИЗАЙН:  
 
Входные группы выполнены по авторскому дизайну, оснащены системой ""тёплый пол"". В каждой входной группе будет располагаться комфортабельная зона ожидания, почтовые ящики, колясочная, акцентные пуфы и столик.",,38.2,11.6,304.4
https://www.cian.ru/sale/flat/311432956/,https://images.cdn-cian.ru/images/2354521926-4.jpg,,"Москва, ЗАО, р-н Ново-Переделкино, м. Рассказовка, Боровское шоссе, 36",Пешком,10950000.0,290451.0,1.0,3.0,17.0,37.7,"Номер в базе: 1810197. Продается уютная однокомнатная квартира,  на 3 этаже 17-и этажного панельного дома 1989 года постройки. Вокруг дома достаточно сильно и качественно развита инфраструктура, рядом имеется школа, детские сады, поликлиника, спортивный комплекс со стадионом, детские площадки, в шаговой доступности торговые центры , кафе, рестораны. Удобное транспортное сообщение - до метро ровно 5 минут пешком, до аэропорта Внуково, 10 минут на метро. Так же имеются прогулочные зоны - Ульяновский лесопарк, Чоботовский лес. В ближайшее время, дворовые территории будут закрыты шлагбаумами. Лучшее предложение в данном районе, звоните!


Код пользователя: 156802",,37.7,10.9,290.5
https://www.cian.ru/sale/flat/307235039/,https://images.cdn-cian.ru/images/kvartira-vnukovskoe-samuila-marshaka-ulica-2266029209-4.jpg,ЖК «Переделкино Ближнее Город-парк»,"Москва, НАО (Новомосковский), м. Рассказовка, Внуковское поселение, улица Самуила Маршака, 24",Пешком,11000000.0,292553.0,1.0,11.0,17.0,37.6,"Продается 1-к. квартира на 11-м этаже 17-ти этажного дома. Светлая, уютная, тёплая, с красивым видом из окна. Большая комната площадью 19 м2, с балконом. Санузел совмещённый. Кухня 7,3 м2. Дом находится в центре микрорайона. В шаговой доступности остановка, детский сад, школа, магазины, почта, ВБ, Озон и др. Во дворе красивое озеленение, современные детские площадки. До метро Рассказовка - 13 минут пешком, 20 минут - до станции Мичуринец. Из окна вид на элитный коттеджный посёлок и парк ""Рассказовка"", с веревочными парками, интерактивными игровыми установками.  Дружный подъезд, хорошие соседи. 
Один собственник. Никаких ограничений нет.
Агентов прошу не беспокоить.",,37.6,11.0,292.6
https://www.cian.ru/sale/flat/310538146/,https://images.cdn-cian.ru/images/2350302770-4.jpg,ЖК «Новое Внуково»,"Москва, НАО (Новомосковский), м. Рассказовка, № 37 кв-л, Новое Внуково ЖК, к32",Транспортом,9265227.0,267704.0,1.0,9.0,9.0,34.61,"Ипотека 5,9% на два года. Продается 1-комн. квартира. Квартира расположена на 9 этаже 9 этажного монолитно-кирпичного дома (Корпус 32, Секция 4) в ЖК ""Новое Внуково"" от группы ""Самолет"". 

""Новое Внуково"" — это жилой комплекс в Новой Москве, у подножия берега реки Незнайка. Поблизости — живописные места для прогулок: народный парк ""Ручеек"", усадьба Старо-Никольское, Валуевский и Ульяновский лесопарки.
Часть домов сдана и внутри района уже открыт детсад с бассейном, а в ближайшее время откроются еще 3 детсада, 2 школы и поликлиника.
На территории проекта будет построен первый в России Центр Российской Федерации Баскетбола, где будут площадки с трибунами, тренажерный зал, кафе и конференц-зал.
Дворы-парки закрыты от машин и посторонних. На территории — прогулочный маршрут вдоль реки Незнайка и набережная с шезлонгами и качелями для отдыха. Также здесь появится плейхаб ""Незнайка на Луне"", площадь для мероприятий с сухим фонтаном, летним кинотеатром и кафе.
В жилом комплексе — монолитные дома высотой от 6 до 14 этажей. Фасады облицованы кирпичом природных оттенков.
 
Цена динамическая и может отличаться, уточняйте актуальность у застройщика.",,34.6,9.3,267.7
https://www.cian.ru/sale/flat/309637176/,https://images.cdn-cian.ru/images/kvartira-vnukovskoe-letchika-ulyanina-ulica-2369586853-4.jpg,ЖК «Солнцево парк»,"Москва, НАО (Новомосковский), м. Рассказовка, Внуковское поселение, улица Летчика Ульянина, 2",Транспортом,9990000.0,293824.0,1.0,4.0,18.0,34.0,"1- комнатная квартира в ЖК ""Солнцево парк"" .

Oбщая площадь 34 кв. м+ лоджия 
Жилая площадь-15,3 
Хорошая инфраструктура -ТЦ, магазины, детские сады, школы,медицинские центры , стоматология, поликлиника.
Метро ""Пыхтино"" в  5 минутах пешком от дома.
Полная стоимость в ДКП, юридически свободна(никто не зарегистрирован), один собственник.
Материнский капитал и ипотека не использовалась. ТОРГ.",,34.0,10.0,293.8
https://www.cian.ru/sale/flat/294005136/,https://images.cdn-cian.ru/images/novostroyka-vnukovskoe-anny-ahmatovoy-ulica-2003213085-4.jpg,ЖК «Городские истории (Рассказовка)»,"Москва, НАО (Новомосковский), м. Рассказовка, Внуковское поселение, улица Анны Ахматовой, 11к4",Пешком,11900000.0,271194.0,1.0,6.0,24.0,43.88,"Продается квартира в ЖК  , на 6 этаже , площадью 43,88, ипотека выплачена",,43.9,11.9,271.2
https://www.cian.ru/sale/flat/310283390/,https://images.cdn-cian.ru/images/2350161536-4.jpg,ЖК «Новое Внуково»,"Москва, НАО (Новомосковский), м. Рассказовка, № 37 кв-л, Новое Внуково ЖК, к26",Транспортом,9272594.0,250340.0,1.0,2.0,7.0,37.04,"Ипотека 5,9% на два года. Продается 1-комн. квартира. Квартира расположена на 2 этаже 7 этажного монолитного дома (Корпус 26, Секция 2) в ЖК ""Новое Внуково"" от группы ""Самолет"". 

""Новое Внуково"" — это жилой комплекс в Новой Москве, у подножия берега реки Незнайка. Поблизости — живописные места для прогулок: народный парк ""Ручеек"", усадьба Старо-Никольское, Валуевский и Ульяновский лесопарки.
Часть домов сдана и внутри района уже открыт детсад с бассейном, а в ближайшее время откроются еще 3 детсада, 2 школы и поликлиника.
На территории проекта будет построен первый в России Центр Российской Федерации Баскетбола, где будут площадки с трибунами, тренажерный зал, кафе и конференц-зал.
Дворы-парки закрыты от машин и посторонних. На территории — прогулочный маршрут вдоль реки Незнайка и набережная с шезлонгами и качелями для отдыха. Также здесь появится плейхаб ""Незнайка на Луне"", площадь для мероприятий с сухим фонтаном, летним кинотеатром и кафе.
В жилом комплексе — монолитные дома высотой от 6 до 14 этажей. Фасады облицованы кирпичом природных оттенков.
 
Цена динамическая и может отличаться, уточняйте актуальность у застройщика.",,37.0,9.3,250.3
https://odintsovo.cian.ru/sale/flat/296213057/,https://images.cdn-cian.ru/images/kvartira-odincovo-ulica-marshala-zhukova-2057207142-4.jpg,,"Московская область, Одинцово, мкр. 1-й, м. Рассказовка, улица Маршала Жукова, 2",Транспортом,6700000.0,212698.0,1.0,2.0,5.0,31.5,"Продаю 1-комнатную квартиру в г. Одинцово, ул. М. Жукова, д.2 на 2/5 этажного кирпичного дома. Общая площадь 31,5 кв.м., комната 17 кв.м., кухня 6 кв.м., с/у совмещен, балкон. Хорошее состояние, установлены пластиковые стеклопакеты. Мебель и техника остаются по договоренности. Развитая инфраструктура в шаговой доступности, рядом центральная площадь и недалеко парк. 1 взрослый собственник, в собственности с 2018 года, основание-договор дарения, свободная продажа, подходит под ипотеку.",,31.5,6.7,212.7
https://www.cian.ru/sale/flat/311146620/,https://images.cdn-cian.ru/images/kvartira-moskovskiy-lapteva-ulica-2348220571-4.jpg,ЖК «Город-парк Первый Московский»,"Москва, НАО (Новомосковский), м. Рассказовка, Московский г., улица Лаптева, 8к1",Транспортом,9900000.0,257143.0,1.0,15.0,19.0,38.5,"Стоимость актуальна до 13.01.2025!
Продаём в связи с увеличением семейства уютную однокомнатную квартиру с дизайнерским ремонтом в современном доме по адресу: Москва, Новомосковский административный округ, Филимонковский район, Московский, улица Лаптева, 8к1. Общая площадь составляет 38.5 кв. м( по ЕГРН) , плюс 4 кв. м. открытый балкон и утеплённая лоджия. Квартира расположена на 15-м видавом(салюты) этаже  панельного дома, построенного в 2017 году. Высокие потолки — 2.8 метра, создают ощущение простора.

В квартире есть все для комфортного проживания. Ремонт был закончен в 2021-2022 году, что позволило закупить реально ""родную"" технику ""Bosh"", ""Gorengie"" ""Beko"", ""Samsung"". Вся мебель и техника, включая стиральную, посудомоечную машину, холодильник, варочную панель, духовой шкаф, (кроме ТВ и детской мебели) остаётся Покупателям. Просторная кухня площадью 8,5 кв. м позволит вам с удовольствием готовить и собираться с близкими за обеденным столом. Санузел совмещенный, отделан плиткой""Керама Марацци"".На лоджии пол с подогревом, можно организовать дополнительное  пространство для отдыха, занятий спортом, лёгких завтраков или ужинов с видом на огни города. Ремонт в квартире Собственник делал для себя, плитка  ""Керама Марацци"", кухня""Зов"" фирменная(гарантия 25 лет), в коридоре вместительный шкаф""Дорз"". Перепланировок нет! 

Дом в отличном состоянии, оборудован  пассажирским и  грузовым лифтами, есть пандус для удобства передвижения. Наземная парковка позволяет без проблем оставлять машину рядом с домом. 

Инфраструктура района развита: рядом находятся школы(во дворе) , детские сады, клиники и магазины. До метро ""Рассказовка"" всего 8 минут на автомобиле, до метро ""Филатов Луг"" 12 минут общественным транспортом, остановка рядом с домом, автобусы ходят очень часто, поэтому дорога до центра Москвы не займет много времени. 

Квартира готова к продаже,  все документы собраны и проверены, возможна покупка в ипотеку.Один взрослый собственник, МСК не использовался. Это отличная возможность для тех, кто ищет комфортное жилье в новом районе Москвы и для инвестиций. 

Не упустите шанс стать обладателем этой замечательной квартиры! Записывайтесь на просмотр и убедитесь в ее достоинствах лично.",,38.5,9.9,257.1
https://www.cian.ru/sale/flat/307207829/,https://images.cdn-cian.ru/images/2265414624-4.jpg,ЖК «Город-парк Первый Московский»,"Москва, НАО (Новомосковский), м. Рассказовка, Московский г., Первый Московский мкр, Первый Московский ЖК, 7-я фаза, 3",Транспортом,11938236.0,211296.0,1.0,2.0,20.0,56.5,"Продается однокомнатная квартира  с отделкой в 7 фазе города-парка ""Первый Московский"". 
Общая площадь квартиры - 56,5 кв. м, этаж 2 из 20. 
Срок сдачи - 1 квартал 2027 года. 
Тип дома - монолитный. 
 
Новый корпус состоит из 3х секций:
- 1 и 2 секции с отделкой White Box с возможностью приобретения чистовой отделки за дополнительную плату
- 3 секция без отделки 
 
Город-парк ""Первый Московский"" расположен всего в 7 км по Киевскому шоссе (Новая Москва). Из города-парка прямой выезд на Киевское шоссе и трассу Солнцево-Бутово-Варшавское шоссе. 
 
ТРАНСПОРТНАЯ ДОСТУПНОСТЬ: 
 
- 5 мин. на личном автомобиле  или 10 мин. на автобусе 189 и 147 до станции метро ""Филатов Луг""
- 25  мин. пешком до станции метро ""Филатов Луг"" 
 
ИНФРАСТРУКТУРА: 
 
Около 7 фазы запланировано строительство детского сада, школы, 2 многоуровневых паркинга.
Также на территории проекта есть все необходимые объекты действующей социальной и бытовой инфраструктуры: 8 детских садов, 5 школ, тц, магазины, паркинги, аптеки и др. 
 
БЛАГОУСТРОЙСТВО: 
 
- Дворы без машин
- Игровые зоны для детей, зоны для занятия спортом, зоны для отдыха с навесами/качелями
- Детские площадки разделены по возрастным группам
- Пешеходный и вело-маршрут с двуполостной велодорожкой 2,5 м. в ширину
- Озеленение с растениями всесезонного цветения 
 
ОСОБЕННОСТИ АРХИТЕКТУРЫ: 
 
В каждой секции 3 корпуса предусмотрены: 
- колясочные во входных группах
- кладовые помещения с -1 по 20 этажи
- коммерческие помещения на 1 этажах
- по 4 лифта: 2 пассажирских, 2 грузовых
- видеонаблюдение установленное в холлах первых этажей, у подъездов и прилегающей территории 
 
АВТОРСКИЙ ДИЗАЙН: 
 
Входные группы выполнены по авторскому дизайну, оснащены системой ""тёплый пол"". В каждой входной группе будет располагаться комфортабельная зона ожидания с мягким диваном,
акцентными пуфами и столиком.",,56.5,11.9,211.3
https://www.cian.ru/sale/flat/305937079/,https://images.cdn-cian.ru/images/kvartira-vnukovskoe-samuila-marshaka-ulica-2242710863-4.jpg,ЖК «Переделкино Ближнее Город-парк»,"Москва, НАО (Новомосковский), м. Рассказовка, Внуковское поселение, улица Самуила Маршака, 13",Пешком,13000000.0,263692.0,1.0,17.0,26.0,49.3,"Продаётся однокомнатная квартира. 
Квартира без ремонта, в бетоне. 
Планировка: кухня с выходом на балкон, спальня, гардеробная, раздельный санузел, прихожая. 
Развитая инфраструктура района. 
Вид из окон во двор.
Свободная продажа. 1 взрослый собственник. никто не прописан.",,49.3,13.0,263.7
https://www.cian.ru/sale/flat/306934607/,https://images.cdn-cian.ru/images/kvartira-3y-2260364845-4.jpg,,"Москва, НАО (Новомосковский), м. Рассказовка, Московский г., 3-й мкр, 18",Транспортом,11000000.0,244444.0,1.0,12.0,16.0,45.0,"Продается уютная и светлая однокомнатная квартира в современном жилом комплексе по адресу: Россия, Москва, Московский, 3-й микрорайон, 18. Общая площадь квартиры — 45 кв.м, кухня — 11 кв.м. Квартира расположена на 12-м этаже 16-этажного монолитного дома, построенного в 2013 году. Высокий этаж обеспечивает отличные виды на улицу и во двор, а также тишину и спокойствие.

В квартире сделан качественный евроремонт. Просторная кухня, современная мебель и бытовая техника позволяют сразу же начать комфортное проживание. Санузел совмещенный, в отличном состоянии. Высота потолков 2.8 метра создает ощущение простора. Есть балкон, где можно наслаждаться свежим воздухом и видами.

Дом находится в прекрасном состоянии, чистый подъезд, есть пассажирский и грузовой лифты. Территория вокруг дома ухоженная, есть парковочные места. Жилой комплекс окружен развитой инфраструктурой: рядом есть школы, детские сады, магазины — все, что нужно для комфортной жизни.

Квартира продается от собственника, без посредников. Все документы готовы к сделке, возможна ипотека. Юридически чистый объект, без обременений. Отличный вариант для тех, кто ищет комфортное жилье в зеленом и развитом районе Москвы",,45.0,11.0,244.4
https://www.cian.ru/sale/flat/311720921/,https://images.cdn-cian.ru/images/2360570740-4.jpg,ЖК «Середневский лес»,"Москва, НАО (Новомосковский), м. Рассказовка, Середневский Лес ЖК, 4.3",Транспортом,9139138.0,204455.0,1.0,3.0,9.0,44.7,"Продаётся 1-комн. квартира площадью 44,7 кв.м на 3 этаже 9 этажного дома (Корпус 4.3, Секция 1) проекта ПИК Середневский лес. Светлый просторный подъезд на уровне земли, функциональная планировка, большие окна, .
 
В 10 минутах на автомобиле находится станция метро ""Внуково"", а в 15 минутах — станции ""Филатов Луг"" и ""Саларьево"". От них до центра Москвы всего 3540 минут. На рейсовом автобусе от жилого квартала до метро ""Филатов Луг"" — 20 минут.
 
На территории ""Середневского леса"" появилось общественное пространство с игровыми площадками, местами для отдыха, пешеходными маршрутами и велопарковкой — для прогулок, отдыха и встреч жителей квартала. Также внутри жилого квартала уже открыта школа на 1100 мест и детский сад для 325 малышей. В дальнейшем откроется ещё один сад для 340 детей. Артикул 966122  (Застройщик ООО ""Специализированный застройщик Середнево"")",,44.7,9.1,204.5
https://www.cian.ru/sale/flat/295415897/,https://images.cdn-cian.ru/images/2038889820-4.jpg,ЖК «Рассказово»,"Москва, НАО (Новомосковский), м. Рассказовка, Внуковское поселение, бульвар Андрея Тарковского, 11",Пешком,10200000.0,274194.0,1.0,12.0,22.0,37.2,"Арт. 55720033 Просторная квартира формата евро-двушка в  монолитном доме.  Кухня-гостиная 16.3 м. с выходом на застеклённую лоджию и спальня. Без отделки - вы не переплачиваете  за чужой ремонт. 
ЖК "" Рассказово""- это огороженная , охраняемая территория  с двумя КПП. Въезд и вход строго по пропускам.  Презентабельные входные группы. Консьерж. 
Красивая архитектура, пешеходные бульвары. Из комплекса через калитку проход в лес. Дворы без машин. Паркинг подземный и многоэтажный. Магазины, аптеки и т.д.
До метро Рассказовка 15 мин пешком или одна остановка на автобусе.
Один собственник. Прямая продажа. Оперативный просмотр.",,37.2,10.2,274.2
https://www.cian.ru/sale/flat/312076770/,https://images.cdn-cian.ru/images/2368231900-4.jpg,ЖК «Переделкино Ближнее Город-парк»,"Москва, НАО (Новомосковский), м. Рассказовка, Внуковское поселение, улица Самуила Маршака, 1",Пешком,10500000.0,289256.0,1.0,8.0,17.0,36.3,"Номер в базе: 4259887. Представляем вашему вниманию замечательную однокомнатную квартиру, которая станет идеальным местом для комфортной жизни! Эта уютная квартира находится в свободной продаже, и вы сможете стать её первым счастливым владельцем. Один взрослый собственник, без обременений — это значит, что вы можете быть уверены в прозрачности сделки и отсутствии скрытых проблем.

Удобное расположение квартиры позволит вам быстро добраться до метро Рассказовка всего за 15 минут, а до МЦД Мичуринец — всего за 8 минут. Вы сможете наслаждаться всеми преимуществами городской жизни, оставаясь при этом в уютной и спокойной обстановке.

В квартире остаётся вся необходимая техника: современный холодильник, посудомоечная машина, духовой шкаф-микроволновая печь 2 в 1 и стиральная машина. Это значит, что вам не придётся тратить время и деньги на покупку новых бытовых приборов — всё уже готово к использованию!

Для ваших детей рядом расположены детская площадка, спортивная школа и детские сады, а также множество магазинов для удобства покупок. Это идеальное место для семейной жизни!

Мы предлагаем нашим покупателям полное юридическое сопровождение сделки и помощь в одобрении ипотеки. Кроме того, мы предоставляем финансовую гарантию до 25 млн. рублей, что делает вашу покупку ещё более безопасной.

Не упустите шанс стать владельцем этой замечательной квартиры! Звоните прямо сейчас, и мы ответим на все ваши вопросы!


Код пользователя: 173917",,36.3,10.5,289.3
https://www.cian.ru/sale/flat/312110864/,https://images.cdn-cian.ru/images/2368970636-4.jpg,ЖК «Середневский лес»,"Москва, НАО (Новомосковский), м. Рассказовка, Середневский Лес ЖК, 4.3",Транспортом,9427744.0,226085.0,1.0,9.0,9.0,41.7,"Продаётся 1-комн. квартира площадью 41,7 кв.м на 9 этаже 9 этажного дома (Корпус 4.3, Секция 6) проекта ПИК Середневский лес. Светлый просторный подъезд на уровне земли, функциональная планировка, большие окна, .
 
В 10 минутах на автомобиле находится станция метро ""Внуково"", а в 15 минутах — станции ""Филатов Луг"" и ""Саларьево"". От них до центра Москвы всего 3540 минут. На рейсовом автобусе от жилого квартала до метро ""Филатов Луг"" — 20 минут.
 
На территории ""Середневского леса"" появилось общественное пространство с игровыми площадками, местами для отдыха, пешеходными маршрутами и велопарковкой — для прогулок, отдыха и встреч жителей квартала. Также внутри жилого квартала уже открыта школа на 1100 мест и детский сад для 325 малышей. В дальнейшем откроется ещё один сад для 340 детей. Артикул 966756  (Застройщик ООО ""Специализированный застройщик Середнево"")",,41.7,9.4,226.1
https://www.cian.ru/sale/flat/309694540/,https://images.cdn-cian.ru/images/2319035302-4.jpg,ЖК «Рассказово»,"Москва, НАО (Новомосковский), м. Рассказовка, Внуковское поселение, бульвар Андрея Тарковского, 5",Пешком,14700000.0,352518.0,1.0,9.0,9.0,41.7,"Арт. 80462848 Продаётся 1-ая квартира 9-м этаже 9-этажного дома в ЖК ""Рассказово"".

ПЛАНИРОВКА:
Общая площадь 41.7 кв. м (с учётом лоджии)
Кухня-гостиная 18 кв. м
Комната 10 кв. м.
Санузел 3.6  кв. м
Лоджия 3.2 кв. м 
Высота потолков 3.5 метра

О КВАРТИРЕ:
В квартире выполнен качественный и дорогой ремонт, вся встроенная мебель и техника остаётся. Разводка ХВС и ГВС Рехау, так же дополнительно установлен водонагреватель в случае отключения воды. Окна квартиры выходят на Тарковского 7. При входе в подъезд сидит бдительный консьерж. 

ДОКУМЕНТЫ:
1 взрослый собственник, материнский капитал не использовался, приобреталась 2021 году, полная стоимость в договоре.

ИНФРАСТРУКТУРА:
На территории ЖК расположены детский сад, строящаяся школа (сдача 2025 год), паркинги, многочисленные сетевые магазины, кафе, рестораны, пруд, спортивные и детские площадки и многое другое. Территория закрытая (вход по пропускам). ЖК окружён лесом с трёх сторон. 

ТРАНСПОРТНАЯ ДОСТУПНОСТЬ:
До станции м. Рассказовка пешком 15 минут (850 метров), ЖК ""Рассказово"" расположен в 10 км от МКАД по Боровскому шоссе с удобным выездом на Киевское, Калужское и Минское шоссе. В 5 минутах от дома находится остановка общественного транспорта.

Для наших покупателей:
-юридическое сопровождение сделки;
-помощь в получении ипотеки в ведущих банках.",,41.7,14.7,352.5
https://www.cian.ru/sale/flat/309847309/,https://images.cdn-cian.ru/images/kvartira-moskovskiy-bianki-ulica-2322099080-4.jpg,ЖК «Город-парк Первый Московский»,"Москва, НАО (Новомосковский), м. Рассказовка, Московский г., улица Бианки, 9",Транспортом,9300000.0,246684.0,1.0,3.0,19.0,37.7,"Продается просторная светлая, квартира!!!
Свободная продажа (полная стоимость в ДКП), 1 взрослый собственник, никто не прописан, нет перепланировок, возможна ипотека.
Квартира теплая, чистенькая. С/у совмещенный
Во дворе дома школа, и в пешей доступности еще 2 школы и 3 детских сада, спортивная школа с бассейном, фитнес клуб, сетевые магазины (Карусель, перекресток, Дикси, Пятерочка, Магнит). Окна выходят на алею. 
Рядом расположен парк Филатов луг, через который можно пройти к метро. В парке расположены дорожки для пеших прогулок, спортивные зоны с волейбольными и футбольными площадками, детские игровые площадки с качелями, каруселями и развивающим оборудованием, беговая дорожка и веломаршрут, а также скамейки с навесами.
Транспортная доступность: Удобная до метро Филатов луг (10 мин. на транспорте), Саларьево (12 мин. на транспорте), Рассказовка (15 мин. на транспорте). До МКАД 10-15 мин. Удобный выезд на Киевское шоссе.",,37.7,9.3,246.7
https://www.cian.ru/sale/flat/311572483/,https://images.cdn-cian.ru/images/2357454681-4.jpg,ЖК «Новое Внуково»,"Москва, НАО (Новомосковский), м. Рассказовка, № 37 кв-л, Новое Внуково ЖК, к30",Транспортом,8126627.0,208589.0,1.0,4.0,9.0,38.96,"Ипотека 5,9% на два года. Продается 1-комн. квартира. Квартира расположена на 4 этаже 9 этажного монолитного дома (Корпус 30, Секция 4) в ЖК ""Новое Внуково"" от группы ""Самолет"". 

""Новое Внуково"" — это жилой комплекс в Новой Москве, у подножия берега реки Незнайка. Поблизости — живописные места для прогулок: народный парк ""Ручеек"", усадьба Старо-Никольское, Валуевский и Ульяновский лесопарки.
Часть домов сдана и внутри района уже открыт детсад с бассейном, а в ближайшее время откроются еще 3 детсада, 2 школы и поликлиника.
На территории проекта будет построен первый в России Центр Российской Федерации Баскетбола, где будут площадки с трибунами, тренажерный зал, кафе и конференц-зал.
Дворы-парки закрыты от машин и посторонних. На территории — прогулочный маршрут вдоль реки Незнайка и набережная с шезлонгами и качелями для отдыха. Также здесь появится плейхаб ""Незнайка на Луне"", площадь для мероприятий с сухим фонтаном, летним кинотеатром и кафе.
В жилом комплексе — монолитные дома высотой от 6 до 14 этажей. Фасады облицованы кирпичом природных оттенков.
 
Цена динамическая и может отличаться, уточняйте актуальность у застройщика.",,39.0,8.1,208.6
https://www.cian.ru/sale/flat/303983396/,https://images.cdn-cian.ru/images/kvartira-moskovskiy-nikitina-ulica-2206094229-4.jpg,ЖК «Город-парк Первый Московский»,"Москва, НАО (Новомосковский), м. Рассказовка, Московский г., улица Никитина, 11к11",Транспортом,12400000.0,293839.0,1.0,11.0,25.0,42.2,"Продается 1-комнатная квартира в доме комфорт-класса ЖК ""Первый Московский"" в экологически чистом и зеленом районе Новой Москвы, в окружении Ульяновского лесопарка. Прописка Москвы!
Отличный современный ремонт с использованием качественных отделочных материалов.

- спальня 19,6 кв.м.
- кухня 11,5 кв.м.
- саунузел 4 кв.м.
- прихожая 7,1 кв.м.

Современный подъезд с выходом на 2 стороны, безбарьерная среда, внутренний двор без машин, большое количество разнообразных площадок для детей, как внутри двора, так и в окружении. Остановка общественного транспорта у дома. 

- Прямой вылет на Киевское шоссе. 
- 4 мин. транспортом до станции метро ""Филатов луг"" с перехватывающей парковкой в 2 многоуровневых паркинга.  
- 5 мин. транспортом до станции метро ""Рассказовка"". 
- также доступны ст.м. ""Саларьево"", ""Новопеределкино"", ""аэропорт Внуково"", ""Коммунарка"", ""Ольховая"". 
- Непосредственная близость к  бизнес-парку ""Румянцево"" и ТЦ ""Саларис"", Vnukovo Outlet Village.

Все ключевые объекты инфраструктуры в доступности: школы и детские сады, медицинские учреждения, фитнес центры, ТЦ, супер и гипермаркеты, магазины, аптеки, кафе и рестораны, салоны красоты, ПВЗ. 

- Один взрослый собственник.
- Квартира юридически чистая (обременения отсутствуют).
- Приобреталась за наличные (мат.капитал не использовался).
- Свободная продажа. 
- Никто не прописан. 
- Квартира подходит под ипотеку (без перепланировок). 
- Оперативный выход на сделку (продажа от собственника, не по доверенности).",,42.2,12.4,293.8
https://odintsovo.cian.ru/sale/flat/311669727/,https://images.cdn-cian.ru/images/2359547217-4.jpg,ЖК «Гусарская баллада»,"Московская область, Одинцово, м. Рассказовка, улица Триумфальная, 12",Транспортом,6400000.0,153110.0,1.0,13.0,17.0,41.8,"Номер в базе: 2105373. ЖК Гусарская баллада. Просторная однокомнатная, монолитный дом, 2013 года постройки.

О КВАРТИРЕ:
1комнатная Большая кухня 12,5 кв.м. + большая спальня 15,8 кв.м. с выходами на лоджию. БЕЗ ОТДЕЛКИ, общая площадь - 41,8 кв.м., Квартира расположена на 13 этаже 17-ти этажного дома.
Планировка линейная, окна во двор, на Юго-Восток.
Две лоджии по 2,1 кв.м. каждая, застеклённые.
Сан.узел  раздельный.
Разведена электрика. Установлены счётчика на воду, электричество.

О ДОМЕ:
Монолитный дом с повышенной шумоизоляцией, 2013 года постройки.
ЖК Гусарская баллада. В доме функционируют современные грузопассажирские и пассажирские лифты. На высоте 13 этажа очень тихо.  На этаже расположено 3 квартиры. Соседи дружные, порядочные люди.

ОБ ИНФРАСТРУКТУРЕ:
На расстоянии до 500 метров от дома расположены следующие объекты: 
- автобусная остановка, 3 мин. пешком, 
- Образовательный центр ""Багратион"",
- Лесногородская средняя общеобразовательная школа с дошкольным отделением,
 - Детские сады  67, 27.
- Разные продуктовые магазины, включая Магнит  Магнит косметик.
- Отдел лицензионно-разрешительной работы по Одинцовскому району Росгвардия.
 
О ТРАНСПОРТЕ:
На общественном транспорте до ЖД ст. Пионерская 1км 800 метров, 24 мин. пешком.
Либо до станции метро ""Молодежная"" можно доехать за 25 минут на 594 маршрутке. Также до ЖД платформы ""Одинцово"" можно доехать за 8 мин. на 27 автобусе.
На авто-, до Москвы по платной трассе М-1 за 10 минут, либо по Можайскому шоссе за 20 минут.

ДОКУМЕНТЫ: 
Три собственника. В собственности более 5 лет, полная стоимость в договоре. Без обременений. Никто не прописан. Подходит под ипотеку. Сделка альтернативная. 
Код пользователя: 167556",,41.8,6.4,153.1
https://aprelevka.cian.ru/sale/flat/303606841/,https://images.cdn-cian.ru/images/2361800820-4.jpg,ЖК «Парк Апрель»,"Московская область, Наро-Фоминский городской округ, Апрелевка, м. Рассказовка, Парк Апрель ЖК",Транспортом,8658648.0,199600.0,1.0,3.0,4.0,43.38,"Прямая продажа от застройщика! Загородный жилой комплекс класса Комфорт Плюс.
Продаётся 1-к квартира номер 89 общей площадью 43.38 кв.м. на 3-м этаже 4 этажного дома. Без отделки.

Особенности:
- Квартира доступна к покупке в Trade-In.
- Линейная
- МЦД-4 в 10-ти минутах
- Квартиры с ключами
- Квартиры в готовом поселке
- Отличный вариант для проживания или инвестиций. Поселок готов к проживанию. Посмотрите вживую!
- Закрытый поселок в окружении леса
- Детский сад и школа на территории
- Закрытая территория
- Въезд и выезд только через КПП
- Круглосуточная охрана и видеонаблюдение
- Реки и леса в пешей доступности

Квартира без отделки. Чистый холст для воплощения интерьера вашей мечты.

Расположение комплекса: 
Уникальный жилой комплекс, расположенный в 20 минутах от Москвы по Киевскому шоссе и окруженный первозданным лесом. В Парк Апрель легко наслаждаться жизнью на природе, не отказываясь от привычного уровня комфорта. Это возможно, благодаря уникальному сочетанию преимуществ комплекса. ЖК, окруженный с трех сторон лесом - подарит вам возможность дышать полной грудью и наслаждаться прекрасными видами, а развитая инфраструктура, транспортная доступность и высокий уровень безопасности принесут спокойствие и безмятежность.

Транспортная доступность:
МКАД в 20 минутах по Киевскому шоссе по современной скоростной трассе. Автобусная остановка в 200-х метрах от дома. 9 маршрутов наземного транспорта, автобусы до станций метро Юго-Западная, Саларьево, Румянцево, Тропарево. 25 минут на МЦД D4 до Киевского вокзала.

Внутренняя инфраструктура:
Развитая инфраструктура жилого комплекса, включает муниципальную школу, детский сад, торговый центр и другие объекты. Расположение домов тщательно продумано, так что из окон открываются красивые виды на тихие дворики и окружающий лес, а всего за 10 минут на личном или общественном транспорте вы доедете до любой из двадцати школ, поликлиники или современного дворца спорта. Разумеется, в Апрелевке найдутся также торговые комплексы, фитнес-центры и многое другое. 

Для кровли используется черепица, имеющая отличные тепло- и шумоизоляционные характеристики. Благодаря стенам из керамических на протяжении всего года в доме будет здоровый микроклимат, а облицовка бельгийский кирпичом придает особое очарование фасадам.
Вы сможете создать уникальный формат жилья, который подойдет именно вам. Просторная кухня - гостиная, отдельный кабинет для работы, мастер-спальня с гардеробной и ванной - квартира со свободной планировкой позволяет воплотить в жизнь все ваши идеи
С трех сторон Парк Апрель окружен лесом и малоэтажной частной застройкой, поблизости отсутствуют вредные производства. В пешей доступности находятся две реки и лесной массив, откуда удачная роза ветров приносит свежий воздух
Жителям Парк Апрель доступна развитая инфраструктура Апрелевки: два десятка образовательных учреждений, спортивная школа, современный дворец спорта, поликлиники, фитнес-центры, магазины и торговые комплексы. Все объекты расположены не более, чем",,43.4,8.7,199.6
https://www.cian.ru/sale/flat/300274696/,https://images.cdn-cian.ru/images/kvartira-vnukovskoe-andreya-tarkovskogo-bulvar-2136700865-4.jpg,ЖК «Рассказово»,"Москва, НАО (Новомосковский), м. Рассказовка, Внуковское поселение, бульвар Андрея Тарковского, 3",Пешком,12999999.0,321782.0,1.0,9.0,9.0,40.4,"Квартира студийного плана с панорамным видом на 9 этаже в ЖК Рассказово. Потолки 3.8 метра, окна в пол, выходят во двор. Квартира полностью укомплектована и готова к проживанию. Дизайнерский ремонт в стиле минимализм. 3-й корпус, сданный в 2016 году, обжитый и без ремонтов, а также удобно расположенный ко въезду. 
Планировкой предусмотрено: прихожая, кухня-гостиная с лоджией, спальня с гардеробной и ванная комната.

В ЖК Рассказово имеется вся необходимая инфраструктура, среди которой: школа со спортивной площадкой и три детских сада; парковочные комплексы; супермаркет, торговый центр, рестораны; игровые и спортивные площадки для малышей и детей старшего возраста. Въезд по пропускам, дворы без машин. 

В 800 метрах от жилого комплекса находится станция метро Рассказовка, а по Боровскому шоссе ходит наземный общественный транспорт.

Один собственник. Более 5 лет в собственности. Без обременений. Оперативные показы и быстрый выход на сделку.",,40.4,13.0,321.8
https://www.cian.ru/sale/flat/298925038/,https://images.cdn-cian.ru/images/2224231463-4.jpg,,"Москва, НАО (Новомосковский), м. Рассказовка, Московский г., 3-й мкр, 5",Транспортом,10250000.0,227778.0,1.0,11.0,17.0,45.0,"Продается уютная и просторная 1 к .кв., 45/20/10 (с учетом лоджии), г, Московский, до м. Филатов луг, м. Саларьево - 15 мин/тр., м.Рассказовка - 8 мин/тр.,благоустроенный микрорайон в окружении лесного массива .С/у совмещен, лоджия застеклена, в квартире сделан хороший ремонт, состояние квартиры отличное. Встроенная кухня, остается вся мебель. В подъезде чисто и уютно. Развитая инфраструктура, в пешей доступности всё необходимое: школа, детский сад, поликлиника -взрослая и детская,  бассейн, МФЦ, торговый центр, аптеки, хозяйственные магазины, салоны красоты, парк 3-го м/на Московского, ухоженная придомовая территория, детские и спортивные площадки, зоны отдыха. Хорошая транспортная доступность. В собственности более 5 лет. Один взрослый собственник. Юридически и физически свободна.",,45.0,10.2,227.8
https://www.cian.ru/sale/flat/309051555/,https://images.cdn-cian.ru/images/2306228027-4.jpg,ЖК «Город-парк Первый Московский»,"Москва, НАО (Новомосковский), м. Рассказовка, Московский г., Первый Московский мкр, Первый Московский ЖК",Транспортом,10837332.0,229119.0,1.0,3.0,19.0,47.3,"Продается однокомнатная квартира  с отделкой в 9 фазе города-парка ""Первый Московский"". 
Общая площадь квартиры - 47,3 кв. м, этаж 3 из 19. 
Срок сдачи - 2 квартал 2027 года. 
Тип дома - монолитный. 
 
Новый корпус состоит из 3х секций:
Все секции с отделкой White Box с возможностью дополнительного выбора дизайнерской отделки: Classic или Smart+ 
 
Город-парк ""Первый Московский"" расположен всего в 7 км по Киевскому шоссе (Новая Москва). Из города-парка прямой выезд на Киевское шоссе и трассу Солнцево-Бутово-Варшавское шоссе. 
 
ТРАНСПОРТНАЯ ДОСТУПНОСТЬ: 
 
- 5 мин. на личном автомобиле или 10 мин. на автобусе 189, 147, 193  до станции метро ""Филатов Луг""
- 5 мин. на личном автомобиле или 12 мин. на автобусе 863 до станции метро ""Саларьево""
- 6 мин. на личном автомобиле или 15 мин. на автобусе 333 до станции метро ""Рассказовка"" 
 
РАЗВИТАЯ ИНФРАСТРУКТУРА В ОКРУЖЕНИИ: 
 
- общеобразовательная школа 2120 корпуса д1, д7, ш1-ш5
- детский сад 2120 корпуса д2, д9 
- школа искусств
- городская больница, детская поликлиника, филиал 5
- подстанция скорой помощи 58 и пожарно-спасательный центр 313
- отдел полиции, отдел ГИБДД
- торговые центры Столица и Новомосковский 
- стадион, каток, бассейн
- кафе, продуктовые магазины, аптеки, фитнес центры, салоны красоты и пр. 
 

БЛАГОУСТРОЙСТВО: 
 
- дворы без машин
- разнообразные детские площадки и развивающие комплексы
- детские площадки разделены по возрастным группам
- максимальная близость корпуса к пару Филатов луг
- озеленение территории с учетом зонирования, островками для отдыха 
 
ОСОБЕННОСТИ АРХИТЕКТУРЫ: 
 
- безбарьерные входные группы
- велопарковка на -1 этаже
- колясочные в каждой входной группе
- коммерческие помещения на 1 этаже в трех секциях
- кладовые помещения расположены на жилых этажах и на -1 этаже
- в каждой секции корпуса по 4 лифта: 2 пассажирских, 2 грузовых
- видеонаблюдение установленное в холлах первых этажей, у подъездов и прилегающей территории 
 
АВТОРСКИЙ ДИЗАЙН: 
 
Входные группы выполнены по авторскому дизайну, оснащены системой ""тёплый пол"". В каждой входной группе будет располагаться комфортабельная зона ожидания, почтовые ящики с ячейкой для спама, колясочная, акцентные пуфы и столик.",,47.3,10.8,229.1
https://www.cian.ru/sale/flat/295003025/,https://images.cdn-cian.ru/images/kvartira-vnukovskoe-letchika-gricevca-ulica-2028334910-4.jpg,ЖК «Солнцево парк»,"Москва, НАО (Новомосковский), м. Рассказовка, Внуковское поселение, улица Летчика Грицевца, 5",Транспортом,11000000.0,293333.0,1.0,15.0,17.0,37.5,"Вашему вниманию предлагается светлая и уютная квартира в 5 минутах пешком до ст. м. ""Пыхтино"". Развитая инфраструктура - школа, детский сад, магазины, доставки. Квартира продается со всей мебелью и бытовой техникой. 1 взрослый собственник, квартира приобреталась по ДДУ у застройщика, юридически свободна, физически проживает арендатор. Оперативный показ, быстрый выход на сделку, торг реальному покупателю.",,37.5,11.0,293.3
https://www.cian.ru/sale/flat/308108555/,https://images.cdn-cian.ru/images/2286644650-4.jpg,ЖК «Городские истории (Рассказовка)»,"Москва, НАО (Новомосковский), м. Рассказовка, Городские Истории ЖК",Пешком,9600000.0,264099.0,1.0,2.0,19.0,36.35,"Код объекта: 1264754.
 Продается 1-к квартира общей площадью 36,35 кв.м  в комплексе комфорт-класса с подземным паркингом. 

Планировочное решение включает в себя: 
• кухня-гостиная 17,31 кв.м
• жилая комната 11,74 кв.м
• совмещенный сан. узел 3,90 кв.м    
• квартира сдается без отделки

Инфраструктура:
• Станция метро ""Рассказовка"": 2 минуты пешком. 
• МКАД: 15 минут на автомобиле без пробок (8 км). 
• Международный аэропорт Внуково: 5 км. 
• Центр Москвы: 35 минут на метро. 
• Свой детский сад на территории. 
• Подземный и наземный паркинг. 
• Современный ТРЦ ""Сказка"" в паре минут ходьбы. 
• Рядом парк ""Рассказовка"", Ульяновский лесопарк, Мичуринский пруд. 

По документам:
• 1 взрослый собственник 
• продажа по переуступке прав требований 
• срок передачи объекта застройщиком не позднее 31 декабря 2025  г.",,36.4,9.6,264.1
https://www.cian.ru/sale/flat/306642319/,https://images.cdn-cian.ru/images/2255027742-4.jpg,ЖК «Переделкино Ближнее Город-парк»,"Москва, НАО (Новомосковский), м. Рассказовка, Переделкино Ближнее мкр, 18-й кв-л",Пешком,10878408.0,303866.0,1.0,6.0,17.0,35.8,"Продается однокомнатная квартира в городе-парке ""Переделкино Ближнее"". 
Общая площадь квартиры - 35,8 кв. м, этаж 6 из 17. 
Срок сдачи - 2 квартал 2026 года. 
Тип дома - монолитный. 
 
Город-парк ""Переделкино Ближнее"" расположен в 8 км от МКАД по Боровскому шоссе. 
 
ТРАНСПОРТНАЯ ДОСТУПНОСТЬ: 
 
- 10 минут пешком до МЦД-4 ""Мичуринец""
- 15 минут пешком до станции метро ""Рассказовка"" Солнцевской линии
- 10 минут на машине до станции метро ""Филатов Луг"" Сокольнической линии
- 30 минут до центра Москвы
- Прямой выезд на дорогу Солнцево-Бутово-Варшавское шоссе, минуя жилую застройку всего ЖК 
 
БЛАГОУСТРОЙСТВО: 
 
Новая фаза строительства уникальна своим расположением -  в шаговой доступности парк на Лукинской улицы, река Алёшинка. 
На территории 18 фазы строительства будут построены 2 монолитных жилых корпуса повышенного комфорта разной этажности 7, 17 этажей. А также многоуровневый паркинг на 300 м/мест. 
Вход в жилую часть корпусов каждой секции осуществляется с двух сторон - с наружного контура жилого дома и со стороны дворового пространства, предусмотрен безбарьерный доступ. 
 
ВНУТРЕННЯЯ ИНФРАСТРУКТУРА: 
 
В рамках данной фазы, для жителей предусмотрено создание пространства, свободного от машин - благоустроенные огороженные дворы с современными детскими и спортивными площадками, разделенными на зоны по возрастам.
На территории проекта есть все необходимые объекты социальной и бытовой инфраструктуры: детские сады, школы, магазины, паркинги, аптеки, поликлиники, пожарная часть и др. 
 
АВТОРСКИЙ ДИЗАЙН: 
 
Современный монолитный дом переменной этажности 7 и 17 этажей. На фасаде предусмотрены корзины для установки кондиционеров. Входные группы домов выполнены по авторскому дизайну. Колясочные располагаются при входе, велопарковка на -1 этаже.",,35.8,10.9,303.9
https://www.cian.ru/sale/flat/310472422/,https://images.cdn-cian.ru/images/2334100932-4.jpg,,"Москва, ЗАО, р-н Внуково, м. Рассказовка, улица Спортивная, 3",Транспортом,8000000.0,225989.0,1.0,5.0,5.0,35.4,"Номер лота: вт-0420989.
Вашему вниманию предлагается чистая, уютная, тёплая квартира с высокими потолками. Дом со всех сторон утопает в зелени. Въезд во двор через шлагбаум. Во дворе достаточно мест для парковки.
Развитая инфраструктура района: в шаговой доступности д/сады, школы, поликлиника, бибилиотеки, детские центры, бассейн, оборудованная зона отдыха на реке Ликова, велотрек, церковь, ТЦ ""ЛА-5"", различные магазины и кафе. 
Удобная транспортная доступность. 15 минут пешком до метро Внуково и международного аэропорта Внуково имени А.Н. Туполева. 
Квартира интересна как для проживания, так и для инвестиций.
 Содействие в получении специальных условий и преференций по ипотеке.",,35.4,8.0,226.0
https://odintsovo.cian.ru/sale/flat/302131045/,https://images.cdn-cian.ru/images/2192385588-4.jpg,ЖК «Одинбург»,"Московская область, Одинцово, м. Рассказовка, Северная улица, 5к2",Транспортом,6950000.0,180052.0,1.0,11.0,25.0,38.6,"Арт. 67390664 Эта квартира ваш идеальный выбор!Можно купить по субсидированной ставке 10,5% и 10.99% годовых!В продаже однокомнатная квартира!Преимущества этой квартиры:- потолки 2.8 м, квартира без ремонта в жк комфорт класса!- Балкон с панорамными окнами!- свободный вид из окна!- закрытая придомовая территория!Местоположение и инфраструктура:- Квартира располагается в ПРЕСТИЖНОМ ЗАО МОСКВЫ, который представляет собой большую зелёную зону с очень развитой инфраструктурой,- 7 минут на машине до ТЦ - 7 минут на автобусе до МЦД 1 - В шаговой доступности 4 школы и 5 детских садов ( государственные и частные).- В ближайшей доступности большое количество фитнес- клубов и спортивных комплексов с бассейнами.Отличная транспортная доступность: - Прямые выезды на Можайское шоссе и платную хорду по которой можно доехать до центра города за 20 мин.Способы оплаты:- Нал/безнал (Аккредитив, система безопасных расчётов, банковская ячейка)Гарантируем Вам безопасность проведения сделки- Оперативный показ в удобное для Вас время Звоните прямо сейчас.Будем рады ответить на все Ваши вопросы с 9:00 до 22:00",,38.6,7.0,180.1
https://aprelevka.cian.ru/sale/flat/300994492/,https://images.cdn-cian.ru/images/2360963589-4.jpg,ЖК «Парк Апрель»,"Московская область, Наро-Фоминский городской округ, Апрелевка, м. Рассказовка, Парк Апрель ЖК",Транспортом,5741946.0,206100.0,1.0,3.0,4.0,27.86,"Корпус сдан! Прямая продажа от застройщика! Загородный жилой комплекс класса Комфорт Плюс.
Продаётся 1-к квартира номер 32 в сданном корпусе общей площадью 27.86 кв.м. на 3-м этаже 4 этажного дома.

Особенности:
- Квартира доступна к покупке в Trade-In.
- Линейная
- МЦД-4 в 10-ти минутах
- Квартиры с ключами
- Квартиры в готовом поселке
- Отличный вариант для проживания или инвестиций. Поселок готов к проживанию. Посмотрите вживую!
- Закрытый поселок в окружении леса
- Детский сад и школа на территории
- Закрытая территория
- Въезд и выезд только через КПП
- Круглосуточная охрана и видеонаблюдение
- Реки и леса в пешей доступности

Расположение комплекса: 
Уникальный жилой комплекс, расположенный в 20 минутах от Москвы по Киевскому шоссе и окруженный первозданным лесом. В Парк Апрель легко наслаждаться жизнью на природе, не отказываясь от привычного уровня комфорта. Это возможно, благодаря уникальному сочетанию преимуществ комплекса. ЖК, окруженный с трех сторон лесом - подарит вам возможность дышать полной грудью и наслаждаться прекрасными видами, а развитая инфраструктура, транспортная доступность и высокий уровень безопасности принесут спокойствие и безмятежность.

Транспортная доступность:
МКАД в 20 минутах по Киевскому шоссе по современной скоростной трассе. Автобусная остановка в 200-х метрах от дома. 9 маршрутов наземного транспорта, автобусы до станций метро Юго-Западная, Саларьево, Румянцево, Тропарево. 25 минут на МЦД D4 до Киевского вокзала.

Внутренняя инфраструктура:
Развитая инфраструктура жилого комплекса, включает муниципальную школу, детский сад, торговый центр и другие объекты. Расположение домов тщательно продумано, так что из окон открываются красивые виды на тихие дворики и окружающий лес, а всего за 10 минут на личном или общественном транспорте вы доедете до любой из двадцати школ, поликлиники или современного дворца спорта. Разумеется, в Апрелевке найдутся также торговые комплексы, фитнес-центры и многое другое. 

Для кровли используется черепица, имеющая отличные тепло- и шумоизоляционные характеристики. Благодаря стенам из керамических на протяжении всего года в доме будет здоровый микроклимат, а облицовка бельгийский кирпичом придает особое очарование фасадам.
Вы сможете создать уникальный формат жилья, который подойдет именно вам. Просторная кухня - гостиная, отдельный кабинет для работы, мастер-спальня с гардеробной и ванной - квартира со свободной планировкой позволяет воплотить в жизнь все ваши идеи
С трех сторон Парк Апрель окружен лесом и малоэтажной частной застройкой, поблизости отсутствуют вредные производства. В пешей доступности находятся две реки и лесной массив, откуда удачная роза ветров приносит свежий воздух
Жителям Парк Апрель доступна развитая инфраструктура Апрелевки: два десятка образовательных учреждений, спортивная школа, современный дворец спорта, поликлиники, фитнес-центры, магазины и торговые комплексы. Все объекты расположены не более, чем в 10 минутах езды на машине.
 
Цены указаны с учетом ск",,27.9,5.7,206.1
https://www.cian.ru/sale/flat/309641074/,https://images.cdn-cian.ru/images/kvartira-vnukovskoe-aviakonstruktora-petlyakova-ulica-2317639694-4.jpg,ЖК «Солнцево парк»,"Москва, НАО (Новомосковский), м. Рассказовка, Внуковское поселение, улица Авиаконструктора Петлякова, 25",Транспортом,11800000.0,284337.0,1.0,10.0,25.0,41.5,"Предлагается светлая, уютная квартира в экологически чистом районе Москвы. Планировка: большая кухня с утепленной лоджией с панорамными окнами, большая спальня, гардеробная, совмещенный санузел. В квартире сделан качественный ремонт, с использованием только экологически чистых и натуральных материалов. Рядом с домом вся необходимая инфраструктура - детская и спортивная площадки, детские сады, школа - гимназия, сетевые супермаркеты, поликлиника, Отличная транспортная доступность - как общественным транспортом, так и на машине. Один взрослый собственник. Полная стоимость в договоре.",,41.5,11.8,284.3
https://www.cian.ru/sale/flat/272050011/,https://images.cdn-cian.ru/images/03/312/721/kvartira-vnukovskoe-andreya-tarkovskogo-bulvar-1272133030-4.jpg,ЖК «Рассказово»,"Москва, НАО (Новомосковский), м. Рассказовка, Внуковское поселение, бульвар Андрея Тарковского, 4",Пешком,13500000.0,313953.0,1.0,1.0,10.0,43.0,"Полная стоимость в договоре. Взрослый собственник. ОПЕРАТИВНЫЙ ВЫХОД НА СДЕЛКУ. 
Планировка - евродвушка (студия с изолированной спальной комнатой)
Высокие потолки 2.78 м

Эргономика пространства - эффективная и полезная система хранения:
вместительная кухня до потолка
вместительная гардеробная до потолка
Высокого качества строительные материалы, мебель и техника: 
Моющиеся стены, краска Tikkurila
Двери Profildors
Чугунная ванна (не акрил!)
Техника Electrolux и Bosch
Кондиционер (с выводом конденсата в канализацию)

Кухня: 
Фильтр воды Аквафор обратный осмос
Столешница камень
Фурнитура Blum (плавное, бесшумное закрывание шкафов и ящиков)
Большая мойка в кухне под камень (не гремит, как нержавейка; благодаря темному цвету можно редко чистить; помещается противень)
Большой сантехнический люк в санузле для удобного доступа к коммуникациям
Удачное расположение квартиры:
окна во двор
на удалении от лифта, мусоропровода, входных дверей в подъезд и крыльца
Солнечная сторона, солнечный свет в квартире

Плюсы ЖК:
Монолитные дома
Охраняемая территория, безопасность и порядок
Консьержи в подъездах
Презентабельная отделка входных групп
Ухоженная территория, озеленение
Ежедневный мероприятия по уходу за территорией ЖК - очищение от снега, мусора, дорог, дворов, бульварных дорожек; облагороженный пруд; уникальное озеленение каждого двора.
Спортплощадки
Лес, пруд - чистый воздух, тишина, умиротворение 
Продуктовые магазины, пекарня, аптеки, пункты самовывоза Ozon, Wildberries, ресторан, кафе, салоны красоты, химчистка, детские сады, паркинг
Организован подвоз детей до школы на школьном автобусе 

Плюсы дома и подъезда:
9-ти этажный дом первой очереди застройки 
Ближайший к выезду/выходу из ЖК дом (экономия времени)
Консъерж в подъезде
На 1 этаже всегда чисто (1 эт убирают каждый день)",,43.0,13.5,314.0
https://www.cian.ru/sale/flat/312156043/,https://images.cdn-cian.ru/images/2369958274-4.jpg,ЖК «Середневский лес»,"Москва, НАО (Новомосковский), м. Рассказовка, Середневский Лес ЖК, к4.2",Транспортом,8316052.0,243801.0,1.0,6.0,9.0,34.11,"Продаётся 1-комн. квартира площадью 34,11 кв.м на 6 этаже 9 этажного дома (Корпус 4.2, Секция 5) проекта ПИК Середневский лес. Светлый просторный подъезд на уровне земли, функциональная планировка, большие окна, .
 
В 10 минутах на автомобиле находится станция метро ""Внуково"", а в 15 минутах — станции ""Филатов Луг"" и ""Саларьево"". От них до центра Москвы всего 3540 минут. На рейсовом автобусе от жилого квартала до метро ""Филатов Луг"" — 20 минут.
 
На территории ""Середневского леса"" появилось общественное пространство с игровыми площадками, местами для отдыха, пешеходными маршрутами и велопарковкой — для прогулок, отдыха и встреч жителей квартала. Также внутри жилого квартала уже открыта школа на 1100 мест и детский сад для 325 малышей. В дальнейшем откроется ещё один сад для 340 детей. Артикул 907243  (Застройщик ООО ""Специализированный застройщик Середнево"")",,34.1,8.3,243.8
https://odintsovo.cian.ru/sale/flat/311545366/,https://images.cdn-cian.ru/images/kvartira-vniissok-2371760073-4.jpg,,"Московская область, м. Рассказовка, Одинцовский городской округ, пос. ВНИИССОК, 7",Транспортом,5400000.0,166154.0,1.0,2.0,9.0,32.5,"Предлагаем купить 1-комнатную квартиру по адресу: Московская область, Одинцовский г.о., пос. ВНИИССОК, д. 7. Общая площадь квартиры 32,5 кв.м, жилая 19 кв.м, кухня 6 кв.м.  2 этаж 9-этажного кирпичного дома.
В собственности с 2015 г., 1 собственник, свободная продажа.
До железнодорожной станции электричек ""Пионерская"" 12 мин. пешком. Удобный выезд на Можайское и Минское шоссе, в 5 минутах автобусная остановка. 
Вся инфраструктура в шаговой доступности.",,32.5,5.4,166.2
https://www.cian.ru/sale/flat/306587595/,https://images.cdn-cian.ru/images/kvartira-moskovskiy-lapteva-ulica-2254171538-4.jpg,ЖК «Город-парк Первый Московский»,"Москва, НАО (Новомосковский), м. Рассказовка, Московский г., улица Лаптева, 4",Транспортом,9500000.0,243590.0,1.0,10.0,17.0,39.0,"Предлагается к продаже светлая,однокомнатная квартира с окнами во двор в экологически привлекательном районе Москвы. Общая площадь квартиры указана с учетом лоджии -5,1 кв.м. В квартире выполнен качественный ремонт.Кухня 9 кв.м,комната с нишей и выходом на лоджию.Санузел совмещен. 
Нишу в комнате можно зонировать как гардеробную,детскую,спальню , кабинет и т.д.
Район с развитой инфраструктурой,с отличной транспортной доступностью общественным транспортом до станций метро ""Филатов Луг"", ""Саларьево"", ""Рассказовка"". Удобный выезд на Киевское,Боровское и Калужское шоссе.
Продается в легкой альтернативе.Один собственник. Обременений нет. Все подробности по телефону. Показ оперативно!",,39.0,9.5,243.6
https://www.cian.ru/sale/flat/310078586/,https://images.cdn-cian.ru/images/2334395014-4.jpg,ЖК «Середневский лес»,"Москва, НАО (Новомосковский), м. Рассказовка, Середневский Лес ЖК, 4.3",Транспортом,8782428.0,220111.0,1.0,5.0,9.0,39.9,"Продаётся 1-комн. квартира площадью 39,9 кв.м на 5 этаже 9 этажного дома (Корпус 4.3, Секция 4) проекта ПИК Середневский лес. Светлый просторный подъезд на уровне земли, функциональная планировка, большие окна, .
 
В 10 минутах на автомобиле находится станция метро ""Внуково"", а в 15 минутах — станции ""Филатов Луг"" и ""Саларьево"". От них до центра Москвы всего 3540 минут. На рейсовом автобусе от жилого квартала до метро ""Филатов Луг"" — 20 минут.
 
На территории ""Середневского леса"" появилось общественное пространство с игровыми площадками, местами для отдыха, пешеходными маршрутами и велопарковкой — для прогулок, отдыха и встреч жителей квартала. Также внутри жилого квартала уже открыта школа на 1100 мест и детский сад для 325 малышей. В дальнейшем откроется ещё один сад для 340 детей. Артикул 966586  (Застройщик ООО ""Специализированный застройщик Середнево"")",,39.9,8.8,220.1
https://odintsovo.cian.ru/sale/flat/311292925/,https://images.cdn-cian.ru/images/kvartira-vniissok-ulica-druzhby-2351260854-4.jpg,,"Московская область, м. Рассказовка, Одинцовский городской округ, пос. ВНИИССОК, улица Дружбы, 6",Транспортом,6550000.0,167949.0,1.0,11.0,17.0,39.0,"Продается просторная 1-комнатная квартира, в отличном состоянии, в прекрасном районе города Одинцово.
ЖК Дубки, район с развитой инфраструктурой: детские сады, школы, магазины, ТРЦ, фитнес клубы, детские спортивные  площадки и многое другое для спокойной и комфортной жизни.
До ЖД станции Пионерская Белорусского направления 10 минут пешком.
До МЦД-1 Одинцово 10-15 минут транспортом, автобусная остановка рядом с домом.
Удобная транспортная инфраструктура: выезд на Можайское или Минское шоссе, также платная дорога (северный обход Одинцово).
Свободная продажа. 
Один взрослый собственник.
Идеально подойдет под ипотеку.
Помощь в одобрении ипотеки.
Документы готовы к сделке.
Быстрый выход на сделку.
Оперативный показ. 
Возможен ТОРГ.",,39.0,6.5,167.9
https://odintsovo.cian.ru/sale/flat/299527922/,https://images.cdn-cian.ru/images/kvartira-odincovo-ulica-marshala-biryuzova-2118867488-4.jpg,ЖК «Микрорайон Центральный»,"Московская область, Одинцово, мкр. 3-й, м. Рассказовка, улица Маршала Бирюзова, 2а",Транспортом,8990000.0,216627.0,1.0,4.0,25.0,41.5,"Уютная, светлая и просторная однокомнатная квартира, в благоприятном и тихом районе г. Одинцово. Дом комфорт класса. 
Новый, свежий ремонт, никто не жил в квартире после ремонта. 

Квартира 38,5 кв.м+6 кв.м (лоджия). Возможность использования как ЕВРОДВУШКА, без перепланировки, с учетом правильного расположения мебели!!!! (план расстановки мебели прилагается на фото)

Дизайнерский подъезд, 4 лифта (2 грузовых + 2 пассажирских). 4 квартиры на этаже. Консьерж, видеонаблюдение (внутреннее, наружнее), дистанционное управление домофоном с камерой (из приложения на телефоне). 
Есть подземная парковка. 
Развитая инфраструктура: школы, детские сады, магазины, больница. В доме имеются пункты выдачи Wildberries и Ozon. В минуте ходьбы автобусная остановка, до станции Одинцово и метро Славянский бульвар, Парк победы, Киевская. Рядом съезд на трассу М1, удобно добираться на автомобиле до Москвы. Также рядом большой зеленый, спортивный парк (Одинцовский парк культуры, спорта и отдыха им. Ларисы Лазутиной)и Барвихинский лес.

Собственник, свободная продажа.",,41.5,9.0,216.6
https://www.cian.ru/sale/flat/309186462/,https://images.cdn-cian.ru/images/2350302809-4.jpg,ЖК «Новое Внуково»,"Москва, НАО (Новомосковский), м. Рассказовка, № 37 кв-л, Новое Внуково ЖК, к31",Транспортом,8837783.0,182939.0,1.0,4.0,9.0,48.31,"Ипотека 5,9% на два года. Продается 1-комн. квартира. Квартира расположена на 4 этаже 9 этажного монолитно-кирпичного дома (Корпус 31, Секция 2) в ЖК ""Новое Внуково"" от группы ""Самолет"". 

""Новое Внуково"" — это жилой комплекс в Новой Москве, у подножия берега реки Незнайка. Поблизости — живописные места для прогулок: народный парк ""Ручеек"", усадьба Старо-Никольское, Валуевский и Ульяновский лесопарки.
Часть домов сдана и внутри района уже открыт детсад с бассейном, а в ближайшее время откроются еще 3 детсада, 2 школы и поликлиника.
На территории проекта будет построен первый в России Центр Российской Федерации Баскетбола, где будут площадки с трибунами, тренажерный зал, кафе и конференц-зал.
Дворы-парки закрыты от машин и посторонних. На территории — прогулочный маршрут вдоль реки Незнайка и набережная с шезлонгами и качелями для отдыха. Также здесь появится плейхаб ""Незнайка на Луне"", площадь для мероприятий с сухим фонтаном, летним кинотеатром и кафе.
В жилом комплексе — монолитные дома высотой от 6 до 14 этажей. Фасады облицованы кирпичом природных оттенков.
 
Цена динамическая и может отличаться, уточняйте актуальность у застройщика.",,48.3,8.8,182.9
https://www.cian.ru/sale/flat/310942897/,https://images.cdn-cian.ru/images/2343627610-4.jpg,,"Москва, НАО (Новомосковский), м. Рассказовка, Внуковское поселение, улица Бориса Пастернака, 31к1",Пешком,10599990.0,290411.0,1.0,1.0,17.0,36.5,"Код объекта: 1329022.
 Продаётся самая уютная однокомнатная квартира в ЖК ""Переделкино ближнее Город-парк""

ОПИСАНИЕ:

 Общая площадь 36,5 м²
 Жилая площадь 18,69 м²
 Этаж 1/17
 Дом 2017 года постройки


ПЛАНИРОВКА И УДОБСТВА:

Вся мебель и бытовая техника, за исключением личных вещей остаются новому владельцу квартиры, поэтому в неё можно будет сразу заехать и жить
 Общая площадь комнаты составляет 18,69 м²
 Кухня 6,81 м²
 Коридор-прихожая 7,13 м²
 Высота потолков во всех помещениях, кроме санузла составляет 2,75 м (фактическая)
 Окна выходят на улицу, на лужайку, в сторону БП 29к1


ИНФРАСТРУКТУРА И ДОСУГ:

 В пешей доступности есть всё необходимое: продуктовые магазины, магазин в доме, аптеки, пекарня, несколько кофеен
 Рядом с метро расположен ТЦ ""Сказка"", где каждый найдёт для семя всё необходимое: одежда, обувь, товары для дома, книжные магазины, магазины для творчества, компьютерный клуб, фуд корт
 В 5-7 минутах ходьбы находится уютный, благоустроенный парк Рассказовка, так же за 5 минут на автобусе можно доехать до Лукинского парка, где часто собираются семьями, друзьями на шашлыках, на прогулки, посмотреть на бобров и белок
 Так же на автобусе можно добраться до огромного Мещерского парка, в котором расположен Мещерский пруд с благоустроенной пляжной зоной, а так же есть огромное множество прогулочных зон
 Буквально за 3 минуты пешком Вы дойдёте до детского сада, за 10 до школы, так же в ближайшее время начнёт функционировать новый филиал школы 1788 прямо через дорогу от дома
 В районе расположено множество хороших частных клиник, а до государственной поликлиники можно добраться за 5-7 минут
 Так же практически прямо от дома идёт прямой автобус до ТЦ ""Саларис""


ТРАНСПОРТНАЯ ДОСТУПНОСТЬ:

 10-15 минут до м. Рассказовка пешком, 5 минут на автобусе
 До станции МЦД-4 Мичуринец можно дойти за 15-20 минут, либо 7-10 минут на автобусе
 Автобусная остановка расположена прямо около дома, в одной минуте от подъезда
 Удобный выезд на: Боровское, Минское и Киевское шоссе
 До аэропорта Внуково можно доехать за 10-15 минут на автомобиле, либо за это же время общественным транспортом (до станции м. Аэропорт Внуково)


ЗВОНИТЕ по всем возникшим вопросам и записывайтесь на просмотр!


 Безопасная сделка для покупателя и продавца
 Одобрение ипотеки по выгодной ставке от 14,99% годовых",,36.5,10.6,290.4
https://www.cian.ru/sale/flat/307304937/,https://images.cdn-cian.ru/images/kvartira-vnukovskoe-letchika-ulyanina-ulica-2363441093-4.jpg,ЖК «Солнцево парк»,"Москва, НАО (Новомосковский), м. Рассказовка, Внуковское поселение, улица Летчика Ульянина, 7",Транспортом,8600000.0,206731.0,1.0,5.0,17.0,41.6,"Вашему вниманию предлагаются 1 комнатные Апартаменты в ЖК Солнцево парк, в доме 2017 года постройки, дом построен по индивидуальному проекту, площадью 41,6/20/14, всего в 12 минутах ходьбы от станции метро Пыхтино, выход 1. 

Апартаменты с функциональной планировкой, линейная, окна смотрят на улицу. Имеется лоджия, одна изолированная комната площадью 20 кв.м. 
Апартаменты в хорошем состоянии, ремонт выполнен из качественных строительных материалов, кухня просторная, со встроенной техникой, выполнена по индивидуальному проекту. В комнате на полу ламинат, на кухне плитка. Совмещенный С/У, оборудован качественной сантехникой, установлены приборы учета, гребенки на горячее и холодное водоснабжение. Имеется гардеробная комната, высокие потолки, натяжные.
Чистый подъезд, лифты пассажирский и грузовой. Ухоженный благоустроенный двор, подземный паркинг, видео-наблюдение.   

Развитая инфраструктура района: школы, детские сады, банки, аптеки, социальные и экстренные службы, поликлиника для взрослых и детская поликлиника 212, стоматология, несколько супермаркетов, торговые центры, пункты выдачи заказов, продовольственные магазины, фитнес-клуб, кафе и рестораны, салоны красоты, Боровский парк, парк Рассказовка.  Все это шаговой доступности от дома. 

Хорошая транспортная доступность: удобный выезд на Боровское, Киевское и Филатовское шоссе. 

Документы: ДДУ 2014 года, полная стоимость в договоре, 1 взрослый собственник, возможна ипотека, свободная продажа.",,41.6,8.6,206.7
https://www.cian.ru/sale/flat/309186689/,https://images.cdn-cian.ru/images/2350302335-4.jpg,ЖК «Новое Внуково»,"Москва, НАО (Новомосковский), м. Рассказовка, № 37 кв-л, Новое Внуково ЖК, к32",Транспортом,9666981.0,217382.0,1.0,8.0,9.0,44.47,"Ипотека 5,9% на два года. Продается 1-комн. квартира. Квартира расположена на 8 этаже 9 этажного монолитно-кирпичного дома (Корпус 32, Секция 4) в ЖК ""Новое Внуково"" от группы ""Самолет"". 

""Новое Внуково"" — это жилой комплекс в Новой Москве, у подножия берега реки Незнайка. Поблизости — живописные места для прогулок: народный парк ""Ручеек"", усадьба Старо-Никольское, Валуевский и Ульяновский лесопарки.
Часть домов сдана и внутри района уже открыт детсад с бассейном, а в ближайшее время откроются еще 3 детсада, 2 школы и поликлиника.
На территории проекта будет построен первый в России Центр Российской Федерации Баскетбола, где будут площадки с трибунами, тренажерный зал, кафе и конференц-зал.
Дворы-парки закрыты от машин и посторонних. На территории — прогулочный маршрут вдоль реки Незнайка и набережная с шезлонгами и качелями для отдыха. Также здесь появится плейхаб ""Незнайка на Луне"", площадь для мероприятий с сухим фонтаном, летним кинотеатром и кафе.
В жилом комплексе — монолитные дома высотой от 6 до 14 этажей. Фасады облицованы кирпичом природных оттенков.
 
Цена динамическая и может отличаться, уточняйте актуальность у застройщика.",,44.5,9.7,217.4
https://odintsovo.cian.ru/sale/flat/311407485/,https://images.cdn-cian.ru/images/kvartira-vniissok-mihaila-kutuzova-ulica-2354033566-4.jpg,ЖК «Гусарская баллада»,"Московская область, м. Рассказовка, Одинцовский городской округ, пос. ВНИИССОК, улица Михаила Кутузова, 15",Транспортом,7500000.0,154959.0,1.0,10.0,17.0,48.4,"10 минут пешком от ж/д станции Пионерская.
Свободная продажа. Полная стоимость в договоре.
В ЖК Гусарская Баллада продается солнечная уютная 1-комнатная квартира обшей площадью 48.4м2  с хорошим ремонтом под ""себя"". Окна в сторону от дорог, поэтому в квартире тихо. Функциональное планировочное решение - лоджия 5м2 (утеплена и используется как полноценное помещение в любое время года), кухня 12м2, комната 18.5м2, санузел 3.8м2, в коридоре гардеробная/кладовая 4м2. Покупателям остается встроенная кухня, посудомоечная машина, вытяжка, плита с духовкой, система очистки воды, видеодомофон.
Видеонаблюдение, охранная сигнализация. Закрытый коридор на 3 квартиры, хорошие соседи.
1 взрослый собственник. Юридически свободна. 
Чистый подъезд. Закрытая территория ЖК с развитой инфраструктурой для жителей: детская игровая площадка, зона отдыха с фонтаном, детский сад, торговый и медицинский центры, кафе, пункты доставки.
Показы по предварительной договоренности. Звоните!",,48.4,7.5,155.0
https://www.cian.ru/sale/flat/303719525/,https://images.cdn-cian.ru/images/2278427782-4.jpg,,"Москва, НАО (Новомосковский), м. Рассказовка, Московский г., 3-й мкр, 11",Транспортом,9800000.0,235012.0,1.0,17.0,17.0,41.7,"Арт. 68178436 Выход на сделку по ипотеке от 14,75% годовых!!!
        
Продается однокомнатная квартира в Новой Москве  прописка Москва! 
Общая площадь квартиры  41,7 м2
Комната  17,6 м2
Кухня  10,2 м2

         Квартира просторная, светлая, с большим эркерным окном, со свежим ремонтом, летом прохладно, зимой очень тепло. Кухня со встроенным гарнитуром и дополнительным спальным местом. Оборудована встроенная гардеробная в прихожей. Просторная застекленная лоджия. На полу в комнате и прихожей ламинат, на кухне и ванной  плитка.

Квартира расположена на 17 этаже 17-этажного панельного дома 2010 года постройки. Чистый подъезд, есть консьерж, хорошие, спокойные соседи. Всегда имеются свободные места вокруг дома. В доме один грузовой и один пассажирский лифт.
- 2 взрослых собственника
- без обременений 
- возможна ипотека
- полная цена в ДКП
- быстрый выход на сделку

  Дом расположен в одном из экологически чистых районов Московской области. Сразу за домом огромный лесопарк с множеством прогулочных дорожек, которые ведут к речке Ликова, Шаляпинскому роднику с чистой ключевой водой. В парке оборудованы зоны для отдыха, спортивные площадки, велодорожки, специальные огороженные площадки для выгула собак, камеры видеонаблюдения. 

 Во дворе дома детская и спортивная площадки, в пешей доступности школы и детские сады. Рядом салоны красоты, кафе, магазины Пятерочка,  Вкус Вилл, аптеки, стоматология Белая Сова, государственная поликлиника, лаборатория Инвитро, СДЕК, пункты выдачи Яндекс Маркет, пиццерии, отделения Сбербанка и ВТБ. Также близко находится ТЦ Новомосковский с множеством магазинов, открытый рынок. 

В 30 минутах ходьбы находится метро и автовокзал Саларьево, метро Филатов Луг. Остановка автобуса прямо у дома, 3 минуты пешком. Удобный и быстрый выезд на Киевское шоссе без светофоров, до МКАД всего 4 км на автомобиле. 
 
По всем интересующим вопросам звоните в любое время! Оперативный показ!",,41.7,9.8,235.0
https://odintsovo.cian.ru/sale/flat/285451542/,https://images.cdn-cian.ru/images/2312753486-4.jpg,ЖК «Равновесие»,"Московская область, м. Рассказовка, Одинцовский городской округ, с. Перхушково, Равновесие мкр, 7",Транспортом,6723948.0,175560.0,1.0,1.0,5.0,38.3,"Указанная акционная стоимость доступна при 100% оплате или ипотеке без субсидирования. Цена действует до 15.01.2025 23:00:00. Стоимость без акции 8004700.

Продаётся апартамент с 1 комнатой общей площадью 38.30 кв. метров на 1 этаже жилого квартала комфорт-класса ""Равновесие"".

Срок сдачи: 3 кв. 2023

На территории комплекса будет возведен детский сад на 360 мест, а на первых этажах жилых домов откроются кафе, магазины и все необходимое для удобства жителей.

Локация ""Равновесия"" выделяется среди других пригородных ЖК разнообразием быстрых маршрутов до Москвы. Для автомобилистов преимуществом станут удобные выезды на Можайское шоссе, Рублёво-Успенское шоссе, Минское шоссе с платной трассой и другие. Также в пешей доступности находятся две ж/д станции — ""Жаворонки"" и ""Здравница"". Дорога на электропоезде до делового центра ""Москва-Сити"" составит всего 35 минут.

Особенности ЖК:

- Малоэтажная застройка: 4-6 этажей;
- Благоустроенный пешеходный бульвар;
- Пространства для отдыха и спорта;
- Квартиры с террасами на последних этажах;
- Квартиры с отдельным входом на первых этажах;
- Внутренняя территория квартала свободна от машин;
- Безбарьерная среда;
- Помещения для хранения детских колясок и спортивного инвентаря.))",,38.3,6.7,175.6
https://www.cian.ru/sale/flat/309683881/,https://images.cdn-cian.ru/images/kvartira-filatov-lug-kartmazovskie-prudy-ulica-2318887008-4.jpg,,"Москва, НАО (Новомосковский), м. Рассказовка, Филатов Луг ЖК, улица Картмазовские Пруды, 2к1",Транспортом,8988888.0,256825.0,1.0,7.0,22.0,35.0,"Хороший этаж и вид из окна,с уже замененным балконным остеклением солнечная сторона
Брали за НАЛ,ни ОБРЕМЕНЕНИЙ,ма капитала, долгов,ипотеки,залога НЕТ 
один взрослый собственник, НИКТО НЕ ПРОПИСАН,прямая продажа",,35.0,9.0,256.8
https://www.cian.ru/sale/flat/310988891/,https://images.cdn-cian.ru/images/kvartira-3y-2344613193-4.jpg,,"Москва, НАО (Новомосковский), м. Рассказовка, Московский г., 3-й мкр, 5",Транспортом,10150000.0,225556.0,1.0,17.0,17.0,45.0,"Продам 1-а комнатную квартиру, с видом на парк, в 8 км от МКАД по Киевскому шоссе. 
Квартира без обременений,  один взрослый собственник, обременений нет, юридически и физически свободна. Покупали более 10 лет назад. 

Прямо за домом лесопарк с экологической тропой, которая ведет к речке Ликова, ""Шаляпинскому роднику"" . В лесу оборудованные зоны барбекю, велодорожки, спортивные площадки, специальные огороженные площадки для выгула собак, камеры видеонаблюдения.

3-й микрорайон г. Московский - это хорошо обустроенный жилой комплекс с развитой инфраструктурой и транспортной доступностью. Во дворе дома два детских сада, в шаговой доступности школа, которая является одной из лучших школ в рейтинге по Новой Москве, музыкальная и художественная школы, центр спорта, бассейн, торгово-развлекательный центр ""Новомосковский"", фитнес-клуб ""OHANA FIT"", МФЦ, поликлиника, отделения Сбербанка и ВТБ, многоуровневая парковка, остановки общественного транспорта.

До станции метро Филатов Луг по новой дороге 10 мин на транспорте. 
Московский является одним из самых экологически благополучных направлений, в окружении естественной природы лесных массивов Ульяновского и Валуевского лесопарков, в 15 мин езды от МКАД. 

Документы на руках. Один взрослый собственник, быстрый выход на сделку.
Помощь в получении ипотеки в ведущих банках.",,45.0,10.2,225.6
https://www.cian.ru/sale/flat/307050150/,https://images.cdn-cian.ru/images/2334394979-4.jpg,ЖК «Середневский лес»,"Москва, НАО (Новомосковский), м. Рассказовка, Середневский Лес ЖК, 4.3",Транспортом,8518326.0,209811.0,1.0,1.0,9.0,40.6,"Продаётся 1-комн. квартира площадью 40,6 кв.м на 1 этаже 9 этажного дома (Корпус 4.3, Секция 3) проекта ПИК Середневский лес. Светлый просторный подъезд на уровне земли, функциональная планировка, большие окна, .
 
В 10 минутах на автомобиле находится станция метро ""Внуково"", а в 15 минутах — станции ""Филатов Луг"" и ""Саларьево"". От них до центра Москвы всего 3540 минут. На рейсовом автобусе от жилого квартала до метро ""Филатов Луг"" — 20 минут.
 
На территории ""Середневского леса"" появилось общественное пространство с игровыми площадками, местами для отдыха, пешеходными маршрутами и велопарковкой — для прогулок, отдыха и встреч жителей квартала. Также внутри жилого квартала уже открыта школа на 1100 мест и детский сад для 325 малышей. В дальнейшем откроется ещё один сад для 340 детей. Артикул 966325  (Застройщик ООО ""Специализированный застройщик Середнево"")",,40.6,8.5,209.8
https://odintsovo.cian.ru/sale/flat/308849190/,https://images.cdn-cian.ru/images/2366817985-4.jpg,ЖК «Одинбург»,"Московская область, Одинцово, м. Рассказовка, Северная улица, 7",Транспортом,10900000.0,234914.0,1.0,18.0,18.0,46.4,"Номер в базе: 3793681. Уважаемые покупатели, Вашему вниманию предлагается шикарная 1-комнатная квартира-пентхаус на последнем этаже ЖК Одинбург.
Эксклюзивная, видовая квартира с дизайнерским ремонтом и мебелью.
Высота потолков 3,5 метров, панорамные окна, шумоизоляция, дорогостоящая техника и мебель.
В ЖК имеется вся необходимая инфраструктура: магазины, аптеки, стоматология, школа,детский сад,подземный паркинг.
Удобная транспортная доступность, общественный транспорт, МЦД,  быстрый выезд на платную дорогу, добраться до центра Москвы можно за 20 мин.

Возможен ТОРГ и БОНУС агенту! 

Быстрый выход на сделку.
Юридическая и финансовая гарантия.
Записывайтесь на просмотр.По всем интересующим вопросам-звоните!






Код пользователя: 168100",,46.4,10.9,234.9
https://www.cian.ru/sale/flat/311816982/,https://images.cdn-cian.ru/images/2362459378-4.jpg,ЖК «Рассказово»,"Москва, НАО (Новомосковский), м. Рассказовка, Внуковское поселение, бульвар Андрея Тарковского, 4",Пешком,10300000.0,256219.0,1.0,5.0,9.0,40.2,"Код объекта: 624806.
 Продается  однокомнатная  квартира  в ЖК Рассказово, без ремонта .
Двор без машин, оборудованные спортивные и детские площадки. На территории ЖК собственный пруд, круглосуточная охрана, видеонаблюдение, въезд по пропускам. Многоуровневый паркинг и гостевая парковка.
ЖК Рассказово окружен Ульяновским лесопарком, что дает возможность любителям природы совершать прогулки на свежем воздухе.
На территории ЖК находится все необходимое: магазины ""Пятерочка"", ""Вкус Вилл"", кафе, пекарня, аптеки, химчистка, Озон, Вайлдберрис, мойка, частный детский сад.
На территории жилого комплекса ведется строительство большой школы, 2 детских садов, собственный торговый центр с кинотеатром и поликлиника. 
Отличная транспортная доступность: до станции метро Рассказово 10 минут пешком, до МКАД 8 км по Боровскому или Киевскому шоссе. До аэропорта Внуково и Аутлета Внуково 10 минут на автомобиле.
1 собственник, продажа по ДКП, полная стоимость в договоре. Быстрый выход на сделку.",,40.2,10.3,256.2
https://www.cian.ru/sale/flat/309051699/,https://images.cdn-cian.ru/images/2306228861-4.jpg,ЖК «Город-парк Первый Московский»,"Москва, НАО (Новомосковский), м. Рассказовка, Московский г., Первый Московский мкр, Первый Московский ЖК",Транспортом,10807027.0,255485.0,1.0,17.0,19.0,42.3,"Продается однокомнатная квартира  с отделкой в 9 фазе города-парка ""Первый Московский"". 
Общая площадь квартиры - 42,3 кв. м, этаж 17 из 19. 
Срок сдачи - 2 квартал 2027 года. 
Тип дома - монолитный. 
 
Новый корпус состоит из 3х секций:
Все секции с отделкой White Box с возможностью дополнительного выбора дизайнерской отделки: Classic или Smart+ 
 
Город-парк ""Первый Московский"" расположен всего в 7 км по Киевскому шоссе (Новая Москва). Из города-парка прямой выезд на Киевское шоссе и трассу Солнцево-Бутово-Варшавское шоссе. 
 
ТРАНСПОРТНАЯ ДОСТУПНОСТЬ: 
 
- 5 мин. на личном автомобиле или 10 мин. на автобусе 189, 147, 193  до станции метро ""Филатов Луг""
- 5 мин. на личном автомобиле или 12 мин. на автобусе 863 до станции метро ""Саларьево""
- 6 мин. на личном автомобиле или 15 мин. на автобусе 333 до станции метро ""Рассказовка"" 
 
РАЗВИТАЯ ИНФРАСТРУКТУРА В ОКРУЖЕНИИ: 
 
- общеобразовательная школа 2120 корпуса д1, д7, ш1-ш5
- детский сад 2120 корпуса д2, д9 
- школа искусств
- городская больница, детская поликлиника, филиал 5
- подстанция скорой помощи 58 и пожарно-спасательный центр 313
- отдел полиции, отдел ГИБДД
- торговые центры Столица и Новомосковский 
- стадион, каток, бассейн
- кафе, продуктовые магазины, аптеки, фитнес центры, салоны красоты и пр. 
 

БЛАГОУСТРОЙСТВО: 
 
- дворы без машин
- разнообразные детские площадки и развивающие комплексы
- детские площадки разделены по возрастным группам
- максимальная близость корпуса к пару Филатов луг
- озеленение территории с учетом зонирования, островками для отдыха 
 
ОСОБЕННОСТИ АРХИТЕКТУРЫ: 
 
- безбарьерные входные группы
- велопарковка на -1 этаже
- колясочные в каждой входной группе
- коммерческие помещения на 1 этаже в трех секциях
- кладовые помещения расположены на жилых этажах и на -1 этаже
- в каждой секции корпуса по 4 лифта: 2 пассажирских, 2 грузовых
- видеонаблюдение установленное в холлах первых этажей, у подъездов и прилегающей территории 
 
АВТОРСКИЙ ДИЗАЙН: 
 
Входные группы выполнены по авторскому дизайну, оснащены системой ""тёплый пол"". В каждой входной группе будет располагаться комфортабельная зона ожидания, почтовые ящики с ячейкой для спама, колясочная, акцентные пуфы и столик.",,42.3,10.8,255.5
https://www.cian.ru/sale/flat/311773255/,https://images.cdn-cian.ru/images/2369513218-4.jpg,,"Москва, НАО (Новомосковский), м. Рассказовка, Внуковское поселение, улица Бориса Пастернака, 27к2",Пешком,11150000.0,278750.0,1.0,15.0,17.0,40.0,"Продам светлую и просторную однокомнатную квартиру с хорошим ремонтом, в шаговой доступности от метро Рассказовка. Общая площадь квартиры - 40 кв.м, кухня с эркером 10.1 кв.м, комната 18.9 кв.м, Имеется вся необходимая для комфортного проживания мебель и техника, которая остается Покупателю.
В собственности более 5-ти лет.
Торг обсуждается.
Звоните, будем рады показать.
Сниженная ипотечная ставка для клиентов от банков-партнеров ""Азбуки Жилья"". Обмен вашей квартиры или другой недвижимости. Звоните.",,40.0,11.2,278.8
https://www.cian.ru/sale/flat/308906490/,https://images.cdn-cian.ru/images/kvartira-grad-moskovskiy-georgievskaya-ulica-2302479985-4.jpg,,"Москва, НАО (Новомосковский), м. Рассказовка, Московский г., Град Московский мкр, улица Георгиевская, 1",Транспортом,8970000.0,236053.0,1.0,2.0,17.0,38.0,"Светлая чистая квартира в доме рядом с парком!   Альтернативная продажа
Однокомнатная квартира на втором этаже один взрослый собственник. Квартира теплая, уютная. Лоджия застеклена. 
 Чистый подъезд, приятные соседи.

 Дом на первой линии от парка ""Филатов Луг"". Выход из подъезда на детскую площадку. Сразу за детской площадкой вход в парк! В парке прогулочные зоны, детские и спортивные площадки. через парк и далее по освещаемой дорожке выход к метро. 

 Развитая инфраструктура района.
  В пешей доступности детские сады, школы, магазины, кафе, детская поликлиника, торговые центры и многое другое.
Один взрослый собственник. Показ по договоренности",,38.0,9.0,236.1
https://www.cian.ru/sale/flat/311082512/,https://images.cdn-cian.ru/images/2346859724-4.jpg,ЖК «Детали»,"Москва, НАО (Новомосковский), м. Рассказовка, пос. Марьино, Детали ЖК",Транспортом,9490534.0,213751.0,1.0,2.0,23.0,44.4,"ЖК ""Детали"" - бизнес-класс по цене комфорта! 

Покупка квартиры в ЖК ""Детали"" - это хорошая инвестиция.
 
Преимущества комплекса:
-  Московская прописка
- Близость к метро Филатов Луг - 15 минут
- Подземный паркинг
- Закрытая охраняемая территория
- Автобусная остановка, сады, школы и поликлиника в шаге от дома
- Уютные лобби с зоной коворкинга, фитнесом и детским клубом
-  Окна в пол, мастер-спальни и гардеробные

Продается 1-к квартира общей площадью 44.4 кв. метра на 2-м этаже комплекса бизнес-класса ""Детали"".

Благодаря продуманной ступенчатой застройке и панорамному остеклению квартиры здесь получают максимум естественного освещения в течение дня. Ваша квартира будет не только светлой и уютной, но и комфортной благодаря эргономичной планировке.
 
Квартиры в ЖК Детали - это возможность быть ближе к природе, не теряя преимуществ крупного мегаполиса!
 
Транспортная доступность:
- Автобусная остановка в 15 метрах от дома
- Метро ""Филатов Луг"" - 15 минут на общественном транспорте
- Метро ""Десна"" - 10 минут (открытие 2027 г.)
- МКАД - 15 км
- 50 минут до центра Москвы

Локация:
Дом расположен в центре поселка Марьино, поселение Филимонковское Новой Москвы, в окружении открытых детских садов, школ и поликлиники. По соседству на 17 гектарах раскинулся лесной массив парка ""Марьино"" и протекает река ""Незнайка"". Это один из самых экологически благоприятных районов Москвы по данным рейтинга EcoStandart Group.

На территории ЖК девелопер реализует:
- Два собственных детских сада по 250 мест. Ввод в эксплуатацию планируется в 4-м квартале 2026 года, в 1-м квартале 2027 года
- В каждом лобби спроектированы общественный санузел, мягкая зона для комфортного ожидания курьера или такси, предусмотрены отдельные помещения для хранения колясок, велосипедов и самокатов, а также помещения для мойки лап собакам
- Для мам с колясками продуман безбарьерный вход
- Каждая секция ЖК - с панорамным остеклением, индивидуальным дизайном и приятным интерьером
- Подземный охраняемый паркинг, оснащенный системой считывания номеров, с доступом на лифте с любого этажа
- Наземный паркинг с зарядкой для электрокаров
- Безопасная закрытая территория комплекса с системой контроля и управления доступом
- Приватный двор с многоуровневым ландшафтным парком, детскими площадками, зонами для отдыха и арт-объектами
- Двор без машин - изюминка проекта. В жилом комплексе Детали вся территория будет под видеонаблюдением и охраной
 
Поселение Филимоновское это:
- Валуевский лесопарк
- Исторические памятники архитектуры
- Конные и теннисные клубы, горнолыжные склоны, реки и водоемы.
Здесь развита образовательная инфраструктура: школы, детские сады, спортивные и творческие секции. Безусловно, здесь также есть всё необходимое и для повседневной жизни.
 
Все условия для покупки:
- Рассрочка
- Семейная ипотека
- Материнский капитал
- Траншевая ипотека
- Военная ипотека
- Trade-In
- Индивидуальные скидки
 
Звоните и записывайтесь на просмотр!",,44.4,9.5,213.8
https://odintsovo.cian.ru/sale/flat/310951130/,https://images.cdn-cian.ru/images/2343827263-4.jpg,ЖК «Гусарская баллада»,"Московская область, м. Рассказовка, Одинцовский городской округ, пос. ВНИИССОК, улица Михаила Кутузова, 15",Транспортом,7900000.0,185882.0,1.0,8.0,17.0,42.5,"Номер в базе: 1794334. **ШИКАРНЫЙ ВАРИАНТ ДЛЯ СТАРТА ЖИЗНИ В СТОЛИЦЕ! **

Предлагаю Вам уникальную возможность стать владельцем стильной и просторной однокомнатной квартиры площадью 42,5 м² в престижном жилом комплексе ""Гусарская Баллада"". Этот проект комфорт-класса не раз завоевывал премии Urban Awards и RREF Awards, что подтверждает его высокое качество и привлекательность.

**Отличная транспортная доступность:** 
Жилой комплекс расположен в живописном Одинцовском районе, в 12 км от МКАД. Вы сможете добраться до делового центра Москвы всего за 15 минут по трассе М1, 5 минут до МКАД. Для любителей общественного транспорта предусмотрена скоростная электричка от станции МЦД Одинцово —до нее 10 минут транспортом, ж/д станции Пионерская - 10 минут неспешным шагом.

**Инфраструктура и природа:** 
Окруженный зелеными парками с вековыми деревьями, этот район станет настоящим оазисом для любителей активного образа жизни. В шаговой доступности находится круглосуточный фитнес-центр LIME FITNESS Одинцово — крупнейший на западе Подмосковья. Шикарная спортивная инфраструктура и зелёные зоны помогут Вам быть ближе к природе и вести здоровый образ жизни.
На территории ЖК Вы также найдете все необходимое для комфортной жизни: МФЦ, магазины, аптеки, кафе и салоны красоты. Безопасность и комфорт обеспечены — территория огорожена и находится под круглосуточным видеонаблюдением.

**Образование для детей:** 
Если у вас есть дети или вы планируете их завести, вам будет приятно узнать, что в ЖК предусмотрена вся необходимая инфраструктура для их воспитания. 
В прошлом году на территории ЖК открылся образовательный центр ""Багратион"" — самый большой в Подмосковье и третий по величине в России. Рядом с домом расположено несколько государственных детских садов и множество других учреждений.

**О квартире:** 
Эта квартира — идеальный выбор для тех, кто ценит комфорт и уют. Выполненный качественный ремонт создаст атмосферу тепла и уюта. Просторная комната с окнами, выходящими во двор, обеспечит вам спокойствие и уединение. Удобная кухня с выходом на балкон станет прекрасным местом для семейных ужинов и утреннего кофе. В большой прихожей есть возможность организовать гардеробную или дополнительное спальное место для гостей. Совмещенный санузел выполнен с учетом современных стандартов.


Не упустите свой шанс стать обладателем этой уютной квартиры в престижном жилом комплексе! Звоните прямо сейчас и запишитесь на просмотр! Ваш новый дом ждет вас!

Покупая указанную квартиру со мной, Вы получите: 
• Полное физическое и юридическое сопровождение сделки на всех этапах 
• Безопасную покупку, финансовую гарантию на полную стоимость объекта
• Бесплатное одобрение ипотеки с пониженной процентной ставкой 
Узнай подробности по телефону!
Код пользователя: 162615",,42.5,7.9,185.9
https://www.cian.ru/sale/flat/305731107/,https://images.cdn-cian.ru/images/kvartira-vnukovo-izvarinskaya-ulica-2239082502-4.jpg,,"Москва, ЗАО, р-н Внуково, м. Рассказовка, улица Изваринская, 1",Транспортом,9000000.0,244565.0,1.0,2.0,17.0,36.8,"Вашему вниманию предлагаем на продажу однокомнатную квартиру

 Отличная локация: рядом располагаются детские сады, школы, индустриальный колледж, поликлиника, магазины и  ТЦ. Во дворе детские площадки, спортивный центр Пегас с бассейном и тренажёрами, в пешей доступности Изваринский пруд

 Хорошее транспортное и автобусное сообщение 

 -метро Аэропорт Внуково - 6 минут 

 -МЦД4 Лесной Городок -8 минут

 -метро Пыхтино- 8 минут

  Общая площадь 37,6 м2.,  застеклённая лоджия, санузел совмещенный

 Свободная продажа, 2 собственника,  полная стоимость в договоре. Подробности по телефону, показ по предварительной договорённости",,36.8,9.0,244.6
https://www.cian.ru/sale/flat/311082512/,https://images.cdn-cian.ru/images/2346859724-4.jpg,ЖК «Детали»,"Москва, НАО (Новомосковский), м. Рассказовка, пос. Марьино, Детали ЖК",Транспортом,9490534.0,213751.0,1.0,2.0,23.0,44.4,"ЖК ""Детали"" - бизнес-класс по цене комфорта! 

Покупка квартиры в ЖК ""Детали"" - это хорошая инвестиция.
 
Преимущества комплекса:
-  Московская прописка
- Близость к метро Филатов Луг - 15 минут
- Подземный паркинг
- Закрытая охраняемая территория
- Автобусная остановка, сады, школы и поликлиника в шаге от дома
- Уютные лобби с зоной коворкинга, фитнесом и детским клубом
-  Окна в пол, мастер-спальни и гардеробные

Продается 1-к квартира общей площадью 44.4 кв. метра на 2-м этаже комплекса бизнес-класса ""Детали"".

Благодаря продуманной ступенчатой застройке и панорамному остеклению квартиры здесь получают максимум естественного освещения в течение дня. Ваша квартира будет не только светлой и уютной, но и комфортной благодаря эргономичной планировке.
 
Квартиры в ЖК Детали - это возможность быть ближе к природе, не теряя преимуществ крупного мегаполиса!
 
Транспортная доступность:
- Автобусная остановка в 15 метрах от дома
- Метро ""Филатов Луг"" - 15 минут на общественном транспорте
- Метро ""Десна"" - 10 минут (открытие 2027 г.)
- МКАД - 15 км
- 50 минут до центра Москвы

Локация:
Дом расположен в центре поселка Марьино, поселение Филимонковское Новой Москвы, в окружении открытых детских садов, школ и поликлиники. По соседству на 17 гектарах раскинулся лесной массив парка ""Марьино"" и протекает река ""Незнайка"". Это один из самых экологически благоприятных районов Москвы по данным рейтинга EcoStandart Group.

На территории ЖК девелопер реализует:
- Два собственных детских сада по 250 мест. Ввод в эксплуатацию планируется в 4-м квартале 2026 года, в 1-м квартале 2027 года
- В каждом лобби спроектированы общественный санузел, мягкая зона для комфортного ожидания курьера или такси, предусмотрены отдельные помещения для хранения колясок, велосипедов и самокатов, а также помещения для мойки лап собакам
- Для мам с колясками продуман безбарьерный вход
- Каждая секция ЖК - с панорамным остеклением, индивидуальным дизайном и приятным интерьером
- Подземный охраняемый паркинг, оснащенный системой считывания номеров, с доступом на лифте с любого этажа
- Наземный паркинг с зарядкой для электрокаров
- Безопасная закрытая территория комплекса с системой контроля и управления доступом
- Приватный двор с многоуровневым ландшафтным парком, детскими площадками, зонами для отдыха и арт-объектами
- Двор без машин - изюминка проекта. В жилом комплексе Детали вся территория будет под видеонаблюдением и охраной
 
Поселение Филимоновское это:
- Валуевский лесопарк
- Исторические памятники архитектуры
- Конные и теннисные клубы, горнолыжные склоны, реки и водоемы.
Здесь развита образовательная инфраструктура: школы, детские сады, спортивные и творческие секции. Безусловно, здесь также есть всё необходимое и для повседневной жизни.
 
Все условия для покупки:
- Рассрочка
- Семейная ипотека
- Материнский капитал
- Траншевая ипотека
- Военная ипотека
- Trade-In
- Индивидуальные скидки
 
Звоните и записывайтесь на просмотр!",,44.4,9.5,213.8
https://www.cian.ru/sale/flat/309640536/,https://images.cdn-cian.ru/images/kvartira-vnukovskoe-andreya-tarkovskogo-bulvar-2317652106-4.jpg,ЖК «Рассказово»,"Москва, НАО (Новомосковский), м. Рассказовка, Внуковское поселение, бульвар Андрея Тарковского, 9к1",Транспортом,13650000.0,300000.0,1.0,7.0,11.0,45.5,"Продается квартира с чудесным видом на лес в ЖК ""Рассказово"". Сочетает в себе комфортное проживание в городской среде в окружении природы! Квартира расположена на 7 этаже, имеет следующие характеристики: просторная кухня 18.6 м.кв, жилая комната 14.8, большая лоджия, коридор 4.6, санузел 3.9. Территория закрытая. уютный тихий спокойный двор! 1 взрослый собственник, никто не прописан. Свободная продажа. Обременений нет. Рассмотрим ипотеку. Помощь в оформлении ипотеки. Приезжайте на просмотр, уважаемые покупатели!",,45.5,13.7,300.0
https://www.cian.ru/sale/flat/311938831/,https://images.cdn-cian.ru/images/kvartira-moskovskiy-bianki-ulica-2365169014-4.jpg,ЖК «Город-парк Первый Московский»,"Москва, НАО (Новомосковский), м. Рассказовка, Московский г., улица Бианки, 4к2",Транспортом,9050000.0,238158.0,1.0,1.0,17.0,38.0,"ПРОДАЕТСЯ 1-КОМНАТНАЯ КВАРТИРА В ЖК ГОРОД-ПАРК ПЕРВЫЙ МОСКОВСКИЙ
О квартире:
- Общая площадь квартиры 38 кв.м;
- Квартира находится на 1-м этаже 17-ти этажного дома;
- Потолки 272 см.;
- Жилая комната 19 кв.м;
- Кухня 12 кв.м.;
- Санузел совмещенный
О доме:
- Дом 2015 года постройки;
- Дом панельный;
- В доме 17 этажей, действуют 2 лифтаДокументы:
-Один собственник
-Свободная продажа
-Квартира покупалась по ДДУ
Расположение квартиры
-При выходе из дома находится остановка общественного транспорта, откуда регулярно курсируют автобусы до метро Филатов луг и Саларьево
-Из дома легкий выезд на Киевское шоссе, по которому можно быстро добраться до центра
-До аэропорта Внуково можно доехать за 10 минут
-В пешей доступности расположен прекрасный зеленый парк Филатов Луг, где находится множество детских площадок, зоны барбекю, поле для игры в футбол и волейбол.
-В округе множество школ и детских садов, крупные сетевые продуктовые магазины (лента, пятерочка, магнит)
-Недалеко от дома находится крупный торговый центр, с различными магазинами, фитнес-клубом, развлекательным центром.
Прекрасное предложение в тихом семейном районе!
Оказываем содействие в одобрении ипотеки;
Страхование сделки!
Звоните. Записывайтесь на показ объекта прямо сейчас.
Рады будем ответить на все ваши вопросы!",,38.0,9.1,238.2
https://www.cian.ru/sale/flat/312199770/,https://images.cdn-cian.ru/images/2370959888-4.jpg,ЖК «Новое Внуково»,"Москва, НАО (Новомосковский), м. Рассказовка, № 37 кв-л, Новое Внуково ЖК, к25",Транспортом,8229546.0,201754.0,1.0,9.0,9.0,40.79,"Ипотека 5,9% на два года. Продается 1-комн. квартира. Квартира расположена на 9 этаже 9 этажного монолитного дома (Корпус 25, Секция 1) в ЖК ""Новое Внуково"" от группы ""Самолет"". 

""Новое Внуково"" — это жилой комплекс в Новой Москве, у подножия берега реки Незнайка. Поблизости — живописные места для прогулок: народный парк ""Ручеек"", усадьба Старо-Никольское, Валуевский и Ульяновский лесопарки.
Часть домов сдана и внутри района уже открыт детсад с бассейном, а в ближайшее время откроются еще 3 детсада, 2 школы и поликлиника.
На территории проекта будет построен первый в России Центр Российской Федерации Баскетбола, где будут площадки с трибунами, тренажерный зал, кафе и конференц-зал.
Дворы-парки закрыты от машин и посторонних. На территории — прогулочный маршрут вдоль реки Незнайка и набережная с шезлонгами и качелями для отдыха. Также здесь появится плейхаб ""Незнайка на Луне"", площадь для мероприятий с сухим фонтаном, летним кинотеатром и кафе.
В жилом комплексе — монолитные дома высотой от 6 до 14 этажей. Фасады облицованы кирпичом природных оттенков.
 
Цена динамическая и может отличаться, уточняйте актуальность у застройщика.",,40.8,8.2,201.8
https://www.cian.ru/sale/flat/311433931/,https://images.cdn-cian.ru/images/2354556465-4.jpg,ЖК «Переделкино Ближнее Город-парк»,"Москва, НАО (Новомосковский), м. Рассказовка, Внуковское поселение, улица Бориса Пастернака, 14",Пешком,12400000.0,300242.0,1.0,6.0,9.0,41.3,"Арт. 87254068 Продается однокомнатная квартира в новом монолитном доме комфорт-класса в ЖК Переделкино Ближнее.

Общая площадь квартиры — 41.3 кв. м, кухня 10.9 кв. м. 
Квартира находится на 6-м этаже 12-этажного дома, построенного в 2021 году. 
Окна выходят на Москву и школу, а также боковой вид на пруд.
Квартира без ремонта, что дает вам возможность создать интерьер вашей мечты с нуля. Планировка позволяет организовать пространство по вашему вкусу, создавая уютную атмосферу.  

В доме два лифта: пассажирский и грузовой.


Вся инфраструктура в шаговой доступности: детский сад, школа, магазины, кофейни, аптеки, банки, бытовые услуги.  

До станции МЦД Мичуринец 10 мин пешком и через 25 мин вы на Киевском вокзале.  


Звоните!",,41.3,12.4,300.2
https://www.cian.ru/sale/flat/311731176/,https://images.cdn-cian.ru/images/2360812688-4.jpg,ЖК «Город-парк Первый Московский»,"Москва, НАО (Новомосковский), м. Рассказовка, Московский г., улица Бианки, 4к1",Транспортом,9100000.0,236364.0,1.0,14.0,17.0,38.5,"Id 382120. Однокомнатная квартира в прилегающем к лесному массиву районе Новой Москвы!

Альтернатива подобрана, расширение.
Общая площадь 38 м2, комната 20 м2, кухня 8.8 м2, лоджия- 2.2 м2. 
Этаж 14ый, окна выходят в красиво оформленный двор, оборудованный детскими и спортивными площадками, зонами для отдыха. 
2 входа (выхода) - на улицу с берёзовой аллеей и во двор. 
Подъезды с пандусами и местами для колясок и велосипедов. 

В шаговой доступности объекты торговой, спортивной и образовательной инфраструктуры. ТЦ ""Новомосковский"", ТЦ ""Столица"", круглосуточный ""Мираторг"", Дом Культуры со всевозможными занятиями, Зимний бассейн! Спортивные секции для взрослых и детей!


Транспортная доступность: в 5 минутах езды до метро Филатов Луг (пешком 2,5 км), 10 мин. - метро Саларьево, 13 мин. - метро Рассказовка.

Парк Филатов луг, река Зимёнка с рыбой, спортивные площадки, велосипедные дорожки. Общественный транспорт в графике, без перебоев. 

Звоните и записывайтесь на просмотр! Лучшая цена в районе! Оперативный показ!",,38.5,9.1,236.4
https://www.cian.ru/sale/flat/312180516/,https://images.cdn-cian.ru/images/2370510801-4.jpg,ЖК «Середневский лес»,"Москва, НАО (Новомосковский), м. Рассказовка, Середневский Лес ЖК, к4.1",Транспортом,8475282.0,240093.0,1.0,4.0,9.0,35.3,"Продаётся 1-комн. квартира площадью 35,3 кв.м на 4 этаже 9 этажного дома (Корпус 4.1, Секция 3) проекта ПИК Середневский лес. Светлый просторный подъезд на уровне земли, функциональная планировка, большие окна, .
 
В 10 минутах на автомобиле находится станция метро ""Внуково"", а в 15 минутах — станции ""Филатов Луг"" и ""Саларьево"". От них до центра Москвы всего 3540 минут. На рейсовом автобусе от жилого квартала до метро ""Филатов Луг"" — 20 минут.
 
На территории ""Середневского леса"" появилось общественное пространство с игровыми площадками, местами для отдыха, пешеходными маршрутами и велопарковкой — для прогулок, отдыха и встреч жителей квартала. Также внутри жилого квартала уже открыта школа на 1100 мест и детский сад для 325 малышей. В дальнейшем откроется ещё один сад для 340 детей. Артикул 893355  (Застройщик ООО ""Специализированный застройщик Середнево"")",,35.3,8.5,240.1
https://www.cian.ru/sale/flat/311526181/,https://images.cdn-cian.ru/images/kvartira-vnukovskoe-andreya-tarkovskogo-bulvar-2356911431-4.jpg,ЖК «Рассказово»,"Москва, НАО (Новомосковский), м. Рассказовка, Внуковское поселение, бульвар Андрея Тарковского, 3",Пешком,13500000.0,337500.0,1.0,5.0,9.0,40.0,"Комфортная квартира с большой кухней в первой очереди ЖК РассказоVо. Квартира тихая с видом на кислород (Ульяновский лесопарк). Один (первый) собственник со сдачи дома. Огороженная территория ЖК, выход в парк через калитку, пешком до метро Рассказовка, консьерж в подъезде. На территории зоны отдыха, магазины, кафе, пункты выдачи маркетплейсов. В квартире зал, гардеробная, совместный санузел, кухня увеличена за счёт лоджии. Свободная продажа с обстановкой (готовый арендный формат). При ремонте использовались качественные материалы, мебель и техника.",,40.0,13.5,337.5
https://www.cian.ru/sale/flat/312144921/,https://images.cdn-cian.ru/images/2369722153-4.jpg,ЖК «Град Московский»,"Москва, НАО (Новомосковский), м. Рассказовка, Московский г., улица Солнечная, 11",Транспортом,9200000.0,237113.0,1.0,2.0,17.0,38.8,"Id 4274. Продается просторная светлая однокомнатная квартира в микрорайоне Град Московский
Экoлогически чистый и зеленый рaйон Mосквы c лeсопapкoвым кoмплекcом!
Прописка г. Москва!

О КВАРТИРЕ:

Общая площадь 38,8 м². 
Просторная светлая комната около 22 м² с выходом на  утепленный балкон с кафельной плиткой и стеновыми панелями.
Уютная кухня 8 м², укомплектована кухонным гарнитуром и всей необходимой
бытовой техникой.
Совмещенный санузел облицован кафельной плиткой, оборудован душевой панелью и 
встроенным унитазом Roca с инсталяцией .
Квартира в отличном состоянии!

ЗАЕЗЖАЙ И ЖИВИ!

О ДОМЕ:

Дом 2008 года. 
2 этаж в 17-и этажном  панельном доме.
Два лифта: пассажирский и грузовой
Двор без машин
Придомовая территория оборудована детскими и спортивными 
площадками, зеленые зоны для 


РАЗВИТАЯ ИНФРАСТРУКТУРА:

Школы, детсады, спортивные комплексы, поликлиники, аптеки, магазины ,  Спортклуб Спортлэнд,
Ohana все рядом!
Шикарный парк с велосипедной трассой около 2 х километров до метро Филатов Луг.

ОТЛИЧНАЯ ТРАНСПОРТНАЯ ДОСТУПНОСТЬ:

10 мин до м.Филатов луг, 8 мин до м.Рассказовка на автобусе.
Прямой выезд на Киевское шоссе.
7 км от МКАД

В квартире использован материнский капитал, продажа через опеку.
Обременений нет.

ЗВОНИТЕ, ПРИХОДИТЕ, СМОТРИТЕ!",,38.8,9.2,237.1
https://www.cian.ru/sale/flat/312180514/,https://images.cdn-cian.ru/images/2370510790-4.jpg,ЖК «Середневский лес»,"Москва, НАО (Новомосковский), м. Рассказовка, Середневский Лес ЖК, к4.1",Транспортом,9205728.0,234840.0,1.0,5.0,9.0,39.2,"Продаётся 1-комн. квартира площадью 39,2 кв.м на 5 этаже 9 этажного дома (Корпус 4.1, Секция 2) проекта ПИК Середневский лес. Светлый просторный подъезд на уровне земли, функциональная планировка, большие окна, .
 
В 10 минутах на автомобиле находится станция метро ""Внуково"", а в 15 минутах — станции ""Филатов Луг"" и ""Саларьево"". От них до центра Москвы всего 3540 минут. На рейсовом автобусе от жилого квартала до метро ""Филатов Луг"" — 20 минут.
 
На территории ""Середневского леса"" появилось общественное пространство с игровыми площадками, местами для отдыха, пешеходными маршрутами и велопарковкой — для прогулок, отдыха и встреч жителей квартала. Также внутри жилого квартала уже открыта школа на 1100 мест и детский сад для 325 малышей. В дальнейшем откроется ещё один сад для 340 детей. Артикул 893262  (Застройщик ООО ""Специализированный застройщик Середнево"")",,39.2,9.2,234.8
https://www.cian.ru/sale/flat/307666820/,https://images.cdn-cian.ru/images/novostroyka-gorodskie-istorii-2277044751-4.jpg,ЖК «Городские истории (Рассказовка)»,"Москва, НАО (Новомосковский), м. Рассказовка, Городские Истории ЖК",Пешком,9600000.0,264099.0,1.0,2.0,19.0,36.35,"Продается 1-к квартира в строящемся ЖК Городские истории по переуступке прав требования. Жилой комплекс комфорт-класса, расположен в Новой Москве, в 2 минутах пешком от станции метро Рассказовка.
Квартал состоит из трех очередей жилых корпусов переменной этажности.
Квартира располагается на 2-м этаже многоэтажного жилого дома. 

Планировкой квартиры предусмотрена большая кухня-гостиная 17.31 кв м, комната 11,74 кв м, совмещенный санузел и коридор. Квартира будет передана участнику долевого строительства без отделки.
Передача Участнику долевого строительства Объекта не позднее 31 декабря 2025 года.",,36.4,9.6,264.1
https://www.cian.ru/sale/flat/311625877/,https://images.cdn-cian.ru/images/2362288965-4.jpg,ЖК «Бристоль»,"Москва, НАО (Новомосковский), м. Рассказовка, улица Шекспира, 40",Транспортом,9250000.0,208333.0,1.0,3.0,4.0,44.4,"Арт. 89701632 В продаже большая  1-комнатная квартира 44,5м2! 
В уютном поселке в современном жилом комплексе Бристоль, расположенном по Киевскому шоссе, в 7 километрах от МКАД. 
 
О КВАРТИРЕ:
- расположена на 3 этаже с видом во двор
- большие качественные окна-много света
- квартира в бетоне, но с возведёнными стенами
- комната 13м2
- на кухне установлен газовый котел и счетчик
 
 
 О ДОМЕ:
- монолитный дом 2023 года 4 этажа
- наземный паркинг у дома
 
 
ДВОР:
- закрытый на три дома с детской площадкой и зонами отдыха
- круглосуточное видеонаблюдение
 
ИНФРАСТРУКТУРА:
- в радиусе 2 км работают школа, 4 детских сада, продуктовые супермаркеты, спортивные центры, салон красоты, кафе, поликлиника, медицинский центр и ТЦ Vnukovo Outlet Village.
- в пешей доступности находятся Лесопарковая зона и река Ликово. 
- в 1 км расположен развлекательный комплекс ""Глория Парк"" с водоемом и пляжем.
 
ТРАНСПОРТНАЯ ДОСТУПНОСТЬ:
- 7 км до МКАД по Киевскому шоссе
- 3 км до ближайшей станции метро ""Рассказовка"" 
 
 
 О СДЕЛКЕ:
- 1 взрослый собственник
- прописанных нет
- свободная продажа
 
Тишина и уют загородной жизни в Москве!",,44.4,9.2,208.3
https://www.cian.ru/sale/flat/312256484/,https://images.cdn-cian.ru/images/2372015455-4.jpg,ЖК «Новое Внуково»,"Москва, НАО (Новомосковский), м. Рассказовка, № 37 кв-л, Новое Внуково ЖК, к25",Транспортом,10356975.0,266041.0,1.0,6.0,9.0,38.93,"Ипотека 5,9% на два года. Продается 1-комн. квартира. Квартира расположена на 6 этаже 9 этажного монолитного дома (Корпус 25, Секция 2) в ЖК ""Новое Внуково"" от группы ""Самолет"". 

""Новое Внуково"" — это жилой комплекс в Новой Москве, у подножия берега реки Незнайка. Поблизости — живописные места для прогулок: народный парк ""Ручеек"", усадьба Старо-Никольское, Валуевский и Ульяновский лесопарки.
Часть домов сдана и внутри района уже открыт детсад с бассейном, а в ближайшее время откроются еще 3 детсада, 2 школы и поликлиника.
На территории проекта будет построен первый в России Центр Российской Федерации Баскетбола, где будут площадки с трибунами, тренажерный зал, кафе и конференц-зал.
Дворы-парки закрыты от машин и посторонних. На территории — прогулочный маршрут вдоль реки Незнайка и набережная с шезлонгами и качелями для отдыха. Также здесь появится плейхаб ""Незнайка на Луне"", площадь для мероприятий с сухим фонтаном, летним кинотеатром и кафе.
В жилом комплексе — монолитные дома высотой от 6 до 14 этажей. Фасады облицованы кирпичом природных оттенков.
 
Цена динамическая и может отличаться, уточняйте актуальность у застройщика.",,38.9,10.4,266.0
https://www.cian.ru/sale/flat/308521679/,https://images.cdn-cian.ru/images/novostroyka-7ya-2294835130-4.jpg,ЖК «Город-парк Первый Московский»,"Москва, НАО (Новомосковский), м. Рассказовка, Московский г., улица Никитина, 11к5",Транспортом,10000000.0,268817.0,1.0,13.0,25.0,37.2,"Продается однокомнатная квартира в Новомосковском административном округе г. Москвы в монолитном доме комфорт-класса  общей площадью 37.2 кв.м на 13 этаже. Квартира без отделки,можно применить свои дизайнерские способности и сделать ремонт под себя. Красивая входная группа. На территории двора есть обустроенная детская площадка и зона отдыха . Есть многоуровневый наземный паркинг. Вся инфраструктура в шаговой доступности. Один собственник. Без обременений.",,37.2,10.0,268.8
https://www.cian.ru/sale/flat/297157995/,https://images.cdn-cian.ru/images/2074927983-4.jpg,ЖК «Бристоль»,"Москва, НАО (Новомосковский), м. Рассказовка, Московский поселение, д. Лапшинка, 2",Транспортом,9250000.0,209751.0,1.0,3.0,4.0,44.1,"Лот fm32913 Продается 1-комнатная квартира в ЖК ""Бристоль"". Квартира расположена на втором этаже, все окна выходят во двор. 

Закрытая охраняемая территория, уборка улиц и мест общего пользования, обслуживание сетей и инженерных систем в доме.

Вся инфраструктура в пешей доступности. Рядом школа, лицей, детские сады, детские площадки, контактный зоопарк, спортивный зал, ресторан.

До ""Внуково Аутлет"" 7 минут пешей прогулки. Продуктовые магазины, кафе, лесопарковая зона в 300 метрах.

Коммуникации/электричество, магистральный газ, магистральная канализация и центральное водоснабжение. Один собственник. Свободная продажа.

Юридическое сопровождение сделки входит в стоимость. Оперативные показы. Звоните.",,44.1,9.2,209.8
https://www.cian.ru/sale/flat/309050912/,https://images.cdn-cian.ru/images/2306222885-4.jpg,ЖК «Город-парк Первый Московский»,"Москва, НАО (Новомосковский), м. Рассказовка, Московский г., Первый Московский мкр, Первый Московский ЖК, 7-я фаза, 3",Транспортом,10721902.0,209412.0,1.0,1.0,20.0,51.2,"Продается однокомнатная квартира  с отделкой в 7 фазе города-парка ""Первый Московский"". 
Общая площадь квартиры - 51,2 кв. м, этаж 1 из 20. 
Срок сдачи - 1 квартал 2027 года. 
Тип дома - монолитный. 
 
Новый корпус состоит из 3х секций:
- 1 и 2 секции с отделкой White Box с возможностью приобретения чистовой отделки за дополнительную плату
- 3 секция без отделки 
 
Город-парк ""Первый Московский"" расположен всего в 7 км по Киевскому шоссе (Новая Москва). Из города-парка прямой выезд на Киевское шоссе и трассу Солнцево-Бутово-Варшавское шоссе. 
 
ТРАНСПОРТНАЯ ДОСТУПНОСТЬ: 
 
- 5 мин. на личном автомобиле  или 10 мин. на автобусе 189 и 147 до станции метро ""Филатов Луг""
- 25  мин. пешком до станции метро ""Филатов Луг"" 
 
ИНФРАСТРУКТУРА: 
 
Около 7 фазы запланировано строительство детского сада, школы, 2 многоуровневых паркинга.
Также на территории проекта есть все необходимые объекты действующей социальной и бытовой инфраструктуры: 8 детских садов, 5 школ, тц, магазины, паркинги, аптеки и др. 
 
БЛАГОУСТРОЙСТВО: 
 
- Дворы без машин
- Игровые зоны для детей, зоны для занятия спортом, зоны для отдыха с навесами/качелями
- Детские площадки разделены по возрастным группам
- Пешеходный и вело-маршрут с двуполостной велодорожкой 2,5 м. в ширину
- Озеленение с растениями всесезонного цветения 
 
ОСОБЕННОСТИ АРХИТЕКТУРЫ: 
 
В каждой секции 3 корпуса предусмотрены: 
- колясочные во входных группах
- кладовые помещения с -1 по 20 этажи
- коммерческие помещения на 1 этажах
- по 4 лифта: 2 пассажирских, 2 грузовых
- видеонаблюдение установленное в холлах первых этажей, у подъездов и прилегающей территории 
 
АВТОРСКИЙ ДИЗАЙН: 
 
Входные группы выполнены по авторскому дизайну, оснащены системой ""тёплый пол"". В каждой входной группе будет располагаться комфортабельная зона ожидания с мягким диваном,
акцентными пуфами и столиком.",,51.2,10.7,209.4
https://www.cian.ru/sale/flat/306627406/,https://images.cdn-cian.ru/images/kvartira-vnukovskoe-letchika-ulyanina-ulica-2254922905-4.jpg,ЖК «Солнцево парк»,"Москва, НАО (Новомосковский), м. Рассказовка, Внуковское поселение, улица Летчика Ульянина, 2",Транспортом,11000000.0,302198.0,1.0,16.0,18.0,36.4,"Продается 1- комнатная квартира в ЖК ""Солнцево парк"" с качественным,  функциональным ремонтом. Состояние квартиры - хорошее, очень тихая, теплая и уютная. Квартира нaходитcя на 16 этaжe сверху тех. этаж не жилой. 
Oбщая площадь по ЕГРН 34 кв. м+ лоджия 5 кв. м.( утеплена)
Окна расположены с видом во двор. Квартира укомплектована всем необходимым для комфортного проживания, есть кондиционер, посудомоечная машина, техника Electrolux и Bosch! 
До метро ""Пыхтино"" всего 5 минут пешком, что делает это место очень удобным для проживания.
Рядом с домом находятся все необходимые объекты инфраструктуры: детские сады, школы, поликлиники, магазины и торговый центр. В пешей доступности есть несколько парков, прудов.
Полная стоимость в ДКП, без обременений, зарегистрированных нет, мат. капитал не использовался .Легкая альтернатива на большую площадь (подобрана). Торг уместен!
Звоните, буду рада ответить на вопросы!",,36.4,11.0,302.2
https://odintsovo.cian.ru/sale/flat/309191700/,https://images.cdn-cian.ru/images/2338774320-4.jpg,,"Московская область, Одинцово, м. Рассказовка, Микрорайон Клубничное Поле, 8",Транспортом,9300000.0,299035.0,1.0,6.0,24.0,31.1,"Пpодaётся однокомнатная квартира в ЖК ""Одингpад Cемeйный"" общей площaдью 31,1 кв м.  
  
Квартира oчень тёплaя и cвeтлaя, сделан качественный ремонт.  
  
В жилом комплексе имеется вся необходимая инфраструктура: магазины, аптеки, детский сад. В ближайшем доступе школы, сады, медицинские учреждения, почта, автобусная остановка, Ж/Д станция Отрадное, Одинцово.  
  
Удобный выезд на платную дорогу, 20 мин до центра Москвы.  
В 5 минутах находится Спортивный парк имени Ларисы Лазутиной.  
  
Звоните, отвечу на все Ваши вопросы!",,31.1,9.3,299.0
https://www.cian.ru/sale/flat/311082014/,https://images.cdn-cian.ru/images/2346847420-4.jpg,ЖК «Детали»,"Москва, НАО (Новомосковский), м. Рассказовка, пос. Марьино, Детали ЖК",Транспортом,8966055.0,208029.0,1.0,3.0,23.0,43.1,"ЖК ""Детали"" - бизнес-класс по цене комфорта! 

Покупка квартиры в ЖК ""Детали"" - это хорошая инвестиция.
 
Преимущества комплекса:
-  Московская прописка
- Близость к метро Филатов Луг - 15 минут
- Подземный паркинг
- Закрытая охраняемая территория
- Автобусная остановка, сады, школы и поликлиника в шаге от дома
- Уютные лобби с зоной коворкинга, фитнесом и детским клубом
-  Окна в пол, мастер-спальни и гардеробные

Продается 1-к квартира общей площадью 43.1 кв. метра на 3-м этаже комплекса бизнес-класса ""Детали"".

Благодаря продуманной ступенчатой застройке и панорамному остеклению квартиры здесь получают максимум естественного освещения в течение дня. Ваша квартира будет не только светлой и уютной, но и комфортной благодаря эргономичной планировке.
 
Квартиры в ЖК Детали - это возможность быть ближе к природе, не теряя преимуществ крупного мегаполиса!
 
Транспортная доступность:
- Автобусная остановка в 15 метрах от дома
- Метро ""Филатов Луг"" - 15 минут на общественном транспорте
- Метро ""Десна"" - 10 минут (открытие 2027 г.)
- МКАД - 15 км
- 50 минут до центра Москвы

Локация:
Дом расположен в центре поселка Марьино, поселение Филимонковское Новой Москвы, в окружении открытых детских садов, школ и поликлиники. По соседству на 17 гектарах раскинулся лесной массив парка ""Марьино"" и протекает река ""Незнайка"". Это один из самых экологически благоприятных районов Москвы по данным рейтинга EcoStandart Group.

На территории ЖК девелопер реализует:
- Два собственных детских сада по 250 мест. Ввод в эксплуатацию планируется в 4-м квартале 2026 года, в 1-м квартале 2027 года
- В каждом лобби спроектированы общественный санузел, мягкая зона для комфортного ожидания курьера или такси, предусмотрены отдельные помещения для хранения колясок, велосипедов и самокатов, а также помещения для мойки лап собакам
- Для мам с колясками продуман безбарьерный вход
- Каждая секция ЖК - с панорамным остеклением, индивидуальным дизайном и приятным интерьером
- Подземный охраняемый паркинг, оснащенный системой считывания номеров, с доступом на лифте с любого этажа
- Наземный паркинг с зарядкой для электрокаров
- Безопасная закрытая территория комплекса с системой контроля и управления доступом
- Приватный двор с многоуровневым ландшафтным парком, детскими площадками, зонами для отдыха и арт-объектами
- Двор без машин - изюминка проекта. В жилом комплексе Детали вся территория будет под видеонаблюдением и охраной
 
Поселение Филимоновское это:
- Валуевский лесопарк
- Исторические памятники архитектуры
- Конные и теннисные клубы, горнолыжные склоны, реки и водоемы.
Здесь развита образовательная инфраструктура: школы, детские сады, спортивные и творческие секции. Безусловно, здесь также есть всё необходимое и для повседневной жизни.
 
Все условия для покупки:
- Рассрочка
- Семейная ипотека
- Материнский капитал
- Траншевая ипотека
- Военная ипотека
- Trade-In
- Индивидуальные скидки
 
Звоните и записывайтесь на просмотр!",,43.1,9.0,208.0
https://www.cian.ru/sale/flat/310466805/,https://images.cdn-cian.ru/images/kvartira-vnukovskoe-letchika-ulyanina-ulica-2333959701-4.jpg,ЖК «Солнцево парк»,"Москва, НАО (Новомосковский), м. Рассказовка, Внуковское поселение, улица Летчика Ульянина, 3А",Транспортом,9700000.0,238916.0,1.0,2.0,13.0,40.6,"Предлагается в продажу просторная квартира 40,6 квадратных метров на высоком втором этаже. Отличная транспортная доступность метро Пыхтино в 3-х минутах ходьбы. Полностью сформированный район, есть все, что нужно для жизни, своя поликлиника, магазины, школы, детские сады, рядом гипермаркет Selgros Cash & Carry, в пешей доступности 4 оборудованные парковые зоны с прудами и освещенными дорожками. 
Первый этаж в корпусе нежилой, парковка перед домом, вход в подъезд и на этаж по коду. 
В квартире установлена система кондицонирования воздуха.
Квартира без обременений, один собственник, свободная продажа.
Вместе с квартирой есть возможность приобрести паркинг-место в рядом стоящем многоуровневом паркинге. 
Показ по предварительной договоренности.",,40.6,9.7,238.9
https://www.cian.ru/sale/flat/309847309/,https://images.cdn-cian.ru/images/kvartira-moskovskiy-bianki-ulica-2322099080-4.jpg,ЖК «Город-парк Первый Московский»,"Москва, НАО (Новомосковский), м. Рассказовка, Московский г., улица Бианки, 9",Транспортом,9300000.0,246684.0,1.0,3.0,19.0,37.7,"Продается просторная светлая, квартира!!!
Свободная продажа (полная стоимость в ДКП), 1 взрослый собственник, никто не прописан, нет перепланировок, возможна ипотека.
Квартира теплая, чистенькая. С/у совмещенный
Во дворе дома школа, и в пешей доступности еще 2 школы и 3 детских сада, спортивная школа с бассейном, фитнес клуб, сетевые магазины (Карусель, перекресток, Дикси, Пятерочка, Магнит). Окна выходят на алею. 
Рядом расположен парк Филатов луг, через который можно пройти к метро. В парке расположены дорожки для пеших прогулок, спортивные зоны с волейбольными и футбольными площадками, детские игровые площадки с качелями, каруселями и развивающим оборудованием, беговая дорожка и веломаршрут, а также скамейки с навесами.
Транспортная доступность: Удобная до метро Филатов луг (10 мин. на транспорте), Саларьево (12 мин. на транспорте), Рассказовка (15 мин. на транспорте). До МКАД 10-15 мин. Удобный выезд на Киевское шоссе.",,37.7,9.3,246.7
https://www.cian.ru/sale/flat/309186624/,https://images.cdn-cian.ru/images/2350161969-4.jpg,ЖК «Новое Внуково»,"Москва, НАО (Новомосковский), м. Рассказовка, № 37 кв-л, Новое Внуково ЖК, к28",Транспортом,7961463.0,191981.0,1.0,4.0,7.0,41.47,"Ипотека 5,9% на два года. Продается 1-комн. квартира. Квартира расположена на 4 этаже 7 этажного монолитного дома (Корпус 28, Секция 3) в ЖК ""Новое Внуково"" от группы ""Самолет"". 

""Новое Внуково"" — это жилой комплекс в Новой Москве, у подножия берега реки Незнайка. Поблизости — живописные места для прогулок: народный парк ""Ручеек"", усадьба Старо-Никольское, Валуевский и Ульяновский лесопарки.
Часть домов сдана и внутри района уже открыт детсад с бассейном, а в ближайшее время откроются еще 3 детсада, 2 школы и поликлиника.
На территории проекта будет построен первый в России Центр Российской Федерации Баскетбола, где будут площадки с трибунами, тренажерный зал, кафе и конференц-зал.
Дворы-парки закрыты от машин и посторонних. На территории — прогулочный маршрут вдоль реки Незнайка и набережная с шезлонгами и качелями для отдыха. Также здесь появится плейхаб ""Незнайка на Луне"", площадь для мероприятий с сухим фонтаном, летним кинотеатром и кафе.
В жилом комплексе — монолитные дома высотой от 6 до 14 этажей. Фасады облицованы кирпичом природных оттенков.
 
Цена динамическая и может отличаться, уточняйте актуальность у застройщика.",,41.5,8.0,192.0
https://www.cian.ru/sale/flat/306969956/,https://images.cdn-cian.ru/images/2263047721-4.jpg,ЖК «Городские истории (Рассказовка)»,"Москва, НАО (Новомосковский), м. Рассказовка, Внуковское поселение, улица Анны Ахматовой, 11к3",Пешком,10950000.0,276236.0,1.0,23.0,23.0,39.64,"Арт. 73335047 Все доброго дня ! 

Продаётся однокомнатная квартира в ЖК Комфорт класса ""Городские Истории"". 2 очередь, 2  корпус, (3 секция), подъезд 5.

Вид на ул. Боровское шоссе.


Закрытый двор.  Пешая доступность до метро ""Рассказовка""- 2 минуты.


В проекте жилого комплекса запланировано строительство подземного паркинга, собственный детский сад, торгово - развлекательный комплекс с современным кинотеатром и просторным фуд-кортом и детской игровой зоной. В проекте застройщиком будут благоустроены дворы и придомовые территории, оснащены детские и спортивные площадки, а также зоны отдыха для создания атмосферы комфорта и уюта. 

Из действующей инфраструктуры имеется Мичуринский пруд в шаговой доступности и парк ""Рассказовка"". 8 км до МКАД.

Один взрослый собственник, готовы к сделке и ждем вас :)",,39.6,10.9,276.2
https://www.cian.ru/sale/flat/310880332/,https://images.cdn-cian.ru/images/2342388564-4.jpg,,"Москва, НАО (Новомосковский), м. Рассказовка, Внуковское поселение, улица Омская, 1",Транспортом,9400000.0,261111.0,1.0,8.0,14.0,36.0,"Id 11510. Продается 1-ком. квартира в ЖК ""Внуково 2016/2017"". На территории ЖК разнообразная развитая инфраструктура: много разных магазинов, салоны красоты, кафе, аптеки, детские и спортивные площадки. Рядом расположены лесопарки с зонами отдыха. Удобная транспортная доступность. В ЖК благоустроенная ландшафтная территория. 1 пассажирский и 1 грузовой лифты. Чистый подъезд, консьерж.
В квартире сделан евроремонт. Вид из окон на улицу, в квартире очень тихо. Встроенная кухня с бытовой техникой. С/у совмещенный. Монолитно-кирпичный дом. Покрытие пола  ламинат и плитка. С панорамным остеклением утепленный балкон, с системой теплый пол. Квартира продается с мебелью и бытовой техникой.
Документы основания - Наследство по закону. Один собственник. Легкая альтернатива. Подходит под ипотеку.
Звоните, с удовольствием отвечу на все ваши вопросы и оперативно организую показ в удобное для вас время.",,36.0,9.4,261.1
https://www.cian.ru/sale/flat/310538268/,https://images.cdn-cian.ru/images/2350160517-4.jpg,ЖК «Новое Внуково»,"Москва, НАО (Новомосковский), м. Рассказовка, № 37 кв-л, Новое Внуково ЖК, к30",Транспортом,8654653.0,194793.0,1.0,4.0,9.0,44.43,"Ипотека 5,9% на два года. Продается 1-комн. квартира. Квартира расположена на 4 этаже 9 этажного монолитного дома (Корпус 30, Секция 5) в ЖК ""Новое Внуково"" от группы ""Самолет"". 

""Новое Внуково"" — это жилой комплекс в Новой Москве, у подножия берега реки Незнайка. Поблизости — живописные места для прогулок: народный парк ""Ручеек"", усадьба Старо-Никольское, Валуевский и Ульяновский лесопарки.
Часть домов сдана и внутри района уже открыт детсад с бассейном, а в ближайшее время откроются еще 3 детсада, 2 школы и поликлиника.
На территории проекта будет построен первый в России Центр Российской Федерации Баскетбола, где будут площадки с трибунами, тренажерный зал, кафе и конференц-зал.
Дворы-парки закрыты от машин и посторонних. На территории — прогулочный маршрут вдоль реки Незнайка и набережная с шезлонгами и качелями для отдыха. Также здесь появится плейхаб ""Незнайка на Луне"", площадь для мероприятий с сухим фонтаном, летним кинотеатром и кафе.
В жилом комплексе — монолитные дома высотой от 6 до 14 этажей. Фасады облицованы кирпичом природных оттенков.
 
Цена динамическая и может отличаться, уточняйте актуальность у застройщика.",,44.4,8.7,194.8
https://odintsovo.cian.ru/sale/flat/306799153/,https://images.cdn-cian.ru/images/kvartira-odincovo-triumfalnaya-ulica-2258162356-4.jpg,ЖК «Гусарская баллада»,"Московская область, Одинцово, м. Рассказовка, улица Триумфальная, 5Б",Транспортом,9700000.0,210870.0,1.0,11.0,14.0,46.0,Продам квартиру с ремонтом мебелью и техникой. Все останется в квартире. Гардеробная.,,46.0,9.7,210.9
https://www.cian.ru/sale/flat/310690036/,https://images.cdn-cian.ru/images/kvartira-3y-2338396223-4.jpg,,"Москва, НАО (Новомосковский), м. Рассказовка, Московский г., 3-й мкр, 3",Транспортом,10200000.0,244604.0,1.0,17.0,17.0,41.7,"СРОЧНАЯ ПРОДАЖА!
СНИЗИЛИ ЦЕНУ! Продается прекрасная квартира с мебелью, тихая и уютная. Дизайнерский ремонт с уникальной планировкой, преимуществом является последний этаж, с потрясающим видом на лес . Застекленный балкон. Хорошая входная группа, с хорошими соседями. В шаговой доступности все необходимое для комфортного проживания, развитая инфраструктура. Оперативные показы, быстрый выход на сделку, 1 собственник.",,41.7,10.2,244.6
https://www.cian.ru/sale/flat/311082720/,https://images.cdn-cian.ru/images/2346864280-4.jpg,ЖК «Детали»,"Москва, НАО (Новомосковский), м. Рассказовка, пос. Марьино, Детали ЖК",Транспортом,9366347.0,251784.0,1.0,2.0,23.0,37.2,"ЖК ""Детали"" - бизнес-класс по цене комфорта! 

Покупка квартиры в ЖК ""Детали"" - это хорошая инвестиция.
 
Преимущества комплекса:
-  Московская прописка
- Близость к метро Филатов Луг - 15 минут
- Подземный паркинг
- Закрытая охраняемая территория
- Автобусная остановка, сады, школы и поликлиника в шаге от дома
- Уютные лобби с зоной коворкинга, фитнесом и детским клубом
-  Окна в пол, мастер-спальни и гардеробные

Продается 1-к квартира общей площадью 37.2 кв. метра на 2-м этаже комплекса бизнес-класса ""Детали"".

Благодаря продуманной ступенчатой застройке и панорамному остеклению квартиры здесь получают максимум естественного освещения в течение дня. Ваша квартира будет не только светлой и уютной, но и комфортной благодаря эргономичной планировке.
 
Квартиры в ЖК Детали - это возможность быть ближе к природе, не теряя преимуществ крупного мегаполиса!
 
Транспортная доступность:
- Автобусная остановка в 15 метрах от дома
- Метро ""Филатов Луг"" - 15 минут на общественном транспорте
- Метро ""Десна"" - 10 минут (открытие 2027 г.)
- МКАД - 15 км
- 50 минут до центра Москвы

Локация:
Дом расположен в центре поселка Марьино, поселение Филимонковское Новой Москвы, в окружении открытых детских садов, школ и поликлиники. По соседству на 17 гектарах раскинулся лесной массив парка ""Марьино"" и протекает река ""Незнайка"". Это один из самых экологически благоприятных районов Москвы по данным рейтинга EcoStandart Group.

На территории ЖК девелопер реализует:
- Два собственных детских сада по 250 мест. Ввод в эксплуатацию планируется в 4-м квартале 2026 года, в 1-м квартале 2027 года
- В каждом лобби спроектированы общественный санузел, мягкая зона для комфортного ожидания курьера или такси, предусмотрены отдельные помещения для хранения колясок, велосипедов и самокатов, а также помещения для мойки лап собакам
- Для мам с колясками продуман безбарьерный вход
- Каждая секция ЖК - с панорамным остеклением, индивидуальным дизайном и приятным интерьером
- Подземный охраняемый паркинг, оснащенный системой считывания номеров, с доступом на лифте с любого этажа
- Наземный паркинг с зарядкой для электрокаров
- Безопасная закрытая территория комплекса с системой контроля и управления доступом
- Приватный двор с многоуровневым ландшафтным парком, детскими площадками, зонами для отдыха и арт-объектами
- Двор без машин - изюминка проекта. В жилом комплексе Детали вся территория будет под видеонаблюдением и охраной
 
Поселение Филимоновское это:
- Валуевский лесопарк
- Исторические памятники архитектуры
- Конные и теннисные клубы, горнолыжные склоны, реки и водоемы.
Здесь развита образовательная инфраструктура: школы, детские сады, спортивные и творческие секции. Безусловно, здесь также есть всё необходимое и для повседневной жизни.
 
Все условия для покупки:
- Рассрочка
- Семейная ипотека
- Материнский капитал
- Траншевая ипотека
- Военная ипотека
- Trade-In
- Индивидуальные скидки
 
Звоните и записывайтесь на просмотр!",,37.2,9.4,251.8
https://odintsovo.cian.ru/sale/flat/309726105/,https://images.cdn-cian.ru/images/kvartira-vniissok-ulica-druzhby-2319573536-4.jpg,,"Московская область, м. Рассказовка, Одинцовский городской округ, пос. ВНИИССОК, улица Дружбы, 9",Транспортом,7500000.0,163399.0,1.0,2.0,17.0,45.9,"Шикарная квартира, распашонка, окошки на две стороны, светлая, теплая, уютная.
Большой 9м коридор.
Вся мебель и техника входит в стоимость.
вся инфраструктура в пешей доступности.
Свободная продажа, один собственник, полная стоимость в Дкп",,45.9,7.5,163.4
https://www.cian.ru/sale/flat/311666309/,https://images.cdn-cian.ru/images/2359479326-4.jpg,,"Москва, ЗАО, р-н Ново-Переделкино, м. Рассказовка, улица Шолохова, 26",Пешком,10400000.0,267352.0,1.0,10.0,14.0,38.9,"Номер в базе: 1751476. Продается уютная и просторная однокомнатная квартира рядом с метро Новопеределкино! Идеальный вариант для комфортной жизни - удобная планировка, просторная комната с нишей, два больших застекленных балкона, раздельный санузел. В квартире выполнен косметический ремонт, так что вы сможете сразу заселяться и наслаждаться новым жильем. Район с отличной инфраструктурой: детский сад, школа, магазины, поликлиника, бассейн - все в шаговой доступности. Рядом Чоботовский лес для прогулок на свежем воздухе. Отличная транспортная доступность - автобусная остановка прямо у дома, а метро Новопеределкино всего в 6 минутах пешком! Один взрослый собственник, быстрый выход на сделку. Звоните прямо сейчас и записывайтесь на просмотр - эта квартира станет вашим уютным гнездышком!


Код пользователя: 44698",,38.9,10.4,267.4
https://www.cian.ru/sale/flat/304056652/,https://images.cdn-cian.ru/images/2210084458-4.jpg,ЖК «Город-парк Первый Московский»,"Москва, НАО (Новомосковский), м. Рассказовка, Московский г., Первый Московский мкр, Первый Московский ЖК, 9-я фаза",Транспортом,10978583.0,319145.0,1.0,14.0,19.0,34.4,"Продается однокомнатная квартира  с отделкой в новой 9 фазе города-парка ""Первый Московский"". 
Общая площадь квартиры - 34,4 кв. м, этаж 14 из 19. 
Срок сдачи - 2 квартал 2026 года. 
Тип дома - монолитный. 
 
В квартире будет выполнена высококачественная отделка ""под ключ"". На выбор представлены два стиля отделки: 
- Classic (классический стиль)  традиционное сочетание материалов и фактур  тёмный, тёплый по тону пол и светлые нейтральные стены, керамогранит с рисунком под мрамор. 
- Smart+ (современный стиль)  нейтральная цветовая гамма с использованием бетонных фактур и темного керамогранита, керамическая плитка до потолка в ванной и санузле.
Независимо от того, какой стиль отделки выберите Вы, можете быть уверенными, что цветовое сочетание будет актуальным долгие годы. 
 
Город-парк ""Первый Московский"" расположен всего в 7 км по Киевскому шоссе (Новая Москва). Из города-парка есть удобный выезд на Киевское шоссе. 
 
ТРАНСПОРТНАЯ ДОСТУПНОСТЬ: 
 
- 5 мин. на личном автомобиле или 10 мин. на автобусе 189 и 876 до станции метро ""Филатов Луг""
- 20 мин. пешком до станции метро ""Филатов Луг"" 
 
ИНФРАСТРУКТУРА И БЛАГОУСТРОЙСТВО: 
 
9 фаза сочетает в себе максимальную близость данной фазы строительства к парку Филатов луг. 
Основной акцент в благоустройстве сделан на разнообразные детские площадки и развивающие комплексы, с зонами для активного и спокойного отдыха взрослых.
В каждом из домов предусмотрены кладовые помещения на -1 этаже и коммерческие помещения на 1 этажах. 

АВТОРСКИЙ ДИЗАЙН: 

Входные группы выполнены по авторскому дизайну, оснащены системой ""тёплый пол"". В каждой входной группе будет располагаться комфортабельная зона ожидания. При входе предусмотрено помещение для хранения колясок и на -1 этаже располагается велопарковка.",,34.4,11.0,319.1
https://www.cian.ru/sale/flat/311770554/,https://images.cdn-cian.ru/images/2361639352-4.jpg,ЖК «Солнцево парк»,"Москва, НАО (Новомосковский), м. Рассказовка, Внуковское поселение, улица Летчика Ульянина, 7",Транспортом,9000000.0,236842.0,1.0,8.0,19.0,38.0,"Продам современные апартаменты в новом жилом комплексе в шаговой доступности от метро Пыхтино. В квартире сделан современный ремонт. Имеется вся необходимая для комфортного проживания мебель и техника, которая остается Покупателю.
Дом находится в отличном состоянии, оснащен пандусом для удобства передвижения. Для автомобилистов предусмотрена подземная парковка. В подъезде работает консьерж.
Документы готовы к сделке, один собственник, срок владения более 5 лет.
Торг обсуждается.
Звоните, будем рады показать.
Сниженная ипотечная ставка для клиентов от банков-партнеров ""Азбуки Жилья"". Обмен вашей квартиры или другой недвижимости. Звоните.",,38.0,9.0,236.8
https://www.cian.ru/sale/flat/311629321/,https://images.cdn-cian.ru/images/2368355235-4.jpg,ЖК «Переделкино Ближнее Город-парк»,"Москва, НАО (Новомосковский), м. Рассказовка, Внуковское поселение, улица Бориса Пастернака, 19",Пешком,12790000.0,341067.0,1.0,2.0,17.0,37.5,"Продается отличная квартира с новым капитальным ремонтом! Современный и продуманный проект электрики и сантехники. Мебель в квартире преимущественно IKEA, кухонный гарнитур изготовлен на заказ. Техника Bosch и Gorenje: посудомоечная машина, стиральная машина, варочная поверхность, духовой шкаф, холодильник. Квартира с редкой планировкой - большая кухня полуэркер 10 м2, серия дома П44К (разновидность серии П44). Дом расположен в лучшей части района, в пешей доступности есть абсолютно всё: школы, детские сады, поликлиники, два парка, пруд, торговая инфраструктура, метро Рассказовка 8 минут пешком, шикарный двор с детскими и спортивными малыми формами. Сквозной подъезд, парковка во дворе и со стороны дороги. Из большинства Новомосковских районов - этот один из лучших по соотношению цена/качество, инфраструктура и транспортная доступность. Комплекс ЖК Переделкино Ближнее отличается современными ухоженными зелеными дворами.  Один взрослый собственник, без обременений, полная стоимость, готова к продаже. Показы по договоренности, возможны день в день.",,37.5,12.8,341.1
https://www.cian.ru/sale/flat/311458747/,https://images.cdn-cian.ru/images/2355013321-4.jpg,ЖК «Середневский лес»,"Москва, НАО (Новомосковский), м. Рассказовка, Середневский Лес ЖК, 4.3",Транспортом,8572937.0,196627.0,1.0,4.0,9.0,43.6,"Продаётся 1-комн. квартира площадью 43,6 кв.м на 4 этаже 9 этажного дома (Корпус 4.3, Секция 1) проекта ПИК Середневский лес. Светлый просторный подъезд на уровне земли, функциональная планировка, большие окна, .
 
В 10 минутах на автомобиле находится станция метро ""Внуково"", а в 15 минутах — станции ""Филатов Луг"" и ""Саларьево"". От них до центра Москвы всего 3540 минут. На рейсовом автобусе от жилого квартала до метро ""Филатов Луг"" — 20 минут.
 
На территории ""Середневского леса"" появилось общественное пространство с игровыми площадками, местами для отдыха, пешеходными маршрутами и велопарковкой — для прогулок, отдыха и встреч жителей квартала. Также внутри жилого квартала уже открыта школа на 1100 мест и детский сад для 325 малышей. В дальнейшем откроется ещё один сад для 340 детей. Артикул 966123  (Застройщик ООО ""Специализированный застройщик Середнево"")",,43.6,8.6,196.6
https://odintsovo.cian.ru/sale/flat/310951130/,https://images.cdn-cian.ru/images/2343827263-4.jpg,ЖК «Гусарская баллада»,"Московская область, м. Рассказовка, Одинцовский городской округ, пос. ВНИИССОК, улица Михаила Кутузова, 15",Транспортом,7900000.0,185882.0,1.0,8.0,17.0,42.5,"Номер в базе: 1794334. **ШИКАРНЫЙ ВАРИАНТ ДЛЯ СТАРТА ЖИЗНИ В СТОЛИЦЕ! **

Предлагаю Вам уникальную возможность стать владельцем стильной и просторной однокомнатной квартиры площадью 42,5 м² в престижном жилом комплексе ""Гусарская Баллада"". Этот проект комфорт-класса не раз завоевывал премии Urban Awards и RREF Awards, что подтверждает его высокое качество и привлекательность.

**Отличная транспортная доступность:** 
Жилой комплекс расположен в живописном Одинцовском районе, в 12 км от МКАД. Вы сможете добраться до делового центра Москвы всего за 15 минут по трассе М1, 5 минут до МКАД. Для любителей общественного транспорта предусмотрена скоростная электричка от станции МЦД Одинцово —до нее 10 минут транспортом, ж/д станции Пионерская - 10 минут неспешным шагом.

**Инфраструктура и природа:** 
Окруженный зелеными парками с вековыми деревьями, этот район станет настоящим оазисом для любителей активного образа жизни. В шаговой доступности находится круглосуточный фитнес-центр LIME FITNESS Одинцово — крупнейший на западе Подмосковья. Шикарная спортивная инфраструктура и зелёные зоны помогут Вам быть ближе к природе и вести здоровый образ жизни.
На территории ЖК Вы также найдете все необходимое для комфортной жизни: МФЦ, магазины, аптеки, кафе и салоны красоты. Безопасность и комфорт обеспечены — территория огорожена и находится под круглосуточным видеонаблюдением.

**Образование для детей:** 
Если у вас есть дети или вы планируете их завести, вам будет приятно узнать, что в ЖК предусмотрена вся необходимая инфраструктура для их воспитания. 
В прошлом году на территории ЖК открылся образовательный центр ""Багратион"" — самый большой в Подмосковье и третий по величине в России. Рядом с домом расположено несколько государственных детских садов и множество других учреждений.

**О квартире:** 
Эта квартира — идеальный выбор для тех, кто ценит комфорт и уют. Выполненный качественный ремонт создаст атмосферу тепла и уюта. Просторная комната с окнами, выходящими во двор, обеспечит вам спокойствие и уединение. Удобная кухня с выходом на балкон станет прекрасным местом для семейных ужинов и утреннего кофе. В большой прихожей есть возможность организовать гардеробную или дополнительное спальное место для гостей. Совмещенный санузел выполнен с учетом современных стандартов.


Не упустите свой шанс стать обладателем этой уютной квартиры в престижном жилом комплексе! Звоните прямо сейчас и запишитесь на просмотр! Ваш новый дом ждет вас!

Покупая указанную квартиру со мной, Вы получите: 
• Полное физическое и юридическое сопровождение сделки на всех этапах 
• Безопасную покупку, финансовую гарантию на полную стоимость объекта
• Бесплатное одобрение ипотеки с пониженной процентной ставкой 
Узнай подробности по телефону!
Код пользователя: 162615",,42.5,7.9,185.9
https://odintsovo.cian.ru/sale/flat/305338777/,https://images.cdn-cian.ru/images/2244369980-4.jpg,,"Московская область, м. Рассказовка, Одинцовский городской округ, пос. ВНИИССОК, 7",Транспортом,5200000.0,156156.0,1.0,3.0,9.0,33.3,"Продается однокомнатная квартира по САМОЙ ПРИВЛЕКАТЕЛЬНОЙ цене! Хороший теплый кирпичный дом 1991 года.Квартира требует ремонта, но пригодна для проживания, раздельный санузел.Находится в шаговой доступности от ЖД станции  Пионерская.
Рядом расположены магазины, супермаркеты, школа, медицинский и торговый центры. 
Удобный выезд на Можайское шоссе и Минское шоссе.
Один взрослый собственник. Никто не зарегистрирован. Свободная продажа. 
Показ по предварительной договоренности.

Арт. 70976574",,33.3,5.2,156.2
https://odintsovo.cian.ru/sale/flat/294225850/,https://images.cdn-cian.ru/images/2312734992-4.jpg,ЖК «Равновесие»,"Московская область, м. Рассказовка, Одинцовский городской округ, с. Перхушково, Равновесие мкр, 10",Транспортом,6804168.0,169680.0,1.0,1.0,5.0,40.1,"Указанная акционная стоимость доступна при 100% оплате или ипотеке без субсидирования. Цена действует до 15.01.2025 23:00:00. Стоимость без акции 8100200.

Продаётся апартамент с 1 комнатой общей площадью 40.10 кв. метров на 1 этаже жилого квартала комфорт-класса ""Равновесие"".

Срок сдачи: 3 кв. 2023

На территории комплекса будет возведен детский сад на 360 мест, а на первых этажах жилых домов откроются кафе, магазины и все необходимое для удобства жителей.

Локация ""Равновесия"" выделяется среди других пригородных ЖК разнообразием быстрых маршрутов до Москвы. Для автомобилистов преимуществом станут удобные выезды на Можайское шоссе, Рублёво-Успенское шоссе, Минское шоссе с платной трассой и другие. Также в пешей доступности находятся две ж/д станции — ""Жаворонки"" и ""Здравница"". Дорога на электропоезде до делового центра ""Москва-Сити"" составит всего 35 минут.

Особенности ЖК:

- Малоэтажная застройка: 4-6 этажей;
- Благоустроенный пешеходный бульвар;
- Пространства для отдыха и спорта;
- Квартиры с террасами на последних этажах;
- Квартиры с отдельным входом на первых этажах;
- Внутренняя территория квартала свободна от машин;
- Безбарьерная среда;
- Помещения для хранения детских колясок и спортивного инвентаря.))",,40.1,6.8,169.7
https://www.cian.ru/sale/flat/309640536/,https://images.cdn-cian.ru/images/kvartira-vnukovskoe-andreya-tarkovskogo-bulvar-2317652106-4.jpg,ЖК «Рассказово»,"Москва, НАО (Новомосковский), м. Рассказовка, Внуковское поселение, бульвар Андрея Тарковского, 9к1",Транспортом,13650000.0,300000.0,1.0,7.0,11.0,45.5,"Продается квартира с чудесным видом на лес в ЖК ""Рассказово"". Сочетает в себе комфортное проживание в городской среде в окружении природы! Квартира расположена на 7 этаже, имеет следующие характеристики: просторная кухня 18.6 м.кв, жилая комната 14.8, большая лоджия, коридор 4.6, санузел 3.9. Территория закрытая. уютный тихий спокойный двор! 1 взрослый собственник, никто не прописан. Свободная продажа. Обременений нет. Рассмотрим ипотеку. Помощь в оформлении ипотеки. Приезжайте на просмотр, уважаемые покупатели!",,45.5,13.7,300.0
https://www.cian.ru/sale/flat/297999620/,https://images.cdn-cian.ru/images/kvartira-vnukovskoe-anny-ahmatovoy-ulica-2090842423-4.jpg,ЖК «Городские истории (Рассказовка)»,"Москва, НАО (Новомосковский), м. Рассказовка, Внуковское поселение, улица Анны Ахматовой, 11к1",Пешком,10250000.0,353448.0,1.0,8.0,23.0,29.0,"Новый дом 21 года, всего 3 минуты от метро! Лучшая планировка однокомнатной квартиры: 2 окна, вместительная гардеробная. Новый качественный ремонт! Продается с кухней и гардеробной. 1 взрослый собственник, без обремений и мат.капитала, никто не прописан, собственник будет на сделке, полная стоимость в договоре, в собственности более 5 лет, готовы к быстрой сделке. 7 подъезд вдали от дороги, хороший вид из окон. АГЕНТАМ просьба не звонить!",,29.0,10.2,353.4
https://odintsovo.cian.ru/sale/flat/285451467/,https://images.cdn-cian.ru/images/2312750296-4.jpg,ЖК «Равновесие»,"Московская область, м. Рассказовка, Одинцовский городской округ, с. Перхушково, Равновесие мкр, 8",Транспортом,7363860.0,165480.0,1.0,1.0,5.0,44.5,"Указанная акционная стоимость доступна при 100% оплате или ипотеке без субсидирования. Цена действует до 15.01.2025 23:00:00. Стоимость без акции 8766500.

Продаётся апартамент с 1 комнатой общей площадью 44.50 кв. метров на 1 этаже жилого квартала комфорт-класса ""Равновесие"".

Срок сдачи: 3 кв. 2023

На территории комплекса будет возведен детский сад на 360 мест, а на первых этажах жилых домов откроются кафе, магазины и все необходимое для удобства жителей.

Локация ""Равновесия"" выделяется среди других пригородных ЖК разнообразием быстрых маршрутов до Москвы. Для автомобилистов преимуществом станут удобные выезды на Можайское шоссе, Рублёво-Успенское шоссе, Минское шоссе с платной трассой и другие. Также в пешей доступности находятся две ж/д станции — ""Жаворонки"" и ""Здравница"". Дорога на электропоезде до делового центра ""Москва-Сити"" составит всего 35 минут.

Особенности ЖК:

- Малоэтажная застройка: 4-6 этажей;
- Благоустроенный пешеходный бульвар;
- Пространства для отдыха и спорта;
- Квартиры с террасами на последних этажах;
- Квартиры с отдельным входом на первых этажах;
- Внутренняя территория квартала свободна от машин;
- Безбарьерная среда;
- Помещения для хранения детских колясок и спортивного инвентаря.))",,44.5,7.4,165.5
https://www.cian.ru/sale/flat/311433931/,https://images.cdn-cian.ru/images/2354556465-4.jpg,ЖК «Переделкино Ближнее Город-парк»,"Москва, НАО (Новомосковский), м. Рассказовка, Внуковское поселение, улица Бориса Пастернака, 14",Пешком,12400000.0,300242.0,1.0,6.0,9.0,41.3,"Арт. 87254068 Продается однокомнатная квартира в новом монолитном доме комфорт-класса в ЖК Переделкино Ближнее.

Общая площадь квартиры — 41.3 кв. м, кухня 10.9 кв. м. 
Квартира находится на 6-м этаже 12-этажного дома, построенного в 2021 году. 
Окна выходят на Москву и школу, а также боковой вид на пруд.
Квартира без ремонта, что дает вам возможность создать интерьер вашей мечты с нуля. Планировка позволяет организовать пространство по вашему вкусу, создавая уютную атмосферу.  

В доме два лифта: пассажирский и грузовой.


Вся инфраструктура в шаговой доступности: детский сад, школа, магазины, кофейни, аптеки, банки, бытовые услуги.  

До станции МЦД Мичуринец 10 мин пешком и через 25 мин вы на Киевском вокзале.  


Звоните!",,41.3,12.4,300.2
https://www.cian.ru/sale/flat/312095620/,https://images.cdn-cian.ru/images/kvartira-vnukovo-izvarinskaya-ulica-2368771691-4.jpg,,"Москва, ЗАО, р-н Внуково, м. Рассказовка, улица Изваринская, 1",Транспортом,8500000.0,233516.0,1.0,6.0,17.0,36.4,"Продается уютная однокомнатная квартира в Москве, в посёлке Внуково, на Изваринской улице. Расположена на 6 этаже 17-этажного монолитно-кирпичного  дома 2006 года постройки. Общая площадь — 36,4 кв. м, жилая площадь — 20 кв. м, кухня — 7 кв. м. Высота потолков — 2,75 м. Из окон открывается вид на улицу, а до метро ""Аэропорт Внуково"" всего 6 минут на автомобиле.

В квартире сделан качественный ремонт. Современный интерьер гармонично сочетает в себе комфорт и стиль. Кухня оборудована всей необходимой техникой, что позволяет сразу же начать готовить домашние блюда. Санузел совмещенный, выполнен в светлых тонах. В квартире есть балкон, где можно наслаждаться свежим воздухом и красивым видом.

Дом в хорошем состоянии, оборудован пассажирским и грузовым лифтами, а также мусоропроводом, поэтому вам будет удобно выносить мусор. Для автомобилей предусмотрена наземная парковка, что особенно актуально для столичных жителей.

Инфраструктура района развита: в 50 метрах от подъезда  находиться спортивный комплекс  с двумя бассейными и фитнесом , рядом находятся пункты выдачи заказов на  Озон и Вайлдберриз , школы и магазины, что делает это место удобным для семейной жизни. В шаговой доступности также расположен один из крупнейших парков Москвы и различные объекты для досуга и отдыха.

Продажа квартиры осуществляется без обременений, документы готовы к сделке. Возможна покупка в ипотеку. Мы работаем с надежными банками, поэтому условия кредитования будут комфортными для вас. 

Приглашаем вас на просмотр! Записывайтесь на удобное для вас время, чтобы убедиться, что эта квартира — идеальный вариант для вашего нового дома.",,36.4,8.5,233.5
https://aprelevka.cian.ru/sale/flat/279655980/,https://images.cdn-cian.ru/images/2290388390-4.jpg,ЖК «Парк Апрель»,"Московская область, Наро-Фоминский городской округ, Апрелевка, м. Рассказовка, Парк Апрель ЖК",Транспортом,10257870.0,232605.0,1.0,4.0,4.0,44.1,"Корпус сдан! Прямая продажа от застройщика! Загородный жилой комплекс класса Комфорт Плюс.
Продаётся 1-к квартира номер 32 в сданном корпусе общей площадью 44.1 кв.м. на 4-м этаже 4 этажного дома.

Особенности:
- Квартира доступна к покупке в Trade-In.
- Линейная
- Увеличенная высота потолков
- Гибкая планировка
- Двухуровневая
- Терраса
- МЦД-4 в 10-ти минутах
- Квартиры с ключами
- Квартиры в готовом поселке
- Отличный вариант для проживания или инвестиций. Поселок готов к проживанию. Посмотрите вживую!
- Закрытый поселок в окружении леса
- Детский сад и школа на территории
- Закрытая территория
- Въезд и выезд только через КПП
- Круглосуточная охрана и видеонаблюдение
- Реки и леса в пешей доступности

Расположение комплекса: 
Уникальный жилой комплекс, расположенный в 20 минутах от Москвы по Киевскому шоссе и окруженный первозданным лесом. В Парк Апрель легко наслаждаться жизнью на природе, не отказываясь от привычного уровня комфорта. Это возможно, благодаря уникальному сочетанию преимуществ комплекса. ЖК, окруженный с трех сторон лесом - подарит вам возможность дышать полной грудью и наслаждаться прекрасными видами, а развитая инфраструктура, транспортная доступность и высокий уровень безопасности принесут спокойствие и безмятежность.

Транспортная доступность:
МКАД в 20 минутах по Киевскому шоссе по современной скоростной трассе. Автобусная остановка в 200-х метрах от дома. 9 маршрутов наземного транспорта, автобусы до станций метро Юго-Западная, Саларьево, Румянцево, Тропарево. 25 минут на МЦД D4 до Киевского вокзала.

Внутренняя инфраструктура:
Развитая инфраструктура жилого комплекса, включает муниципальную школу, детский сад, торговый центр и другие объекты. Расположение домов тщательно продумано, так что из окон открываются красивые виды на тихие дворики и окружающий лес, а всего за 10 минут на личном или общественном транспорте вы доедете до любой из двадцати школ, поликлиники или современного дворца спорта. Разумеется, в Апрелевке найдутся также торговые комплексы, фитнес-центры и многое другое. 

Для кровли используется черепица, имеющая отличные тепло- и шумоизоляционные характеристики. Благодаря стенам из керамических на протяжении всего года в доме будет здоровый микроклимат, а облицовка бельгийский кирпичом придает особое очарование фасадам.
Вы сможете создать уникальный формат жилья, который подойдет именно вам. Просторная кухня - гостиная, отдельный кабинет для работы, мастер-спальня с гардеробной и ванной - квартира со свободной планировкой позволяет воплотить в жизнь все ваши идеи
С трех сторон Парк Апрель окружен лесом и малоэтажной частной застройкой, поблизости отсутствуют вредные производства. В пешей доступности находятся две реки и лесной массив, откуда удачная роза ветров приносит свежий воздух
Жителям Парк Апрель доступна развитая инфраструктура Апрелевки: два десятка образовательных учреждений, спортивная школа, современный дворец спорта, поликлиники, фитнес-центры, магазины и торговые комплексы. Все объекты распол",,44.1,10.3,232.6
https://www.cian.ru/sale/flat/311526181/,https://images.cdn-cian.ru/images/kvartira-vnukovskoe-andreya-tarkovskogo-bulvar-2356911431-4.jpg,ЖК «Рассказово»,"Москва, НАО (Новомосковский), м. Рассказовка, Внуковское поселение, бульвар Андрея Тарковского, 3",Пешком,13500000.0,337500.0,1.0,5.0,9.0,40.0,"Комфортная квартира с большой кухней в первой очереди ЖК РассказоVо. Квартира тихая с видом на кислород (Ульяновский лесопарк). Один (первый) собственник со сдачи дома. Огороженная территория ЖК, выход в парк через калитку, пешком до метро Рассказовка, консьерж в подъезде. На территории зоны отдыха, магазины, кафе, пункты выдачи маркетплейсов. В квартире зал, гардеробная, совместный санузел, кухня увеличена за счёт лоджии. Свободная продажа с обстановкой (готовый арендный формат). При ремонте использовались качественные материалы, мебель и техника.",,40.0,13.5,337.5
https://www.cian.ru/sale/flat/307012850/,https://images.cdn-cian.ru/images/kvartira-vnukovskoe-omskaya-ulica-2261714848-4.jpg,,"Москва, НАО (Новомосковский), м. Рассказовка, Внуковское поселение, улица Омская, 14к2",Транспортом,8500000.0,254491.0,1.0,13.0,18.0,33.4,"Продам однокомнатную квартиру в комфортабельном жилом комплексе по адресу : Омская улица , 14к 2 
Панорамный вид из окна 
Свободная продажа, 1 собственник
Более 5 лет в собственности 

Кирпичный дом , индивидуальный проект 
Без перепланировок 
Большая парковка , бесшумные лифты 
Большая кухня и просторная комната 
Квартира полностью меблированная 

Рядом хорошие школы, кружки , магазины, парк Изварино , зоны отдыха , все в пешей доступности 
Рядом метро",,33.4,8.5,254.5
https://www.cian.ru/sale/flat/309186700/,https://images.cdn-cian.ru/images/2350302414-4.jpg,ЖК «Новое Внуково»,"Москва, НАО (Новомосковский), м. Рассказовка, № 37 кв-л, Новое Внуково ЖК, к32",Транспортом,7518201.0,193818.0,1.0,10.0,10.0,38.79,"Ипотека 5,9% на два года. Продается 1-комн. квартира. Квартира расположена на 10 этаже 10 этажного монолитно-кирпичного дома (Корпус 32, Секция 3) в ЖК ""Новое Внуково"" от группы ""Самолет"". 

""Новое Внуково"" — это жилой комплекс в Новой Москве, у подножия берега реки Незнайка. Поблизости — живописные места для прогулок: народный парк ""Ручеек"", усадьба Старо-Никольское, Валуевский и Ульяновский лесопарки.
Часть домов сдана и внутри района уже открыт детсад с бассейном, а в ближайшее время откроются еще 3 детсада, 2 школы и поликлиника.
На территории проекта будет построен первый в России Центр Российской Федерации Баскетбола, где будут площадки с трибунами, тренажерный зал, кафе и конференц-зал.
Дворы-парки закрыты от машин и посторонних. На территории — прогулочный маршрут вдоль реки Незнайка и набережная с шезлонгами и качелями для отдыха. Также здесь появится плейхаб ""Незнайка на Луне"", площадь для мероприятий с сухим фонтаном, летним кинотеатром и кафе.
В жилом комплексе — монолитные дома высотой от 6 до 14 этажей. Фасады облицованы кирпичом природных оттенков.
 
Цена динамическая и может отличаться, уточняйте актуальность у застройщика.",,38.8,7.5,193.8
https://www.cian.ru/sale/flat/310318176/,https://images.cdn-cian.ru/images/2330943091-4.jpg,ЖК «Город-парк Первый Московский»,"Москва, НАО (Новомосковский), м. Рассказовка, Московский г., улица Москвитина, 3к2",Транспортом,4300000.0,114058.0,,,,,"Номер лота: вт-0422357.
Продается 2/3 доли в 1-комн. квартире общей площадью 37,7 кв.м (17 этажный дом 2016 г. постройки) на 7 этаже, в современном благоустроенном районе - Град Московский (2 остановки от м. Саларьево). Квартира светлая, теплая, с ремонтом (дубовый паркет, кафель, новые радиаторы, метал. дверь), с красивым видом во двор. Жилая комната (20 кв.м + 3,6 кв.м) совмещена с лоджией. Кухня 9 кв.м разделена на 2 зоны( рабочую и отдыха), совмещенный санузел. 
Подъезд с кодовым замком (видеодомофон) имеет 2 входа с разных сторон дома, оснащен приспособлениями для инвалидов, 2 лифта (грузовой и пассажирский). 
Развитая инфраструктура: магазины, школа, садик, рынок, остановки общественного транспорта в шаговой доступности.
 Содействие в получении специальных условий и преференций по ипотеке.",,nan,4.3,114.1
https://www.cian.ru/sale/flat/311612567/,https://images.cdn-cian.ru/images/kvartira-moskva-zolotoshveynaya-ulica-2358410479-4.jpg,ЖК «Цветочные Поляны»,"Москва, НАО (Новомосковский), м. Рассказовка, улица Золотошвейная, 9",Транспортом,8300000.0,230556.0,1.0,5.0,7.0,36.0,"В жилом комплексе Цветочные поляны предлагается на продажу уютная однокомнатная квартира. Она отличается удобной планировкой и просторной кухней площадью 11,2 квадратных метра, которая выходит на застекленный балкон. Общая площадь комнаты составляет 11,5 квадратных метра, а окна выходят во внутренний двор. Санузел совмещённый.
В квартире выполнен качественный ремонт, а также установлен кухонный гарнитур со встроенной техникой.
Жилой комплекс окружён Валуевским лесопарком, а в пешей доступности находится благоустроенный парк Марьино. В комплексе развита инфраструктура: есть школа и детский сад, аптеки, сетевые магазины Пятёрочка, Фасоль, Магнит, Вкусвилл, почтовое отделение, пункты выдачи заказов Wildberries и Ozon, а также кофейня.
Комплекс расположен в 15 км от МКАД по Калужскому или Киевскому шоссе. Добраться до станции метро Филатов луг можно на автобусе, который ходит каждые 15 минут.
Собственником квартиры является один взрослый человек, свободная продажа, полная стоимость в договоре. Показы возможны по предварительной договорённости.",,36.0,8.3,230.6
https://www.cian.ru/sale/flat/304058014/,https://images.cdn-cian.ru/images/2207553434-4.jpg,ЖК «Город-парк Первый Московский»,"Москва, НАО (Новомосковский), м. Рассказовка, Московский г., Первый Московский мкр, Первый Московский ЖК, 7-я фаза, 3",Транспортом,11351404.0,192723.0,1.0,2.0,20.0,58.9,"Продается однокомнатная квартира  без отделки в 7 фазе города-парка ""Первый Московский"". 
Общая площадь квартиры - 58,9 кв. м, этаж 2 из 20. 
Срок сдачи - 1 квартал 2027 года. 
Тип дома - монолитный. 
 
Новый корпус состоит из 3х секций:
- 1 и 2 секции с отделкой White Box с возможностью приобретения чистовой отделки за дополнительную плату
- 3 секция без отделки 
 
Город-парк ""Первый Московский"" расположен всего в 7 км по Киевскому шоссе (Новая Москва). Из города-парка прямой выезд на Киевское шоссе и трассу Солнцево-Бутово-Варшавское шоссе. 
 
ТРАНСПОРТНАЯ ДОСТУПНОСТЬ: 
 
- 5 мин. на личном автомобиле  или 10 мин. на автобусе 189 и 147 до станции метро ""Филатов Луг""
- 25  мин. пешком до станции метро ""Филатов Луг"" 
 
ИНФРАСТРУКТУРА: 
 
Около 7 фазы запланировано строительство детского сада, школы, 2 многоуровневых паркинга.
Также на территории проекта есть все необходимые объекты действующей социальной и бытовой инфраструктуры: 8 детских садов, 5 школ, тц, магазины, паркинги, аптеки и др. 
 
БЛАГОУСТРОЙСТВО: 
 
- Дворы без машин
- Игровые зоны для детей, зоны для занятия спортом, зоны для отдыха с навесами/качелями
- Детские площадки разделены по возрастным группам
- Пешеходный и вело-маршрут с двуполостной велодорожкой 2,5 м. в ширину
- Озеленение с растениями всесезонного цветения 
 
ОСОБЕННОСТИ АРХИТЕКТУРЫ: 
 
В каждой секции 3 корпуса предусмотрены: 
- колясочные во входных группах
- кладовые помещения с -1 по 20 этажи
- коммерческие помещения на 1 этажах
- по 4 лифта: 2 пассажирских, 2 грузовых
- видеонаблюдение установленное в холлах первых этажей, у подъездов и прилегающей территории 
 
АВТОРСКИЙ ДИЗАЙН: 
 
Входные группы выполнены по авторскому дизайну, оснащены системой ""тёплый пол"". В каждой входной группе будет располагаться комфортабельная зона ожидания с мягким диваном,
акцентными пуфами и столиком.",,58.9,11.4,192.7
https://www.cian.ru/sale/flat/308521679/,https://images.cdn-cian.ru/images/novostroyka-7ya-2294835130-4.jpg,ЖК «Город-парк Первый Московский»,"Москва, НАО (Новомосковский), м. Рассказовка, Московский г., улица Никитина, 11к5",Транспортом,10000000.0,268817.0,1.0,13.0,25.0,37.2,"Продается однокомнатная квартира в Новомосковском административном округе г. Москвы в монолитном доме комфорт-класса  общей площадью 37.2 кв.м на 13 этаже. Квартира без отделки,можно применить свои дизайнерские способности и сделать ремонт под себя. Красивая входная группа. На территории двора есть обустроенная детская площадка и зона отдыха . Есть многоуровневый наземный паркинг. Вся инфраструктура в шаговой доступности. Один собственник. Без обременений.",,37.2,10.0,268.8
https://odintsovo.cian.ru/sale/flat/308862901/,https://images.cdn-cian.ru/images/kvartira-mikrorayon-klubnichnoe-2302074323-4.jpg,ЖК «Одинград. Семейный квартал»,"Московская область, Одинцово, м. Рассказовка, Микрорайон Клубничное Поле, 3",Транспортом,5800000.0,207143.0,1.0,14.0,24.0,28.0,"Продается видовая 1-комнатная квартира в современном микрорайоне Клубничное Поле, Одинцово. Общая площадь квартиры составляет 28 кв. м, расположена на 14-м этаже 24-этажного монолитного дома, построенного в 2022 году. Высокие потолки (3 метра) создают ощущение простора и свободы.
Квартира предлагается без ремонта, что дает вам прекрасную возможность воплотить свои дизайнерские идеи и создать интерьер мечты. Санузел совмещенный, что очень удобно для компактных квартир.
Дом находится в отличном состоянии, так как был построен совсем недавно. 
Инфраструктура района развита и включает в себя все необходимое для комфортной жизни. Рядом расположены: школы, детские сады, поликлиника, рынок, магазины, мед. центры, Одинцовский парк культуры, спорта и отдыха для прогулок на свежем воздухе в пешей доступности. 
Быстрый выезд на платную автодорогу Северный обход Одинцово. Автобусная остановка в 5 минутах пешком от дома, откуда можно добраться до МЦД Одинцово.
Прекрасный жилой комплекс для семьи. Особенности ЖК: Ландшафтный двор-парк , авторская архитектура, дизайнерские входные группы.
Квартира свободна от обременений, поэтому покупка будет быстрой и легкой.
ОПЕРАТИВНЫЕ ПОКАЗЫ. БЫСТРЫЙ ВЫХОД НА СДЕЛКУ!
 Звоните и приходите на просмотр. Мы будем рады вас видеть! При необходимости помощь Покупателям в одобрении ипотеки. Мы обеспечивает нашим Покупателям юридическую чистоту и сопровождение сделки купли-продажи!",,28.0,5.8,207.1
https://www.cian.ru/sale/flat/310538165/,https://images.cdn-cian.ru/images/2350161987-4.jpg,ЖК «Новое Внуково»,"Москва, НАО (Новомосковский), м. Рассказовка, № 37 кв-л, Новое Внуково ЖК, к27",Транспортом,8524193.0,205650.0,1.0,7.0,8.0,41.45,"Ипотека 5,9% на два года. Продается 1-комн. квартира. Квартира расположена на 7 этаже 8 этажного монолитного дома (Корпус 27, Секция 1) в ЖК ""Новое Внуково"" от группы ""Самолет"". 

""Новое Внуково"" — это жилой комплекс в Новой Москве, у подножия берега реки Незнайка. Поблизости — живописные места для прогулок: народный парк ""Ручеек"", усадьба Старо-Никольское, Валуевский и Ульяновский лесопарки.
Часть домов сдана и внутри района уже открыт детсад с бассейном, а в ближайшее время откроются еще 3 детсада, 2 школы и поликлиника.
На территории проекта будет построен первый в России Центр Российской Федерации Баскетбола, где будут площадки с трибунами, тренажерный зал, кафе и конференц-зал.
Дворы-парки закрыты от машин и посторонних. На территории — прогулочный маршрут вдоль реки Незнайка и набережная с шезлонгами и качелями для отдыха. Также здесь появится плейхаб ""Незнайка на Луне"", площадь для мероприятий с сухим фонтаном, летним кинотеатром и кафе.
В жилом комплексе — монолитные дома высотой от 6 до 14 этажей. Фасады облицованы кирпичом природных оттенков.
 
Цена динамическая и может отличаться, уточняйте актуальность у застройщика.",,41.5,8.5,205.7
https://www.cian.ru/sale/flat/306627406/,https://images.cdn-cian.ru/images/kvartira-vnukovskoe-letchika-ulyanina-ulica-2254922905-4.jpg,ЖК «Солнцево парк»,"Москва, НАО (Новомосковский), м. Рассказовка, Внуковское поселение, улица Летчика Ульянина, 2",Транспортом,11000000.0,302198.0,1.0,16.0,18.0,36.4,"Продается 1- комнатная квартира в ЖК ""Солнцево парк"" с качественным,  функциональным ремонтом. Состояние квартиры - хорошее, очень тихая, теплая и уютная. Квартира нaходитcя на 16 этaжe сверху тех. этаж не жилой. 
Oбщая площадь по ЕГРН 34 кв. м+ лоджия 5 кв. м.( утеплена)
Окна расположены с видом во двор. Квартира укомплектована всем необходимым для комфортного проживания, есть кондиционер, посудомоечная машина, техника Electrolux и Bosch! 
До метро ""Пыхтино"" всего 5 минут пешком, что делает это место очень удобным для проживания.
Рядом с домом находятся все необходимые объекты инфраструктуры: детские сады, школы, поликлиники, магазины и торговый центр. В пешей доступности есть несколько парков, прудов.
Полная стоимость в ДКП, без обременений, зарегистрированных нет, мат. капитал не использовался .Легкая альтернатива на большую площадь (подобрана). Торг уместен!
Звоните, буду рада ответить на вопросы!",,36.4,11.0,302.2
https://www.cian.ru/sale/flat/309998014/,https://images.cdn-cian.ru/images/2325193938-4.jpg,,"Москва, НАО (Новомосковский), м. Рассказовка, Московский г., Град Московский мкр, улица Радужная, 2",Транспортом,10999999.0,250000.0,1.0,12.0,25.0,44.0,"Добрый день!

Продаётся 1-комнатная квартира с КОМФОРТНОЙ ПЛАНИРОВКОЙ!

К слову, если Вы сейчас продаёте свою квартиру, то мы готовы её КУПИТЬ! Безопасно и с удовольствием юридически сопроводим Вашу сделку, деятельность нашего агентства застрахована на 20.000.000 р. Будем рады покупкам с нами и у нас!)

А теперь к объявлению:
! ПРОДАЖА БЕЗ КОМИССИЙ !
Описание и фото соответствуют действительности!

ПРО ДОКУМЕНТЫ:
- ПОЛНАЯ СУММА в договоре;
- ОДИН ВЗРОСЛЫЙ СОБСТВЕННИК;
- Покажем ВСЕ документы!
- Квартира подходит под ИПОТЕКУ, при необходимости, БЕСПЛАТНО проконсультируем, поможем с одобрением :)

ПРО КВАРТИРУ:
- В квартире ДЕЙСТВИТЕЛЬНО комфортная планировка
Квартира ПРОСТОРНАЯ и ОЧЕНЬ УЮТНАЯ! Продуман и функционален каждый квадратный метр.
- БОЛЬШАЯ спальня-гостиная комната с гардеробной.
- Кухня вмещает в себя полноценный кухонный гарнитур и обеденную зону.
- ПРОСТОРНЫЙ СОВМЕЩЕННЫЙ санузел.
- В квартире КАЧЕСТВЕННЫЙ РЕМОНТ.
- Установлен КОНДИЦИОНЕР.
- ТЕПЛЫЕ ПОЛЫ.
ФУНКЦИОНАЛЬНАЯ и ПРОДУМАННАЯ планировка квартиры идеально подходит для современных динамичных людей и молодых семей.

ПРО ДОМ И ИНФРАСТРУКТУРУ:
- Дом расположен в ЖК ""Град Московский"" с ухоженным двором, игровыми зонами для детей. Рядом с домом большой парк ""Филатов Луг"" с прогулочными зонами.
 - Управляющая компания своевременно следит за уборкой и чистотой во дворе круглый год.
- До ближайших станций метро ""Филатов Луг"", ""Саларьево"", ""Аэропорт Внуково"", ""Рассказовка"" 10-12 минут. Развитая сеть общественного транспорта. Удобный выезд на Киевское, Калужское, Филатовское, Филимоновское шоссе.
- Рядом есть все необходимые объекты инфраструктуры. В непосредственной близости расположены школа, детский сад, поликлиника, станция скорой помощи, магазины, аптеки, пункты приема и выдачи интернет-заказов.

Торг уместен, но после просмотра :)

БЕСПЛАТНО КОНСУЛЬТИРУЕМ по сделке! Звоните!",,44.0,11.0,250.0
https://www.cian.ru/sale/flat/309956638/,https://images.cdn-cian.ru/images/2350302906-4.jpg,ЖК «Новое Внуково»,"Москва, НАО (Новомосковский), м. Рассказовка, № 37 кв-л, Новое Внуково ЖК, к31",Транспортом,10975418.0,257337.0,1.0,9.0,9.0,42.65,"Ипотека 5,9% на два года. Продается 1-комн. квартира. Квартира расположена на 9 этаже 9 этажного монолитно-кирпичного дома (Корпус 31, Секция 1) в ЖК ""Новое Внуково"" от группы ""Самолет"". 

""Новое Внуково"" — это жилой комплекс в Новой Москве, у подножия берега реки Незнайка. Поблизости — живописные места для прогулок: народный парк ""Ручеек"", усадьба Старо-Никольское, Валуевский и Ульяновский лесопарки.
Часть домов сдана и внутри района уже открыт детсад с бассейном, а в ближайшее время откроются еще 3 детсада, 2 школы и поликлиника.
На территории проекта будет построен первый в России Центр Российской Федерации Баскетбола, где будут площадки с трибунами, тренажерный зал, кафе и конференц-зал.
Дворы-парки закрыты от машин и посторонних. На территории — прогулочный маршрут вдоль реки Незнайка и набережная с шезлонгами и качелями для отдыха. Также здесь появится плейхаб ""Незнайка на Луне"", площадь для мероприятий с сухим фонтаном, летним кинотеатром и кафе.
В жилом комплексе — монолитные дома высотой от 6 до 14 этажей. Фасады облицованы кирпичом природных оттенков.
 
Цена динамическая и может отличаться, уточняйте актуальность у застройщика.",,42.6,11.0,257.3
https://odintsovo.cian.ru/sale/flat/307964293/,https://images.cdn-cian.ru/images/2283743441-4.jpg,ЖК «Одинград. Семейный квартал»,"Московская область, Одинцово, м. Рассказовка, Микрорайон Клубничное Поле, 3",Транспортом,8400000.0,233333.0,1.0,11.0,24.0,36.0,"Арт. 74772424 Срочно продается 1 комнатная квартира.  
В квартире сделан светлый новый ремонт, который позволит вам сразу заселиться и наслаждаться жизнью.

Вся необходимая инфраструктура находится прямо на территории Одинграда. На территории запроектированы три детских сада и школа. Кроме того, в ближайшем окружении престижные образовательные учреждения, в том числе лицеи, гимназии, школы с изучением иностранных языков и филиал МГИМО. Поблизости находятся Ледовый дворец Армада и детско-юношеская шахматная школа, волейбольный центр и спортивный комплекс с тренажерами. На первых этажах квартала расположены магазины и супермаркеты, аптека и стоматология, салон красоты и спа-центр, кофейня, пекарня, студия йоги, барбершоп и химчистка.

Жилой квартал имеет собственный выезд на трассу М-1, что позволяет добраться до Москвы за 10 минут, можно воспользоваться Можайским шоссе и добраться за 19 минут. До столицы можно доехать и общественным транспортом: полчаса до станций метро Парк Победы и Юго-Западная, 40 минут  до Киевского вокзала. На маршрутке за 10 минут можно доехать до ст. МЦД - Одинцово ( 18-20 минут по МЦД до пересадки в метро Кунцевская, Славянский бульвар).


Без обременений! 1 взрослый собственник. Нет прописанных. Свободная продажа.",,36.0,8.4,233.3
https://www.cian.ru/sale/flat/312129173/,https://images.cdn-cian.ru/images/2369371435-4.jpg,ЖК «Город-парк Первый Московский»,"Москва, НАО (Новомосковский), м. Рассказовка, Московский г., улица Никитина, 11к10",Транспортом,11500000.0,271226.0,1.0,8.0,25.0,42.4,"Арт. 90880366 Уникальное предложение от ""Самолет плюс""

Эту квартиру вы можете приобрести в ипотеку со ставкой- 14,75 %
на вторичном рынке на весь срок!

На пpoдaжу пpедлагается уютная 1-комнaтная  квартира с видом на лес в эколoгичеcки чистом и блaгoпpиятном райoнe , в пешей доступности до метро (15 мин), транспортная доступность - 5 мин.

ЖК класса ""комфорт плюс"", ландшафтный дизайн, концепция ""двор без машин"".
Функциональная планировка:
-просторная комната, кухня, санузел.

В пешей доступности -парк Филатов луг( пикниковая зона, велодорожки, пешеходные дорожки, беседки для активного отдыха, спортивные площадки).

Во дворе -школа, детский сад, спортивные площадки, два паркинга

Инфраструктура района насыщенная:
торговые центры ,поликлиника, сетевые магазины и аптеки ,фитнес клубы.

Удобная транспортная доступность - выезд на Киевское и Филимонковское шоссе,
Метро Филатов Луг - 5 мин транспортом
Метро Саларьево -10 мин транспортом
Метро Рассказовка -10 мин транспортом

Остановки общественного транспорта в шаговой доступности.
Один взрослый собственник.
Свободная продажа, подходит под ипотеку. Оперативно покажем.",,42.4,11.5,271.2
https://www.cian.ru/sale/flat/309186581/,https://images.cdn-cian.ru/images/2350160349-4.jpg,ЖК «Новое Внуково»,"Москва, НАО (Новомосковский), м. Рассказовка, № 37 кв-л, Новое Внуково ЖК, к23",Транспортом,7450602.0,211125.0,1.0,2.0,9.0,35.29,"Ипотека 5,9% на два года. Продается 1-комн. квартира. Квартира расположена на 2 этаже 9 этажного монолитного дома (Корпус 23, Секция 2) в ЖК ""Новое Внуково"" от группы ""Самолет"". 

""Новое Внуково"" — это жилой комплекс в Новой Москве, у подножия берега реки Незнайка. Поблизости — живописные места для прогулок: народный парк ""Ручеек"", усадьба Старо-Никольское, Валуевский и Ульяновский лесопарки.
Часть домов сдана и внутри района уже открыт детсад с бассейном, а в ближайшее время откроются еще 3 детсада, 2 школы и поликлиника.
На территории проекта будет построен первый в России Центр Российской Федерации Баскетбола, где будут площадки с трибунами, тренажерный зал, кафе и конференц-зал.
Дворы-парки закрыты от машин и посторонних. На территории — прогулочный маршрут вдоль реки Незнайка и набережная с шезлонгами и качелями для отдыха. Также здесь появится плейхаб ""Незнайка на Луне"", площадь для мероприятий с сухим фонтаном, летним кинотеатром и кафе.
В жилом комплексе — монолитные дома высотой от 6 до 14 этажей. Фасады облицованы кирпичом природных оттенков.
 
Цена динамическая и может отличаться, уточняйте актуальность у застройщика.",,35.3,7.5,211.1
https://www.cian.ru/sale/flat/310466805/,https://images.cdn-cian.ru/images/kvartira-vnukovskoe-letchika-ulyanina-ulica-2333959701-4.jpg,ЖК «Солнцево парк»,"Москва, НАО (Новомосковский), м. Рассказовка, Внуковское поселение, улица Летчика Ульянина, 3А",Транспортом,9700000.0,238916.0,1.0,2.0,13.0,40.6,"Предлагается в продажу просторная квартира 40,6 квадратных метров на высоком втором этаже. Отличная транспортная доступность метро Пыхтино в 3-х минутах ходьбы. Полностью сформированный район, есть все, что нужно для жизни, своя поликлиника, магазины, школы, детские сады, рядом гипермаркет Selgros Cash & Carry, в пешей доступности 4 оборудованные парковые зоны с прудами и освещенными дорожками. 
Первый этаж в корпусе нежилой, парковка перед домом, вход в подъезд и на этаж по коду. 
В квартире установлена система кондицонирования воздуха.
Квартира без обременений, один собственник, свободная продажа.
Вместе с квартирой есть возможность приобрести паркинг-место в рядом стоящем многоуровневом паркинге. 
Показ по предварительной договоренности.",,40.6,9.7,238.9
https://www.cian.ru/sale/flat/311731176/,https://images.cdn-cian.ru/images/2360812688-4.jpg,ЖК «Город-парк Первый Московский»,"Москва, НАО (Новомосковский), м. Рассказовка, Московский г., улица Бианки, 4к1",Транспортом,9100000.0,236364.0,1.0,14.0,17.0,38.5,"Id 382120. Однокомнатная квартира в прилегающем к лесному массиву районе Новой Москвы!

Альтернатива подобрана, расширение.
Общая площадь 38 м2, комната 20 м2, кухня 8.8 м2, лоджия- 2.2 м2. 
Этаж 14ый, окна выходят в красиво оформленный двор, оборудованный детскими и спортивными площадками, зонами для отдыха. 
2 входа (выхода) - на улицу с берёзовой аллеей и во двор. 
Подъезды с пандусами и местами для колясок и велосипедов. 

В шаговой доступности объекты торговой, спортивной и образовательной инфраструктуры. ТЦ ""Новомосковский"", ТЦ ""Столица"", круглосуточный ""Мираторг"", Дом Культуры со всевозможными занятиями, Зимний бассейн! Спортивные секции для взрослых и детей!


Транспортная доступность: в 5 минутах езды до метро Филатов Луг (пешком 2,5 км), 10 мин. - метро Саларьево, 13 мин. - метро Рассказовка.

Парк Филатов луг, река Зимёнка с рыбой, спортивные площадки, велосипедные дорожки. Общественный транспорт в графике, без перебоев. 

Звоните и записывайтесь на просмотр! Лучшая цена в районе! Оперативный показ!",,38.5,9.1,236.4
https://aprelevka.cian.ru/sale/flat/309199114/,https://images.cdn-cian.ru/images/2361621635-4.jpg,ЖК «Парк Апрель»,"Московская область, Наро-Фоминский городской округ, Апрелевка, м. Рассказовка, Парк Апрель ЖК",Транспортом,12329064.0,237600.0,1.0,1.0,4.0,51.89,"Прямая продажа от застройщика! Загородный жилой комплекс класса Комфорт Плюс.
Продаётся 1-к квартира номер 13 общей площадью 51.89 кв.м. на 1-м этаже 4 этажного дома. Чистовая отделка.

Особенности:
- Квартира доступна к покупке в Trade-In.
- Линейная
- Окна в пол
- МЦД-4 в 10-ти минутах
- Квартиры с ключами
- Квартиры в готовом поселке
- Отличный вариант для проживания или инвестиций. Поселок готов к проживанию. Посмотрите вживую!
- Закрытый поселок в окружении леса
- Детский сад и школа на территории
- Закрытая территория
- Въезд и выезд только через КПП
- Круглосуточная охрана и видеонаблюдение
- Реки и леса в пешей доступности

Квартира с чистовой отделкой. Раскройте свою индивидуальность в создании своего уникального проекта, а трудоемкий ремонт мы возьмем на себя! Вы идете в ногу со временем и предпочитаете современные, универсальные дизайнерские решения? Или вы любитель строгой лаконичной классики? Тогда наши интерьеры придутся вам по душе! Выбирайте то, что ближе лично Вам и реализуйте свои задумки вместе с нами!

Расположение комплекса: 
Уникальный жилой комплекс, расположенный в 20 минутах от Москвы по Киевскому шоссе и окруженный первозданным лесом. В Парк Апрель легко наслаждаться жизнью на природе, не отказываясь от привычного уровня комфорта. Это возможно, благодаря уникальному сочетанию преимуществ комплекса. ЖК, окруженный с трех сторон лесом - подарит вам возможность дышать полной грудью и наслаждаться прекрасными видами, а развитая инфраструктура, транспортная доступность и высокий уровень безопасности принесут спокойствие и безмятежность.

Транспортная доступность:
МКАД в 20 минутах по Киевскому шоссе по современной скоростной трассе. Автобусная остановка в 200-х метрах от дома. 9 маршрутов наземного транспорта, автобусы до станций метро Юго-Западная, Саларьево, Румянцево, Тропарево. 25 минут на МЦД D4 до Киевского вокзала.

Внутренняя инфраструктура:
Развитая инфраструктура жилого комплекса, включает муниципальную школу, детский сад, торговый центр и другие объекты. Расположение домов тщательно продумано, так что из окон открываются красивые виды на тихие дворики и окружающий лес, а всего за 10 минут на личном или общественном транспорте вы доедете до любой из двадцати школ, поликлиники или современного дворца спорта. Разумеется, в Апрелевке найдутся также торговые комплексы, фитнес-центры и многое другое. 

Для кровли используется черепица, имеющая отличные тепло- и шумоизоляционные характеристики. Благодаря стенам из керамических на протяжении всего года в доме будет здоровый микроклимат, а облицовка бельгийский кирпичом придает особое очарование фасадам.
Вы сможете создать уникальный формат жилья, который подойдет именно вам. Просторная кухня - гостиная, отдельный кабинет для работы, мастер-спальня с гардеробной и ванной - квартира со свободной планировкой позволяет воплотить в жизнь все ваши идеи
С трех сторон Парк Апрель окружен лесом и малоэтажной частной застройкой, поблизости отсутствуют вредные производства. В пешей д",,51.9,12.3,237.6
https://www.cian.ru/sale/flat/306969956/,https://images.cdn-cian.ru/images/2263047721-4.jpg,ЖК «Городские истории (Рассказовка)»,"Москва, НАО (Новомосковский), м. Рассказовка, Внуковское поселение, улица Анны Ахматовой, 11к3",Пешком,10950000.0,276236.0,1.0,23.0,23.0,39.64,"Арт. 73335047 Все доброго дня ! 

Продаётся однокомнатная квартира в ЖК Комфорт класса ""Городские Истории"". 2 очередь, 2  корпус, (3 секция), подъезд 5.

Вид на ул. Боровское шоссе.


Закрытый двор.  Пешая доступность до метро ""Рассказовка""- 2 минуты.


В проекте жилого комплекса запланировано строительство подземного паркинга, собственный детский сад, торгово - развлекательный комплекс с современным кинотеатром и просторным фуд-кортом и детской игровой зоной. В проекте застройщиком будут благоустроены дворы и придомовые территории, оснащены детские и спортивные площадки, а также зоны отдыха для создания атмосферы комфорта и уюта. 

Из действующей инфраструктуры имеется Мичуринский пруд в шаговой доступности и парк ""Рассказовка"". 8 км до МКАД.

Один взрослый собственник, готовы к сделке и ждем вас :)",,39.6,10.9,276.2
https://www.cian.ru/sale/flat/301151678/,https://images.cdn-cian.ru/images/kvartira-vnukovskoe-andreya-tarkovskogo-bulvar-2369979885-4.jpg,ЖК «Рассказово»,"Москва, НАО (Новомосковский), м. Рассказовка, Внуковское поселение, бульвар Андрея Тарковского, 6",Пешком,15200000.0,370732.0,1.0,9.0,9.0,41.0,"ЖК Рассказово. Продается видовая однокомнатная квартира (спланированная как ЕВРОДВУХКОМНАТНАЯ - см. планировку) с высокими потолками 3,5 метра (такие только на верхнем этаже!) и панорамными окнами в обеих комнатах. 

Выполнен качественный ремонт по дизайн проекту. Шумоизоляция. Стены под покраску, на полу керамогранит и инженерная доска. 
Везде под плиткой теплый пол.

Укомплектована мебелью и техникой. 
Кухня: Kupersberg - индукционная варочная поверхность, духовка, посудомоечная машина, вытяжка; холодильник Haier, фильтр на питьевую воду.
Кондиционер Dahatsu, тион в спальне. 
Водонагреватель Electrolux. На кухне и в ванной датчики протечки. 

Мебель в гостиной, кухне и шкафы в прихожей - итальянская эмаль и натуральный дуб. Индивидуальный заказ, продумано всё до мелочей. Столешница и раковина из искусственного камня. 

Кровать с подъёмным механизмом, местом для хранения и большой шкаф-купе (3,20) в спальне, шкаф для верхней одежды и шкаф для обуви/сумок в прихожей.
Лоджия - утеплены пол, потолок, стены и заменен стеклопакет на двухкамерный. На лоджии оборудован кабинет. + 4 м2 к общей площади. 

Вид на школу, частный сектор, лес и потрясающие закаты. Квартира сделана с умом и любовью!

Охраняемая, огороженная территория, рядом парк Рассказовка, Боровский парк, Ульяновский лесопарк. 
Один взрослый собственник более пяти лет, полная стоимость в договоре, свободная продажа. Собственник освободил квартиру, готовы показывать!!",,41.0,15.2,370.7
https://www.cian.ru/sale/flat/309186469/,https://images.cdn-cian.ru/images/2350302865-4.jpg,ЖК «Новое Внуково»,"Москва, НАО (Новомосковский), м. Рассказовка, № 37 кв-л, Новое Внуково ЖК, к31",Транспортом,7912811.0,218888.0,1.0,6.0,9.0,36.15,"Ипотека 5,9% на два года. Продается 1-комн. квартира. Квартира расположена на 6 этаже 9 этажного монолитно-кирпичного дома (Корпус 31, Секция 3) в ЖК ""Новое Внуково"" от группы ""Самолет"". 

""Новое Внуково"" — это жилой комплекс в Новой Москве, у подножия берега реки Незнайка. Поблизости — живописные места для прогулок: народный парк ""Ручеек"", усадьба Старо-Никольское, Валуевский и Ульяновский лесопарки.
Часть домов сдана и внутри района уже открыт детсад с бассейном, а в ближайшее время откроются еще 3 детсада, 2 школы и поликлиника.
На территории проекта будет построен первый в России Центр Российской Федерации Баскетбола, где будут площадки с трибунами, тренажерный зал, кафе и конференц-зал.
Дворы-парки закрыты от машин и посторонних. На территории — прогулочный маршрут вдоль реки Незнайка и набережная с шезлонгами и качелями для отдыха. Также здесь появится плейхаб ""Незнайка на Луне"", площадь для мероприятий с сухим фонтаном, летним кинотеатром и кафе.
В жилом комплексе — монолитные дома высотой от 6 до 14 этажей. Фасады облицованы кирпичом природных оттенков.
 
Цена динамическая и может отличаться, уточняйте актуальность у застройщика.",,36.1,7.9,218.9
https://www.cian.ru/sale/flat/310880332/,https://images.cdn-cian.ru/images/2342388564-4.jpg,,"Москва, НАО (Новомосковский), м. Рассказовка, Внуковское поселение, улица Омская, 1",Транспортом,9400000.0,261111.0,1.0,8.0,14.0,36.0,"Id 11510. Продается 1-ком. квартира в ЖК ""Внуково 2016/2017"". На территории ЖК разнообразная развитая инфраструктура: много разных магазинов, салоны красоты, кафе, аптеки, детские и спортивные площадки. Рядом расположены лесопарки с зонами отдыха. Удобная транспортная доступность. В ЖК благоустроенная ландшафтная территория. 1 пассажирский и 1 грузовой лифты. Чистый подъезд, консьерж.
В квартире сделан евроремонт. Вид из окон на улицу, в квартире очень тихо. Встроенная кухня с бытовой техникой. С/у совмещенный. Монолитно-кирпичный дом. Покрытие пола  ламинат и плитка. С панорамным остеклением утепленный балкон, с системой теплый пол. Квартира продается с мебелью и бытовой техникой.
Документы основания - Наследство по закону. Один собственник. Легкая альтернатива. Подходит под ипотеку.
Звоните, с удовольствием отвечу на все ваши вопросы и оперативно организую показ в удобное для вас время.",,36.0,9.4,261.1
https://www.cian.ru/sale/flat/297371975/,https://images.cdn-cian.ru/images/kvartira-vnukovo-plotinnaya-ulica-2079207275-4.jpg,,"Москва, ЗАО, р-н Внуково, м. Рассказовка, улица Плотинная, 1к1",Транспортом,8600000.0,226316.0,1.0,8.0,12.0,38.0,"Продам 1 комнатную квартиру в районе посёлок Внуково (ЗАО)
Прописка Москва (!)
Дом серии П-44Т (2006), 8 этаж, квартира расположена так, что соседей не слышно 
Она теплая и просторная, широкий коридор, большая комната (поделена шкафом на 2 зоны - гостиная и спальня), из нее выход на удобный балкон
Мебель и кухню можно оставить (обсуждаемо)
Ремонт косметический от застройщика, можно сделать все под себя или заехать и жить/сдавать так
Рядом 2 станции метро Пыхтино и Аэропорт Внуково
Прямо перед домом детский сад и взросло-детская современная обновленная поликлиника (все это в 1 минуте пешком!)
Рядом также 2 общеобразовательные школы, есть частный детсад и начальная школа, бассейн, церковь, прекрасный зеленый парк с детскими площадками и пруд
Вокруг магазины (Пятерочка, Вкусвилл, Дикси и др), Озон, Wildberries
Неподалеку есть большой гипермаркет Зельгросс, Азбука Вкуса, Vnukovo Outlet village
2 взрослых собственника (мать и дочь)
Основание владения: наследство (с 2016)
Никто не прописан
Продажа свободная
Обременений нет 
В услугах риэлтора не нуждаемся!
Звонить только после предварительной переписки!
Просмотр по договоренности",,38.0,8.6,226.3
https://www.cian.ru/sale/flat/310745159/,https://images.cdn-cian.ru/images/2350162215-4.jpg,ЖК «Новое Внуково»,"Москва, НАО (Новомосковский), м. Рассказовка, № 37 кв-л, Новое Внуково ЖК, к17",Транспортом,8489679.0,219599.0,1.0,3.0,9.0,38.66,"Ипотека 5,9% на два года. Продается 1-комн. квартира. Квартира расположена на 3 этаже 9 этажного монолитного дома (Корпус 17, Секция 1) в ЖК ""Новое Внуково"" от группы ""Самолет"". 

""Новое Внуково"" — это жилой комплекс в Новой Москве, у подножия берега реки Незнайка. Поблизости — живописные места для прогулок: народный парк ""Ручеек"", усадьба Старо-Никольское, Валуевский и Ульяновский лесопарки.
Часть домов сдана и внутри района уже открыт детсад с бассейном, а в ближайшее время откроются еще 3 детсада, 2 школы и поликлиника.
На территории проекта будет построен первый в России Центр Российской Федерации Баскетбола, где будут площадки с трибунами, тренажерный зал, кафе и конференц-зал.
Дворы-парки закрыты от машин и посторонних. На территории — прогулочный маршрут вдоль реки Незнайка и набережная с шезлонгами и качелями для отдыха. Также здесь появится плейхаб ""Незнайка на Луне"", площадь для мероприятий с сухим фонтаном, летним кинотеатром и кафе.
В жилом комплексе — монолитные дома высотой от 6 до 14 этажей. Фасады облицованы кирпичом природных оттенков.
 
Цена динамическая и может отличаться, уточняйте актуальность у застройщика.",,38.7,8.5,219.6
https://odintsovo.cian.ru/sale/flat/306799153/,https://images.cdn-cian.ru/images/kvartira-odincovo-triumfalnaya-ulica-2258162356-4.jpg,ЖК «Гусарская баллада»,"Московская область, Одинцово, м. Рассказовка, улица Триумфальная, 5Б",Транспортом,9700000.0,210870.0,1.0,11.0,14.0,46.0,Продам квартиру с ремонтом мебелью и техникой. Все останется в квартире. Гардеробная.,,46.0,9.7,210.9
https://www.cian.ru/sale/flat/308916126/,https://images.cdn-cian.ru/images/kvartira-3y-2303263376-4.jpg,,"Москва, НАО (Новомосковский), м. Рассказовка, Московский г., 3-й мкр, 12",Транспортом,10890000.0,259286.0,1.0,13.0,17.0,42.0,"Продается очень уютная, любимая, комфортная для жизни, однокомнатная квартира с хорошим ремонтом в монолитном доме.  Большая комната, разделенная раздвижной перегородкой, позволяющей зонировать пространство. Просторная кухня c кондиционером и выходом на лоджию. Кухня оснащена современной техникой: индукционная панель, духовой шкаф, посудомоечная машина, холодильник (Siemens), встроенная микроволновая печь. Во всех помещения, кроме комнаты,  установлена система теплый пол. Просторная ванная комната с нишей под стиральную машину.  Очень вместительная, полностью оборудованная гардеробная  с зеркалами.  Дом расположен у леса, вдоль которого обустроено много парковочных мест.
Район обжитой и комфортный для жизни. В шаговой доступности прекрасный парк с детскими и спортивными площадками, школа, детский сад, поликлиника и сетевые магазины. 
Продажа осуществляется от собственника, обременений нет.
Услуги агентов не требуются.",,42.0,10.9,259.3
https://www.cian.ru/sale/flat/310538178/,https://images.cdn-cian.ru/images/2350160714-4.jpg,ЖК «Новое Внуково»,"Москва, НАО (Новомосковский), м. Рассказовка, № 37 кв-л, Новое Внуково ЖК, к27",Транспортом,6613975.0,190990.0,1.0,1.0,9.0,34.63,"Ипотека 5,9% на два года. Продается 1-комн. квартира. Квартира расположена на 1 этаже 9 этажного монолитного дома (Корпус 27, Секция 2) в ЖК ""Новое Внуково"" от группы ""Самолет"". 

""Новое Внуково"" — это жилой комплекс в Новой Москве, у подножия берега реки Незнайка. Поблизости — живописные места для прогулок: народный парк ""Ручеек"", усадьба Старо-Никольское, Валуевский и Ульяновский лесопарки.
Часть домов сдана и внутри района уже открыт детсад с бассейном, а в ближайшее время откроются еще 3 детсада, 2 школы и поликлиника.
На территории проекта будет построен первый в России Центр Российской Федерации Баскетбола, где будут площадки с трибунами, тренажерный зал, кафе и конференц-зал.
Дворы-парки закрыты от машин и посторонних. На территории — прогулочный маршрут вдоль реки Незнайка и набережная с шезлонгами и качелями для отдыха. Также здесь появится плейхаб ""Незнайка на Луне"", площадь для мероприятий с сухим фонтаном, летним кинотеатром и кафе.
В жилом комплексе — монолитные дома высотой от 6 до 14 этажей. Фасады облицованы кирпичом природных оттенков.
 
Цена динамическая и может отличаться, уточняйте актуальность у застройщика.",,34.6,6.6,191.0
https://www.cian.ru/sale/flat/311504284/,https://images.cdn-cian.ru/images/kvartira-vnukovskoe-andreya-tarkovskogo-bulvar-2356851197-4.jpg,ЖК «Рассказово»,"Москва, НАО (Новомосковский), м. Рассказовка, Внуковское поселение, бульвар Андрея Тарковского, 10",Транспортом,11400000.0,309783.0,1.0,14.0,22.0,36.8,"Эксклюзивное предложение! Продается однокомнатная квартира с большим балконом! Общая площадь квартиры составляет 36,8 кв.м. (площадь указана вместе с балконом). Квартира расположена на 14-м этаже современного дома 2024 года постройки, который имеет 22 этажа. Высота потолков в квартире — 3 метра. Из окон открывается красивый вид. Данная квартира имеет неоспоримое преимущество перед другими предложениями- балкон 6 кв.м! 

Квартира предлагается без ремонта, что дает возможность реализовать все ваши дизайнерские идеи и создать пространство по своему вкусу. Свободная планировка! 

На территории комплекса предусмотрена наземная парковка, что делает проживание комфортным для владельцев автомобилей. 

Район Внуково предлагает развитую инфраструктуру: в шаговой доступности находятся детские сады и магазины. До станции метро ""Рассказовка"" можно дойти за 22 минуты, а также есть хорошая транспортная доступность для автомобилистов. 

Один взрослый собственник! Никто не прописан! Быстрый выход на сделку!",,36.8,11.4,309.8
https://www.cian.ru/sale/flat/309348680/,https://images.cdn-cian.ru/images/2325829693-4.jpg,ЖК «Солнцево парк»,"Москва, НАО (Новомосковский), м. Рассказовка, Внуковское поселение, улица Летчика Ульянина, 7",Транспортом,8750000.0,202875.0,1.0,4.0,19.0,43.13,"Номер в базе: 3856225. О апартаментах: 
Апартаменты расположены на 4 этаже 19 этажного дома. Хороший вид из окна! Все делали и покупали для себя, продаем в связи с потребностью расширения площади! Высота потолков 3 метра. Квартира очень светлая и приятная. Свежий ремонт, мебель и техника в прекрасном состоянии (остаётся всё в квартире). Как для жизни, так и для сдачи подходит идеально. 

Окружение: 
Экологически чистый район Москвы. Развитый микрорайон. Две школы и три сада, взрослая и детская поликлиника, в 2 минутах центр развития творчества, спортивные секции, кружки для детей, а также частная школа. В пешей доступности отличный парк на берегу реки Ликова с мангальными зонами, лежаками для загара, прокатом лодок и сапов, а также Боровский парк с каскадными прудами, площадками для детей, кроссфита, выгула собак, лыжным прокатом. Дворы благоустроенные, с современными детскими и спортивными/скейт площадками. В составе комплекса: на первых этажах жилых домов (магазины, пункты выдачи, аптеки, салоны красоты). Новый, но обжитой район (без строек) с современными стандартами инфраструктуры. 

О доме: 
Дом 2017 года. В доме 2 лифта, 1 грузовой и 1 пассажирский. В подъезде чисто. Соседи тихие и спокойные. 

Транспортная доступность: 
* 10 минут пешком до метро ""Пыхтино""
* 1 минута пешком до остановки ""Улица Лётчика Ульянина""
* До МКАДа 15 минут на машине 

О документах: 
ДДУ. 1 взрослый собственник. Полная стоимость в договоре. Без обременении. Свободная продажа.


Код пользователя: 72568",,43.1,8.8,202.9
https://www.cian.ru/sale/flat/311828304/,https://images.cdn-cian.ru/images/2362744792-4.jpg,ЖК «Середневский лес»,"Москва, НАО (Новомосковский), м. Рассказовка, Середневский Лес ЖК, к4.1",Транспортом,8043393.0,252144.0,1.0,6.0,9.0,31.9,"Продаётся 1-комн. квартира площадью 31,9 кв.м на 6 этаже 9 этажного дома (Корпус 4.1, Секция 1) проекта ПИК Середневский лес. Светлый просторный подъезд на уровне земли, функциональная планировка, большие окна, .
 
В 10 минутах на автомобиле находится станция метро ""Внуково"", а в 15 минутах — станции ""Филатов Луг"" и ""Саларьево"". От них до центра Москвы всего 3540 минут. На рейсовом автобусе от жилого квартала до метро ""Филатов Луг"" — 20 минут.
 
На территории ""Середневского леса"" появилось общественное пространство с игровыми площадками, местами для отдыха, пешеходными маршрутами и велопарковкой — для прогулок, отдыха и встреч жителей квартала. Также внутри жилого квартала уже открыта школа на 1100 мест и детский сад для 325 малышей. В дальнейшем откроется ещё один сад для 340 детей. Артикул 893161  (Застройщик ООО ""Специализированный застройщик Середнево"")",,31.9,8.0,252.1
https://odintsovo.cian.ru/sale/flat/311002141/,https://images.cdn-cian.ru/images/kvartira-vniissok-ulica-druzhby-2344923092-4.jpg,,"Московская область, м. Рассказовка, Одинцовский городской округ, пос. ВНИИССОК, улица Дружбы, 10",Транспортом,7700000.0,179070.0,1.0,5.0,18.0,43.0,"Продается уютная однокомнатная квартира в современном жилом комплексе, расположенном в поселке ВНИИССОК.

Общая площадь квартиры составляет 45 кв. м. Располагается квартира на 5 этаже 18-этажного монолитного дома, построенного в 2018 году. 
Квартира с удобной планировкой:
комната с эркерным окном, просторная кухня с выходом на балкон, совмещенный санузел с ванной, прихожая. 

В квартире выполнен свежий косметический ремонт, есть вся необходимая мебель и техника. 

Дом новый, оснащен как пассажирским, так и грузовым лифтами. 
Инфраструктура района: детский сад, школа,  магазины, больница и многое другое. 
Рядом с домом остановка общественного транспорта. До станции электрички Пионерская 15 минут пешком. 

Квартира продается без обременений, один взрослый собственник. 
Показы по договоренности!",,43.0,7.7,179.1
https://www.cian.ru/sale/flat/302779231/,https://images.cdn-cian.ru/images/kvartira-grad-moskovskiy-raduzhnaya-ulica-2182533526-4.jpg,ЖК «Град Московский»,"Москва, НАО (Новомосковский), м. Рассказовка, Московский г., Град Московский мкр, улица Радужная, 4",Транспортом,10600000.0,239819.0,1.0,8.0,25.0,44.2,"Продам отличную однокомнатную квартиру на восьмом этаже в ЖК Град Московский. Дом 2011 года постройки. Квартира просторная, в жилом состоянии, что позволит вам жить самим, или сдавать в аренду. Приятный бонус - Московская прописка!  Развитая инфраструктура района: рядом с домом детский сад, школа, сетевые магазины и аптеки, салоны красоты, торговые и спортивные центры, кафе и рестораны, поликлиника, большой зелёный парк ""Филатов Луг"". Отличная транспортная доступность: остановка общественного транспорта рядом с домом, также можно пешком до метро Филатов луг 25 минут, или 15 минут на автобусе до метро Саларьево. На автомобиле до МКАД 10 км по Киевскому шоссе. Квартира юридически чистая , без долгов и обременений, прямая продажа, полная сумма в договоре. Звоните!!!",,44.2,10.6,239.8
https://odintsovo.cian.ru/sale/flat/294225852/,https://images.cdn-cian.ru/images/2312735156-4.jpg,ЖК «Равновесие»,"Московская область, м. Рассказовка, Одинцовский городской округ, с. Перхушково, Равновесие мкр, 10",Транспортом,5997600.0,176400.0,1.0,1.0,5.0,34.0,"Указанная акционная стоимость доступна при 100% оплате или ипотеке без субсидирования. Цена действует до 15.01.2025 23:00:00. Стоимость без акции 7140000.

Продаётся апартамент с 1 комнатой общей площадью 34.00 кв. метров на 1 этаже жилого квартала комфорт-класса ""Равновесие"".

Срок сдачи: 3 кв. 2023

На территории комплекса будет возведен детский сад на 360 мест, а на первых этажах жилых домов откроются кафе, магазины и все необходимое для удобства жителей.

Локация ""Равновесия"" выделяется среди других пригородных ЖК разнообразием быстрых маршрутов до Москвы. Для автомобилистов преимуществом станут удобные выезды на Можайское шоссе, Рублёво-Успенское шоссе, Минское шоссе с платной трассой и другие. Также в пешей доступности находятся две ж/д станции — ""Жаворонки"" и ""Здравница"". Дорога на электропоезде до делового центра ""Москва-Сити"" составит всего 35 минут.

Особенности ЖК:

- Малоэтажная застройка: 4-6 этажей;
- Благоустроенный пешеходный бульвар;
- Пространства для отдыха и спорта;
- Квартиры с террасами на последних этажах;
- Квартиры с отдельным входом на первых этажах;
- Внутренняя территория квартала свободна от машин;
- Безбарьерная среда;
- Помещения для хранения детских колясок и спортивного инвентаря.))",,34.0,6.0,176.4
https://www.cian.ru/sale/flat/311698692/,https://images.cdn-cian.ru/images/2360186739-4.jpg,ЖК «Город-парк Первый Московский»,"Москва, НАО (Новомосковский), м. Рассказовка, Московский г., улица Москвитина, 3к1",Транспортом,10199000.0,268395.0,1.0,4.0,17.0,38.0,"Номер лота: вт-0423203.
     Продаётся светлая, уютная 1- комнатная квартира с большой кухней и комнатой (Московская прописка)  в ЖК Город парк Первый Московский. Квартира находится на 4 этаже,17-этажного панельного дома. Прекрасный район со свей инфраструктурой парк для прогулок, пробежек, катание на велосипеде. Также в пешей доступности ТЦ Новомосковский, ТЦ Столица Напротив дома находится остановка общественного транспорта. До метро Филатов Луг 10 минут транспортом. Напротив дома, имеется охраняемая платная парковка. В собственности более 5 лет полная стоимость в договоре купли продажи, один взрослый собственник, без обременений. Звоните уважаемые покупатели и мы ответим на все ваши вопросы. Содействие в получении специальных условий и преференций по ипотеке.",,38.0,10.2,268.4
https://www.cian.ru/sale/flat/309408542/,https://images.cdn-cian.ru/images/kvartira-grad-moskovskiy-raduzhnyy-proezd-2313160532-4.jpg,,"Москва, НАО (Новомосковский), м. Рассказовка, Московский г., Град Московский мкр, проезд Радужный, 3",Транспортом,10500000.0,246479.0,1.0,12.0,25.0,42.6,"Дом 2011года, индивидуальный проект. Чистый подъезд с консьержем и цветами. Уютная квартира с удобной планировкой: Общая площадь-42,6 м2 (без учёта лоджии), лоджия- 6м2 ( выглядит как комната), кухня-13,5 м2, комната- 17.1 м2. Микрорайон с отлично развитой инфраструктурой, есть всё для комфортной жизни. Хорошая транспортная доступность, от метро часто идут автобусы. Один Собственник, первичные документы -от Застройщика. Никто не зарегистрирован. Свободная продажа.",,42.6,10.5,246.5
https://www.cian.ru/sale/flat/304057908/,https://images.cdn-cian.ru/images/2210092190-4.jpg,ЖК «Город-парк Первый Московский»,"Москва, НАО (Новомосковский), м. Рассказовка, Московский г., Первый Московский мкр, Первый Московский ЖК, 7-я фаза, 3",Транспортом,10958939.0,256650.0,1.0,17.0,20.0,42.7,"Продается однокомнатная квартира  с отделкой в 7 фазе города-парка ""Первый Московский"". 
Общая площадь квартиры - 42,7 кв. м, этаж 17 из 20. 
Срок сдачи - 1 квартал 2027 года. 
Тип дома - монолитный. 
 
Новый корпус состоит из 3х секций:
- 1 и 2 секции с отделкой White Box с возможностью приобретения чистовой отделки за дополнительную плату
- 3 секция без отделки 
 
Город-парк ""Первый Московский"" расположен всего в 7 км по Киевскому шоссе (Новая Москва). Из города-парка прямой выезд на Киевское шоссе и трассу Солнцево-Бутово-Варшавское шоссе. 
 
ТРАНСПОРТНАЯ ДОСТУПНОСТЬ: 
 
- 5 мин. на личном автомобиле  или 10 мин. на автобусе 189 и 147 до станции метро ""Филатов Луг""
- 25  мин. пешком до станции метро ""Филатов Луг"" 
 
ИНФРАСТРУКТУРА: 
 
Около 7 фазы запланировано строительство детского сада, школы, 2 многоуровневых паркинга.
Также на территории проекта есть все необходимые объекты действующей социальной и бытовой инфраструктуры: 8 детских садов, 5 школ, тц, магазины, паркинги, аптеки и др. 
 
БЛАГОУСТРОЙСТВО: 
 
- Дворы без машин
- Игровые зоны для детей, зоны для занятия спортом, зоны для отдыха с навесами/качелями
- Детские площадки разделены по возрастным группам
- Пешеходный и вело-маршрут с двуполостной велодорожкой 2,5 м. в ширину
- Озеленение с растениями всесезонного цветения 
 
ОСОБЕННОСТИ АРХИТЕКТУРЫ: 
 
В каждой секции 3 корпуса предусмотрены: 
- колясочные во входных группах
- кладовые помещения с -1 по 20 этажи
- коммерческие помещения на 1 этажах
- по 4 лифта: 2 пассажирских, 2 грузовых
- видеонаблюдение установленное в холлах первых этажей, у подъездов и прилегающей территории 
 
АВТОРСКИЙ ДИЗАЙН: 
 
Входные группы выполнены по авторскому дизайну, оснащены системой ""тёплый пол"". В каждой входной группе будет располагаться комфортабельная зона ожидания с мягким диваном,
акцентными пуфами и столиком.",,42.7,11.0,256.6
https://www.cian.ru/sale/flat/310191619/,https://images.cdn-cian.ru/images/2328405733-4.jpg,,"Москва, НАО (Новомосковский), м. Рассказовка, Внуковское поселение, улица Бориса Пастернака, 25",Пешком,12500000.0,328947.0,1.0,15.0,17.0,38.0,"Арт. 82938416 Эксклюзивное предложение от ""Самолета"" и банка-партнера на получение ипотечной ставки от 14,75%. 

О КВАРТИРЕ:
Вашему вниманию предлагается просторная, светлая, уютная 1-комнатная квартира с евроремонтом на 15 этаже 17-этажного дома всего в 15 минутах прогулочным шагом от метро ""Рассказовка"". Свежий ремонт, кухонный гарнитур со встроенной техникой. 
Просторная комната 19 кв. м.
Большая кухня 10 кв. м.
Совмещенный санузел. 

О ДОМЕ:
Монолитный дом 2016 года постройки. 2 лифта, в том числе грузовой, просторные входные группы, видеонаблюдение, подъезд очень чистый и ухоженный. 

О ДВОРЕ:
Несколько детских площадок для деток разного возраста, workout площадка, зоны отдыха. 

ИНФРАСТРУКТУРА:
Все развито: аптеки, сетевые продуктовые магазины, маркетплейсы, кафе, в шаговой доступности несколько детских садов, школы, поликлиника, фитнес-клуб в шаговой доступности. 

ТРАНСПОРТНАЯ ДОСТУПНОСТЬ:
15 минут прогулочным шагом до метро ""Некрасовка"". 
Легко купить:
1 собственник
Никто не прописан
Без обременений
Быстрый выход на сделку
Заезжай и живи. 

Бонус от ГК ""САМОЛЕТ"": 
Помощь в одобрении ипотеки
Работаем с сертификатами Херсон
Полное юридическое сопровождение.
Звоните! Записывайтесь на показ объекта прямо сейчас. 
Рады будем ответить на все ваши вопросы. 

""ООО ""Самолет Плюс"" (ОГРН 1067746757704) оказывает консультационные услуги по подбору программы кредитования, подходящей по условиям и требованиям к клиенту как к заемщику и к приобретаемому им объекту недвижимости. Конкретные условия зависят от банка, программы кредитования и иных требований"".",,38.0,12.5,328.9
https://www.cian.ru/sale/flat/311975872/,https://images.cdn-cian.ru/images/2366038909-4.jpg,ЖК «Город-парк Первый Московский»,"Москва, НАО (Новомосковский), м. Рассказовка, Московский г., улица Бианки, 5к1",Транспортом,9600000.0,250653.0,1.0,10.0,17.0,38.3,"Арт. 75191462 Добрый День! Вашему Вниманию предлагаю к продаже 1 комнатную квартиру 38.3 м2 в Московском на улице Бианки дом 5 к1

Общая площадь -38.3м2
Комната-18м2
Кухня- 8.5 м2
Высота потолка-2.74м
Застекленная лоджия-2м2
Гардеробная- 1.6м2
Коридор 5.6м2
Комфортный 10 этаж из 17
Соседи воспитанные не пьющие люди

Район с отличной транспортной доступностью:
до станции метро:
 Филатов Луг 5 мин
Саларьево 10мин
Рассказовка 10 мин
Теплый Стан 15 мин
до Аэропорта Внуково 12 мин
Транспорт ходит по расписанию часто, рядом с домом много остановок в любую сторону.

В пешей доступности ТЦ ""Столица""
много супермаркетов и других магазинов.
Школы и детские садики тоже рядом
2 Поликлиники в 10 минутах ходьбы
и так же МФЦ

1 собственник
без обременений
полная стоимость в ДКП

ЗВОНИТЕ!",,38.3,9.6,250.7
https://www.cian.ru/sale/flat/310283360/,https://images.cdn-cian.ru/images/2350161442-4.jpg,ЖК «Новое Внуково»,"Москва, НАО (Новомосковский), м. Рассказовка, № 37 кв-л, Новое Внуково ЖК, к28",Транспортом,7915968.0,228587.0,1.0,7.0,9.0,34.63,"Ипотека 5,9% на два года. Продается 1-комн. квартира. Квартира расположена на 7 этаже 9 этажного монолитного дома (Корпус 28, Секция 1) в ЖК ""Новое Внуково"" от группы ""Самолет"". 

""Новое Внуково"" — это жилой комплекс в Новой Москве, у подножия берега реки Незнайка. Поблизости — живописные места для прогулок: народный парк ""Ручеек"", усадьба Старо-Никольское, Валуевский и Ульяновский лесопарки.
Часть домов сдана и внутри района уже открыт детсад с бассейном, а в ближайшее время откроются еще 3 детсада, 2 школы и поликлиника.
На территории проекта будет построен первый в России Центр Российской Федерации Баскетбола, где будут площадки с трибунами, тренажерный зал, кафе и конференц-зал.
Дворы-парки закрыты от машин и посторонних. На территории — прогулочный маршрут вдоль реки Незнайка и набережная с шезлонгами и качелями для отдыха. Также здесь появится плейхаб ""Незнайка на Луне"", площадь для мероприятий с сухим фонтаном, летним кинотеатром и кафе.
В жилом комплексе — монолитные дома высотой от 6 до 14 этажей. Фасады облицованы кирпичом природных оттенков.
 
Цена динамическая и может отличаться, уточняйте актуальность у застройщика.",,34.6,7.9,228.6
https://www.cian.ru/sale/flat/296663962/,https://images.cdn-cian.ru/images/kvartira-vnukovskoe-vasiliya-aksenova-ulica-2065816434-4.jpg,ЖК «Переделкино Ближнее Город-парк»,"Москва, НАО (Новомосковский), м. Рассказовка, Внуковское поселение, улица Василия Аксенова, 2",Пешком,13000000.0,295455.0,1.0,5.0,12.0,44.0,"Квартира в собственности (один взрослый собственник), без обременений. Солнечная сторона, окна выходят на внешнюю сторону дома (не окна в окна). Квартиру выбирали для себя, учитывая все нюансы (вид, расположение в секции, этаж и тд). Во дворе новая школа, под окнами пруд с прогулочными зонами, до метро 12 минут пешком, до МЦД 20 минут пешком.",,44.0,13.0,295.5
https://www.cian.ru/sale/flat/305807998/,https://images.cdn-cian.ru/images/novostroyka-pervyy-moskovskiy-2240378188-4.jpg,ЖК «Город-парк Первый Московский»,"Москва, НАО (Новомосковский), м. Рассказовка, Московский г., улица Никитина, 11к4",Транспортом,10500000.0,271318.0,1.0,4.0,17.0,38.7,"Город-парк Первый Московский. Экологически чистый район Москвы. Тихо, зелено, большая парковая зона, река. Развитая инфраструктура: бесперебойное динамичное транспортное сообщение со ст. метро Филатов Луг (в пути 5 мин.); множество магазинов, предприятий быта, учреждений здравоохранения и образования. Новая застройка. Благоустроенная придомовая территория: детские и спортивные площадки, зоны отдыха и релакса. Дом переменной этажности (25-17 этажей). Красивая входная группа, удобные просторные лифты. Подземный паркинг. Квартира свободной планировки. Окна в тихий, зеленый двор. 2 стояка. На площадке 4 квартиры. 3 лифта (2 грузопассажирских, 1 грузовой). 1 взрослый собственник. Свободная продажа. В собственности менее 5-ти лет.",,38.7,10.5,271.3
https://www.cian.ru/sale/flat/304057908/,https://images.cdn-cian.ru/images/2210092190-4.jpg,ЖК «Город-парк Первый Московский»,"Москва, НАО (Новомосковский), м. Рассказовка, Московский г., Первый Московский мкр, Первый Московский ЖК, 7-я фаза, 3",Транспортом,10958939.0,256650.0,1.0,17.0,20.0,42.7,"Продается однокомнатная квартира  с отделкой в 7 фазе города-парка ""Первый Московский"". 
Общая площадь квартиры - 42,7 кв. м, этаж 17 из 20. 
Срок сдачи - 1 квартал 2027 года. 
Тип дома - монолитный. 
 
Новый корпус состоит из 3х секций:
- 1 и 2 секции с отделкой White Box с возможностью приобретения чистовой отделки за дополнительную плату
- 3 секция без отделки 
 
Город-парк ""Первый Московский"" расположен всего в 7 км по Киевскому шоссе (Новая Москва). Из города-парка прямой выезд на Киевское шоссе и трассу Солнцево-Бутово-Варшавское шоссе. 
 
ТРАНСПОРТНАЯ ДОСТУПНОСТЬ: 
 
- 5 мин. на личном автомобиле  или 10 мин. на автобусе 189 и 147 до станции метро ""Филатов Луг""
- 25  мин. пешком до станции метро ""Филатов Луг"" 
 
ИНФРАСТРУКТУРА: 
 
Около 7 фазы запланировано строительство детского сада, школы, 2 многоуровневых паркинга.
Также на территории проекта есть все необходимые объекты действующей социальной и бытовой инфраструктуры: 8 детских садов, 5 школ, тц, магазины, паркинги, аптеки и др. 
 
БЛАГОУСТРОЙСТВО: 
 
- Дворы без машин
- Игровые зоны для детей, зоны для занятия спортом, зоны для отдыха с навесами/качелями
- Детские площадки разделены по возрастным группам
- Пешеходный и вело-маршрут с двуполостной велодорожкой 2,5 м. в ширину
- Озеленение с растениями всесезонного цветения 
 
ОСОБЕННОСТИ АРХИТЕКТУРЫ: 
 
В каждой секции 3 корпуса предусмотрены: 
- колясочные во входных группах
- кладовые помещения с -1 по 20 этажи
- коммерческие помещения на 1 этажах
- по 4 лифта: 2 пассажирских, 2 грузовых
- видеонаблюдение установленное в холлах первых этажей, у подъездов и прилегающей территории 
 
АВТОРСКИЙ ДИЗАЙН: 
 
Входные группы выполнены по авторскому дизайну, оснащены системой ""тёплый пол"". В каждой входной группе будет располагаться комфортабельная зона ожидания с мягким диваном,
акцентными пуфами и столиком.",,42.7,11.0,256.6
https://www.cian.ru/sale/flat/311391465/,https://images.cdn-cian.ru/images/2353531008-4.jpg,,"Москва, НАО (Новомосковский), м. Рассказовка, Внуковское поселение, улица Корнея Чуковского",Пешком,12400000.0,326316.0,1.0,12.0,17.0,38.0,"Арт. 88471760 В продаже уютная однокомнатная квартира в самом центре ЖК ""Переделкино Ближнее"". 
Прописка Москва!

Светлая 1-комнатная квартира площадью 38,8 кв.м. с приятным видом во двор. Выполнен качественный евроремонт, в светлых тонах. 
Общая площадь квартиры 38,8 кв.м.
Кухня- 8 кв.м.,
Комната- 20 кв.м..

Входная группа индивидуального дизайна, оборудована электрическим подъемником.

Этот район считается одним из самых экологически чистых уголков Москвы, с развитой инфраструктурой, благоустроенной территорией, зелеными газонами и современными детскими площадками, что создает отличные условия для семейной жизни. 

В ЖК ""Переделкино Ближнее"" находятся три школы (две действующие и одна строящаяся), а также современные детские сады, спортивные площадки, супермаркеты, поликлиники, фитнес-центры, пекарни, кофейни и рестораны. 
Для владельцев собак предусмотрены специальные площадки для выгула.

Отличная транспортная доступность: до аэропорта Внуково всего 15 минут на метро и 7 минут на автомобиле. Станция метро Рассказовка находится в 8 минутах пешком, автобусная остановка прямо напротив дома позволяет добраться до метро за 3 минуты. До центра Москвы можно доехать за 35 минут, а до Мцд 4 Мичуринец всего 1,5 километра.",,38.0,12.4,326.3
https://www.cian.ru/sale/flat/311409905/,https://images.cdn-cian.ru/images/2354063029-4.jpg,,"Москва, ЗАО, р-н Ново-Переделкино, м. Рассказовка, Боровское шоссе, 44К1",Пешком,10500000.0,276316.0,1.0,6.0,17.0,38.0,"Арт. 88477059 Вашему вниманию предлагается уникальная квартира!!!

Единственная КВАРТИРА В ПАНЕЛЬНОМ  ДОМЕ с ЕВРО ремонтом которую стоит увидеть! 



О КВАРТИРЕ:

Продается просторная 1но комнатная квартира  общей площадью 38 кв. м., с балконом 40 кв. м,


Высота потолка 2.65 м.;
санузла совмещенный;
Комната квадратная правильной формы;
Окна во двор;
Роскошная квартира по хорошей цене! 
ОБЩЕЕ:

Дом расположен в районе с развитой инфраструктурой рядом: 
Детский сад;
Микрорайон расположен в живописном районе на Западе Москвы;
Консьерж;
Внутри двора прогулочные зоны с детскими игровыми площадками;
Объекты социальной инфраструктуры;
Общеобразовательная школа;
 В шаговой доступности магазины, кафе. 
ИНФРАСТРУКТУРА:

Все продумано и обустроено для комфортного проживания. 

Экологически привлекательный район находится в окружении природных лесных массивов:

Ульяновский лесопарк;
Чоботовский лес;
Аэропорт Внуково 2 остановка на метро;
Хорошо развита инфраструктура. 

Недалеко новый гипермаркет ""Оби"", Гипер ""Лента"", . 

. 

ТРАНСПОРТНАЯ ДОСТУПНОСТЬ:

Удобный выезд на МКАД. 

Отличное транспортное сообщение с Москвой как личным, так и общественным транспортом. 

Продуктовые магазины, аптеки. 

Оперативные показы;
Помощь в одобрении ипотеки;
Ответственность агентства CENTURY21 ""Столичная недвижимость"" по сделкам застрахована на 100 млн рублей.


ЗВОНИТЕ В ЛЮБОЕ ВРЕМЯ, всегда постараемся помочь!



ПРИЕЗЖАЙТЕ НА ПОКАЗ.",,38.0,10.5,276.3
https://odintsovo.cian.ru/sale/flat/285451380/,https://images.cdn-cian.ru/images/2312735116-4.jpg,ЖК «Равновесие»,"Московская область, м. Рассказовка, Одинцовский городской округ, с. Перхушково, Равновесие мкр, 10",Транспортом,7582848.0,208320.0,1.0,5.0,5.0,36.4,"Указанная акционная стоимость доступна при 100% оплате или ипотеке без субсидирования. Цена действует до 15.01.2025 23:00:00. Стоимость без акции 9027200.

Продаётся квартира с 1 комнатой общей площадью 36.40 кв. метров на 5 этаже жилого квартала комфорт-класса ""Равновесие"".

Срок сдачи: 3 кв. 2023

На территории комплекса будет возведен детский сад на 360 мест, а на первых этажах жилых домов откроются кафе, магазины и все необходимое для удобства жителей.

Локация ""Равновесия"" выделяется среди других пригородных ЖК разнообразием быстрых маршрутов до Москвы. Для автомобилистов преимуществом станут удобные выезды на Можайское шоссе, Рублёво-Успенское шоссе, Минское шоссе с платной трассой и другие. Также в пешей доступности находятся две ж/д станции — ""Жаворонки"" и ""Здравница"". Дорога на электропоезде до делового центра ""Москва-Сити"" составит всего 35 минут.

Особенности ЖК:

- Малоэтажная застройка: 4-6 этажей;
- Благоустроенный пешеходный бульвар;
- Пространства для отдыха и спорта;
- Квартиры с террасами на последних этажах;
- Квартиры с отдельным входом на первых этажах;
- Внутренняя территория квартала свободна от машин;
- Безбарьерная среда;
- Помещения для хранения детских колясок и спортивного инвентаря.",,36.4,7.6,208.3
https://www.cian.ru/sale/flat/306175981/,https://images.cdn-cian.ru/images/kvartira-moskovskiy-bianki-ulica-2246857341-4.jpg,ЖК «Город-парк Первый Московский»,"Москва, НАО (Новомосковский), м. Рассказовка, Московский г., улица Бианки, 3к1",Транспортом,11000000.0,272953.0,1.0,1.0,17.0,40.3,"ЖИЗНЕННЫЕ ОБСТОЯТЕЛЬСТВА ВЫНУЖДАЮТ ПРОДАТЬ 1 комнатную квартиру общей площадью 40.3 кв.м(без учета лоджии,сама лоджия 4.3),просторная кухня 12 кв.м,комната 16 кв.м.В квартире сделан ремонт с любовью ДЛЯ СЕБЯ.Состояние квартиры-можно заехать и жить!К тому же, в квартире остается абсолютно все.Квартира теплая и сухая,окна выходят на зеленую зону.Сам дом стоит вдали от дороги,нет шума и пыли.Соседи- приличные люди,подъезд всегда чистый.

Документы готовы к продаже,квартира покупалась почти 10 лет назад за наличный расчет.Один взрослый собственник.Подходит под ипотеки и различные сертификаты.

По району:ЖК Первый Московский-город парк!Школы,детские сада ,детские площадки -во дворе,медицинские центры,салоны красоты и т.д.В ЖК есть все необходимое!остановка общественного транспорта,который едет до метро ""Филатов луг"" в 2 минутах от дома.Вблизи дома парк""Филатов луг""-излюбленное место жителей для отдыха.",,40.3,11.0,273.0
https://www.cian.ru/sale/flat/311400099/,https://images.cdn-cian.ru/images/novostroyka-9ya-2353837461-4.jpg,ЖК «Город-парк Первый Московский»,"Москва, НАО (Новомосковский), м. Рассказовка, Московский г., Первый Московский мкр, Первый Московский ЖК, 9-я фаза",Транспортом,10500000.0,301724.0,1.0,9.0,19.0,34.8,"С отделкой! Предлагаю купить однокомнатную квартиру в г. Москва, г. Московский, город-парк ""Первый Московский"", фаза 9, этаж 9 из 19. Общая площадь - 34,8 кв. м, кухня - 10,7 кв. м, комната - 13,0 кв. м. Есть гардеробная. В квартире будет выполнена высококачественная отделка ""под ключ"" в стиле Classic (классический стиль) с традиционным сочетанием материалов и фактур: тёмный, тёплый по тону пол и светлые нейтральные стены, керамогранит с рисунком под мрамор. Входные группы будут выполнены по авторскому дизайну, оснащены системой ""тёплый пол"". 1 этажи - коммерческие помещения. В каждой входной группе будет располагаться комфортабельная зона ожидания и колясочная. На -1 этаже будет расположена велопарковка и кладовые помещения. Разнообразные детские площадки и развивающие комплексы для детей и взрослых. Экологически чистый район, прекрасный парк Филатов луг. Около дома уже работающие новый детский сад, школа, поликлиника, а также остановки общественного транспорта. Удобный выезд на Киевское шоссе. До станции метро ""Филатов Луг"" на авто 5 мин., на автобусе 189 и 876 - 10 мин. или пешком - 20 мин. Дом уже полностью возведен, идет остекление. Срок сдачи - 2 квартал 2026 года (застройщик обещает сдать быстрее). Цена ниже чем у застройщика. Документы готовы к сделке.",,34.8,10.5,301.7
https://www.cian.ru/sale/flat/307207828/,https://images.cdn-cian.ru/images/2265414600-4.jpg,ЖК «Город-парк Первый Московский»,"Москва, НАО (Новомосковский), м. Рассказовка, Московский г., Первый Московский мкр, Первый Московский ЖК, 7-я фаза, 3",Транспортом,12500799.0,201626.0,1.0,2.0,20.0,62.0,"Продается однокомнатная квартира  с отделкой в 7 фазе города-парка ""Первый Московский"". 
Общая площадь квартиры - 62 кв. м, этаж 2 из 20. 
Срок сдачи - 1 квартал 2027 года. 
Тип дома - монолитный. 
 
Новый корпус состоит из 3х секций:
- 1 и 2 секции с отделкой White Box с возможностью приобретения чистовой отделки за дополнительную плату
- 3 секция без отделки 
 
Город-парк ""Первый Московский"" расположен всего в 7 км по Киевскому шоссе (Новая Москва). Из города-парка прямой выезд на Киевское шоссе и трассу Солнцево-Бутово-Варшавское шоссе. 
 
ТРАНСПОРТНАЯ ДОСТУПНОСТЬ: 
 
- 5 мин. на личном автомобиле  или 10 мин. на автобусе 189 и 147 до станции метро ""Филатов Луг""
- 25  мин. пешком до станции метро ""Филатов Луг"" 
 
ИНФРАСТРУКТУРА: 
 
Около 7 фазы запланировано строительство детского сада, школы, 2 многоуровневых паркинга.
Также на территории проекта есть все необходимые объекты действующей социальной и бытовой инфраструктуры: 8 детских садов, 5 школ, тц, магазины, паркинги, аптеки и др. 
 
БЛАГОУСТРОЙСТВО: 
 
- Дворы без машин
- Игровые зоны для детей, зоны для занятия спортом, зоны для отдыха с навесами/качелями
- Детские площадки разделены по возрастным группам
- Пешеходный и вело-маршрут с двуполостной велодорожкой 2,5 м. в ширину
- Озеленение с растениями всесезонного цветения 
 
ОСОБЕННОСТИ АРХИТЕКТУРЫ: 
 
В каждой секции 3 корпуса предусмотрены: 
- колясочные во входных группах
- кладовые помещения с -1 по 20 этажи
- коммерческие помещения на 1 этажах
- по 4 лифта: 2 пассажирских, 2 грузовых
- видеонаблюдение установленное в холлах первых этажей, у подъездов и прилегающей территории 
 
АВТОРСКИЙ ДИЗАЙН: 
 
Входные группы выполнены по авторскому дизайну, оснащены системой ""тёплый пол"". В каждой входной группе будет располагаться комфортабельная зона ожидания с мягким диваном,
акцентными пуфами и столиком.",,62.0,12.5,201.6
https://odintsovo.cian.ru/sale/flat/311472280/,https://images.cdn-cian.ru/images/kvartira-mikrorayon-klubnichnoe-2355296740-4.jpg,,"Московская область, Одинцово, м. Рассказовка, Микрорайон Клубничное Поле, 8",Транспортом,10000000.0,243902.0,1.0,9.0,25.0,41.0,"Продаётся стильная однокомнатная квартира в современном районе Московской области, Одинцово, микрорайон Клубничное Поле. Квартира расположена на 9 этаже 25-этажного монолитно-кирпичного дома, построенного в 2022 году. Высота потолков составляет 2.6 метра. До метро ""Рассказовка"", МЦД Одинцово можно добраться на автомобиле или общественном транспорте за 7-20 минут.

В квартире сделан дизайнерский ремонт. Просторная кухня площадью 9 кв. м позволяет комфортно готовить и принимать гостей. Санузел совмещён, что экономит пространство и добавляет удобства. Из окон открывается вид как на улицу, так и во двор, поэтому можно наслаждаться как городской жизнью, так и тишиной. Лоджия добавляет дополнительное пространство для отдыха или хранения. Вся мебель остаётся новому владелец!

Дом оборудован всем необходимым для комфортной жизни: есть три пассажирских и один грузовой лифт, пандус для удобства передвижения. Наземная парковка позволяет легко найти место для автомобиля. Дом в отличном состоянии, ведь он совсем новый.

Район предлагает всё необходимое для жизни: рядом есть школы, детские сады и магазины, поэтому все нужные учреждения находятся в шаговой доступности. Это делает квартиру идеальным выбором для семей и тех, кто ценит удобство и комфорт.

Продажа осуществляется без обременений. Все документы готовы к сделке, возможна ипотека, что облегчит процесс покупки. Юридическая чистота объекта гарантирована. Один взрослый собственник.

Звоните и записывайтесь на просмотр. Вы можете лично убедиться в преимуществах этой квартиры и выбрать её для своего будущего дома. Будем рады ответить на все ваши вопросы и помочь с выбором!",,41.0,10.0,243.9
https://www.cian.ru/sale/flat/307425530/,https://images.cdn-cian.ru/images/2270849518-4.jpg,ЖК «Город-парк Первый Московский»,"Москва, НАО (Новомосковский), м. Рассказовка, Московский г., улица Никитина, 8",Транспортом,10700000.0,243182.0,1.0,2.0,17.0,44.0,"Арт. 73980581 Данный объект можно купить по субсидированной процентной ставке от 14,75%, что существенно снизит ежемесячный платеж по ипотеке!!! Расчет прилагается на последнем фото.
!ВАШЕMУ ВHИMAHИЮ ПPEДСТАВЛЯЕTCЯ ОДНОКОМНАТНАЯ КВАРТИРА В Г МОСКОВСКИЙ!
Хаpактериcтикa объекта:
Общая площадь квартиры 44 кв. м.;
Площадь кухни-12,1 кв.м.;
Находится на 2 этаже 17-ти панельного этажного дома;
В квартире две застекленные лоджии;
После продаже остается мебель, техника и кухонный гарнитур!
В шaгoвoй доступности вся инфраструктура района.
Для учебной деятельности и досуговой Ваших детей в пешей доступности имеются: Немчиновский лицей, детский сад 33. Школа, к ней пристраивают новую школу на 950 мест. Красивые и безопасно оснащенные детские площадки.
Также в данном районе расположены : больница, аптека ""Горздрав"", даже для ваших пушистых друзей есть ветклиника ""Кантривет"".
Сетевые магазины: ""Вкусвил"", ""Пятерочка"", ""Красное и Белое"" и др.
Для обустройства вашего дома есть такие магазины, как ""Три кита"", "" ТЦ ""Мебель России"", ""Hoff"".
Пункты выдачи ""Озон"", ""Яндекс маркет"", ""СДЭК"".
Для приятного отдыха с семьей, друзьями и даже наедине с собой район оснащен: кафе"" Братья Короваевы"", ""Базилик"",""Чайхона"", "" Вкусно и точка"", парковые зоны Сколково. Фитнес клуб ""Луна"". ЖК окружен лесным массивом.
Транспортная доступность: 1км от МКАД; удобный выезд на Киевское и Калужское шоссе,  Автобусные остановки с хорошо налаженными рейсами. МЦД ""Сколково"". 15 минут езды на общественном транспорте до м. ""Филатов Луг"" и м. ""Рассказовка"".
Остались вопросы?
Работаем для Вас без выходных!
Звоните и мы все Вам расскажем!",,44.0,10.7,243.2
https://www.cian.ru/sale/flat/310644358/,https://images.cdn-cian.ru/images/2350160354-4.jpg,ЖК «Новое Внуково»,"Москва, НАО (Новомосковский), м. Рассказовка, № 37 кв-л, Новое Внуково ЖК, к23",Транспортом,7718790.0,212171.0,1.0,8.0,9.0,36.38,"Ипотека 5,9% на два года. Продается 1-комн. квартира. Квартира расположена на 8 этаже 9 этажного монолитного дома (Корпус 23, Секция 2) в ЖК ""Новое Внуково"" от группы ""Самолет"". 

""Новое Внуково"" — это жилой комплекс в Новой Москве, у подножия берега реки Незнайка. Поблизости — живописные места для прогулок: народный парк ""Ручеек"", усадьба Старо-Никольское, Валуевский и Ульяновский лесопарки.
Часть домов сдана и внутри района уже открыт детсад с бассейном, а в ближайшее время откроются еще 3 детсада, 2 школы и поликлиника.
На территории проекта будет построен первый в России Центр Российской Федерации Баскетбола, где будут площадки с трибунами, тренажерный зал, кафе и конференц-зал.
Дворы-парки закрыты от машин и посторонних. На территории — прогулочный маршрут вдоль реки Незнайка и набережная с шезлонгами и качелями для отдыха. Также здесь появится плейхаб ""Незнайка на Луне"", площадь для мероприятий с сухим фонтаном, летним кинотеатром и кафе.
В жилом комплексе — монолитные дома высотой от 6 до 14 этажей. Фасады облицованы кирпичом природных оттенков.
 
Цена динамическая и может отличаться, уточняйте актуальность у застройщика.",,36.4,7.7,212.2
https://www.cian.ru/sale/flat/311524069/,https://images.cdn-cian.ru/images/2356393981-4.jpg,ЖК «Город-парк Первый Московский»,"Москва, НАО (Новомосковский), м. Рассказовка, Московский г., улица Никитина, 11к5",Транспортом,11100000.0,277500.0,1.0,5.0,25.0,40.0,"Номер в базе: 4301216. Продается просторная, светлая 1-к. квартира общей площадью 40 кв.м.! 
 
О ДОМЕ И КВАРТИРЕ: 
    Монолитный новый дом с ж/б перекрытиями 2021 года постройки. Хорошие и чистые входные группы. Есть система видеонаблюдения.  Высота потолков 3 м. Квартира в черновой отделке позволит сделать все что вам необходимо.

ОКРУЖЕНИЕ: 
    Дом расположен  Новомосковском административном округе,   это район современной сложившейся застройки, расположенный в экологически благоприятной части Москвы. В пешей доступности - образовательные учреждения разных уровней-школы, дет. сады, фитнес-клуб, аптеки, салоны красоты, предприятия сферы питания и прочее.   
 
ТРАНСПОРТНАЯ ДОСТУПНОСТЬ: 
* Возле дома есть автобусные остановки, с которых можно добраться до различных веток метро.

ДОКУМЕНТЫ: 1 собственник, приобретали за наличный расчет, нет обременений, нет прописанных, мат. кап не использовали, свободная продажа,  БЫСТРЫЙ ВЫХОД НА СДЕЛКУ!

   Приобретая через агентство ""Этажи"", вы получаете юридическую чистоту сделки, помощь с ипотекой от 30 банков-партнеров, финансовую гарантию и экономию на страховых взносах. Звоните, отвечу на все вопросы и помогу с выбором!
Код пользователя: 109863",,40.0,11.1,277.5
https://www.cian.ru/sale/flat/311661757/,https://images.cdn-cian.ru/images/2359418050-4.jpg,ЖК «Городские истории (Рассказовка)»,"Москва, НАО (Новомосковский), м. Рассказовка, Внуковское поселение, улица Анны Ахматовой, 11к3",Пешком,10800000.0,281984.0,1.0,5.0,22.0,38.3,"Арт. 90127476 Предлагаем вашему вниманию полноценную однокомнатную квартиру в 2 минутах от метро Рассказовка в ЖК Городские истории. Прописка Москва.

О КВАРТИРЕ

Квартира расположена на комфортном 4-м этаже.
В квартире сделана предчистовая отделка (white box): уже проведена электрика, залита стяжка пола, сделана гидроизоляция в санузле, стены отштукатурены, смонтировано отопление.
Увеличенные окна с видом на северо-запад, на улицу Анны Ахматовой, в сторону новой школы.

Общая площадь квартиры - 38,3 кв. м. 
- Кухня-гостиная: 10,02 кв. м.
- Спальня: 16,3 кв. м.

Один собственник, переуступка от физического лица, быстрый выход на сделку.

ЖИЛОЙ КОМПЛЕКС И ИНФРАСТРУКТУРА

Городские истории  это жилой комплекс комфорт-класса, расположен в Новомосковском административном округе города Москвы. Включает в себя 7 домов высотой в 19-23 этажа.

В ЖК есть детский сад на 225 мест. 

Внутренние дворы комплекса закрыты от машин. На придомовой территории находятся детские и спортивные площадки, пешеходные дорожки и места для отдыха.  Видеонаблюдение по всей территории.

На первых этажах предусмотрены коммерческие помещения. Для владельцев автомобилей спроектирован наземный паркинг.

Рядом с ЖК находятся детские сады, школы, поликлиники, аптеки, магазины и развлекательные центры. 
В пешей доступности расположены Ульяновский лесопарк, парк Рассказовка и Мичуринский пруд. 

ТРАНСПОРТНАЯ ДОСТУПНОСТЬ

До метро Рассказовка всего 2 минуты пешком.
Удобный выезд на Боровское шоссе.
Выезд на МКАД — в 15 минутах транспортом.

Не упустите возможность стать владельцем этой замечательной квартиры!

Звоните!",,38.3,10.8,282.0
https://www.cian.ru/sale/flat/311788007/,https://images.cdn-cian.ru/images/2361982663-4.jpg,ЖК «Середневский лес»,"Москва, НАО (Новомосковский), м. Рассказовка, Середневский Лес ЖК, 4.3",Транспортом,7593829.0,220111.0,1.0,3.0,9.0,34.5,"Продаётся 1-комн. квартира площадью 34,5 кв.м на 3 этаже 9 этажного дома (Корпус 4.3, Секция 6) проекта ПИК Середневский лес. Светлый просторный подъезд на уровне земли, функциональная планировка, большие окна, .
 
В 10 минутах на автомобиле находится станция метро ""Внуково"", а в 15 минутах — станции ""Филатов Луг"" и ""Саларьево"". От них до центра Москвы всего 3540 минут. На рейсовом автобусе от жилого квартала до метро ""Филатов Луг"" — 20 минут.
 
На территории ""Середневского леса"" появилось общественное пространство с игровыми площадками, местами для отдыха, пешеходными маршрутами и велопарковкой — для прогулок, отдыха и встреч жителей квартала. Также внутри жилого квартала уже открыта школа на 1100 мест и детский сад для 325 малышей. В дальнейшем откроется ещё один сад для 340 детей. Артикул 966715  (Застройщик ООО ""Специализированный застройщик Середнево"")",,34.5,7.6,220.1
https://www.cian.ru/sale/flat/312176007/,https://images.cdn-cian.ru/images/kvartira-filatov-lug-kartmazovskie-prudy-ulica-2370417588-4.jpg,ЖК «Филатов луг»,"Москва, НАО (Новомосковский), м. Рассказовка, Филатов Луг ЖК, улица Картмазовские Пруды, 2к1",Транспортом,12500000.0,357143.0,1.0,16.0,22.0,35.0,"Лучшее  предложение в ЖК! Предлагается  к продаже  видовая  квартира  в новом ЖК ""Филатов луг"". Комплекс  удобно расположен! 1 остановка  на общественном транспорте от метро Саларьево, рядом с которым расположен  ТЦ Саларис.  Панорамный  вид на лес и на комплекс.  В комплексе  уже открыто много магазинов, кафе и действует детский  сад.  Огромная  парковка перед комплексом! Всегда есть машино-места.  Удобная доступность до аэропорта  Внуково и  Внуково Аутлетт Вилладж. 
В квартире сделан  дизайнерский  ремонт  с  использованием качественных материалов!  не путать с ремонтом от застройщика.  Выровнены стены  и потолки, керамогранит, система  аквастоп,  подогрева  воды,  отделана лоджия. Выведено освящение на лоджию.  В подарок  покупателю остаются  дизайнерские люстры!  Собственность более 5 лет, два  взрослых собственника, покупали по ДДУ у застройщика. Полная  стоимость в договоре!   Оперативный  показ!",,35.0,12.5,357.1
https://odintsovo.cian.ru/sale/flat/310926374/,https://images.cdn-cian.ru/images/kvartira-odincovo-severnaya-ulica-2343396990-4.jpg,ЖК «Одинбург»,"Московская область, Одинцово, м. Рассказовка, Северная улица, 7",Транспортом,10900000.0,234914.0,1.0,19.0,19.0,46.4,"продаётся просторная квартира 46.4 кв.м с дизайнерским ремонтом и панорамным окнами , все вопросы по телефону.",,46.4,10.9,234.9
https://www.cian.ru/sale/flat/310289326/,https://images.cdn-cian.ru/images/2350303048-4.jpg,ЖК «Новое Внуково»,"Москва, НАО (Новомосковский), м. Рассказовка, № 37 кв-л, Новое Внуково ЖК, к31",Транспортом,7124481.0,216484.0,1.0,9.0,9.0,32.91,"Ипотека 5,9% на два года. Продается 1-комн. квартира. Квартира расположена на 9 этаже 9 этажного монолитно-кирпичного дома (Корпус 31, Секция 2) в ЖК ""Новое Внуково"" от группы ""Самолет"". 

""Новое Внуково"" — это жилой комплекс в Новой Москве, у подножия берега реки Незнайка. Поблизости — живописные места для прогулок: народный парк ""Ручеек"", усадьба Старо-Никольское, Валуевский и Ульяновский лесопарки.
Часть домов сдана и внутри района уже открыт детсад с бассейном, а в ближайшее время откроются еще 3 детсада, 2 школы и поликлиника.
На территории проекта будет построен первый в России Центр Российской Федерации Баскетбола, где будут площадки с трибунами, тренажерный зал, кафе и конференц-зал.
Дворы-парки закрыты от машин и посторонних. На территории — прогулочный маршрут вдоль реки Незнайка и набережная с шезлонгами и качелями для отдыха. Также здесь появится плейхаб ""Незнайка на Луне"", площадь для мероприятий с сухим фонтаном, летним кинотеатром и кафе.
В жилом комплексе — монолитные дома высотой от 6 до 14 этажей. Фасады облицованы кирпичом природных оттенков.
 
Цена динамическая и может отличаться, уточняйте актуальность у застройщика.",,32.9,7.1,216.5
https://www.cian.ru/sale/flat/311773258/,,ЖК «Переделкино Ближнее Город-парк»,"Москва, НАО (Новомосковский), м. Рассказовка, Внуковское поселение, улица Анны Ахматовой, 16",Пешком,12500000.0,284091.0,1.0,13.0,22.0,44.0,"Продам просторную однокомнатную квартиру в 3-х минутах ходьбы от метро Рассказовка, по ул. Анны Ахматовой, д. 16. Квартира в черновой отделке от застройщика. Ухоженный двор с детской и хоккейной площадками. Рядом школа, детский сад.
В собственности более 5-ти лет. Документы готовы к продаже.
Сниженная ипотечная ставка для клиентов от банков-партнеров ""Азбуки Жилья"". Обмен вашей квартиры или другой недвижимости. Звоните.",,44.0,12.5,284.1
https://www.cian.ru/sale/flat/311938495/,https://images.cdn-cian.ru/images/kvartira-vnukovskoe-letchika-gricevca-ulica-2365145087-4.jpg,ЖК «Солнцево парк»,"Москва, НАО (Новомосковский), м. Рассказовка, Внуковское поселение, улица Летчика Грицевца, 16",Транспортом,11200000.0,287179.0,1.0,6.0,16.0,39.0,"Продаю уютную 1-квартиру, общей площадью 42 кв.м, отапливаемой 39 кв.м., комната17, кухня 11, с/узел совмещён и разграничен дверями-купе, просторный застеклённый балкон, есть оборудованная большая гардеробная комната, пол ламинат. Квартира находится в хорошем состоянии, остаётся кухонный гарнитур, стенка-горка в комнате, встроенный шкаф-купе. Можно заезжать и жить. 2 лифта, грузовой и пассажирский, чистый ухоженный подъезд, консъерж. Благоустроенная, прилегающая территория, вся инфраструктура рядом с домом, магазины, школы, сады, банки в шаговой доступности. 1 взрослый собственник, более 5 лет в собственности, свободная продажа.",,39.0,11.2,287.2
https://www.cian.ru/sale/flat/312156042/,https://images.cdn-cian.ru/images/2369958256-4.jpg,ЖК «Середневский лес»,"Москва, НАО (Новомосковский), м. Рассказовка, Середневский Лес ЖК, к4.2",Транспортом,8360600.0,232368.0,1.0,9.0,9.0,35.98,"Продаётся 1-комн. квартира площадью 35,98 кв.м на 9 этаже 9 этажного дома (Корпус 4.2, Секция 3) проекта ПИК Середневский лес. Светлый просторный подъезд на уровне земли, функциональная планировка, большие окна, .
 
В 10 минутах на автомобиле находится станция метро ""Внуково"", а в 15 минутах — станции ""Филатов Луг"" и ""Саларьево"". От них до центра Москвы всего 3540 минут. На рейсовом автобусе от жилого квартала до метро ""Филатов Луг"" — 20 минут.
 
На территории ""Середневского леса"" появилось общественное пространство с игровыми площадками, местами для отдыха, пешеходными маршрутами и велопарковкой — для прогулок, отдыха и встреч жителей квартала. Также внутри жилого квартала уже открыта школа на 1100 мест и детский сад для 325 малышей. В дальнейшем откроется ещё один сад для 340 детей. Артикул 907015  (Застройщик ООО ""Специализированный застройщик Середнево"")",,36.0,8.4,232.4
https://www.cian.ru/sale/flat/299112440/,https://images.cdn-cian.ru/images/2290278100-4.jpg,ЖК «Город-парк Первый Московский»,"Москва, НАО (Новомосковский), м. Рассказовка, Московский г., улица Никитина, 11к1",Транспортом,11200000.0,239829.0,1.0,23.0,25.0,46.7,"Код объекта: 1022961.
 Прописка Москва!
Продаём квартиру в ЖК ""Первый Московский"".
Видовая 1-ком.квартира без ремонта расположена на 23 этаже. Кухня-гостиная 16,3м2, комната 13,9м2, гардеробная 5,3м2, прихожая 6,4м2. 
Окна выходят на улицу на солнечную сторону.
Приветливые соседи, всегда чистый ухоженный  подъезд.

О доме:
Тип дома - монолитный.  Входные группы выполнены по авторскому дизайну  в современном стиле Nature с применением высококачественных материалов, оснащены системой ""тёплый пол"". В каждой входной группе будет располагаться комфортабельная зона ожидания с мягким диваном и кашпо с крупными растениями. При входе предусмотрено помещение для хранения колясок и на -1 этаже располагается велопарковка.

Закрытый двор без машин. Приватное дворовое пространство с детскими игровыми площадками. Микрорайон поделен на кварталы, где созданы парковые зоны отдыха с прогулочными дорожками, газонами и цветниками, построены детские и спортивные площадки.
Парковая зона отдыха, бассейн, фитнес-клуб, торгово-развлекательный центр позволят разнообразить досуг будущих жителей.

Инфраструктура:
Город-парк ""Первый Московский"" с трех сторон окружен обширным лесным массивом Ульяновского и Валуевского лесопарков. Расположен всего в 7 км по Киевскому шоссе (Новая Москва) и имеет удобный выезд на Киевское шоссе. ткрыты 5 детских садов и 3 школы, детские развивающие центры. Внутри комплекса функционируют супермаркеты, аптеки, кафе и рестораны, медицинские центры, салоны красоты, отделения банков и связи, торговый торгово-развлекательный центр и фитнесс-клуб с бассейном. Построены детские и спортивные площадки (стадионы, хоккейные коробки, роллердром).

 Транспортная доступность:
- 7 мин. на личном автомобиле или 5 мин. на автобусе до станции метро ""Филатов Луг""
- 10 мин. на автомобиле или 10 мин. на автобусе до станции метро ""Рассказовка"" или ""Саларьево""

 Один собственник.
 Приветливые соседи, всегда чистый ухоженный  подъезд.
 Уважаемые покупатели, на все вопросы отвечу по телефону.",,46.7,11.2,239.8
https://www.cian.ru/sale/flat/312141586/,https://images.cdn-cian.ru/images/2369676551-4.jpg,ЖК «Середневский лес»,"Москва, НАО (Новомосковский), м. Рассказовка, улица Усадебный Парк, 5",Транспортом,11500000.0,323034.0,1.0,7.0,9.0,35.6,"Номер лота: вт-0423308.
Продается отличная, уютная просторная евро двушка с ремонтом для максимального удобного проживания для небольшой семьи. Имеется просторный коридор, а светлая комната и большая кухня с видом из окон на  шикарный лесной массив. 
Ремонт делали для себя с целью постоянного проживания, поэтому материалы использовались качественные.
Санузел отделан плиткой, сантехника новая. Качественный ламинат на полу,  пластиковые окна (с повышенным теплосбережением), выровненные стены,  электрика отличном состоянии. 
На кухне имеется  гарнитур со встроенным холодильником и морозильной камерой, есть варочная панель и духовка, вся техника новая. 
При этом основная зона для хозяйки достаточно просторная. Мебель и техника остается. 
Дом расположен в удачном экологически чистом месте с минимальной слышимостью и видом на лес с поющими птицами.
Хорошие, спокойные семейные соседи. Чистый, ухоженный подъезд с приветливыми домочадцами, есть подъемный пандус для инвалидов. Перед домом имеется парковка для авто.
Имеется вся необходимая инфраструктура и транспортная доступность. В квартире никто не проживал, один взрослый собственник.
Для покупателей через нашу компанию - помощь в получении ипотеки со сниженной ставкой в более 30 банков с бесплатной консультацией, оформление страхования со скидкой до 40%;  плюс юридическое сопровождение сделки; безопасный расчёт. Свободная продажа. 
 Оперативные показы по договоренности о времени. Квартира прекрасно подходит для уютного семейного проживания, заезжай и живи! 
Показ квартиры в любое  удобное время. Документы готовы к сделке, звоните!

 Содействие в получении специальных условий и преференций по ипотеке.",,35.6,11.5,323.0
https://www.cian.ru/sale/flat/310538269/,https://images.cdn-cian.ru/images/2350160665-4.jpg,ЖК «Новое Внуково»,"Москва, НАО (Новомосковский), м. Рассказовка, № 37 кв-л, Новое Внуково ЖК, к30",Транспортом,9269294.0,227300.0,1.0,9.0,9.0,40.78,"Ипотека 5,9% на два года. Продается 1-комн. квартира. Квартира расположена на 9 этаже 9 этажного монолитного дома (Корпус 30, Секция 2) в ЖК ""Новое Внуково"" от группы ""Самолет"". 

""Новое Внуково"" — это жилой комплекс в Новой Москве, у подножия берега реки Незнайка. Поблизости — живописные места для прогулок: народный парк ""Ручеек"", усадьба Старо-Никольское, Валуевский и Ульяновский лесопарки.
Часть домов сдана и внутри района уже открыт детсад с бассейном, а в ближайшее время откроются еще 3 детсада, 2 школы и поликлиника.
На территории проекта будет построен первый в России Центр Российской Федерации Баскетбола, где будут площадки с трибунами, тренажерный зал, кафе и конференц-зал.
Дворы-парки закрыты от машин и посторонних. На территории — прогулочный маршрут вдоль реки Незнайка и набережная с шезлонгами и качелями для отдыха. Также здесь появится плейхаб ""Незнайка на Луне"", площадь для мероприятий с сухим фонтаном, летним кинотеатром и кафе.
В жилом комплексе — монолитные дома высотой от 6 до 14 этажей. Фасады облицованы кирпичом природных оттенков.
 
Цена динамическая и может отличаться, уточняйте актуальность у застройщика.",,40.8,9.3,227.3
https://www.cian.ru/sale/flat/307688719/,https://images.cdn-cian.ru/images/kvartira-vnukovskoe-omskaya-ulica-2277559431-4.jpg,,"Москва, НАО (Новомосковский), м. Рассказовка, Внуковское поселение, улица Омская, 2",Транспортом,12900000.0,368571.0,1.0,4.0,17.0,35.0,"ГОТОВЫЙ ДОХОДНЫЙ БИЗНЕС

Предложение для инвесторов, которые хотят выгодно вложить деньги в работающую недвижимость НЕ ВОВЛЕКАЯСЬ ЛИЧНО в процесс так как всю работу на себя берет управляющий (при необходимости)

В продаже квартира, которая успешно сдается в посуточную аренду с наработанной лояльной клиентской базой

Загрузка круглогодичная вне зависимости от сезона и ситуаций в стране и мире - не менее 97%

Рентабельность проекта 64%

Максимально высокий рейтинг на ведущих площадках бронирования, лояльные гости, которые остаются в восторге от сервиса и подхода управленца

Целевая аудитория - транзитники, в основном семьи, которые предпочитают отдохнуть между длительными перелетами

Квартира, которая будет приносить х3 по сравнению с аналогами

Квартира находится в современном ЖК комфорт класса, в 5 минутах от аэропорта Внуково, вблизи 3 станции метро : Внуково, Пыхтино, Рассказовка.

В шаговой доступности всевозможная инфраструктура, остановка общественного транспорта

ЕСЛИ ВЫ В ПОИСКЕ ПРЕДЛОЖЕНИЙ ДЛЯ ИНВЕСТИРОВАНИЯ - ЭТО УНИКАЛЬНОЕ ПРЕДЛОЖЕНИЕ ДЛЯ ВАС!

Без дополнительных вложений, без затрат, без личного вовлечения и присутствия ваша квартира будет стабильно приносить минимум х2 по сравнению с любой другой квартирой, которую вы бы сдавали в долгосрочную аренду

Полная стоимость в договоре, 1 собственник, без обременений, быстрый выход на сделку

Для тех, кто ищет:
инвестиционное предложение
пассивный доход
бизнес на посуточной аренде
инвестиции в недвижимость
посуточная аренда
вложения в недвижимость
ищу партнера
ищу инвестора
куплю бизнес
вложение денег
доход на недвижимости
гарантированная доходность
купить квартиру
купить доходную квартиру",,35.0,12.9,368.6
https://www.cian.ru/sale/flat/312211438/,https://images.cdn-cian.ru/images/2371267672-4.jpg,ЖК «Город-парк Первый Московский»,"Москва, НАО (Новомосковский), м. Рассказовка, Московский г., улица Бианки, 11",Транспортом,11500000.0,302632.0,1.0,10.0,17.0,38.0,"Продается квартира с отличным ремонтом. Квартира продается с мебелью и бытовой техникой, отлично подойдет как для проживания, так и для сдачи в аренду.
Свободная продажа, полная стоимость, подходит под ипотеку.

Замечательный район с развитой инфраструктурой. Во дворе дома спортивная школа с бассейном, детский сад, фитнес клуб, сетевые магазины (Карусель, Перекресток, Дикси, Пятерочка, Магнит). Рядом парк Филатов луг, через который можно пройти к метро. В парке спортивные зоны с волейбольными и футбольными площадками, детские игровые площадки с качелями и развивающим оборудованием, беговая дорожка и веломаршрут. Метро Филатов луг (10 мин. на транспорте), Саларьево (12 мин. на транспорте), Рассказовка (15 мин. на транспорте). До МКАД 10-15 мин. Удобный выезд на Киевское шоссе.
Звоните и записывайтесь на просмотр!",,38.0,11.5,302.6
https://odintsovo.cian.ru/sale/flat/309232847/,https://images.cdn-cian.ru/images/2312750904-4.jpg,ЖК «Равновесие»,"Московская область, м. Рассказовка, Одинцовский городской округ, с. Перхушково, Равновесие мкр, 8",Транспортом,7362028.0,208320.0,1.0,5.0,5.0,35.34,"Указанная акционная стоимость доступна при 100% оплате или ипотеке без субсидирования. Цена действует до 15.01.2025 23:00:00. Стоимость без акции 8764320.

Продаётся квартира с 1 комнатой общей площадью 35.34 кв. метров на 5 этаже жилого квартала комфорт-класса ""Равновесие"".

Срок сдачи: 3 кв. 2023

На территории комплекса будет возведен детский сад на 360 мест, а на первых этажах жилых домов откроются кафе, магазины и все необходимое для удобства жителей.

Локация ""Равновесия"" выделяется среди других пригородных ЖК разнообразием быстрых маршрутов до Москвы. Для автомобилистов преимуществом станут удобные выезды на Можайское шоссе, Рублёво-Успенское шоссе, Минское шоссе с платной трассой и другие. Также в пешей доступности находятся две ж/д станции — ""Жаворонки"" и ""Здравница"". Дорога на электропоезде до делового центра ""Москва-Сити"" составит всего 35 минут.

Особенности ЖК:

- Малоэтажная застройка: 4-6 этажей;
- Благоустроенный пешеходный бульвар;
- Пространства для отдыха и спорта;
- Квартиры с террасами на последних этажах;
- Квартиры с отдельным входом на первых этажах;
- Внутренняя территория квартала свободна от машин;
- Безбарьерная среда;
- Помещения для хранения детских колясок и спортивного инвентаря.",,35.3,7.4,208.3
https://www.cian.ru/sale/flat/310817712/,https://images.cdn-cian.ru/images/2340871863-4.jpg,ЖК «Переделкино Ближнее Город-парк»,"Москва, НАО (Новомосковский), м. Рассказовка, Внуковское поселение, улица Анны Ахматовой, 16",Пешком,12500000.0,296209.0,1.0,13.0,22.0,42.2,"Арт. 86809136 Поможем оформить ипотеку со ставкой от 14,99 %.
Уютная 1 комнатная квартира в новом доме, в свежем и развивающемся районе г. Москвы, готовая к проведению ремонта на Ваш вкус.
Можно спланировать 2 евро.
Московская прописка.
Рядом имеется все необходимое для комфортного проживания: магазины, школа, садик, парк. 
Метро в  шаговой доступности. Меньше чем за час можно приехать в центр Москвы.",,42.2,12.5,296.2
https://www.cian.ru/sale/flat/311349764/,https://images.cdn-cian.ru/images/kvartira-moskovskiy-bianki-ulica-2352566752-4.jpg,ЖК «Город-парк Первый Московский»,"Москва, НАО (Новомосковский), м. Рассказовка, Московский г., улица Бианки, 8к2",Транспортом,10800000.0,279793.0,1.0,12.0,19.0,38.6,"Продается уютная однокомнатная квартира с прекрасным ремонтом! В квартире много света благодаря удачному расположению окон, создающим атмосферу уюта и комфорта. 

Основные преимущества:
- Качественный ремонт 2017 года с использованием современных материалов;
- Сантехника Grohe, фильтры тонкой очистки, редукторы давления, защита от протечек, гарантированная надежность и долговечность;
- Качественная электрика с защитой от скачков напряжения, выполненная профессионалами;
- Просторная и светлая комната с кондиционером и шумоизоляцией;
- Удобная кухня с функциональной планировкой (встроенный кухонный гарнитур с варочной панелью, духовым шкафом, вытяжкой и посудомоечной машиной);
- Продуманное рабочее место на балконе с теплым полом;
- Удобная и вместительная гардеробная с системой хранения;
- Розетки есть везде,  даже там, где вы только что подумали))) ;
- Школы и детские сады в трех минутах;
- В доступности парк Филатов Луг.

Квартира готова к заселению, не требует дополнительных вложений. Отличный вариант для комфортного проживания!
Один взрослый собственник. Полная стоимость в договоре. Никто не зарегистрирован.
Звоните и приходите на просмотр!",,38.6,10.8,279.8
https://aprelevka.cian.ru/sale/flat/301789367/,https://images.cdn-cian.ru/images/2361622359-4.jpg,ЖК «Парк Апрель»,"Московская область, Наро-Фоминский городской округ, Апрелевка, м. Рассказовка, Парк Апрель ЖК",Транспортом,12345612.0,186800.0,1.0,1.0,4.0,66.09,"Корпус сдан! Прямая продажа от застройщика! Загородный жилой комплекс класса Комфорт Плюс.
Продаётся 1-к квартира номер 4 в сданном корпусе общей площадью 66.09 кв.м. на 1-м этаже 4 этажного дома.

Особенности:
- Квартира доступна к покупке в Trade-In.
- Линейная
- Окна в пол
- МЦД-4 в 10-ти минутах
- Квартиры с ключами
- Квартиры в готовом поселке
- Отличный вариант для проживания или инвестиций. Поселок готов к проживанию. Посмотрите вживую!
- Закрытый поселок в окружении леса
- Детский сад и школа на территории
- Закрытая территория
- Въезд и выезд только через КПП
- Круглосуточная охрана и видеонаблюдение
- Реки и леса в пешей доступности

Расположение комплекса: 
Уникальный жилой комплекс, расположенный в 20 минутах от Москвы по Киевскому шоссе и окруженный первозданным лесом. В Парк Апрель легко наслаждаться жизнью на природе, не отказываясь от привычного уровня комфорта. Это возможно, благодаря уникальному сочетанию преимуществ комплекса. ЖК, окруженный с трех сторон лесом - подарит вам возможность дышать полной грудью и наслаждаться прекрасными видами, а развитая инфраструктура, транспортная доступность и высокий уровень безопасности принесут спокойствие и безмятежность.

Транспортная доступность:
МКАД в 20 минутах по Киевскому шоссе по современной скоростной трассе. Автобусная остановка в 200-х метрах от дома. 9 маршрутов наземного транспорта, автобусы до станций метро Юго-Западная, Саларьево, Румянцево, Тропарево. 25 минут на МЦД D4 до Киевского вокзала.

Внутренняя инфраструктура:
Развитая инфраструктура жилого комплекса, включает муниципальную школу, детский сад, торговый центр и другие объекты. Расположение домов тщательно продумано, так что из окон открываются красивые виды на тихие дворики и окружающий лес, а всего за 10 минут на личном или общественном транспорте вы доедете до любой из двадцати школ, поликлиники или современного дворца спорта. Разумеется, в Апрелевке найдутся также торговые комплексы, фитнес-центры и многое другое. 

Для кровли используется черепица, имеющая отличные тепло- и шумоизоляционные характеристики. Благодаря стенам из керамических на протяжении всего года в доме будет здоровый микроклимат, а облицовка бельгийский кирпичом придает особое очарование фасадам.
Вы сможете создать уникальный формат жилья, который подойдет именно вам. Просторная кухня - гостиная, отдельный кабинет для работы, мастер-спальня с гардеробной и ванной - квартира со свободной планировкой позволяет воплотить в жизнь все ваши идеи
С трех сторон Парк Апрель окружен лесом и малоэтажной частной застройкой, поблизости отсутствуют вредные производства. В пешей доступности находятся две реки и лесной массив, откуда удачная роза ветров приносит свежий воздух
Жителям Парк Апрель доступна развитая инфраструктура Апрелевки: два десятка образовательных учреждений, спортивная школа, современный дворец спорта, поликлиники, фитнес-центры, магазины и торговые комплексы. Все объекты расположены не более, чем в 10 минутах езды на машине.
 
Цены указаны",,66.1,12.3,186.8
https://odintsovo.cian.ru/sale/flat/309614893/,https://images.cdn-cian.ru/images/kvartira-odincovo-severnaya-ulica-2317166461-4.jpg,ЖК «Одинбург»,"Московская область, Одинцово, м. Рассказовка, Северная улица, 5к4",Транспортом,11499000.0,252725.0,1.0,17.0,24.0,45.5,"ЖК ОДИНБУРГ. 
Светлая великолепная однокомнатная КВАРТИРА.

ОБЩАЯ ПЛОЩАДЬ 45,5 кв.м, изолированная спальня, просторная кухня, выделена гостиная зона. 17 видовой этаж. Дизайнерский ремонт - продуманное до мелочей уютное пространство, отвечающее основным запросам для комфортной жизни. Квартира полностью укомплектована: мебель, техника и оборудование - оставим все необходимое по согласованию с покупателем. ЖК сформировало отличное окружение для проживания и общения.

ТЕРРИТОРИЯ ЖК: единая архитектурная концепция, основанная на идее комфортной жизни, создаёт индивидуальный образ квартала. Концепция закрытой территории двора: охраняемый въезд (по пропускам), консьерж.

ИНФРАСТРУКТУРА: Современный благоустроенный микрорайон, собственная инфраструктура включает детский сад, коммерческие помещения на первых этажах (в т. ч. студия танцев, языковая школа, все необходимые магазины и салоны красоты), игровые площадки.
Транспортная доступность обеспечена непосредственной близостью с Минским и Рублево-Успенским шоссе, а также с новой платной трассой, благодаря которой до МКАД можно добраться в течение 7 минут. Рядом с ЖК имеются остановки автобусов и маршрутных такси; в 5 минутах транспортом расположена железнодорожная станция Отрадное, а в 10 минутах - Одинцово.

СВОБОДНАЯ ПРОДАЖА от собственника.
Уважаемые покупатели и коллеги, звоните, все покажем оперативно по договоренности, документы для выхода на сделку полностью готовы.",,45.5,11.5,252.7
https://www.cian.ru/sale/flat/303034803/,https://images.cdn-cian.ru/images/kvartira-vnukovskoe-borisa-pasternaka-ulica-2186831496-4.jpg,,"Москва, НАО (Новомосковский), м. Рассказовка, Внуковское поселение, улица Бориса Пастернака, 41",Транспортом,10500000.0,278515.0,1.0,8.0,19.0,37.7,"Продается однокомнатная квартира. Этаж 8/19. Окна выходят на улицу. Дом 2019 года постройки. Свежий ремонт, можно сразу заезжать и жить. Хорошая шумоизоляция, соседей не слышно. Красивая входная группа. Во дворе детские и спортивные площадки. 

Дом расположен на границе с лесным массивом. В шаговой доступности вся инфраструктура: школа, детский сад, магазины, торговый центр Зельгросс, парк Рассказовка (с детскими площадками) и Мичуринский пруд. 

Станция МЦД-4 Мичуринец - 15 минут.

Полная стоимость в договоре.  Альтернативная сделка с простой альтернативой. Оперативный показ.",,37.7,10.5,278.5
https://www.cian.ru/sale/flat/310669583/,https://images.cdn-cian.ru/images/2350160327-4.jpg,ЖК «Новое Внуково»,"Москва, НАО (Новомосковский), м. Рассказовка, № 37 кв-л, Новое Внуково ЖК, к28",Транспортом,8114005.0,212020.0,1.0,9.0,9.0,38.27,"Ипотека 5,9% на два года. Продается 1-комн. квартира. Квартира расположена на 9 этаже 9 этажного монолитного дома (Корпус 28, Секция 1) в ЖК ""Новое Внуково"" от группы ""Самолет"". 

""Новое Внуково"" — это жилой комплекс в Новой Москве, у подножия берега реки Незнайка. Поблизости — живописные места для прогулок: народный парк ""Ручеек"", усадьба Старо-Никольское, Валуевский и Ульяновский лесопарки.
Часть домов сдана и внутри района уже открыт детсад с бассейном, а в ближайшее время откроются еще 3 детсада, 2 школы и поликлиника.
На территории проекта будет построен первый в России Центр Российской Федерации Баскетбола, где будут площадки с трибунами, тренажерный зал, кафе и конференц-зал.
Дворы-парки закрыты от машин и посторонних. На территории — прогулочный маршрут вдоль реки Незнайка и набережная с шезлонгами и качелями для отдыха. Также здесь появится плейхаб ""Незнайка на Луне"", площадь для мероприятий с сухим фонтаном, летним кинотеатром и кафе.
В жилом комплексе — монолитные дома высотой от 6 до 14 этажей. Фасады облицованы кирпичом природных оттенков.
 
Цена динамическая и может отличаться, уточняйте актуальность у застройщика.",,38.3,8.1,212.0
https://www.cian.ru/sale/flat/307461942/,https://images.cdn-cian.ru/images/kvartira-vnukovskoe-samuila-marshaka-ulica-2271674983-4.jpg,ЖК «Переделкино Ближнее Город-парк»,"Москва, НАО (Новомосковский), м. Рассказовка, Внуковское поселение, улица Самуила Маршака, 16",Пешком,13800000.0,370968.0,1.0,12.0,12.0,37.2,"Продаётся прекрасная однокомнатная квартира  (37,2 м без учёта балкона), со всей мебелью и бытовой техникой (входит в стоимость), всё в исправном состоянии, квартира полностью готова для проживания или аренды. В отделке использованы качественные и дорогостоящие материалы. 12 этаж, он же последний, так что никто не будет шуметь над головой (кроме того, есть технический этаж).
Район с развитой инфраструктурой, всё в шаговой доступности: школы, детские сады, поликлиника, супермаркеты, банки, торговые центры, кафе, рестораны и пр. До метро Рассказовка 10 минут пешком. 
Один взрослый собственник с 2015 года.  Без обременений и долгов, полная стоимость в договоре. Свободная продажа.",,37.2,13.8,371.0
https://www.cian.ru/sale/flat/309671338/,https://images.cdn-cian.ru/images/kvartira-moskva-novoorlovskaya-ulica-2318658588-4.jpg,,"Москва, ЗАО, р-н Ново-Переделкино, м. Рассказовка, Новоорловская улица, 8К1",Транспортом,10000000.0,257732.0,1.0,3.0,12.0,38.8,"Квартира в очень уютном дворе, не у дороги. Метро рядом, вся инфраструктура развита. Большая светлая комната. В собственности более 10 лет. Один собственник. Агентам просьба не беспокоить, риэлтор есть.",,38.8,10.0,257.7
https://www.cian.ru/sale/flat/309186714/,https://images.cdn-cian.ru/images/2350161502-4.jpg,ЖК «Новое Внуково»,"Москва, НАО (Новомосковский), м. Рассказовка, № 37 кв-л, Новое Внуково ЖК, к30",Транспортом,7895365.0,206253.0,1.0,9.0,9.0,38.28,"Ипотека 5,9% на два года. Продается 1-комн. квартира. Квартира расположена на 9 этаже 9 этажного монолитного дома (Корпус 30, Секция 2) в ЖК ""Новое Внуково"" от группы ""Самолет"". 

""Новое Внуково"" — это жилой комплекс в Новой Москве, у подножия берега реки Незнайка. Поблизости — живописные места для прогулок: народный парк ""Ручеек"", усадьба Старо-Никольское, Валуевский и Ульяновский лесопарки.
Часть домов сдана и внутри района уже открыт детсад с бассейном, а в ближайшее время откроются еще 3 детсада, 2 школы и поликлиника.
На территории проекта будет построен первый в России Центр Российской Федерации Баскетбола, где будут площадки с трибунами, тренажерный зал, кафе и конференц-зал.
Дворы-парки закрыты от машин и посторонних. На территории — прогулочный маршрут вдоль реки Незнайка и набережная с шезлонгами и качелями для отдыха. Также здесь появится плейхаб ""Незнайка на Луне"", площадь для мероприятий с сухим фонтаном, летним кинотеатром и кафе.
В жилом комплексе — монолитные дома высотой от 6 до 14 этажей. Фасады облицованы кирпичом природных оттенков.
 
Цена динамическая и может отличаться, уточняйте актуальность у застройщика.",,38.3,7.9,206.3
https://odintsovo.cian.ru/sale/flat/307014664/,https://images.cdn-cian.ru/images/2261666883-4.jpg,,"Московская область, м. Рассказовка, Одинцовский городской округ, пос. ВНИИССОК, улица Михаила Кутузова, 5",Транспортом,7150000.0,166279.0,1.0,17.0,17.0,43.0,"Номер лота: вт-0420029.
Вашему вниманию предлагается просторная видовая однокомнатная квартира в одном из самых экологически чистых районов Московской области. Квартира расположена в современном жилом комплексе ""Гусарская Баллада"". Комплекс оснащен всей необходимой инфраструктурой для комфортного проживания. Круглосуточная охрана и видеонаблюдение. Въезд под шлагбаум. Отличная транспортная доступность, 10-15 минут пешком до ж/д станции Пионерская - Маршрутка до МЦД Одинцово или 2 станции по ж/д от ст. Пионерской - Удобный выезд на Минское и Можайское шоссе, на платную дорогу Северный обход Одинцово. До остановки общественного транспорта 2 минуты пешком. Квартира с удобной планировкой, отдельная комната под гардеробную. Вся мебель и техника остается новому собственнику. ДКП, один взрослый собственник, полная стоимость в договоре. Юридически и физически свободна. Оперативный показ. Свободная продажа. Рассмотрим все варианты. Содействие в получении специальных условий и преференций по ипотеке.",,43.0,7.2,166.3
https://www.cian.ru/sale/flat/305489121/,https://images.cdn-cian.ru/images/kvartira-moskva-ulica-skulptora-muhinoy-2234528257-4.jpg,ЖК «БЭСТ-квартиры в Новопеределкино»,"Москва, ЗАО, р-н Ново-Переделкино, м. Рассказовка, улица Скульптора Мухиной, 1К1",Транспортом,11500000.0,287500.0,1.0,6.0,14.0,40.0,"Уважаемые покупатели, Звонок с сайта Циан приходит на телефон только через 10 сек, после начала звонка. 

Продам. Однокомнатная квартира в новом доме. В 2014 г. выполнена полная реконструкция дома (все демонтировано до бетона и выполнена отделка и построены коммуникации). Единственный такой дом в Переделкино рядом с метро.  В квартире сделан свежий ремонт муниципального типа. Ламинат, плитка. Продается квартира с мебелью, можно подобрать и арендатора. В квартире две больших застекленных лоджии. Окна во двор. Магазины, кафе, банк, ТЦ, детский сад, школа все  2-5 минут хотьбы.  5 мин - Чаботовский лес. Парк Спорткомплекс, каток.  До метро Новопеределкино 7 минут.

Чистая продажа, один взрослый собственник, ДКП от застройщика Бэсткон.",,40.0,11.5,287.5
https://www.cian.ru/sale/flat/310745150/,https://images.cdn-cian.ru/images/2350160698-4.jpg,ЖК «Новое Внуково»,"Москва, НАО (Новомосковский), м. Рассказовка, № 37 кв-л, Новое Внуково ЖК, к19",Транспортом,7887938.0,219536.0,1.0,5.0,9.0,35.93,"Ипотека 5,9% на два года. Продается 1-комн. квартира. Квартира расположена на 5 этаже 9 этажного монолитного дома (Корпус 19, Секция 1) в ЖК ""Новое Внуково"" от группы ""Самолет"". 

""Новое Внуково"" — это жилой комплекс в Новой Москве, у подножия берега реки Незнайка. Поблизости — живописные места для прогулок: народный парк ""Ручеек"", усадьба Старо-Никольское, Валуевский и Ульяновский лесопарки.
Часть домов сдана и внутри района уже открыт детсад с бассейном, а в ближайшее время откроются еще 3 детсада, 2 школы и поликлиника.
На территории проекта будет построен первый в России Центр Российской Федерации Баскетбола, где будут площадки с трибунами, тренажерный зал, кафе и конференц-зал.
Дворы-парки закрыты от машин и посторонних. На территории — прогулочный маршрут вдоль реки Незнайка и набережная с шезлонгами и качелями для отдыха. Также здесь появится плейхаб ""Незнайка на Луне"", площадь для мероприятий с сухим фонтаном, летним кинотеатром и кафе.
В жилом комплексе — монолитные дома высотой от 6 до 14 этажей. Фасады облицованы кирпичом природных оттенков.
 
Цена динамическая и может отличаться, уточняйте актуальность у застройщика.",,35.9,7.9,219.5
https://www.cian.ru/sale/flat/307553312/,https://images.cdn-cian.ru/images/kvartira-moskovskiy-lapteva-ulica-2273799759-4.jpg,ЖК «Город-парк Первый Московский»,"Москва, НАО (Новомосковский), м. Рассказовка, Московский г., улица Лаптева, 6к1",Транспортом,10500000.0,273438.0,1.0,2.0,17.0,38.4,"Свободная продажа однокомнатной квартиры в ЖК Город-парк Первый Московский
площадь  38.4 м2 (с учетом лоджии - 41.2), квартира комфортна для проживанияв квартире выполнен ремонт, большая застекленная лоджия с выходом из кухни, гардеробная-кладовая, санузел совмещенный.  Основание права: ДДУ 2018 года, собственник один, никто не прописан, перепланировок нет, обременений нет. 15 минут пешком до метро Филатов Луг, до Саларьево  10 минут транспортом. Показы по предварительной договоренности",,38.4,10.5,273.4
https://odintsovo.cian.ru/sale/flat/310785507/,https://images.cdn-cian.ru/images/kvartira-mikrorayon-klubnichnoe-2340334963-4.jpg,ЖК «Одинград. Семейный квартал»,"Московская область, Одинцово, м. Рассказовка, Микрорайон Клубничное Поле, 10",Транспортом,6000000.0,200669.0,1.0,6.0,24.0,29.9,"Предлагается на продажу 1-комнатная квартира в ЖК ОДИНГРАД Семейный квартал. Компания-застройщик - INGRAD (Инград). Адрес: ул. Клубничное поле, д. 10, секция 1. 6/24М, 29,9/14,8/6,4, свободная планировка без перегородок, изолирован только сан. узел (совмещенный).
Квартира без отделки. 
Жилой квартал имеет собственный выезд на платную трассу М-1, что позволяет добраться до Москвы за 10 минут, а можно воспользоваться бесплатным Можайским шоссе и добраться за 19 минут. Также до Москвы можно добраться на общественном транспорте, 30 минут до станций метро ""Парк Победы"" и ""Юго-Западная"", 40 минут до Киевского вокзала.
10 Корпус сдался одним из последних, когда инфраструктура района уже полностью сформирована.
Внутренние дворики с ландшафтным озеленением, детскими и спортивными площадками. 
Право собственности зарегистрировано. 1 собственник, никто не зарегистрирован, свободная продажа, полная стоимость в ДКП.",,29.9,6.0,200.7
https://www.cian.ru/sale/flat/310283342/,https://images.cdn-cian.ru/images/2350160690-4.jpg,ЖК «Новое Внуково»,"Москва, НАО (Новомосковский), м. Рассказовка, № 37 кв-л, Новое Внуково ЖК, к29",Транспортом,9483483.0,214316.0,1.0,4.0,5.0,44.25,"Ипотека 5,9% на два года. Продается 1-комн. квартира. Квартира расположена на 4 этаже 5 этажного монолитного дома (Корпус 29, Секция 2) в ЖК ""Новое Внуково"" от группы ""Самолет"". 

""Новое Внуково"" — это жилой комплекс в Новой Москве, у подножия берега реки Незнайка. Поблизости — живописные места для прогулок: народный парк ""Ручеек"", усадьба Старо-Никольское, Валуевский и Ульяновский лесопарки.
Часть домов сдана и внутри района уже открыт детсад с бассейном, а в ближайшее время откроются еще 3 детсада, 2 школы и поликлиника.
На территории проекта будет построен первый в России Центр Российской Федерации Баскетбола, где будут площадки с трибунами, тренажерный зал, кафе и конференц-зал.
Дворы-парки закрыты от машин и посторонних. На территории — прогулочный маршрут вдоль реки Незнайка и набережная с шезлонгами и качелями для отдыха. Также здесь появится плейхаб ""Незнайка на Луне"", площадь для мероприятий с сухим фонтаном, летним кинотеатром и кафе.
В жилом комплексе — монолитные дома высотой от 6 до 14 этажей. Фасады облицованы кирпичом природных оттенков.
 
Цена динамическая и может отличаться, уточняйте актуальность у застройщика.",,44.2,9.5,214.3
https://odintsovo.cian.ru/sale/flat/312076802/,https://images.cdn-cian.ru/images/2368232178-4.jpg,ЖК «Одинбург»,"Московская область, Одинцово, м. Рассказовка, Северная улица, 5к2",Транспортом,7000000.0,180412.0,1.0,10.0,25.0,38.8,"Номер в базе: 985505. Продается уютная и светлая 1-комнатная квартира площадью 38,8 кв.м. на 10 этаже в живописном ЖК Одинбург. Это идеальное предложение для тех, кто ценит комфорт и уют. Квартира без ремонта, что дает возможность воплотить в жизнь все свои дизайнерские фантазии. 

Один взрослый собственник - это гарантия чистой и быстрой сделки. ЖК полностью заселен, здесь есть все необходимое для комфортной жизни: магазины, школы, детские сады, спортивные площадки. Но особенно выделяется ландшафтный парк с уютными зонами отдыха для детей и взрослых. 

Для автовладельцев предусмотрена подземная парковка, что обеспечивает сохранность вашего автомобиля. Удобный выезд на платную дорогу и Можайское шоссе позволит быстро добраться до любой точки города. 

А еще в шаговой доступности находится прекрасный спортивный парк им. Ларисы Лазутиной, где вы сможете насладиться прогулками на свежем воздухе и заняться спортом. 

1 взрослый собственник, без обременений, полная стоимость в договоре. 

Не упустите свой шанс стать счастливым обладателем этой замечательной квартиры! Звоните прямо сейчас и запишитесь на просмотр.
Код пользователя: 154690",,38.8,7.0,180.4
https://www.cian.ru/sale/flat/311653600/,https://images.cdn-cian.ru/images/2359248012-4.jpg,ЖК «Город-парк Первый Московский»,"Москва, НАО (Новомосковский), м. Рассказовка, Московский г., улица Бианки, 4к1",Транспортом,9650000.0,255291.0,1.0,11.0,17.0,37.8,"Номер в базе: 4252307. Продается великолепная однокомнатная квартира площадью 37,8 кв. м в современном жилом комплексе Град Московский, расположенном в Новой Москве. Это уникальное предложение для тех, кто ценит комфорт, уют и природу! Квартира отличается просторной и светлой комнатой площадью 18,9кв. м, из которой открывается прекрасный вид на зелёный лесопарк и ухоженный двор. Застекленная лоджия добавляет дополнительное пространство для отдыха или работы. Уютная кухня-гостиная площадью 8,4 кв. м полностью оборудована современным кухонным гарнитуром и всей необходимой бытовой техникой, что позволит вам сразу же насладиться домашним уютом. Санузел совмещенный, с вместительной ванной и качественной плиткой, что делает его не только функциональным, но и стильным. Квартира выполнена в современном евроремонте, что создаёт атмосферу уюта и комфорта. Гарнитур в кухне и ванной , техника остаются по договоренности, что значительно упростит процесс переезда. Район обладает развитой инфраструктурой: в шаговой доступности находятся школы, детские сады, спортивные комплексы, поликлиники, аптеки и магазины. Для вашего досуга рядом расположены торговые центры Москва и Новомосковский, кинотеатр и бассейн. Отличная транспортная доступность: всего 5 минут до станции метро Филатов Луг и 8 минут до метро Саларьево на автобусе. Прямой выезд на Киевское шоссе и всего 7 км от МКАД обеспечивают легкий доступ в любую часть столицы. Квартира находится в первичной собственности, один собственник, свободная продажа, обременений нет. Оперативный показ и быстрый выход на сделку гарантированы! Мы также готовы помочь вам с оформлением ипотеки. Не упустите шанс стать владельцем этого замечательного жилья! Звоните прямо сейчас! 
Код пользователя: 127554",,37.8,9.7,255.3
https://odintsovo.cian.ru/sale/flat/285451561/,https://images.cdn-cian.ru/images/2312753639-4.jpg,ЖК «Равновесие»,"Московская область, м. Рассказовка, Одинцовский городской округ, с. Перхушково, Равновесие мкр, 7",Транспортом,7363860.0,165480.0,1.0,1.0,5.0,44.5,"Указанная акционная стоимость доступна при 100% оплате или ипотеке без субсидирования. Цена действует до 15.01.2025 23:00:00. Стоимость без акции 8766500.

Продаётся апартамент с 1 комнатой общей площадью 44.50 кв. метров на 1 этаже жилого квартала комфорт-класса ""Равновесие"".

Срок сдачи: 3 кв. 2023

На территории комплекса будет возведен детский сад на 360 мест, а на первых этажах жилых домов откроются кафе, магазины и все необходимое для удобства жителей.

Локация ""Равновесия"" выделяется среди других пригородных ЖК разнообразием быстрых маршрутов до Москвы. Для автомобилистов преимуществом станут удобные выезды на Можайское шоссе, Рублёво-Успенское шоссе, Минское шоссе с платной трассой и другие. Также в пешей доступности находятся две ж/д станции — ""Жаворонки"" и ""Здравница"". Дорога на электропоезде до делового центра ""Москва-Сити"" составит всего 35 минут.

Особенности ЖК:

- Малоэтажная застройка: 4-6 этажей;
- Благоустроенный пешеходный бульвар;
- Пространства для отдыха и спорта;
- Квартиры с террасами на последних этажах;
- Квартиры с отдельным входом на первых этажах;
- Внутренняя территория квартала свободна от машин;
- Безбарьерная среда;
- Помещения для хранения детских колясок и спортивного инвентаря.))",,44.5,7.4,165.5
https://odintsovo.cian.ru/sale/flat/303544003/,https://images.cdn-cian.ru/images/2290282785-4.jpg,ЖК «Одинбург»,"Московская область, Одинцово, м. Рассказовка, Северная улица, 15",Транспортом,9000000.0,264706.0,1.0,25.0,25.0,34.0,"Код объекта: 1149240.
 Продам видовую квартиру в ЖК ОДИНБУРГ с потрясающими закатами!

Новый дизайнерский ремонт! 

Арки и изогнутые линии - это истинные хиты 2024 года. В коллекциях нового сезона мы видим плавные дугообразные формы, которые передают великолепие и элегантность ар-деко.

 Дополнить дизайн картинами, полками, шторами и т.п будет возможность у нового обладателя этой прекрасной квартиры. Дать волю своим фантазиям и воплотить это в жизнь.

Кроме использования арок и изогнутых линий, мы также наблюдаем тенденцию к использованию богатого бархата и тактильных материалов, которые придают атмосферу роскоши, так характерные для эпохи ар-деко.

Дорогая, модная мебель из Франции!

 Просторная кухня. 
Кухонный гарнитур с бытовой техникой (посудомоечная машина, варочная панель, духовой шкаф, микроволновая печь).

В санузле теплые полы, стиральная машина.

Просторная спальня с большой двуспальной кроватью и панорамными окнами. 

В этой шикарной квартире есть гардеробная комната.

 Балкон с панорамным остеклением. 

О доме:
- охрана, подземный, наземный паркинг, чистый подъезд, во дворе современные детская и спортивная площадки.

О локации:
- престижный район, рядом вся инфраструктура, в шаговой доступности остановка общественного транспорта, МЦД Одинцово, магазины, школа, детский сад, поликлиника, банки, спортивный парк Ларисы Лазутиной и пр.

 
1 взрослый собственник. Свободная продажа.

Быстрый выход на сделку!",,34.0,9.0,264.7
https://www.cian.ru/sale/flat/305635449/,https://images.cdn-cian.ru/images/kvartira-moskovskiy-solnechnaya-ulica-2242687881-4.jpg,,"Москва, НАО (Новомосковский), м. Рассказовка, Московский г., улица Солнечная",Транспортом,9200000.0,237113.0,1.0,2.0,17.0,38.8,"Продам 1комнатную современную квартиру в очень красивом районе Град Московский. Квартира в отличном состоянии, комната около 22 кв м просторная светлая с выходом на  утепленный балкон с кафельной плиткой и стеновыми панелями, кухня 8 кв м с окном, санузел 4 кв м. с кафельной плиткой , встроенным унитазом Roca с инсталяцией и душевой панелью. Последний косметический ремонт был летом 2023 г Квартира в уникальном районе двор без машин, множество новых детских площадок на огромной территории, спортклуб Спортлэнд,Ohana рядом с домом, новые дет сады школы, вся инфраструктура очень развита. Шикарный парк с велосипедной трассой около 2 х километров до метро Филатов Луг..Риэлторов просьба звонить только при наличии конкретного покупателя под этот  обьект. Возможен разумный торг!! Обременений нет . В квартире использован мат капитал, продажа через опеку. Если вы не дозвонились пожалуйста напишите сообщение я свяжусь с Вами",,38.8,9.2,237.1
https://www.cian.ru/sale/flat/309186616/,https://images.cdn-cian.ru/images/2350303204-4.jpg,ЖК «Новое Внуково»,"Москва, НАО (Новомосковский), м. Рассказовка, № 37 кв-л, Новое Внуково ЖК, к33",Транспортом,8256374.0,177518.0,1.0,4.0,9.0,46.51,"Ипотека 5,9% на два года. Продается 1-комн. квартира. Квартира расположена на 4 этаже 9 этажного монолитно-кирпичного дома (Корпус 33, Секция 1) в ЖК ""Новое Внуково"" от группы ""Самолет"". 

""Новое Внуково"" — это жилой комплекс в Новой Москве, у подножия берега реки Незнайка. Поблизости — живописные места для прогулок: народный парк ""Ручеек"", усадьба Старо-Никольское, Валуевский и Ульяновский лесопарки.
Часть домов сдана и внутри района уже открыт детсад с бассейном, а в ближайшее время откроются еще 3 детсада, 2 школы и поликлиника.
На территории проекта будет построен первый в России Центр Российской Федерации Баскетбола, где будут площадки с трибунами, тренажерный зал, кафе и конференц-зал.
Дворы-парки закрыты от машин и посторонних. На территории — прогулочный маршрут вдоль реки Незнайка и набережная с шезлонгами и качелями для отдыха. Также здесь появится плейхаб ""Незнайка на Луне"", площадь для мероприятий с сухим фонтаном, летним кинотеатром и кафе.
В жилом комплексе — монолитные дома высотой от 6 до 14 этажей. Фасады облицованы кирпичом природных оттенков.
 
Цена динамическая и может отличаться, уточняйте актуальность у застройщика.",,46.5,8.3,177.5
https://www.cian.ru/sale/flat/307873418/,https://images.cdn-cian.ru/images/2369765419-4.jpg,ЖК «Град Московский»,"Москва, НАО (Новомосковский), м. Рассказовка, Московский г., Град Московский мкр, улица Радужная, 13к1",Транспортом,11900000.0,218750.0,1.0,25.0,25.0,54.4,"Id 47102. Продается 1-комнатная квартира 54,4 м² (ЖК Град Московский)

Лоджия с прекрасным видом 5,2 м²
Панорамный вид с 25-ого этажа
Большая кухня-гостинная 22.7 м²

КВАРТИРА:

Вашему вниманию продается Евро-двухкомнатная квартира в ЖК Град Московский. На этаже всего 4 квартиры, что дает полный уют и спокойствие. В продажу квартиры входит кухонная и спальная мебель, полки и шкафы. В квартиру есть личный гардероб, можно его использовать так же как кладовку для хранения. Большая кухня-гостинная 22.7 м² (можно разделить стеной и сделать 2-комнатную квартиру). Заезжайте и живите!

ИНФРАСТРУКТУРА:

 Самым главным преимуществом ЖК является огромный парк Филатов Луг, где можно хорошо проводить время с семьей. Тропа через парк от дома ведет к метро (Филатов Луг).
Хорошо обустроенный жилой комплекс с развитой инфраструктурой и
транспортной доступностью.
 На территории ЖК расположены школа, которая является одной из лучших школ в рейтинге по Новой Москве ,государственные детские сады, магазины, поликлиника (взрослая и детская).
 В ЖК самые лучшие детские площадки, предназначенные для детей разных возрастов- от песочниц до волейбольных площадок и велодорожки.


ДОКУМЕНТЫ:

Один собственник, ограничений нет, никто не прописан, мат. капитал не вложен в собственность. Выходим на сделку в 1 день!

Успейте! Ждем звонка!",,54.4,11.9,218.8
https://www.cian.ru/sale/flat/309331276/,https://images.cdn-cian.ru/images/kvartira-radiocentr-2311840736-4.jpg,,"Москва, НАО (Новомосковский), м. Рассказовка, пос. Радиоцентр, 1",Транспортом,6300000.0,206557.0,1.0,1.0,4.0,30.5,"Мы продаем квартиру по привлекательной цене с Московской пропиской!

Вся инфраструктура г. Московский : садики, школы, магазины, торговый центр ""Новомосковский"", поликлиники.
Идеальный вариант, чтобы жить в тишине, но недалеко от всех благ современного мегаполиса.

О квартире:
В квартире есть всё необходимое для комфортного проживания, выполнен ремонт в спокойных тонах,можно сразу переехать или сдавать в аренду.

Подъезд:
Чистый, в хорошем состоянии ,установлен домофон.
Соседи уважают личные границы, в основном семейные пары. Есть общий чат для решения вопросов.

Транспортная доступность:
До метро Филатов Луг на общественном транспорте 15 мин, еще можно воспользоваться
приложением  ПО ПУТИ 

Собственность:
Один взрослый собственник
Свободная продажа
Обременений нет

Данная квартира может быть продана в ипотеку по субсидированной ставке 11,75% !!!

Быстро и легко стать обладателем квартиры,надо просто Позвонить!

Теги: Купить квартиру в Москве. Купить апартаменты в Москве. Купить недвижимость в Москве. Купить квартиру в Москве. Купить недвижимость в Москве. Квартира Москва. Недвижимость Москва. Апартаменты Москва. Риелтор Москва. Подбор недвижимости в Москве. Подбор квартиры в Москве. Инвестиции в Москве. Подбор квартиры Москва. Брокер Москва.",,30.5,6.3,206.6
https://www.cian.ru/sale/flat/310283395/,https://images.cdn-cian.ru/images/2350160641-4.jpg,ЖК «Новое Внуково»,"Москва, НАО (Новомосковский), м. Рассказовка, № 37 кв-л, Новое Внуково ЖК, к26",Транспортом,7431226.0,216024.0,1.0,1.0,9.0,34.4,"Ипотека 5,9% на два года. Продается 1-комн. квартира. Квартира расположена на 1 этаже 9 этажного монолитного дома (Корпус 26, Секция 3) в ЖК ""Новое Внуково"" от группы ""Самолет"". 

""Новое Внуково"" — это жилой комплекс в Новой Москве, у подножия берега реки Незнайка. Поблизости — живописные места для прогулок: народный парк ""Ручеек"", усадьба Старо-Никольское, Валуевский и Ульяновский лесопарки.
Часть домов сдана и внутри района уже открыт детсад с бассейном, а в ближайшее время откроются еще 3 детсада, 2 школы и поликлиника.
На территории проекта будет построен первый в России Центр Российской Федерации Баскетбола, где будут площадки с трибунами, тренажерный зал, кафе и конференц-зал.
Дворы-парки закрыты от машин и посторонних. На территории — прогулочный маршрут вдоль реки Незнайка и набережная с шезлонгами и качелями для отдыха. Также здесь появится плейхаб ""Незнайка на Луне"", площадь для мероприятий с сухим фонтаном, летним кинотеатром и кафе.
В жилом комплексе — монолитные дома высотой от 6 до 14 этажей. Фасады облицованы кирпичом природных оттенков.
 
Цена динамическая и может отличаться, уточняйте актуальность у застройщика.",,34.4,7.4,216.0
https://www.cian.ru/sale/flat/310963098/,https://images.cdn-cian.ru/images/2344105874-4.jpg,ЖК «Переделкино Ближнее Город-парк»,"Москва, НАО (Новомосковский), м. Рассказовка, Внуковское поселение, улица Бориса Пастернака, 6",Пешком,15000000.0,375000.0,1.0,4.0,9.0,40.0,"Арт. 87395106 В продаже красивая и уютная однокомнатная квартира в ЖК Переделкино Ближнее. 
Прописка Москва!

Квартира общей площадью 40 кв.м. Полностью готова к жизни со стильным ремонтом, укомплектованная всей необходимой мебелью и техникой.

Подойдет также в качестве инвестиций и получения пассивного дохода.

Преимущества:

Стильный интерьер: качественные материалы отделки, современная мебель и техника создают уютную атмосферу .

Район с развитой инфраструктурой: школы, детские сады, поликлиника , торговый центр, супермаркеты , аптеки и детские клубы.

 В пешей доступности станция метро ""Рассказовка"" (10 мин. Пешком) По прямой ветке 30 мин до Москва Сити.

Тихий закрытый двор без машин, с детской площадкой и зоной отдыха. Приятные соседи.

Инвестиции в комфорт: идеальный вариант для тех, кто ценит время и комфорт, и хочет наслаждаться жизнью, не тратя ее на ремонт.

Идеально для: молодых специалистов, семейных пар, инвесторов.",,40.0,15.0,375.0
https://www.cian.ru/sale/flat/311650889/,https://images.cdn-cian.ru/images/dolya-v-kvartire-dsk-michurinec-engelsa-ulica-2359195965-4.jpg,,"Москва, НАО (Новомосковский), м. Рассказовка, пос. ДСК Мичуринец, улица Энгельса, 37",Транспортом,4300000.0,179167.0,,,,,"Предлагается к продаже двухуровневая квартира-студия в малоэтажном доме, зарегистрированная как 1/12 доли квартиры. В квартире сделан качественный ремонт. На обоих уровнях теплые полы. Окна ПВХ. Централизованное водоснабжение. Огороженная территория. Квартира продается с бытовой техникой и мебелью. Один взрослый собственник. Свободная продажа. Московская регистрация.",,nan,4.3,179.2
https://www.cian.ru/sale/flat/310289325/,https://images.cdn-cian.ru/images/2350303035-4.jpg,ЖК «Новое Внуково»,"Москва, НАО (Новомосковский), м. Рассказовка, № 37 кв-л, Новое Внуково ЖК, к31",Транспортом,7672550.0,228690.0,1.0,4.0,9.0,33.55,"Ипотека 5,9% на два года. Продается 1-комн. квартира. Квартира расположена на 4 этаже 9 этажного монолитно-кирпичного дома (Корпус 31, Секция 2) в ЖК ""Новое Внуково"" от группы ""Самолет"". 

""Новое Внуково"" — это жилой комплекс в Новой Москве, у подножия берега реки Незнайка. Поблизости — живописные места для прогулок: народный парк ""Ручеек"", усадьба Старо-Никольское, Валуевский и Ульяновский лесопарки.
Часть домов сдана и внутри района уже открыт детсад с бассейном, а в ближайшее время откроются еще 3 детсада, 2 школы и поликлиника.
На территории проекта будет построен первый в России Центр Российской Федерации Баскетбола, где будут площадки с трибунами, тренажерный зал, кафе и конференц-зал.
Дворы-парки закрыты от машин и посторонних. На территории — прогулочный маршрут вдоль реки Незнайка и набережная с шезлонгами и качелями для отдыха. Также здесь появится плейхаб ""Незнайка на Луне"", площадь для мероприятий с сухим фонтаном, летним кинотеатром и кафе.
В жилом комплексе — монолитные дома высотой от 6 до 14 этажей. Фасады облицованы кирпичом природных оттенков.
 
Цена динамическая и может отличаться, уточняйте актуальность у застройщика.",,33.5,7.7,228.7
https://odintsovo.cian.ru/sale/flat/311032402/,https://images.cdn-cian.ru/images/kvartira-odincovo-sadovaya-ulica-2346922457-4.jpg,ЖК «Единый Стандарт»,"Московская область, Одинцово, мкр. 2-й, м. Рассказовка, Садовая улица, 24",Транспортом,8500000.0,223097.0,1.0,25.0,25.0,38.1,"Продается стильная и уютная однокомнатная квартира в Одинцово на Садовой улице, дом 24. Квартира расположена на последнем этаже 25-этажного кирпичного дома, построенного в 2014 году. Общая площадь квартиры составляет 38,1 кв. м, из которых 17 кв. м — жилая площадь, а кухня занимает 9 кв. м. 
В квартире выполнен современный евроремонт, поэтому вы сможете сразу заехать и жить без дополнительных вложений. Просторная кухня оборудована всем необходимым для комфортного приготовления пищи. В квартире есть совмещенный санузел, лоджия и просторная,оборудованная гардеробная.
Дом в отличном состоянии, оборудован четырьмя пассажирскими лифтами и мусоропроводом. Для жильцов предусмотрена наземная парковка. 
Район отлично развит: в шаговой доступности находятся школы, детские сады, клиники и разнообразные магазины. Это идеальное место для комфортного проживания, особенно для семей с детьми. До  МЦД ""Одинцово"" 15 мин.на общественном транспорте ,до ЖД Отрадное 7 мин.на общественном транспорте..Удобный выезд на платную дорогу.
Один собственник,свободная продажа.
Квартира продается без обременений, возможна покупка в ипотеку. Все документы готовы к сделке.",,38.1,8.5,223.1
https://www.cian.ru/sale/flat/311940347/,https://images.cdn-cian.ru/images/kvartira-vnukovskoe-letchika-ulyanina-ulica-2365213445-4.jpg,ЖК «Солнцево парк»,"Москва, НАО (Новомосковский), м. Рассказовка, Внуковское поселение, улица Летчика Ульянина, 7",Транспортом,8500000.0,217949.0,1.0,11.0,17.0,39.0,"Продается однокомнатная квартира (апартаменты) в Новой Москве по адресу ул. Летчика Ульянина дом 7Б, 5 минут пешком от метро ""Пыхтино"". Экологически чистый район в окружении Ульяновского лесопарка, с развитой инфраструктурой: две школы, три детских сада, поликлиника, магазины Пятерочка, Перекресток, Вкусвилл, Дикси, Детский мир, отделение ПАО Сбербанк, фитнес - центр, студия бального танца, почтовое отделение, множество спортивных секций и детских кружков развития, салонов красоты, кафе и точек быстрого питания. Для отдыха жителей района обустроены два прекрасных парка: парк ""Пыхтино"" на реке Ликова и парк ""Боровский"" в сосновом лесу. В квартире выполнен качественный ремонт в светлых тонах; в комнате установлен кондиционер, имеется бойлер для подогрева воды на случай летнего отключения; в планировке предусмотрена отдельная гардеробная комната 2,5 м2; большая застекленная лоджия 4,73м2. Для автолюбителей в наличии подземный паркинг, рядом с домом многоуровневый паркинг, удобный выезд на Боровское, Минское и Киевское шоссе. В качестве бонуса оставляем кухонный гарнитур со встроенной техникой. Один взрослый собственник, без обременений, полная стоимость в договоре, продажа свободная, под ипотеку подходит, перепланировок нет. Покажем по договоренности накануне. о всем вопросам буду рада ответить по телефону.",,39.0,8.5,217.9
https://aprelevka.cian.ru/sale/flat/301789371/,https://images.cdn-cian.ru/images/2361622512-4.jpg,ЖК «Парк Апрель»,"Московская область, Наро-Фоминский городской округ, Апрелевка, м. Рассказовка, Парк Апрель ЖК",Транспортом,11014990.0,185500.0,1.0,1.0,4.0,59.38,"Корпус сдан! Прямая продажа от застройщика! Загородный жилой комплекс класса Комфорт Плюс.
Продаётся 1-к квартира номер 9 в сданном корпусе общей площадью 59.38 кв.м. на 1-м этаже 4 этажного дома.

Особенности:
- Квартира доступна к покупке в Trade-In.
- Распашная
- Окна в пол
- Евроформат
- Кухня-гостиная
- МЦД-4 в 10-ти минутах
- Квартиры с ключами
- Квартиры в готовом поселке
- Отличный вариант для проживания или инвестиций. Поселок готов к проживанию. Посмотрите вживую!
- Закрытый поселок в окружении леса
- Детский сад и школа на территории
- Закрытая территория
- Въезд и выезд только через КПП
- Круглосуточная охрана и видеонаблюдение
- Реки и леса в пешей доступности

Расположение комплекса: 
Уникальный жилой комплекс, расположенный в 20 минутах от Москвы по Киевскому шоссе и окруженный первозданным лесом. В Парк Апрель легко наслаждаться жизнью на природе, не отказываясь от привычного уровня комфорта. Это возможно, благодаря уникальному сочетанию преимуществ комплекса. ЖК, окруженный с трех сторон лесом - подарит вам возможность дышать полной грудью и наслаждаться прекрасными видами, а развитая инфраструктура, транспортная доступность и высокий уровень безопасности принесут спокойствие и безмятежность.

Транспортная доступность:
МКАД в 20 минутах по Киевскому шоссе по современной скоростной трассе. Автобусная остановка в 200-х метрах от дома. 9 маршрутов наземного транспорта, автобусы до станций метро Юго-Западная, Саларьево, Румянцево, Тропарево. 25 минут на МЦД D4 до Киевского вокзала.

Внутренняя инфраструктура:
Развитая инфраструктура жилого комплекса, включает муниципальную школу, детский сад, торговый центр и другие объекты. Расположение домов тщательно продумано, так что из окон открываются красивые виды на тихие дворики и окружающий лес, а всего за 10 минут на личном или общественном транспорте вы доедете до любой из двадцати школ, поликлиники или современного дворца спорта. Разумеется, в Апрелевке найдутся также торговые комплексы, фитнес-центры и многое другое. 

Для кровли используется черепица, имеющая отличные тепло- и шумоизоляционные характеристики. Благодаря стенам из керамических на протяжении всего года в доме будет здоровый микроклимат, а облицовка бельгийский кирпичом придает особое очарование фасадам.
Вы сможете создать уникальный формат жилья, который подойдет именно вам. Просторная кухня - гостиная, отдельный кабинет для работы, мастер-спальня с гардеробной и ванной - квартира со свободной планировкой позволяет воплотить в жизнь все ваши идеи
С трех сторон Парк Апрель окружен лесом и малоэтажной частной застройкой, поблизости отсутствуют вредные производства. В пешей доступности находятся две реки и лесной массив, откуда удачная роза ветров приносит свежий воздух
Жителям Парк Апрель доступна развитая инфраструктура Апрелевки: два десятка образовательных учреждений, спортивная школа, современный дворец спорта, поликлиники, фитнес-центры, магазины и торговые комплексы. Все объекты расположены не более, чем в 10 минутах",,59.4,11.0,185.5
https://odintsovo.cian.ru/sale/flat/265004265/,https://images.cdn-cian.ru/images/04/125/711/kvartira-odincovo-gvardeyskaya-ulica-1175214044-4.jpg,ЖК «Гусарская баллада»,"Московская область, Одинцово, м. Рассказовка, улица Гвардейская, 15",Транспортом,7395000.0,182593.0,1.0,2.0,15.0,40.5,"Уютная однокомнатная квартира на 2 этаже 15 этажного монолитно-кирпичного дома. Общая площадь 40,5 м². Комната 16,5 м², просторная кухня 11,4 м², большой коридор 8,5 м², шикарная лоджия 7м². Во дворе детская и спортивная площадки. Охраняемая территория. Развитая инфраструктура на территории ЖК есть магазины, 3-д/с, 2-ТЦ, фитнес центры, бейби-клубы, кафе, салоны красоты, аптеки и др. С территории ЖК ходят маршрутные автобусы по трём направлениям: 1) метро Молодежная по платной дороге (25 мин.), 2) До МЦД метро Одинцово. 3) По г. Одинцово, остановки у всех социальных объектов. Удобный выезд на платную дорогу, до МКАД 10 мин. (Северный обход Одинцово). Без перепланировок. Один взрослый собственник. Никто не прописан. Свободная продажа. Полная стоимость в договоре.Оперативный выход на сделку!",,40.5,7.4,182.6
https://www.cian.ru/sale/flat/312211438/,https://images.cdn-cian.ru/images/2371267672-4.jpg,ЖК «Город-парк Первый Московский»,"Москва, НАО (Новомосковский), м. Рассказовка, Московский г., улица Бианки, 11",Транспортом,11500000.0,302632.0,1.0,10.0,17.0,38.0,"Продается квартира с отличным ремонтом. Квартира продается с мебелью и бытовой техникой, отлично подойдет как для проживания, так и для сдачи в аренду.
Свободная продажа, полная стоимость, подходит под ипотеку.

Замечательный район с развитой инфраструктурой. Во дворе дома спортивная школа с бассейном, детский сад, фитнес клуб, сетевые магазины (Карусель, Перекресток, Дикси, Пятерочка, Магнит). Рядом парк Филатов луг, через который можно пройти к метро. В парке спортивные зоны с волейбольными и футбольными площадками, детские игровые площадки с качелями и развивающим оборудованием, беговая дорожка и веломаршрут. Метро Филатов луг (10 мин. на транспорте), Саларьево (12 мин. на транспорте), Рассказовка (15 мин. на транспорте). До МКАД 10-15 мин. Удобный выезд на Киевское шоссе.
Звоните и записывайтесь на просмотр!",,38.0,11.5,302.6
https://www.cian.ru/sale/flat/304058764/,https://images.cdn-cian.ru/images/2207567485-4.jpg,ЖК «Переделкино Ближнее Город-парк»,"Москва, НАО (Новомосковский), м. Рассказовка, Переделкино Ближнее мкр, 18-й кв-л",Пешком,12628535.0,299254.0,1.0,13.0,17.0,42.2,"Продается однокомнатная квартира в городе-парке ""Переделкино Ближнее"". 
Общая площадь квартиры - 42,2 кв. м, этаж 13 из 17. 
Срок сдачи - 2 квартал 2026 года. 
Тип дома - монолитный. 
 
Город-парк ""Переделкино Ближнее"" расположен в 8 км от МКАД по Боровскому шоссе. 
 
ТРАНСПОРТНАЯ ДОСТУПНОСТЬ: 
 
- 10 минут пешком до МЦД-4 ""Мичуринец""
- 15 минут пешком до станции метро ""Рассказовка"" Солнцевской линии
- 10 минут на машине до станции метро ""Филатов Луг"" Сокольнической линии
- 30 минут до центра Москвы
- Прямой выезд на дорогу Солнцево-Бутово-Варшавское шоссе, минуя жилую застройку всего ЖК 
 
БЛАГОУСТРОЙСТВО: 
 
Новая фаза строительства уникальна своим расположением -  в шаговой доступности парк на Лукинской улицы, река Алёшинка. 
На территории 18 фазы строительства будут построены 2 монолитных жилых корпуса повышенного комфорта разной этажности 7, 17 этажей. А также многоуровневый паркинг на 300 м/мест. 
Вход в жилую часть корпусов каждой секции осуществляется с двух сторон - с наружного контура жилого дома и со стороны дворового пространства, предусмотрен безбарьерный доступ. 
 
ВНУТРЕННЯЯ ИНФРАСТРУКТУРА: 
 
В рамках данной фазы, для жителей предусмотрено создание пространства, свободного от машин - благоустроенные огороженные дворы с современными детскими и спортивными площадками, разделенными на зоны по возрастам.
На территории проекта есть все необходимые объекты социальной и бытовой инфраструктуры: детские сады, школы, магазины, паркинги, аптеки, поликлиники, пожарная часть и др. 
 
АВТОРСКИЙ ДИЗАЙН: 
 
Современный монолитный дом переменной этажности 7 и 17 этажей. На фасаде предусмотрены корзины для установки кондиционеров. Входные группы домов выполнены по авторскому дизайну. Колясочные располагаются при входе, велопарковка на -1 этаже.",,42.2,12.6,299.3
https://www.cian.ru/sale/flat/311870659/,https://images.cdn-cian.ru/images/kvartira-vnukovskoe-borisa-pasternaka-ulica-2363447948-4.jpg,,"Москва, НАО (Новомосковский), м. Рассказовка, Внуковское поселение, улица Бориса Пастернака, 35",Транспортом,11200000.0,298667.0,1.0,15.0,19.0,37.5,"Бориса Пастернака35, Свободная Продажа, В Собственности Более 5лет, Подробности По Телефону, Один Собственник .Подробности По Телефону,Есть Видео!!!!",,37.5,11.2,298.7
https://www.cian.ru/sale/flat/300575297/,https://images.cdn-cian.ru/images/kvartira-filatov-lug-kartmazovskie-prudy-ulica-2227723271-4.jpg,,"Москва, НАО (Новомосковский), м. Рассказовка, Московский поселение, Филатов Луг ЖК, улица Картмазовские Пруды, 2к1",Транспортом,9990000.0,312188.0,1.0,18.0,22.0,32.0,"Продаётся однокомнатная квартира в ЖК ""Филатов Луг"".В комнате 2 окна,поэтому с помощью перегородок сделана ,как двухкомнатная.Кухня полностью укомплектована техникой.Стиральная и посудомоечная машины ,встроеный холодильник.Мобильный кондиционер.Всё остаётся покупателю.В ЖК,всё есть,продовольственные и винные магазины,пекарни,аптеки ,салон красоты.Удобная транспортная доступность.Выезд на Киевское шоссе.Прям от ЖК  ходит автобус до м .Саларьево.Альтернативная продажа.Альтернатива подобрана.В услугах агента не нуждаюсь.",,32.0,10.0,312.2
https://aprelevka.cian.ru/sale/flat/301789370/,https://images.cdn-cian.ru/images/2361800497-4.jpg,ЖК «Парк Апрель»,"Московская область, Наро-Фоминский городской округ, Апрелевка, м. Рассказовка, Парк Апрель ЖК",Транспортом,9848845.0,191500.0,1.0,1.0,4.0,51.43,"Корпус сдан! Прямая продажа от застройщика! Загородный жилой комплекс класса Комфорт Плюс.
Продаётся 1-к квартира номер 10 в сданном корпусе общей площадью 51.43 кв.м. на 1-м этаже 4 этажного дома.

Особенности:
- Квартира доступна к покупке в Trade-In.
- Линейная
- Окна в пол
- МЦД-4 в 10-ти минутах
- Квартиры с ключами
- Квартиры в готовом поселке
- Отличный вариант для проживания или инвестиций. Поселок готов к проживанию. Посмотрите вживую!
- Закрытый поселок в окружении леса
- Детский сад и школа на территории
- Закрытая территория
- Въезд и выезд только через КПП
- Круглосуточная охрана и видеонаблюдение
- Реки и леса в пешей доступности

Расположение комплекса: 
Уникальный жилой комплекс, расположенный в 20 минутах от Москвы по Киевскому шоссе и окруженный первозданным лесом. В Парк Апрель легко наслаждаться жизнью на природе, не отказываясь от привычного уровня комфорта. Это возможно, благодаря уникальному сочетанию преимуществ комплекса. ЖК, окруженный с трех сторон лесом - подарит вам возможность дышать полной грудью и наслаждаться прекрасными видами, а развитая инфраструктура, транспортная доступность и высокий уровень безопасности принесут спокойствие и безмятежность.

Транспортная доступность:
МКАД в 20 минутах по Киевскому шоссе по современной скоростной трассе. Автобусная остановка в 200-х метрах от дома. 9 маршрутов наземного транспорта, автобусы до станций метро Юго-Западная, Саларьево, Румянцево, Тропарево. 25 минут на МЦД D4 до Киевского вокзала.

Внутренняя инфраструктура:
Развитая инфраструктура жилого комплекса, включает муниципальную школу, детский сад, торговый центр и другие объекты. Расположение домов тщательно продумано, так что из окон открываются красивые виды на тихие дворики и окружающий лес, а всего за 10 минут на личном или общественном транспорте вы доедете до любой из двадцати школ, поликлиники или современного дворца спорта. Разумеется, в Апрелевке найдутся также торговые комплексы, фитнес-центры и многое другое. 

Для кровли используется черепица, имеющая отличные тепло- и шумоизоляционные характеристики. Благодаря стенам из керамических на протяжении всего года в доме будет здоровый микроклимат, а облицовка бельгийский кирпичом придает особое очарование фасадам.
Вы сможете создать уникальный формат жилья, который подойдет именно вам. Просторная кухня - гостиная, отдельный кабинет для работы, мастер-спальня с гардеробной и ванной - квартира со свободной планировкой позволяет воплотить в жизнь все ваши идеи
С трех сторон Парк Апрель окружен лесом и малоэтажной частной застройкой, поблизости отсутствуют вредные производства. В пешей доступности находятся две реки и лесной массив, откуда удачная роза ветров приносит свежий воздух
Жителям Парк Апрель доступна развитая инфраструктура Апрелевки: два десятка образовательных учреждений, спортивная школа, современный дворец спорта, поликлиники, фитнес-центры, магазины и торговые комплексы. Все объекты расположены не более, чем в 10 минутах езды на машине.
 
Цены указан",,51.4,9.8,191.5
https://www.cian.ru/sale/flat/296663962/,https://images.cdn-cian.ru/images/kvartira-vnukovskoe-vasiliya-aksenova-ulica-2065816434-4.jpg,ЖК «Переделкино Ближнее Город-парк»,"Москва, НАО (Новомосковский), м. Рассказовка, Внуковское поселение, улица Василия Аксенова, 2",Пешком,13000000.0,295455.0,1.0,5.0,12.0,44.0,"Квартира в собственности (один взрослый собственник), без обременений. Солнечная сторона, окна выходят на внешнюю сторону дома (не окна в окна). Квартиру выбирали для себя, учитывая все нюансы (вид, расположение в секции, этаж и тд). Во дворе новая школа, под окнами пруд с прогулочными зонами, до метро 12 минут пешком, до МЦД 20 минут пешком.",,44.0,13.0,295.5
https://www.cian.ru/sale/flat/307227734/,https://images.cdn-cian.ru/images/2340891482-4.jpg,ЖК «Переделкино Ближнее Город-парк»,"Москва, НАО (Новомосковский), м. Рассказовка, Внуковское поселение, улица Василия Аксенова, 2",Пешком,11400000.0,276029.0,1.0,8.0,12.0,41.3,"Код объекта: 1233903.
 Однoкoмнaтная квартира в ЖК ""Пeрeделкино Ближнеe"" c отличным видом на Бoльшoй Фeдocьинcкий пруд! 

Oбщaя площaдь 41,3 кв.м. Грaмотноe плaнировочнoe peшeниe, предусмотрена зона под гардеробную комнату, просторная кухня-столовая площадью .

Отличная огороженная детская площадка. Выход к территории пруда, рядом парк.

Развитая инфраструктура района. В шаговой доступности школа и детский сад, продуктовые магазины, аптеки, кафе.

Квартира рядом с метро - в километре находится метро Рассказовка (7-8 минут пешком). Станция электрички ( Мичуринская) - в 5 минутах ходьбы: на электричке 20 минут до ст. метро Киевская и Киевского вокзала. 
В 3 минутах ходьбы большой зеленый парк Рассказовка, недалеко находится Ульяновский лесопарк и много водоемов для отдыха и рыбалки. Недалеко также находится горнолыжный комплекс Саларьево.

Оперативный показ!",,41.3,11.4,276.0
https://www.cian.ru/sale/flat/310283391/,https://images.cdn-cian.ru/images/2350162161-4.jpg,ЖК «Новое Внуково»,"Москва, НАО (Новомосковский), м. Рассказовка, № 37 кв-л, Новое Внуково ЖК, к26",Транспортом,8768903.0,241036.0,1.0,3.0,7.0,36.38,"Ипотека 5,9% на два года. Продается 1-комн. квартира. Квартира расположена на 3 этаже 7 этажного монолитного дома (Корпус 26, Секция 1) в ЖК ""Новое Внуково"" от группы ""Самолет"". 

""Новое Внуково"" — это жилой комплекс в Новой Москве, у подножия берега реки Незнайка. Поблизости — живописные места для прогулок: народный парк ""Ручеек"", усадьба Старо-Никольское, Валуевский и Ульяновский лесопарки.
Часть домов сдана и внутри района уже открыт детсад с бассейном, а в ближайшее время откроются еще 3 детсада, 2 школы и поликлиника.
На территории проекта будет построен первый в России Центр Российской Федерации Баскетбола, где будут площадки с трибунами, тренажерный зал, кафе и конференц-зал.
Дворы-парки закрыты от машин и посторонних. На территории — прогулочный маршрут вдоль реки Незнайка и набережная с шезлонгами и качелями для отдыха. Также здесь появится плейхаб ""Незнайка на Луне"", площадь для мероприятий с сухим фонтаном, летним кинотеатром и кафе.
В жилом комплексе — монолитные дома высотой от 6 до 14 этажей. Фасады облицованы кирпичом природных оттенков.
 
Цена динамическая и может отличаться, уточняйте актуальность у застройщика.",,36.4,8.8,241.0
https://www.cian.ru/sale/flat/311391465/,https://images.cdn-cian.ru/images/2353531008-4.jpg,,"Москва, НАО (Новомосковский), м. Рассказовка, Внуковское поселение, улица Корнея Чуковского",Пешком,12400000.0,326316.0,1.0,12.0,17.0,38.0,"Арт. 88471760 В продаже уютная однокомнатная квартира в самом центре ЖК ""Переделкино Ближнее"". 
Прописка Москва!

Светлая 1-комнатная квартира площадью 38,8 кв.м. с приятным видом во двор. Выполнен качественный евроремонт, в светлых тонах. 
Общая площадь квартиры 38,8 кв.м.
Кухня- 8 кв.м.,
Комната- 20 кв.м..

Входная группа индивидуального дизайна, оборудована электрическим подъемником.

Этот район считается одним из самых экологически чистых уголков Москвы, с развитой инфраструктурой, благоустроенной территорией, зелеными газонами и современными детскими площадками, что создает отличные условия для семейной жизни. 

В ЖК ""Переделкино Ближнее"" находятся три школы (две действующие и одна строящаяся), а также современные детские сады, спортивные площадки, супермаркеты, поликлиники, фитнес-центры, пекарни, кофейни и рестораны. 
Для владельцев собак предусмотрены специальные площадки для выгула.

Отличная транспортная доступность: до аэропорта Внуково всего 15 минут на метро и 7 минут на автомобиле. Станция метро Рассказовка находится в 8 минутах пешком, автобусная остановка прямо напротив дома позволяет добраться до метро за 3 минуты. До центра Москвы можно доехать за 35 минут, а до Мцд 4 Мичуринец всего 1,5 километра.",,38.0,12.4,326.3
https://odintsovo.cian.ru/sale/flat/309376975/,https://images.cdn-cian.ru/images/kvartira-odincovo-lyuby-novoselovoy-bulvar-2312642378-4.jpg,,"Московская область, Одинцово, мкр. 3-й, м. Рассказовка, Любы Новоселовой бульвар, 11к1",Транспортом,6700000.0,210692.0,1.0,5.0,9.0,31.8,"1 комнатная квартира в хорошем состоянии можно заехать и жить (31.8 кв м  + 6 кв м остекленная лоджия), кухня 8.3 кв м, комната 18 кв. м с альковом, с/у раздельный.  Кирпичный дом с отличной тепло и звуко изоляцией. Тихий, зеленый район, развитая инфраструктура (школы, д/сады, поликлиника, магазины.  В пешей доступности городской парк оборудованный детскими и спортивными площадками, стадион, ледовый дворец и волейбольный центр. Рядом Спортивный парк г. Одинцово, волейбольные площадки, велосипедные дорожки, зимой лыжная трасса, каток, прогулочные дорожки, места для отдыха.  До МЦД Одинцово 10 мин общественным транспортом, 20 мин пешком. 
1 взрослый собственник, собственность 2005 год. Свободная продажа, ипотека возможна.",,31.8,6.7,210.7
https://www.cian.ru/sale/flat/309186699/,https://images.cdn-cian.ru/images/2350302386-4.jpg,ЖК «Новое Внуково»,"Москва, НАО (Новомосковский), м. Рассказовка, № 37 кв-л, Новое Внуково ЖК, к32",Транспортом,7669869.0,225187.0,1.0,10.0,10.0,34.06,"Ипотека 5,9% на два года. Продается 1-комн. квартира. Квартира расположена на 10 этаже 10 этажного монолитно-кирпичного дома (Корпус 32, Секция 3) в ЖК ""Новое Внуково"" от группы ""Самолет"". 

""Новое Внуково"" — это жилой комплекс в Новой Москве, у подножия берега реки Незнайка. Поблизости — живописные места для прогулок: народный парк ""Ручеек"", усадьба Старо-Никольское, Валуевский и Ульяновский лесопарки.
Часть домов сдана и внутри района уже открыт детсад с бассейном, а в ближайшее время откроются еще 3 детсада, 2 школы и поликлиника.
На территории проекта будет построен первый в России Центр Российской Федерации Баскетбола, где будут площадки с трибунами, тренажерный зал, кафе и конференц-зал.
Дворы-парки закрыты от машин и посторонних. На территории — прогулочный маршрут вдоль реки Незнайка и набережная с шезлонгами и качелями для отдыха. Также здесь появится плейхаб ""Незнайка на Луне"", площадь для мероприятий с сухим фонтаном, летним кинотеатром и кафе.
В жилом комплексе — монолитные дома высотой от 6 до 14 этажей. Фасады облицованы кирпичом природных оттенков.
 
Цена динамическая и может отличаться, уточняйте актуальность у застройщика.",,34.1,7.7,225.2
https://www.cian.ru/sale/flat/306175981/,https://images.cdn-cian.ru/images/kvartira-moskovskiy-bianki-ulica-2246857341-4.jpg,ЖК «Город-парк Первый Московский»,"Москва, НАО (Новомосковский), м. Рассказовка, Московский г., улица Бианки, 3к1",Транспортом,11000000.0,272953.0,1.0,1.0,17.0,40.3,"ЖИЗНЕННЫЕ ОБСТОЯТЕЛЬСТВА ВЫНУЖДАЮТ ПРОДАТЬ 1 комнатную квартиру общей площадью 40.3 кв.м(без учета лоджии,сама лоджия 4.3),просторная кухня 12 кв.м,комната 16 кв.м.В квартире сделан ремонт с любовью ДЛЯ СЕБЯ.Состояние квартиры-можно заехать и жить!К тому же, в квартире остается абсолютно все.Квартира теплая и сухая,окна выходят на зеленую зону.Сам дом стоит вдали от дороги,нет шума и пыли.Соседи- приличные люди,подъезд всегда чистый.

Документы готовы к продаже,квартира покупалась почти 10 лет назад за наличный расчет.Один взрослый собственник.Подходит под ипотеки и различные сертификаты.

По району:ЖК Первый Московский-город парк!Школы,детские сада ,детские площадки -во дворе,медицинские центры,салоны красоты и т.д.В ЖК есть все необходимое!остановка общественного транспорта,который едет до метро ""Филатов луг"" в 2 минутах от дома.Вблизи дома парк""Филатов луг""-излюбленное место жителей для отдыха.",,40.3,11.0,273.0
https://odintsovo.cian.ru/sale/flat/273180818/,https://images.cdn-cian.ru/images/45/223/921/kvartira-vniissok-ulica-druzhby-1293225414-4.jpg,,"Московская область, м. Рассказовка, Одинцовский городской округ, пос. ВНИИССОК, улица Дружбы, 5",Транспортом,6300000.0,144165.0,1.0,15.0,17.0,43.7,"Продается 1-на комнатная квартира 43,7м2  на 15 этаже 17-ти этажного дома в поселке ВНИИССОК (ЖК ""Дубки""). Квартира имеет раздельный санузел и 2 большие остеклённые лоджии. В собственности у единственного взрослого собственника с момента строительства дома(2010г.) Отличная транспортная доступность: рядом автобусная остановка до г. Одинцово, ж/д ст. Пионерская Белорусского направления в 7-10мин. пешком, выезд на платную трассу в 1,5 км. Развитая инфраструктура: детский сад, школа, магазины, кафе, ТЦ и тд. Полная стоимость в договоре. Обременений нет.",,43.7,6.3,144.2
https://www.cian.ru/sale/flat/311082019/,https://images.cdn-cian.ru/images/2346847671-4.jpg,ЖК «Детали»,"Москва, НАО (Новомосковский), м. Рассказовка, пос. Марьино, Детали ЖК",Транспортом,8446256.0,215466.0,1.0,6.0,23.0,39.2,"ЖК ""Детали"" - бизнес-класс по цене комфорта! 

Покупка квартиры в ЖК ""Детали"" - это хорошая инвестиция.
 
Преимущества комплекса:
-  Московская прописка
- Близость к метро Филатов Луг - 15 минут
- Подземный паркинг
- Закрытая охраняемая территория
- Автобусная остановка, сады, школы и поликлиника в шаге от дома
- Уютные лобби с зоной коворкинга, фитнесом и детским клубом
-  Окна в пол, мастер-спальни и гардеробные

Продается 1-к квартира общей площадью 39.2 кв. метра на 6-м этаже комплекса бизнес-класса ""Детали"".

Благодаря продуманной ступенчатой застройке и панорамному остеклению квартиры здесь получают максимум естественного освещения в течение дня. Ваша квартира будет не только светлой и уютной, но и комфортной благодаря эргономичной планировке.
 
Квартиры в ЖК Детали - это возможность быть ближе к природе, не теряя преимуществ крупного мегаполиса!
 
Транспортная доступность:
- Автобусная остановка в 15 метрах от дома
- Метро ""Филатов Луг"" - 15 минут на общественном транспорте
- Метро ""Десна"" - 10 минут (открытие 2027 г.)
- МКАД - 15 км
- 50 минут до центра Москвы

Локация:
Дом расположен в центре поселка Марьино, поселение Филимонковское Новой Москвы, в окружении открытых детских садов, школ и поликлиники. По соседству на 17 гектарах раскинулся лесной массив парка ""Марьино"" и протекает река ""Незнайка"". Это один из самых экологически благоприятных районов Москвы по данным рейтинга EcoStandart Group.

На территории ЖК девелопер реализует:
- Два собственных детских сада по 250 мест. Ввод в эксплуатацию планируется в 4-м квартале 2026 года, в 1-м квартале 2027 года
- В каждом лобби спроектированы общественный санузел, мягкая зона для комфортного ожидания курьера или такси, предусмотрены отдельные помещения для хранения колясок, велосипедов и самокатов, а также помещения для мойки лап собакам
- Для мам с колясками продуман безбарьерный вход
- Каждая секция ЖК - с панорамным остеклением, индивидуальным дизайном и приятным интерьером
- Подземный охраняемый паркинг, оснащенный системой считывания номеров, с доступом на лифте с любого этажа
- Наземный паркинг с зарядкой для электрокаров
- Безопасная закрытая территория комплекса с системой контроля и управления доступом
- Приватный двор с многоуровневым ландшафтным парком, детскими площадками, зонами для отдыха и арт-объектами
- Двор без машин - изюминка проекта. В жилом комплексе Детали вся территория будет под видеонаблюдением и охраной
 
Поселение Филимоновское это:
- Валуевский лесопарк
- Исторические памятники архитектуры
- Конные и теннисные клубы, горнолыжные склоны, реки и водоемы.
Здесь развита образовательная инфраструктура: школы, детские сады, спортивные и творческие секции. Безусловно, здесь также есть всё необходимое и для повседневной жизни.
 
Все условия для покупки:
- Рассрочка
- Семейная ипотека
- Материнский капитал
- Траншевая ипотека
- Военная ипотека
- Trade-In
- Индивидуальные скидки
 
Звоните и записывайтесь на просмотр!",,39.2,8.4,215.5
https://odintsovo.cian.ru/sale/flat/311472280/,https://images.cdn-cian.ru/images/kvartira-mikrorayon-klubnichnoe-2355296740-4.jpg,,"Московская область, Одинцово, м. Рассказовка, Микрорайон Клубничное Поле, 8",Транспортом,10000000.0,243902.0,1.0,9.0,25.0,41.0,"Продаётся стильная однокомнатная квартира в современном районе Московской области, Одинцово, микрорайон Клубничное Поле. Квартира расположена на 9 этаже 25-этажного монолитно-кирпичного дома, построенного в 2022 году. Высота потолков составляет 2.6 метра. До метро ""Рассказовка"", МЦД Одинцово можно добраться на автомобиле или общественном транспорте за 7-20 минут.

В квартире сделан дизайнерский ремонт. Просторная кухня площадью 9 кв. м позволяет комфортно готовить и принимать гостей. Санузел совмещён, что экономит пространство и добавляет удобства. Из окон открывается вид как на улицу, так и во двор, поэтому можно наслаждаться как городской жизнью, так и тишиной. Лоджия добавляет дополнительное пространство для отдыха или хранения. Вся мебель остаётся новому владелец!

Дом оборудован всем необходимым для комфортной жизни: есть три пассажирских и один грузовой лифт, пандус для удобства передвижения. Наземная парковка позволяет легко найти место для автомобиля. Дом в отличном состоянии, ведь он совсем новый.

Район предлагает всё необходимое для жизни: рядом есть школы, детские сады и магазины, поэтому все нужные учреждения находятся в шаговой доступности. Это делает квартиру идеальным выбором для семей и тех, кто ценит удобство и комфорт.

Продажа осуществляется без обременений. Все документы готовы к сделке, возможна ипотека, что облегчит процесс покупки. Юридическая чистота объекта гарантирована. Один взрослый собственник.

Звоните и записывайтесь на просмотр. Вы можете лично убедиться в преимуществах этой квартиры и выбрать её для своего будущего дома. Будем рады ответить на все ваши вопросы и помочь с выбором!",,41.0,10.0,243.9
https://www.cian.ru/sale/flat/309795385/,https://images.cdn-cian.ru/images/novostroyka-11ya-2320804237-4.jpg,ЖК «Город-парк Первый Московский»,"Москва, НАО (Новомосковский), м. Рассказовка, Московский г., Первый Московский мкр, Первый Московский ЖК, 11-я фаза, к4",Транспортом,11990000.0,222862.0,1.0,9.0,22.0,53.8,"Дом ввели в эксплуатацию 31 декабря. Ключи ждём уже в ближайшее время. 
1 комнатная квартира 53,8 м2 (евродвушка) на 9 этаже, без отделки. Отличное расположение дома в Московском, моментальный выезд на Киевское шоссе, вокруг дома лес, в двух шагах: школы, сады, ТЦ Столица, много различных кружков для детей в пешей доступности, гимнастика, танцы, боевые искусства, рядом с домом открывается большая школа искусств. Автобусы городские едут до любого метро каждые 2 мин, Метро Филатов луг в 5-10 мин езды, м. Саларьево и Рассказовка - 10-15 мин езды. Очень удобная планировка квартиры, на фото пример, как можно расположиться. 
Куплена за наличные, 1 собственник, юридически чистая, Переуступка!
Полная стоимость в договоре!",,53.8,12.0,222.9
https://www.cian.ru/sale/flat/307596768/,https://images.cdn-cian.ru/images/2275140898-4.jpg,ЖК «Переделкино Ближнее Город-парк»,"Москва, НАО (Новомосковский), м. Рассказовка, Переделкино Ближнее мкр, 18-й кв-л",Пешком,13386548.0,280640.0,1.0,2.0,17.0,47.7,"Продается однокомнатная квартира с отделкой в 18 фазе города-парка ""Переделкино Ближнее"". 
Общая площадь квартиры - 47,7 кв. м, этаж 2 из 17. 
Срок сдачи - 2 квартал 2027 года. 
Тип дома - монолитный. 
 
Новый корпус состоит из 12 секций c переменной этажностью 8-17 этажей: 
Все секции с отделкой White Box с возможностью повышения за дополнительную плату до дизайнерской отделки: Classic или Smart+ 
 
Город-парк ""Переделкино Ближнее"" расположен в 8 км от МКАД по Боровскому шоссе. 
 
ТРАНСПОРТНАЯ ДОСТУПНОСТЬ: 
 
- 10 минут пешком до МЦД-4 ""Мичуринец""
- 14 минут на машине до станции метро ""Филатов Луг"" Сокольнической линии
- 15 минут пешком до станции метро ""Рассказовка"" Солнцевской линии
- 30 минут до центра Москвы
- Прямой выезд на дорогу Солнцево-Бутово-Варшавское шоссе, минуя жилую застройку всего ЖК 
 
РАЗВИТАЯ СОЦИАЛЬНАЯ ИНФРАСТРУКТУРА: 
  
- 7 детских садов, 3 школы
- детская музыкальная школа имени Б.Л. Пастернака
- поликлиника для взрослых ГБУЗ ГП  212 ДЗМ филиал  70
- пожарная часть 66. Аварийно-спасательный отряд  6 ГКУ
- банки, продуктовые магазины, аптеки, фитнес центры, салоны красоты и пр 
 
БЛАГОУСТРОЙСТВО: 
 
- дворы без машин
- игровые зоны и развивающие детские площадки
- детские площадки разделены по возрастным группам
- зоны для пассивного отдыха 
- зоны для занятий спорта 
 
ОСОБЕННОСТИ АРХИТЕКТУРЫ: 
 
- переменная этажность открывает видовые характеристики на реку Алешинка и на лесопарковую зону
- увеличенное остекление в квартирах
- высокие потолки от 3,03 м.
- безбарьерные входные группы 
- колясочные в каждой входной группе
- кладовые помещения расположены на -1 этаже каждой секции и на 2-17 жилых этажах в секции 11
- коммерческие помещения на 1 этаже в 11 и 12 секциях
- в секциях 2-4, 6-7, 11-12 по 2 лифта: 1 пассажирский, 1 грузовой
- в секциях 1, 5, 8-10: 1 грузовой лифт
- мусоропроводы в домах не предусмотрены, запроектированы специальные зона для сбора мусора
- на фасаде предусмотрены корзины для установки кондиционеров.
- видеонаблюдение установленное в холлах первых этажей, у подъездов и прилегающей территории 
 
АВТОРСКИЙ ДИЗАЙН:  
 
Входные группы выполнены по авторскому дизайну, оснащены системой ""тёплый пол"". В каждой входной группе будет располагаться комфортабельная зона ожидания, почтовые ящики, колясочная, акцентные пуфы и столик.",,47.7,13.4,280.6
https://www.cian.ru/sale/flat/305807998/,https://images.cdn-cian.ru/images/novostroyka-pervyy-moskovskiy-2240378188-4.jpg,ЖК «Город-парк Первый Московский»,"Москва, НАО (Новомосковский), м. Рассказовка, Московский г., улица Никитина, 11к4",Транспортом,10500000.0,271318.0,1.0,4.0,17.0,38.7,"Город-парк Первый Московский. Экологически чистый район Москвы. Тихо, зелено, большая парковая зона, река. Развитая инфраструктура: бесперебойное динамичное транспортное сообщение со ст. метро Филатов Луг (в пути 5 мин.); множество магазинов, предприятий быта, учреждений здравоохранения и образования. Новая застройка. Благоустроенная придомовая территория: детские и спортивные площадки, зоны отдыха и релакса. Дом переменной этажности (25-17 этажей). Красивая входная группа, удобные просторные лифты. Подземный паркинг. Квартира свободной планировки. Окна в тихий, зеленый двор. 2 стояка. На площадке 4 квартиры. 3 лифта (2 грузопассажирских, 1 грузовой). 1 взрослый собственник. Свободная продажа. В собственности менее 5-ти лет.",,38.7,10.5,271.3
https://www.cian.ru/sale/flat/307507324/,https://images.cdn-cian.ru/images/novostroyka-vnukovskoe-andreya-tarkovskogo-bulvar-2272693273-4.jpg,ЖК «Рассказово»,"Москва, НАО (Новомосковский), м. Рассказовка, Внуковское поселение, бульвар Андрея Тарковского, 10",Транспортом,10000000.0,301205.0,1.0,4.0,24.0,33.2,"жк рассказовка, номер строительной позиции  15, дом введен в эксплуатацию!
акт приема передачи еще не подписан поэтому возможна продажа по договору уступки прав требований. Любая форма оплаты",,33.2,10.0,301.2
https://www.cian.ru/sale/flat/309186466/,https://images.cdn-cian.ru/images/2350302847-4.jpg,ЖК «Новое Внуково»,"Москва, НАО (Новомосковский), м. Рассказовка, № 37 кв-л, Новое Внуково ЖК, к31",Транспортом,10163716.0,248319.0,1.0,2.0,9.0,40.93,"Ипотека 5,9% на два года. Продается 1-комн. квартира. Квартира расположена на 2 этаже 9 этажного монолитно-кирпичного дома (Корпус 31, Секция 1) в ЖК ""Новое Внуково"" от группы ""Самолет"". 

""Новое Внуково"" — это жилой комплекс в Новой Москве, у подножия берега реки Незнайка. Поблизости — живописные места для прогулок: народный парк ""Ручеек"", усадьба Старо-Никольское, Валуевский и Ульяновский лесопарки.
Часть домов сдана и внутри района уже открыт детсад с бассейном, а в ближайшее время откроются еще 3 детсада, 2 школы и поликлиника.
На территории проекта будет построен первый в России Центр Российской Федерации Баскетбола, где будут площадки с трибунами, тренажерный зал, кафе и конференц-зал.
Дворы-парки закрыты от машин и посторонних. На территории — прогулочный маршрут вдоль реки Незнайка и набережная с шезлонгами и качелями для отдыха. Также здесь появится плейхаб ""Незнайка на Луне"", площадь для мероприятий с сухим фонтаном, летним кинотеатром и кафе.
В жилом комплексе — монолитные дома высотой от 6 до 14 этажей. Фасады облицованы кирпичом природных оттенков.
 
Цена динамическая и может отличаться, уточняйте актуальность у застройщика.",,40.9,10.2,248.3
https://www.cian.ru/sale/flat/311524069/,https://images.cdn-cian.ru/images/2356393981-4.jpg,ЖК «Город-парк Первый Московский»,"Москва, НАО (Новомосковский), м. Рассказовка, Московский г., улица Никитина, 11к5",Транспортом,11100000.0,277500.0,1.0,5.0,25.0,40.0,"Номер в базе: 4301216. Продается просторная, светлая 1-к. квартира общей площадью 40 кв.м.! 
 
О ДОМЕ И КВАРТИРЕ: 
    Монолитный новый дом с ж/б перекрытиями 2021 года постройки. Хорошие и чистые входные группы. Есть система видеонаблюдения.  Высота потолков 3 м. Квартира в черновой отделке позволит сделать все что вам необходимо.

ОКРУЖЕНИЕ: 
    Дом расположен  Новомосковском административном округе,   это район современной сложившейся застройки, расположенный в экологически благоприятной части Москвы. В пешей доступности - образовательные учреждения разных уровней-школы, дет. сады, фитнес-клуб, аптеки, салоны красоты, предприятия сферы питания и прочее.   
 
ТРАНСПОРТНАЯ ДОСТУПНОСТЬ: 
* Возле дома есть автобусные остановки, с которых можно добраться до различных веток метро.

ДОКУМЕНТЫ: 1 собственник, приобретали за наличный расчет, нет обременений, нет прописанных, мат. кап не использовали, свободная продажа,  БЫСТРЫЙ ВЫХОД НА СДЕЛКУ!

   Приобретая через агентство ""Этажи"", вы получаете юридическую чистоту сделки, помощь с ипотекой от 30 банков-партнеров, финансовую гарантию и экономию на страховых взносах. Звоните, отвечу на все вопросы и помогу с выбором!
Код пользователя: 109863",,40.0,11.1,277.5
https://www.cian.ru/sale/flat/303817164/,https://images.cdn-cian.ru/images/kvartira-moskovskiy-solnechnaya-ulica-2212589407-4.jpg,ЖК «Град Московский»,"Москва, НАО (Новомосковский), м. Рассказовка, Московский г., улица Солнечная, 7",Транспортом,9200000.0,243386.0,1.0,17.0,17.0,37.8,"Представляем Вашему вниманию уютную, однокомнатную квартиру, с шикарным панорамным видом, где Вам будут открываться прекрасные закаты.
В доме присутствует консьерж который следит за порядком и проводит уборку во всем подъезде. 
Дом оборудован грузовым и обычным лифтом . В квартиру проведен высокоскоростной интернет . При наличии ТС всегда можно найти бесплатную парковку не далеко от дома 

Имеется развитая инфраструктура, 2 детских сада и школы рядом с домом, несколько продуктовых и круглосуточных магазинов и аптек.

В  доступности находится метро филатов луг, тропа проходит мимо большого парка ""Филатов луг"" и на самокате занимает около 10 минут, но так же по маршруту от дома курсирует несколько автобусов как до метро Филатов луг, так и до Саларьево

У квартиры один собственник, свободная продажа.

С удовольствием покажем Ваш будущий дом в любой день и время!",,37.8,9.2,243.4
https://www.cian.ru/sale/flat/310538159/,https://images.cdn-cian.ru/images/2350164764-4.jpg,ЖК «Новое Внуково»,"Москва, НАО (Новомосковский), м. Рассказовка, № 37 кв-л, Новое Внуково ЖК, к27",Транспортом,10419031.0,213461.0,1.0,8.0,8.0,48.81,"Ипотека 5,9% на два года. Продается 1-комн. квартира. Квартира расположена на 8 этаже 8 этажного монолитного дома (Корпус 27, Секция 1) в ЖК ""Новое Внуково"" от группы ""Самолет"". 

""Новое Внуково"" — это жилой комплекс в Новой Москве, у подножия берега реки Незнайка. Поблизости — живописные места для прогулок: народный парк ""Ручеек"", усадьба Старо-Никольское, Валуевский и Ульяновский лесопарки.
Часть домов сдана и внутри района уже открыт детсад с бассейном, а в ближайшее время откроются еще 3 детсада, 2 школы и поликлиника.
На территории проекта будет построен первый в России Центр Российской Федерации Баскетбола, где будут площадки с трибунами, тренажерный зал, кафе и конференц-зал.
Дворы-парки закрыты от машин и посторонних. На территории — прогулочный маршрут вдоль реки Незнайка и набережная с шезлонгами и качелями для отдыха. Также здесь появится плейхаб ""Незнайка на Луне"", площадь для мероприятий с сухим фонтаном, летним кинотеатром и кафе.
В жилом комплексе — монолитные дома высотой от 6 до 14 этажей. Фасады облицованы кирпичом природных оттенков.
 
Цена динамическая и может отличаться, уточняйте актуальность у застройщика.",,48.8,10.4,213.5
https://odintsovo.cian.ru/sale/flat/310715498/,https://images.cdn-cian.ru/images/2338935750-4.jpg,ЖК «Гусарская баллада»,"Московская область, м. Рассказовка, Одинцовский городской округ, пос. ВНИИССОК, улица Михаила Кутузова, 15",Транспортом,7999999.0,179775.0,1.0,15.0,17.0,44.5,"Id 378502. Выгодное предложение! Хорошая цена и удачное расположение делают эту квартиру уникальной!

Успейте купить однокомнатную квартиру в ЖК ""Гусарская Баллада"". Распашонка , общей площадью 44.5 м2 плюс большой балкон.
Светлая , уютная , теплая квартира со всем необходимым для жизни ,ждет своего покупателя!
Просторная кухня со всеми необходимыми удобствами для реализации кулинарных идей!
Продается с мебелью и техникой. Окна выходят на улицу и во двор!
Всегда есть парковочные места возле дома!

Прекрасно развитая инфраструктура: игровые и спортивные площадки, детский сад(напротив дома), школа, аптеки, салоны красоты, стоматология, различные продуктовые магазины, МФЦ, Wildberries, фитнес-центр с бассейном и многое другое.
В 10 минутах езды ""Леруа Мерлен"", ""Глобус"".

Удобная транспортная доступность: в 5-ти минутах от дома автобусная остановка, маршрутки и автобусы до МЦД-1 ""Одинцово"" (10 минут езды). Маршрутка до метро ""Молодежная"" едет 20 минут по платной дороге.
Выезд по трем основным трассам Можайское и Минское шоссе, а так же по платной трассе ""Северный обход"" Одинцово, в объезд 10-15 минут до МКАДа.
Жилой комплекс огорожен, есть охрана.

Полная стоимость в ДКП, без обременений, быстрый выход на сделку! Звоните отвечу на все интересующие вопросы!",,44.5,8.0,179.8
https://odintsovo.cian.ru/sale/flat/284433367/,https://images.cdn-cian.ru/images/09/837/061/kvartira-vniissok-mihaila-kutuzova-ulica-1607389041-4.jpg,ЖК «Гусарская баллада»,"Московская область, м. Рассказовка, Одинцовский городской округ, пос. ВНИИССОК, улица Михаила Кутузова, 15",Транспортом,6500000.0,151163.0,1.0,17.0,17.0,43.0,"Объект актуален.
1-комн. Кв.-ра,43м(гостин.-18м., кухня-12м., застекленная лоджия-около4м., потолок-2,9м.) в ж/к Гусарская Баллада в кирпично-монолитном доме, покупалась напрямую у застройщика (более 5лет в собственности, один хозяин) В кв.-ре никто не жил, Без Отделки От Застройщика, все коммуникации подведены, прямая продажа. Удачное расположение кв.-ры на южную сторону, окна во двор с видом на фонтан, детскую площадку и дет. Сад, светло и тихо. Рядом с домом наземные и подземные парковки, фитнес -центр с бассейном, много сетев. Магазинов. Закрытая, охраняемая территория. В пешей доступности-( не более 10мин)-стан. Пионерская (Мцд-1) до м. Кунцевская, Фили-(20мин.), до м. Белорусская-(40мин.). Собственник. (Ярослав). Рассмотрю разные варианты обмена вашей недвижимости на мою. (можно жилой дом в Подмосковье, Сочи, Крым, другие регионы РФ, и. Т. Д.).",,43.0,6.5,151.2
https://aprelevka.cian.ru/sale/flat/301789368/,https://images.cdn-cian.ru/images/2361800448-4.jpg,ЖК «Парк Апрель»,"Московская область, Наро-Фоминский городской округ, Апрелевка, м. Рассказовка, Парк Апрель ЖК",Транспортом,12565770.0,185500.0,1.0,1.0,4.0,67.74,"Корпус сдан! Прямая продажа от застройщика! Загородный жилой комплекс класса Комфорт Плюс.
Продаётся 1-к квартира номер 6 в сданном корпусе общей площадью 67.74 кв.м. на 1-м этаже 4 этажного дома.

Особенности:
- Квартира доступна к покупке в Trade-In.
- Распашная
- Окна в пол
- Евроформат
- Кухня-гостиная
- МЦД-4 в 10-ти минутах
- Квартиры с ключами
- Квартиры в готовом поселке
- Отличный вариант для проживания или инвестиций. Поселок готов к проживанию. Посмотрите вживую!
- Закрытый поселок в окружении леса
- Детский сад и школа на территории
- Закрытая территория
- Въезд и выезд только через КПП
- Круглосуточная охрана и видеонаблюдение
- Реки и леса в пешей доступности

Расположение комплекса: 
Уникальный жилой комплекс, расположенный в 20 минутах от Москвы по Киевскому шоссе и окруженный первозданным лесом. В Парк Апрель легко наслаждаться жизнью на природе, не отказываясь от привычного уровня комфорта. Это возможно, благодаря уникальному сочетанию преимуществ комплекса. ЖК, окруженный с трех сторон лесом - подарит вам возможность дышать полной грудью и наслаждаться прекрасными видами, а развитая инфраструктура, транспортная доступность и высокий уровень безопасности принесут спокойствие и безмятежность.

Транспортная доступность:
МКАД в 20 минутах по Киевскому шоссе по современной скоростной трассе. Автобусная остановка в 200-х метрах от дома. 9 маршрутов наземного транспорта, автобусы до станций метро Юго-Западная, Саларьево, Румянцево, Тропарево. 25 минут на МЦД D4 до Киевского вокзала.

Внутренняя инфраструктура:
Развитая инфраструктура жилого комплекса, включает муниципальную школу, детский сад, торговый центр и другие объекты. Расположение домов тщательно продумано, так что из окон открываются красивые виды на тихие дворики и окружающий лес, а всего за 10 минут на личном или общественном транспорте вы доедете до любой из двадцати школ, поликлиники или современного дворца спорта. Разумеется, в Апрелевке найдутся также торговые комплексы, фитнес-центры и многое другое. 

Для кровли используется черепица, имеющая отличные тепло- и шумоизоляционные характеристики. Благодаря стенам из керамических на протяжении всего года в доме будет здоровый микроклимат, а облицовка бельгийский кирпичом придает особое очарование фасадам.
Вы сможете создать уникальный формат жилья, который подойдет именно вам. Просторная кухня - гостиная, отдельный кабинет для работы, мастер-спальня с гардеробной и ванной - квартира со свободной планировкой позволяет воплотить в жизнь все ваши идеи
С трех сторон Парк Апрель окружен лесом и малоэтажной частной застройкой, поблизости отсутствуют вредные производства. В пешей доступности находятся две реки и лесной массив, откуда удачная роза ветров приносит свежий воздух
Жителям Парк Апрель доступна развитая инфраструктура Апрелевки: два десятка образовательных учреждений, спортивная школа, современный дворец спорта, поликлиники, фитнес-центры, магазины и торговые комплексы. Все объекты расположены не более, чем в 10 минутах",,67.7,12.6,185.5
https://www.cian.ru/sale/flat/312176007/,https://images.cdn-cian.ru/images/kvartira-filatov-lug-kartmazovskie-prudy-ulica-2370417588-4.jpg,ЖК «Филатов луг»,"Москва, НАО (Новомосковский), м. Рассказовка, Филатов Луг ЖК, улица Картмазовские Пруды, 2к1",Транспортом,12500000.0,357143.0,1.0,16.0,22.0,35.0,"Лучшее  предложение в ЖК! Предлагается  к продаже  видовая  квартира  в новом ЖК ""Филатов луг"". Комплекс  удобно расположен! 1 остановка  на общественном транспорте от метро Саларьево, рядом с которым расположен  ТЦ Саларис.  Панорамный  вид на лес и на комплекс.  В комплексе  уже открыто много магазинов, кафе и действует детский  сад.  Огромная  парковка перед комплексом! Всегда есть машино-места.  Удобная доступность до аэропорта  Внуково и  Внуково Аутлетт Вилладж. 
В квартире сделан  дизайнерский  ремонт  с  использованием качественных материалов!  не путать с ремонтом от застройщика.  Выровнены стены  и потолки, керамогранит, система  аквастоп,  подогрева  воды,  отделана лоджия. Выведено освящение на лоджию.  В подарок  покупателю остаются  дизайнерские люстры!  Собственность более 5 лет, два  взрослых собственника, покупали по ДДУ у застройщика. Полная  стоимость в договоре!   Оперативный  показ!",,35.0,12.5,357.1
https://www.cian.ru/sale/flat/311740077/,https://images.cdn-cian.ru/images/kvartira-moskovskiy-bianki-ulica-2360985549-4.jpg,ЖК «Город-парк Первый Московский»,"Москва, НАО (Новомосковский), м. Рассказовка, Московский г., улица Бианки, 2к2",Транспортом,11900000.0,268018.0,1.0,12.0,25.0,44.4,"Агент! Продается элегантная, светлая однокомнатная квартира 44,4 кв.м с дизайнерским ремонтом, в современном жилом комплексе Град Московский, расположенном в Новой Москве.
Квартира расположена в зеленом районе в окружении парков Филатов луг, Валуевский. Удобная транспортная развязка, быстрый выезд на Киевское шоссе. До станции метро Филатов Луг и метро Рассказовка 7-10 минут на общественном транспорте.

В квартире произведен капитальный ремонт. Полная замена всех коммуникаций: электрика, сантехника, установлен проточный нагреватель. Выполнена стяжка пола. Установлены пластиковые окна во всей квартире и лоджии, радиаторы отопления и трубы спрятаны в короба. Качественный ламинат. Установлена современная кухня и техника, которая остаётся будущему владельцу. В комнате установлен кондиционер.
Застекленная и утепленная лоджия 4,8 кв.м добавляет дополнительное пространство для отдыха или работы. Уютная кухня-гостиная площадью 11 кв. м полностью оборудована современным кухонным гарнитуром и всей необходимой бытовой техникой.

Удобное расположение: сетевые магазины, пункты выдачи интернет заказов, аптеки, банки, фитнес клубы и торговые центры! В 3 минутах ходьбы новый ТЦ Столица, 3 общеобразовательные школы и 3 детских сада.

Дом 2015 года постройки, 2 грузовых и 1 пассажирский лифт, окна выходят во двор со множеством детской и спортивной инфраструктуры.  Квартира светлая, расположена на солнечной стороне. В доме круглосуточный консьерж, по периметру дома и в доме установлены видео камеры. 
 
Свободная продажа. Один взрослый собственник. Полная стоимость в договоре. Без прописанных, без обременений. В собственности более 7 лет. Документы основания ДКП.
 Подходит под ипотеку! Показы в удобное время - звоните!",,44.4,11.9,268.0
https://aprelevka.cian.ru/sale/flat/301789366/,https://images.cdn-cian.ru/images/2361622337-4.jpg,ЖК «Парк Апрель»,"Московская область, Наро-Фоминский городской округ, Апрелевка, м. Рассказовка, Парк Апрель ЖК",Транспортом,10512285.0,185500.0,1.0,1.0,4.0,56.67,"Корпус сдан! Прямая продажа от застройщика! Загородный жилой комплекс класса Комфорт Плюс.
Продаётся 1-к квартира номер 2 в сданном корпусе общей площадью 56.67 кв.м. на 1-м этаже 4 этажного дома.

Особенности:
- Квартира доступна к покупке в Trade-In.
- Распашная
- Окна в пол
- Евроформат
- Кухня-гостиная
- МЦД-4 в 10-ти минутах
- Квартиры с ключами
- Квартиры в готовом поселке
- Отличный вариант для проживания или инвестиций. Поселок готов к проживанию. Посмотрите вживую!
- Закрытый поселок в окружении леса
- Детский сад и школа на территории
- Закрытая территория
- Въезд и выезд только через КПП
- Круглосуточная охрана и видеонаблюдение
- Реки и леса в пешей доступности

Расположение комплекса: 
Уникальный жилой комплекс, расположенный в 20 минутах от Москвы по Киевскому шоссе и окруженный первозданным лесом. В Парк Апрель легко наслаждаться жизнью на природе, не отказываясь от привычного уровня комфорта. Это возможно, благодаря уникальному сочетанию преимуществ комплекса. ЖК, окруженный с трех сторон лесом - подарит вам возможность дышать полной грудью и наслаждаться прекрасными видами, а развитая инфраструктура, транспортная доступность и высокий уровень безопасности принесут спокойствие и безмятежность.

Транспортная доступность:
МКАД в 20 минутах по Киевскому шоссе по современной скоростной трассе. Автобусная остановка в 200-х метрах от дома. 9 маршрутов наземного транспорта, автобусы до станций метро Юго-Западная, Саларьево, Румянцево, Тропарево. 25 минут на МЦД D4 до Киевского вокзала.

Внутренняя инфраструктура:
Развитая инфраструктура жилого комплекса, включает муниципальную школу, детский сад, торговый центр и другие объекты. Расположение домов тщательно продумано, так что из окон открываются красивые виды на тихие дворики и окружающий лес, а всего за 10 минут на личном или общественном транспорте вы доедете до любой из двадцати школ, поликлиники или современного дворца спорта. Разумеется, в Апрелевке найдутся также торговые комплексы, фитнес-центры и многое другое. 

Для кровли используется черепица, имеющая отличные тепло- и шумоизоляционные характеристики. Благодаря стенам из керамических на протяжении всего года в доме будет здоровый микроклимат, а облицовка бельгийский кирпичом придает особое очарование фасадам.
Вы сможете создать уникальный формат жилья, который подойдет именно вам. Просторная кухня - гостиная, отдельный кабинет для работы, мастер-спальня с гардеробной и ванной - квартира со свободной планировкой позволяет воплотить в жизнь все ваши идеи
С трех сторон Парк Апрель окружен лесом и малоэтажной частной застройкой, поблизости отсутствуют вредные производства. В пешей доступности находятся две реки и лесной массив, откуда удачная роза ветров приносит свежий воздух
Жителям Парк Апрель доступна развитая инфраструктура Апрелевки: два десятка образовательных учреждений, спортивная школа, современный дворец спорта, поликлиники, фитнес-центры, магазины и торговые комплексы. Все объекты расположены не более, чем в 10 минутах",,56.7,10.5,185.5
https://odintsovo.cian.ru/sale/flat/312064214/,https://images.cdn-cian.ru/images/2367959150-4.jpg,,"Московская область, Одинцово, мкр. 2-й, м. Рассказовка, Северная улица, 4",Транспортом,8900000.0,214458.0,1.0,8.0,22.0,41.5,"Арт. 76879465. Продаю 1-комнатную квартиру в ЖК ""Одинбуpг"", г. Одинцово, ул. Сeвeрнaя, ЖК 1, ЛУЧ-4, секция -4, на 8/22 кирпично-монолитного дома. Общая площадь 41,49 кв.м., комната 15 кв.м., кухня 12 кв.м., застекленная лоджия из кухни, с/у совмещенный, большая прихожая. Имеется подзeмнaя и нaдзeмная пapкoвка.

Квартира сдается в 2025 году во 2 квартале.

Pазвитaя инфpacтpуктура: детский caд, шкoлы, мaгазины Лента, Магнит, ВкусBилл, Фaсoль, аптeки, Пекарня, Пиццерия, Стоматология, Салон красоты, Медицинский центр. Рядом поликлиника, больница. В пешей доступности лесопарковая зона, спортивный парк отдыха им. Лазутиной.

Отличная транспортная доступность. До станции ""Одинцово"" (МЦД-1) ходят маршрутки (10 минут езды). Остановка рядом с домом. Рядом платная скоростная трасса: северный объезд Одинцово, (до цeнтрa Moсквы 30 мин)

Один взрослый собственник. Квартира подходит под ипотеку. Оперативный показ.",,41.5,8.9,214.5
https://www.cian.ru/sale/flat/309727904/,https://images.cdn-cian.ru/images/kvartira-vnukovskoe-andreya-tarkovskogo-bulvar-2319603456-4.jpg,ЖК «Рассказово»,"Москва, НАО (Новомосковский), м. Рассказовка, Внуковское поселение, бульвар Андрея Тарковского, 8",Пешком,13500000.0,310345.0,1.0,1.0,9.0,43.5,"(Прошу пocредников не беспокоитcя, еcть свой юpиcт). Продается кваpтирa в лучшeм жилoм oxpаняемом кoмплeксe кoмфopт клacca ""Расcкaзовo"" в новoй Москвы. 2 KПП (въезд/вxод пo пропускaм), кoнсьеpж-службa, двop без мaшин.
Oбщ.площадь квартиры - 43.5кв.м, комнaта -20.4 кв.м, куxня - 13.2 кв.м.(холодильник Bosch, встраиваемая посудомоечная машина Еlесtrоluх,  индукционная варочная панель). Бoльшая лoджия прямоугольной формы, теплые полы. Квартира располагается на высоком 1-м этаже дома. Окна квaртиpы выходят нa лес. 

На территории комплекса предусмотрены:
-водоем для отдыха, который летом позволяет организовать полноценный пляжный отдых, а зимой превращается в каток под открытым небом;
-спортивные и детские площадки;
-беговые и велодорожки;
-супермаркет, магазинчики, уютные кафе, аптеки, пункты выдачи Оzоn и Wildbеrriеs;
-3 детских сада, школа сдается в 2025г.,

Всё под рукой и в пешей доступности, отлично развито транспортное сообщение:
-м.Рассказовка - 2 минуты на автобусе, 10 минут пешком;
-Боровское ш. и Киевское ш. - 8 км от МКАД;
-Ульяновский и Боровский лесопарк;
-аэропорт Внуково в 4,4 км (2 станции метро от м.Рассказовка);
-рядом находится Vnukоvо Оutlеt Villаgе.

 Один взрослый собственник.",,43.5,13.5,310.3
https://www.cian.ru/sale/flat/304976358/,https://images.cdn-cian.ru/images/2224269069-4.jpg,ЖК «Рассказово»,"Москва, НАО (Новомосковский), м. Рассказовка, Внуковское поселение, бульвар Андрея Тарковского, 10",Транспортом,11085600.0,298000.0,1.0,22.0,22.0,37.2,"Продается 1-комнатная квартира в ЖК Рассказово на 22 этаже. Общая площадь квартиры составляет 37,2 кв.м. Квартира без отделки. Срок сдачи -- 2024 год.

Уникальность комплекса в его архитектуре  все дома построены в стиле Москвы 30-х годов, создавая неповторимое ощущение присутствия романтики того времени.

Роскошные входные группы, отделанные мрамором, с высотой потолков 4,5 м, белыми лепными карнизами и стойкой ресепшн с авторской отделкой создают атмосферу уюта, полностью отражая дух и воплощение уникальной архитектурной концепции 30-40 годов, являясь ее логическим продолжением.

Преимущество локации заключается в благоприятной экологической обстановке  с трех сторон комплекс окружен Ульяновским лесопарком и отсутствием промышленных предприятий, обеспечивая жителей чистым воздухом. До ближайшей станции метро ""Рассказовка"" всего 850 метров, а до центра можно доехать за 30 минут.

Проект предполагает комплексное освоение территории, создание комфортной жилой застройки с развитой качественной инфраструктурой:
- большое количество парковочных мест  предусмотрены как закрытые подземные паркинги, так и крытые наземные парковки с дополнительно выделенными открытыми парковочными местами возле домов;
- круглосуточно охраняемая территория, закрытая от посторонних  для безопасности каждого жителя;
- двор-парк без машин, где можно не переживать за играющих детей;
- социальные объекты: своя поликлиника, детские сады и школы;
- здоровая среда: воркаут - площадки, обустроенные места для занятий спортом на свежем воздухе, живописные места для утренних пробежек, велосипедные маршруты любой сложности;
- благоустроенная набережная лесного озера для тихих прогулок или семейного отдыха;
- коммерческие объекты  действующие магазины, кафе и салоны красоты.

Узнайте больше о комплексе  приезжайте на просмотр, записавшись по телефону. Менеджер вас встретит, угостит вкусным кофе, проведет по территории и покажет квартиру.",,37.2,11.1,298.0
https://www.cian.ru/sale/flat/311773258/,,ЖК «Переделкино Ближнее Город-парк»,"Москва, НАО (Новомосковский), м. Рассказовка, Внуковское поселение, улица Анны Ахматовой, 16",Пешком,12500000.0,284091.0,1.0,13.0,22.0,44.0,"Продам просторную однокомнатную квартиру в 3-х минутах ходьбы от метро Рассказовка, по ул. Анны Ахматовой, д. 16. Квартира в черновой отделке от застройщика. Ухоженный двор с детской и хоккейной площадками. Рядом школа, детский сад.
В собственности более 5-ти лет. Документы готовы к продаже.
Сниженная ипотечная ставка для клиентов от банков-партнеров ""Азбуки Жилья"". Обмен вашей квартиры или другой недвижимости. Звоните.",,44.0,12.5,284.1
https://www.cian.ru/sale/flat/311661757/,https://images.cdn-cian.ru/images/2359418050-4.jpg,ЖК «Городские истории (Рассказовка)»,"Москва, НАО (Новомосковский), м. Рассказовка, Внуковское поселение, улица Анны Ахматовой, 11к3",Пешком,10800000.0,281984.0,1.0,5.0,22.0,38.3,"Арт. 90127476 Предлагаем вашему вниманию полноценную однокомнатную квартиру в 2 минутах от метро Рассказовка в ЖК Городские истории. Прописка Москва.

О КВАРТИРЕ

Квартира расположена на комфортном 4-м этаже.
В квартире сделана предчистовая отделка (white box): уже проведена электрика, залита стяжка пола, сделана гидроизоляция в санузле, стены отштукатурены, смонтировано отопление.
Увеличенные окна с видом на северо-запад, на улицу Анны Ахматовой, в сторону новой школы.

Общая площадь квартиры - 38,3 кв. м. 
- Кухня-гостиная: 10,02 кв. м.
- Спальня: 16,3 кв. м.

Один собственник, переуступка от физического лица, быстрый выход на сделку.

ЖИЛОЙ КОМПЛЕКС И ИНФРАСТРУКТУРА

Городские истории  это жилой комплекс комфорт-класса, расположен в Новомосковском административном округе города Москвы. Включает в себя 7 домов высотой в 19-23 этажа.

В ЖК есть детский сад на 225 мест. 

Внутренние дворы комплекса закрыты от машин. На придомовой территории находятся детские и спортивные площадки, пешеходные дорожки и места для отдыха.  Видеонаблюдение по всей территории.

На первых этажах предусмотрены коммерческие помещения. Для владельцев автомобилей спроектирован наземный паркинг.

Рядом с ЖК находятся детские сады, школы, поликлиники, аптеки, магазины и развлекательные центры. 
В пешей доступности расположены Ульяновский лесопарк, парк Рассказовка и Мичуринский пруд. 

ТРАНСПОРТНАЯ ДОСТУПНОСТЬ

До метро Рассказовка всего 2 минуты пешком.
Удобный выезд на Боровское шоссе.
Выезд на МКАД — в 15 минутах транспортом.

Не упустите возможность стать владельцем этой замечательной квартиры!

Звоните!",,38.3,10.8,282.0
https://www.cian.ru/sale/flat/310283344/,https://images.cdn-cian.ru/images/2350160360-4.jpg,ЖК «Новое Внуково»,"Москва, НАО (Новомосковский), м. Рассказовка, № 37 кв-л, Новое Внуково ЖК, к29",Транспортом,8945864.0,241519.0,1.0,4.0,5.0,37.04,"Ипотека 5,9% на два года. Продается 1-комн. квартира. Квартира расположена на 4 этаже 5 этажного монолитного дома (Корпус 29, Секция 1) в ЖК ""Новое Внуково"" от группы ""Самолет"". 

""Новое Внуково"" — это жилой комплекс в Новой Москве, у подножия берега реки Незнайка. Поблизости — живописные места для прогулок: народный парк ""Ручеек"", усадьба Старо-Никольское, Валуевский и Ульяновский лесопарки.
Часть домов сдана и внутри района уже открыт детсад с бассейном, а в ближайшее время откроются еще 3 детсада, 2 школы и поликлиника.
На территории проекта будет построен первый в России Центр Российской Федерации Баскетбола, где будут площадки с трибунами, тренажерный зал, кафе и конференц-зал.
Дворы-парки закрыты от машин и посторонних. На территории — прогулочный маршрут вдоль реки Незнайка и набережная с шезлонгами и качелями для отдыха. Также здесь появится плейхаб ""Незнайка на Луне"", площадь для мероприятий с сухим фонтаном, летним кинотеатром и кафе.
В жилом комплексе — монолитные дома высотой от 6 до 14 этажей. Фасады облицованы кирпичом природных оттенков.
 
Цена динамическая и может отличаться, уточняйте актуальность у застройщика.",,37.0,8.9,241.5
https://odintsovo.cian.ru/sale/flat/311535986/,https://images.cdn-cian.ru/images/kvartira-odincovo-severnaya-ulica-2356930804-4.jpg,ЖК «Одинбург»,"Московская область, Одинцово, м. Рассказовка, Северная улица, 5к2",Транспортом,9999999.0,188679.0,1.0,2.0,25.0,53.0,"Продается просторная однокомнатная квартира в новом монолитном доме 2020 года постройки. Общая площадь составляет 53 кв. м, из которых 20 кв. м  это жилая зона, и 15 кв. м  кухня. Квартира расположена на 2 этаже 25-этажного здания, что идеально подходит для тех, кто предпочитает жить в современном доме, но не слишком высоко. Потолки высотой 2.8 метра создают ощущение простора и свободы.

Квартира без ремонта, что предоставляет вам уникальную возможность обустроить пространство по своему вкусу и воплотить все дизайнерские идеи. Из окон открывается вид во двор, поэтому в квартире тихо и уютно. Санузел совмещенный, что удобно для оптимального использования пространства. Удобная лоджия станет отличным местом для отдыха или хранения.

Дом оборудован всеми необходимыми удобствами: здесь есть наземная парковка для вашего автомобиля. Для удобства жителей в доме работают 1 пассажирский и 3 грузовых лифта. Жилой комплекс расположен в районе с развитой инфраструктурой, где вы найдете все необходимое для комфортной жизни.

В шаговой доступности находятся школы, детские сады и клиники, что особенно важно для семей с детьми. Магазины и другие объекты инфраструктуры также расположены близко, поэтому покупки и решение повседневных задач не займут много времени. До МЦД-1 Одинцово можно добраться на транспорте за 10 минут, что удобно для поездок в центр Москвы.


Продажа квартиры осуществляется без обременений, все документы готовы к сделке. Возможна покупка в ипотеку. Подробности можно уточнить при личной встрече или по телефону. 

Приглашаем вас на просмотр, чтобы лично оценить все преимущества этой квартиры. Записывайтесь на удобное для вас время и станьте на шаг ближе к вашей мечте о комфортном жилье!",,53.0,10.0,188.7
https://www.cian.ru/sale/flat/312254494/,https://images.cdn-cian.ru/images/2371965763-4.jpg,ЖК «Город-парк Первый Московский»,"Москва, НАО (Новомосковский), м. Рассказовка, Московский г., улица Никитина, 6",Транспортом,10500000.0,256098.0,1.0,9.0,17.0,41.0,"ОН 22455. Продается 1-комнатная квартира с развитой инфраструктурой:парк-Филатов луг, где имеются зоны для отдыха, велодорожка, пешеходная дорожка, спортивные площадки и т.д.. поликлиника, торговые центры, магазины, в пешей доступности от дома находятся Немчиновский лицей, детский сад и школа. Удобная транспортная доступность: 1 км. от МКАД; выезды на Киевское и Калужское шоссе, общественным транспортом до метро 15 минут, МЦД ""Сколково"". Квартира юр.и физ. свободна, один собственник.",,41.0,10.5,256.1
https://www.cian.ru/sale/flat/312156041/,https://images.cdn-cian.ru/images/2369958254-4.jpg,ЖК «Середневский лес»,"Москва, НАО (Новомосковский), м. Рассказовка, Середневский Лес ЖК, к4.2",Транспортом,9640692.0,230308.0,1.0,6.0,9.0,41.86,"Продаётся 1-комн. квартира площадью 41,86 кв.м на 6 этаже 9 этажного дома (Корпус 4.2, Секция 3) проекта ПИК Середневский лес. Светлый просторный подъезд на уровне земли, функциональная планировка, большие окна, .
 
В 10 минутах на автомобиле находится станция метро ""Внуково"", а в 15 минутах — станции ""Филатов Луг"" и ""Саларьево"". От них до центра Москвы всего 3540 минут. На рейсовом автобусе от жилого квартала до метро ""Филатов Луг"" — 20 минут.
 
На территории ""Середневского леса"" появилось общественное пространство с игровыми площадками, местами для отдыха, пешеходными маршрутами и велопарковкой — для прогулок, отдыха и встреч жителей квартала. Также внутри жилого квартала уже открыта школа на 1100 мест и детский сад для 325 малышей. В дальнейшем откроется ещё один сад для 340 детей. Артикул 906953  (Застройщик ООО ""Специализированный застройщик Середнево"")",,41.9,9.6,230.3
https://www.cian.ru/sale/flat/311631269/,https://images.cdn-cian.ru/images/2358791643-4.jpg,,"Москва, ЗАО, р-н Внуково, м. Рассказовка, Интернациональная улица, 2",Транспортом,9500000.0,266106.0,1.0,5.0,17.0,35.7,"Номер лота: вт-0423161.
Предлагаю вашему вниманию 1-к. квартиру, единственную продающуюся в данном доме! 
На первом этаже дома сделан пандус для лиц с ограниченными возможностями.
Большой коридор, кухня. В комнатах постелен ламинат, санузел раздельный, что редко бывает в однокомнатных квартирах, в ванной комнате на стенах панели, на полу плитка. Окна выходят на тихий уютный двор.
Квартира очень светлая. На этаже расположено всего четыре квартиры, хорошие соседи.
В шаговой доступности находятся различные продуктовые магазины на любой вкус, хозяйственные магазины, пункты приема Озон, WB и др. До школы 3 минуты пешком, рядом со школой современный детский сад с бассейном, построен новый спортивный комплекс 'ПЕГАС' c бассейном и фитнес залом, с детскими секциями, вся необходимая инфраструктура, салоны красоты, детские развивающие центры. Рядом парк, с березовой рощей. Во дворе современная детская площадка, спортивная с инвентарем. Прекрасное транспортное сообщение - автобусы, маршрутки до остановки 3 минуты пешком, до ближайшего метро Пыхтино 2 остановки. 
Квартира без обременений и перепланировок, один взрослый собственник.
Подходит под ипотеку, содействие в ее получении с хорошими с скидками на процентную ставку. Помогу получить ипотеку по сниженным ставкам!
             Если хотите посмотреть нашу квартиру, звоните, мы оперативно ее покажем по согласованию времени.
 Отличный вариант для семейного проживания или для сдачи в наем!

 Содействие в получении специальных условий и преференций по ипотеке.",,35.7,9.5,266.1
https://www.cian.ru/sale/flat/311657875/,https://images.cdn-cian.ru/images/2359320457-4.jpg,,"Москва, ЗАО, р-н Ново-Переделкино, м. Рассказовка, Новоорловская улица, 8К1",Транспортом,10000000.0,257732.0,1.0,3.0,12.0,38.8,"Номер в базе: 3997739. О квартире:
Хороший теплый дом, приличные тихие соседи.
Хорошая цена на аренду. 2 оборудованных спальных места в квартире.
По сантехнике нареканий нет. В квартире новые пластиковые окна. Застекленный балкон.

О локации:
Всё необходимое для жизни в шаговой доступности. Почта, школы, сады, спортивные секции, парки, поликлиника.

Транспортная доступность: 
7 минут пешком до метро. Аэропорт Внуково 15 минут. 
Удобный выезд на С-Б-В. 

Мы предлагаем помощь в получении ипотеки по сниженной ставке, что сделает покупку квартиры еще более выгодной. Звоните прямо сейчас и запишитесь на просмотр  ваша новая жизнь начинается здесь!
Код пользователя: 152134",,38.8,10.0,257.7
https://www.cian.ru/sale/flat/309413102/,https://images.cdn-cian.ru/images/2350160618-4.jpg,ЖК «Новое Внуково»,"Москва, НАО (Новомосковский), м. Рассказовка, № 37 кв-л, Новое Внуково ЖК, к30",Транспортом,7962239.0,224922.0,1.0,6.0,9.0,35.4,"Ипотека 5,9% на два года. Продается 1-комн. квартира. Квартира расположена на 6 этаже 9 этажного монолитного дома (Корпус 30, Секция 5) в ЖК ""Новое Внуково"" от группы ""Самолет"". 

""Новое Внуково"" — это жилой комплекс в Новой Москве, у подножия берега реки Незнайка. Поблизости — живописные места для прогулок: народный парк ""Ручеек"", усадьба Старо-Никольское, Валуевский и Ульяновский лесопарки.
Часть домов сдана и внутри района уже открыт детсад с бассейном, а в ближайшее время откроются еще 3 детсада, 2 школы и поликлиника.
На территории проекта будет построен первый в России Центр Российской Федерации Баскетбола, где будут площадки с трибунами, тренажерный зал, кафе и конференц-зал.
Дворы-парки закрыты от машин и посторонних. На территории — прогулочный маршрут вдоль реки Незнайка и набережная с шезлонгами и качелями для отдыха. Также здесь появится плейхаб ""Незнайка на Луне"", площадь для мероприятий с сухим фонтаном, летним кинотеатром и кафе.
В жилом комплексе — монолитные дома высотой от 6 до 14 этажей. Фасады облицованы кирпичом природных оттенков.
 
Цена динамическая и может отличаться, уточняйте актуальность у застройщика.",,35.4,8.0,224.9
https://www.cian.ru/sale/flat/299112440/,https://images.cdn-cian.ru/images/2290278100-4.jpg,ЖК «Город-парк Первый Московский»,"Москва, НАО (Новомосковский), м. Рассказовка, Московский г., улица Никитина, 11к1",Транспортом,11200000.0,239829.0,1.0,23.0,25.0,46.7,"Код объекта: 1022961.
 Прописка Москва!
Продаём квартиру в ЖК ""Первый Московский"".
Видовая 1-ком.квартира без ремонта расположена на 23 этаже. Кухня-гостиная 16,3м2, комната 13,9м2, гардеробная 5,3м2, прихожая 6,4м2. 
Окна выходят на улицу на солнечную сторону.
Приветливые соседи, всегда чистый ухоженный  подъезд.

О доме:
Тип дома - монолитный.  Входные группы выполнены по авторскому дизайну  в современном стиле Nature с применением высококачественных материалов, оснащены системой ""тёплый пол"". В каждой входной группе будет располагаться комфортабельная зона ожидания с мягким диваном и кашпо с крупными растениями. При входе предусмотрено помещение для хранения колясок и на -1 этаже располагается велопарковка.

Закрытый двор без машин. Приватное дворовое пространство с детскими игровыми площадками. Микрорайон поделен на кварталы, где созданы парковые зоны отдыха с прогулочными дорожками, газонами и цветниками, построены детские и спортивные площадки.
Парковая зона отдыха, бассейн, фитнес-клуб, торгово-развлекательный центр позволят разнообразить досуг будущих жителей.

Инфраструктура:
Город-парк ""Первый Московский"" с трех сторон окружен обширным лесным массивом Ульяновского и Валуевского лесопарков. Расположен всего в 7 км по Киевскому шоссе (Новая Москва) и имеет удобный выезд на Киевское шоссе. ткрыты 5 детских садов и 3 школы, детские развивающие центры. Внутри комплекса функционируют супермаркеты, аптеки, кафе и рестораны, медицинские центры, салоны красоты, отделения банков и связи, торговый торгово-развлекательный центр и фитнесс-клуб с бассейном. Построены детские и спортивные площадки (стадионы, хоккейные коробки, роллердром).

 Транспортная доступность:
- 7 мин. на личном автомобиле или 5 мин. на автобусе до станции метро ""Филатов Луг""
- 10 мин. на автомобиле или 10 мин. на автобусе до станции метро ""Рассказовка"" или ""Саларьево""

 Один собственник.
 Приветливые соседи, всегда чистый ухоженный  подъезд.
 Уважаемые покупатели, на все вопросы отвечу по телефону.",,46.7,11.2,239.8
https://www.cian.ru/sale/flat/306815466/,https://images.cdn-cian.ru/images/2258414632-4.jpg,ЖК «Рассказово»,"Москва, НАО (Новомосковский), м. Рассказовка, Внуковское поселение, бульвар Андрея Тарковского, 3",Пешком,12500000.0,304878.0,1.0,8.0,9.0,41.0,"В экологически чистом районе Новой Москвы в закрытом охраняемом ЖК бизнес класса Рассказово предлагается к продаже просторная, чистая и светлая однокомнатная квартира.

Прекрасно развитая инфраструктура : жильцам комплекса доступны все плюсы загородной жизни вместе с удобствами, которые предоставляет современный мегаполис, школа со спортивной площадкой и детский сад, парковочные комплексы, супермаркет, кафе, игровые и спортивные площадки для малышей и детей старшего возраста.

Отличная логистика : станция метро Рассказовка в 800 метрах пешком, метро Саларьево - 10 минут на машине, удобный выезд на Боровское и Киевское шоссе. 

В квартире выполнен косметический ремонт, имеет большую прихожую и гардеробную комнату, просторную кухню с выходом на лоджию, большой (4м2) совмещенный санузел, окна выходят во двор.

Двор без машин, оборудован детской и спортивной площадками для комфортных прогулок.

Полная стоимость в договоре.  Один взрослый собственник.",,41.0,12.5,304.9
https://www.cian.ru/sale/flat/303687742/,https://images.cdn-cian.ru/images/2334394660-4.jpg,ЖК «Середневский лес»,"Москва, НАО (Новомосковский), м. Рассказовка, Середневский Лес ЖК, к4.2",Транспортом,9221806.0,241535.0,1.0,2.0,9.0,38.18,"Продаётся 1-комн. квартира площадью 38,18 кв.м на 2 этаже 9 этажного дома (Корпус 4.2, Секция 3) проекта ПИК Середневский лес. Светлый просторный подъезд на уровне земли, функциональная планировка, большие окна, .
 
В 10 минутах на автомобиле находится станция метро ""Внуково"", а в 15 минутах — станции ""Филатов Луг"" и ""Саларьево"". От них до центра Москвы всего 3540 минут. На рейсовом автобусе от жилого квартала до метро ""Филатов Луг"" — 20 минут.
 
На территории ""Середневского леса"" появилось общественное пространство с игровыми площадками, местами для отдыха, пешеходными маршрутами и велопарковкой — для прогулок, отдыха и встреч жителей квартала. Также внутри жилого квартала уже открыта школа на 1100 мест и детский сад для 325 малышей. В дальнейшем откроется ещё один сад для 340 детей. Артикул 906898  (Застройщик ООО ""Специализированный застройщик Середнево"")",,38.2,9.2,241.5
https://www.cian.ru/sale/flat/307688719/,https://images.cdn-cian.ru/images/kvartira-vnukovskoe-omskaya-ulica-2277559431-4.jpg,,"Москва, НАО (Новомосковский), м. Рассказовка, Внуковское поселение, улица Омская, 2",Транспортом,12900000.0,368571.0,1.0,4.0,17.0,35.0,"ГОТОВЫЙ ДОХОДНЫЙ БИЗНЕС

Предложение для инвесторов, которые хотят выгодно вложить деньги в работающую недвижимость НЕ ВОВЛЕКАЯСЬ ЛИЧНО в процесс так как всю работу на себя берет управляющий (при необходимости)

В продаже квартира, которая успешно сдается в посуточную аренду с наработанной лояльной клиентской базой

Загрузка круглогодичная вне зависимости от сезона и ситуаций в стране и мире - не менее 97%

Рентабельность проекта 64%

Максимально высокий рейтинг на ведущих площадках бронирования, лояльные гости, которые остаются в восторге от сервиса и подхода управленца

Целевая аудитория - транзитники, в основном семьи, которые предпочитают отдохнуть между длительными перелетами

Квартира, которая будет приносить х3 по сравнению с аналогами

Квартира находится в современном ЖК комфорт класса, в 5 минутах от аэропорта Внуково, вблизи 3 станции метро : Внуково, Пыхтино, Рассказовка.

В шаговой доступности всевозможная инфраструктура, остановка общественного транспорта

ЕСЛИ ВЫ В ПОИСКЕ ПРЕДЛОЖЕНИЙ ДЛЯ ИНВЕСТИРОВАНИЯ - ЭТО УНИКАЛЬНОЕ ПРЕДЛОЖЕНИЕ ДЛЯ ВАС!

Без дополнительных вложений, без затрат, без личного вовлечения и присутствия ваша квартира будет стабильно приносить минимум х2 по сравнению с любой другой квартирой, которую вы бы сдавали в долгосрочную аренду

Полная стоимость в договоре, 1 собственник, без обременений, быстрый выход на сделку

Для тех, кто ищет:
инвестиционное предложение
пассивный доход
бизнес на посуточной аренде
инвестиции в недвижимость
посуточная аренда
вложения в недвижимость
ищу партнера
ищу инвестора
куплю бизнес
вложение денег
доход на недвижимости
гарантированная доходность
купить квартиру
купить доходную квартиру",,35.0,12.9,368.6
https://www.cian.ru/sale/flat/306854074/,https://images.cdn-cian.ru/images/2348874370-4.jpg,ЖК «Переделкино Ближнее Город-парк»,"Москва, НАО (Новомосковский), м. Рассказовка, Внуковское поселение, улица Бориса Пастернака, 12",Пешком,11800000.0,255411.0,1.0,1.0,9.0,46.2,"Код объекта: 1337771.
 СРОЧНО! Продается однокомнатная квартира в ЖК ""Переделкино Ближнее Город-парк"" в экологически чистом, зеленом районе Москвы. Дом сдан в 2021 году.  Чистый подъезд, отличные соседи. Квартира расположена на первом этаже. Окна во двор.  Огороженная территория, везде видеонаблюдение. Закрытый двор без машин с детской площадкой и зоной отдыха. На территории ЖК вся необходимая торговая, сервисная и социальная инфраструктура:  школа, детский сад, магазины, ТЦ, фитнесс центр, салоны красоты, аптеки, кафе, пиццерия, поликлиника.  В пеший доступности лес и Большой Федосьинский пруд. Рядом с домом многоуровневый паркинг. Удобная транспортная доступность. Рядом Боровское, Киевское и Минское шоссе. В шаговой доступности метро Рассказовка и станция МЦД 4 Мичуринец (15-20 минут).
Свободная продажа. Один собственник. Полная стоимость в договоре.",,46.2,11.8,255.4
https://www.cian.ru/sale/flat/310538202/,https://images.cdn-cian.ru/images/2350159743-4.jpg,ЖК «Новое Внуково»,"Москва, НАО (Новомосковский), м. Рассказовка, № 37 кв-л, Новое Внуково ЖК, к25",Транспортом,7815347.0,214354.0,1.0,9.0,9.0,36.46,"Ипотека 5,9% на два года. Продается 1-комн. квартира. Квартира расположена на 9 этаже 9 этажного монолитного дома (Корпус 25, Секция 1) в ЖК ""Новое Внуково"" от группы ""Самолет"". 

""Новое Внуково"" — это жилой комплекс в Новой Москве, у подножия берега реки Незнайка. Поблизости — живописные места для прогулок: народный парк ""Ручеек"", усадьба Старо-Никольское, Валуевский и Ульяновский лесопарки.
Часть домов сдана и внутри района уже открыт детсад с бассейном, а в ближайшее время откроются еще 3 детсада, 2 школы и поликлиника.
На территории проекта будет построен первый в России Центр Российской Федерации Баскетбола, где будут площадки с трибунами, тренажерный зал, кафе и конференц-зал.
Дворы-парки закрыты от машин и посторонних. На территории — прогулочный маршрут вдоль реки Незнайка и набережная с шезлонгами и качелями для отдыха. Также здесь появится плейхаб ""Незнайка на Луне"", площадь для мероприятий с сухим фонтаном, летним кинотеатром и кафе.
В жилом комплексе — монолитные дома высотой от 6 до 14 этажей. Фасады облицованы кирпичом природных оттенков.
 
Цена динамическая и может отличаться, уточняйте актуальность у застройщика.",,36.5,7.8,214.4
https://www.cian.ru/sale/flat/306311305/,https://images.cdn-cian.ru/images/kvartira-filatov-lug-kartmazovskie-prudy-ulica-2249685729-4.jpg,,"Москва, НАО (Новомосковский), м. Рассказовка, Филатов Луг ЖК, улица Картмазовские Пруды, 2к1",Транспортом,10500000.0,283784.0,1.0,17.0,22.0,37.0,"Продается отличная однокомнатная квартира в одном из лучших комплексов Москвы. Установлены новые стеклопакеты, санузел и кухня в кафеле. В квартире остаётся вся мебель и бытовая техника.

КАЧЕСТВЕННЫЙ РЕМОНТ:
- санузел , в кафеле, ванная, раковина, стиральная машина
- современные обои
- хорошая входная дверь
- в квартире всегда комфортная температура, даже в сильный мороз
- кухонный гарнитур, холодильник, электрическая плита, микроволновка, посудомоечная машина.

ШАГОВАЯ ДОСТУПНОСТЬ:
- рядом остановка транспорта
- удобная транспортная развязка
- детский сад
- школа
- магазины
- торговый центр
- салон красоты
- парк
- лес
- озеро
- ресторан и кафе
- банк
- стоматология
- поликлиника.

Легко купить:
- один собственник
- наличные
- ипотека
- сертификат
- материнский капитал.",,37.0,10.5,283.8
https://odintsovo.cian.ru/sale/flat/307275498/,https://images.cdn-cian.ru/images/kvartira-odincovo-gvardeyskaya-ulica-2266929479-4.jpg,ЖК «Гусарская баллада»,"Московская область, Одинцово, м. Рассказовка, улица Гвардейская, 15",Транспортом,8300000.0,201456.0,1.0,5.0,17.0,41.2,"Продаётся уютная однокомнатная квартира общей площадью 41,2 кв. м, расположенная по адресу: Московская область, Одинцово, Гвардейская улица, 15. Квартира находится на 5 этаже 17-этажного дома (дом переменной этажности), построенного в 2018 году. Высота потолков — 2,7 метра.

В квартире сделан евроремонт. В комнате установлен кондиционер. Мебель и техника (посудомоечная и стиральная машины, холодильник, варочная панель, духовой шкаф) остаются, поэтому заезжать можно сразу без дополнительных вложений. Светлая жилая комната (окна на запад) площадью 18,2 кв. м, кухня площадью 9,5 кв. м. Лоджия утеплена. 

Дом в отличном состоянии, оборудован пассажирским и грузовым лифтами.

Район хорошо развит: рядом находится новая школа, детские сады и магазины.

Квартира продаётся от собственника, без комиссии. Юридически чистая, без обременений и ограничений. Ипотека погашена, мат.капитал не привлекался.",,41.2,8.3,201.5
https://www.cian.ru/sale/flat/304056654/,https://images.cdn-cian.ru/images/2210084462-4.jpg,ЖК «Город-парк Первый Московский»,"Москва, НАО (Новомосковский), м. Рассказовка, Московский г., Первый Московский мкр, Первый Московский ЖК, 9-я фаза",Транспортом,12529625.0,270035.0,1.0,14.0,19.0,46.4,"Продается однокомнатная квартира  с отделкой в новой 9 фазе города-парка ""Первый Московский"". 
Общая площадь квартиры - 46,4 кв. м, этаж 14 из 19. 
Срок сдачи - 2 квартал 2026 года. 
Тип дома - монолитный. 
 
В квартире будет выполнена высококачественная отделка ""под ключ"". На выбор представлены два стиля отделки: 
- Classic (классический стиль)  традиционное сочетание материалов и фактур  тёмный, тёплый по тону пол и светлые нейтральные стены, керамогранит с рисунком под мрамор. 
- Smart+ (современный стиль)  нейтральная цветовая гамма с использованием бетонных фактур и темного керамогранита, керамическая плитка до потолка в ванной и санузле.
Независимо от того, какой стиль отделки выберите Вы, можете быть уверенными, что цветовое сочетание будет актуальным долгие годы. 
 
Город-парк ""Первый Московский"" расположен всего в 7 км по Киевскому шоссе (Новая Москва). Из города-парка есть удобный выезд на Киевское шоссе. 
 
ТРАНСПОРТНАЯ ДОСТУПНОСТЬ: 
 
- 5 мин. на личном автомобиле или 10 мин. на автобусе 189 и 876 до станции метро ""Филатов Луг""
- 20 мин. пешком до станции метро ""Филатов Луг"" 
 
ИНФРАСТРУКТУРА И БЛАГОУСТРОЙСТВО: 
 
9 фаза сочетает в себе максимальную близость данной фазы строительства к парку Филатов луг. 
Основной акцент в благоустройстве сделан на разнообразные детские площадки и развивающие комплексы, с зонами для активного и спокойного отдыха взрослых.
В каждом из домов предусмотрены кладовые помещения на -1 этаже и коммерческие помещения на 1 этажах. 

АВТОРСКИЙ ДИЗАЙН: 

Входные группы выполнены по авторскому дизайну, оснащены системой ""тёплый пол"". В каждой входной группе будет располагаться комфортабельная зона ожидания. При входе предусмотрено помещение для хранения колясок и на -1 этаже располагается велопарковка.",,46.4,12.5,270.0
https://www.cian.ru/sale/flat/312141586/,https://images.cdn-cian.ru/images/2369676551-4.jpg,ЖК «Середневский лес»,"Москва, НАО (Новомосковский), м. Рассказовка, улица Усадебный Парк, 5",Транспортом,11500000.0,323034.0,1.0,7.0,9.0,35.6,"Номер лота: вт-0423308.
Продается отличная, уютная просторная евро двушка с ремонтом для максимального удобного проживания для небольшой семьи. Имеется просторный коридор, а светлая комната и большая кухня с видом из окон на  шикарный лесной массив. 
Ремонт делали для себя с целью постоянного проживания, поэтому материалы использовались качественные.
Санузел отделан плиткой, сантехника новая. Качественный ламинат на полу,  пластиковые окна (с повышенным теплосбережением), выровненные стены,  электрика отличном состоянии. 
На кухне имеется  гарнитур со встроенным холодильником и морозильной камерой, есть варочная панель и духовка, вся техника новая. 
При этом основная зона для хозяйки достаточно просторная. Мебель и техника остается. 
Дом расположен в удачном экологически чистом месте с минимальной слышимостью и видом на лес с поющими птицами.
Хорошие, спокойные семейные соседи. Чистый, ухоженный подъезд с приветливыми домочадцами, есть подъемный пандус для инвалидов. Перед домом имеется парковка для авто.
Имеется вся необходимая инфраструктура и транспортная доступность. В квартире никто не проживал, один взрослый собственник.
Для покупателей через нашу компанию - помощь в получении ипотеки со сниженной ставкой в более 30 банков с бесплатной консультацией, оформление страхования со скидкой до 40%;  плюс юридическое сопровождение сделки; безопасный расчёт. Свободная продажа. 
 Оперативные показы по договоренности о времени. Квартира прекрасно подходит для уютного семейного проживания, заезжай и живи! 
Показ квартиры в любое  удобное время. Документы готовы к сделке, звоните!

 Содействие в получении специальных условий и преференций по ипотеке.",,35.6,11.5,323.0
https://www.cian.ru/sale/flat/312229154/,https://images.cdn-cian.ru/images/2371497784-4.jpg,,"Москва, ЗАО, р-н Внуково, м. Рассказовка, улица Изваринская, 1",Транспортом,9000000.0,239362.0,1.0,11.0,17.0,37.6,"Номер в базе: 3913279. Предлагаем вашему вниманию великолепную светлую квартиру в одном из самых востребованных и комфортных районов города! Этот дом серии П-44Т идеально подходит как для жизни, так и для выгодных инвестиций. Квартиры в этом районе всегда пользуются высоким спросом и быстро находят своих новых владельцев по привлекательной цене!

Расположение квартиры просто превосходное: в шаговой доступности находятся детские сады, школы, индустриальный колледж, поликлиника и множество магазинов, включая крупные торговые центры. Для активного отдыха и семейного досуга во дворе предусмотрены современные детские площадки и спортивный центр ""Пегас"" с бассейном и тренажерами. А для любителей природы неподалеку расположен живописный Изваринский пруд, а также Храм Илии Пророка и Храм Святой Татианы.

Транспортная доступность также на высшем уровне: всего 6 минут до метро ""Аэропорт Внуково"", 8 минут до МЦД4 ""Лесной Городок"" и 8 минут до метро ""Пыхтино"". Это значит, что вы всегда сможете быстро добраться до центра города или в любое другое направление.

Квартира расположена на 11 этаже, общей площадью 37,6 м² с функциональной планировкой: просторная комната (19,1 м²) и уютная кухня (7 м²). Застекленная лоджия добавляет дополнительное пространство и комфорт. Состояние квартиры жилое, менее полугода назад была проведена косметическая отделка кухни, а в комнате недавно обновили обои.

В подъезде всегда чистота и порядок, есть консьерж, а соседи дружелюбные и отзывчивые. У дома всегда можно найти парковочное место, что является несомненным плюсом для автомобилистов.

Квартира принадлежит двум взрослым собственникам, полная стоимость в договоре, без обременений и сложностей. Легкая альтернатива! Не упустите возможность стать владельцем этого замечательного жилья  звоните и записывайтесь на просмотр уже сегодня!


Код пользователя: 172041",,37.6,9.0,239.4
https://www.cian.ru/sale/flat/304057046/,https://images.cdn-cian.ru/images/2207541438-4.jpg,ЖК «Город-парк Первый Московский»,"Москва, НАО (Новомосковский), м. Филатов Луг, Московский г., Первый Московский мкр, Первый Московский ЖК, 9-я фаза",Транспортом,10687304.0,309777.0,1.0,14.0,19.0,34.5,"Продается однокомнатная квартира  без отделки в новой 9 фазе города-парка ""Первый Московский"". 
Общая площадь квартиры - 34,5 кв. м, этаж 14 из 19. 
Срок сдачи - 2 квартал 2026 года. 
Тип дома - монолитный. 
 
Город-парк ""Первый Московский"" расположен всего в 7 км по Киевскому шоссе (Новая Москва). Из города-парка есть удобный выезд на Киевское шоссе. 
 
ТРАНСПОРТНАЯ ДОСТУПНОСТЬ: 
 
- 5 мин. на личном автомобиле или 10 мин. на автобусе 189 и 876 до станции метро ""Филатов Луг""
- 20 мин. пешком до станции метро ""Филатов Луг"" 
 
ИНФРАСТРУКТУРА И БЛАГОУСТРОЙСТВО: 
 
9 фаза сочетает в себе максимальную близость данной фазы строительства к парку Филатов луг. Основной акцент в благоустройстве сделан на разнообразные детские площадки и развивающие комплексы, с зонами для активного и спокойного отдыха взрослых. В доме предусмотрен подвальный этаж для кладовых помещений. В корпусе предусмотрено 2 коммерческих помещения свободного назначения на 1 этаже.  
 
АВТОРСКИЙ ДИЗАЙН: 
 
Входные группы выполнены по авторскому дизайну, оснащены системой ""тёплый пол"". В каждой входной группе будет располагаться комфортабельная зона ожидания. При входе предусмотрено помещение для хранения колясок и на -1 этаже располагается велопарковка.",,34.5,10.7,309.8
https://www.cian.ru/sale/flat/310817712/,https://images.cdn-cian.ru/images/2340871863-4.jpg,ЖК «Переделкино Ближнее Город-парк»,"Москва, НАО (Новомосковский), м. Рассказовка, Внуковское поселение, улица Анны Ахматовой, 16",Пешком,12500000.0,296209.0,1.0,13.0,22.0,42.2,"Арт. 86809136 Поможем оформить ипотеку со ставкой от 14,99 %.
Уютная 1 комнатная квартира в новом доме, в свежем и развивающемся районе г. Москвы, готовая к проведению ремонта на Ваш вкус.
Можно спланировать 2 евро.
Московская прописка.
Рядом имеется все необходимое для комфортного проживания: магазины, школа, садик, парк. 
Метро в  шаговой доступности. Меньше чем за час можно приехать в центр Москвы.",,42.2,12.5,296.2
https://www.cian.ru/sale/flat/301350257/,https://images.cdn-cian.ru/images/kvartira-grad-moskovskiy-raduzhnaya-ulica-2157819113-4.jpg,,"Москва, НАО (Новомосковский), м. Рассказовка, Московский г., Град Московский мкр, улица Радужная, 9",Транспортом,10250000.0,250000.0,1.0,6.0,26.0,41.0,"Квартира в монолитном доме индивидуальной серии у входа в благоустроенный парк Филатов луг (как говорят и дача не нужна), в районе вся необходимая инфраструктура для проживания с комфортом, детские сады и школы, поликлиники, фитнес, бассейн, ТЦ, круглосуточные магазины, идеальная доступность общественного транспорта, а так же пешая доступность до станции Филатов луг(около 20 минут пешком), вся техника в квартире в работоспособном состоянии. Один взрослый собственник менее 5 лет. Осталось купить заселиться и счастливо жить!",,41.0,10.2,250.0
https://www.cian.ru/sale/flat/309186605/,https://images.cdn-cian.ru/images/2350161940-4.jpg,ЖК «Новое Внуково»,"Москва, НАО (Новомосковский), м. Рассказовка, улица Аэростатная, 6к5",Транспортом,14414629.0,381743.0,1.0,14.0,14.0,37.76,"Ипотека 5,9% на два года. Продается 1-комн. квартира. Квартира расположена на 14 этаже 14 этажного монолитного дома (Корпус 14, Секция 1) в ЖК ""Новое Внуково"" от группы ""Самолет"". 

""Новое Внуково"" — это жилой комплекс в Новой Москве, у подножия берега реки Незнайка. Поблизости — живописные места для прогулок: народный парк ""Ручеек"", усадьба Старо-Никольское, Валуевский и Ульяновский лесопарки.
Часть домов сдана и внутри района уже открыт детсад с бассейном, а в ближайшее время откроются еще 3 детсада, 2 школы и поликлиника.
На территории проекта будет построен первый в России Центр Российской Федерации Баскетбола, где будут площадки с трибунами, тренажерный зал, кафе и конференц-зал.
Дворы-парки закрыты от машин и посторонних. На территории — прогулочный маршрут вдоль реки Незнайка и набережная с шезлонгами и качелями для отдыха. Также здесь появится плейхаб ""Незнайка на Луне"", площадь для мероприятий с сухим фонтаном, летним кинотеатром и кафе.
В жилом комплексе — монолитные дома высотой от 6 до 14 этажей. Фасады облицованы кирпичом природных оттенков.
 
Цена динамическая и может отличаться, уточняйте актуальность у застройщика.",,37.8,14.4,381.7
https://www.cian.ru/sale/flat/305731107/,https://images.cdn-cian.ru/images/kvartira-vnukovo-izvarinskaya-ulica-2239082502-4.jpg,,"Москва, ЗАО, р-н Внуково, м. Рассказовка, улица Изваринская, 1",Транспортом,9000000.0,244565.0,1.0,2.0,17.0,36.8,"Вашему вниманию предлагаем на продажу однокомнатную квартиру

 Отличная локация: рядом располагаются детские сады, школы, индустриальный колледж, поликлиника, магазины и  ТЦ. Во дворе детские площадки, спортивный центр Пегас с бассейном и тренажёрами, в пешей доступности Изваринский пруд

 Хорошее транспортное и автобусное сообщение 

 -метро Аэропорт Внуково - 6 минут 

 -МЦД4 Лесной Городок -8 минут

 -метро Пыхтино- 8 минут

  Общая площадь 37,6 м2.,  застеклённая лоджия, санузел совмещенный

 Свободная продажа, 2 собственника,  полная стоимость в договоре. Подробности по телефону, показ по предварительной договорённости",,36.8,9.0,244.6
https://www.cian.ru/sale/flat/311174162/,https://images.cdn-cian.ru/images/kvartira-1y-2348750547-4.jpg,,"Москва, НАО (Новомосковский), м. Рассказовка, Московский г., 1-й мкр, 12",Транспортом,8000000.0,258065.0,1.0,1.0,5.0,31.0,"Дом удобно расположен, развитая инфраструктура, рядом школа, детский сад, МФЦ, бассейн ""Московский"", магазины. В шаговой доступности лесопарковая зона со спортивными площадками и местами для шашлыка.
Удобный выезд на Киевское, Калужское и Боровское шоссе. 10 минут до метро на общественном транспорте. Все вопросы по телефону. Один собственник. Торг при осмотре уместен. Риэлторов просьба не беспокоить. Есть свой риэлтор! С продажей не спешим.",,31.0,8.0,258.1
https://www.cian.ru/sale/flat/307207531/,https://images.cdn-cian.ru/images/2265410359-4.jpg,ЖК «Город-парк Первый Московский»,"Москва, НАО (Новомосковский), м. Рассказовка, Московский г., Первый Московский мкр, Первый Московский ЖК, 9-я фаза",Транспортом,12140113.0,267403.0,1.0,6.0,19.0,45.4,"Продается однокомнатная квартира  с отделкой в новой 9 фазе города-парка ""Первый Московский"". 
Общая площадь квартиры - 45,4 кв. м, этаж 6 из 19. 
Срок сдачи - 2 квартал 2026 года. 
Тип дома - монолитный. 
 
В квартире будет выполнена высококачественная отделка ""под ключ"". На выбор представлены два стиля отделки: 
- Classic (классический стиль)  традиционное сочетание материалов и фактур  тёмный, тёплый по тону пол и светлые нейтральные стены, керамогранит с рисунком под мрамор. 
- Smart+ (современный стиль)  нейтральная цветовая гамма с использованием бетонных фактур и темного керамогранита, керамическая плитка до потолка в ванной и санузле.
Независимо от того, какой стиль отделки выберите Вы, можете быть уверенными, что цветовое сочетание будет актуальным долгие годы. 
 
Город-парк ""Первый Московский"" расположен всего в 7 км по Киевскому шоссе (Новая Москва). Из города-парка есть удобный выезд на Киевское шоссе. 
 
ТРАНСПОРТНАЯ ДОСТУПНОСТЬ: 
 
- 5 мин. на личном автомобиле или 10 мин. на автобусе 189 и 876 до станции метро ""Филатов Луг""
- 20 мин. пешком до станции метро ""Филатов Луг"" 
 
ИНФРАСТРУКТУРА И БЛАГОУСТРОЙСТВО: 
 
9 фаза сочетает в себе максимальную близость данной фазы строительства к парку Филатов луг. 
Основной акцент в благоустройстве сделан на разнообразные детские площадки и развивающие комплексы, с зонами для активного и спокойного отдыха взрослых.
В каждом из домов предусмотрены кладовые помещения на -1 этаже и коммерческие помещения на 1 этажах. 

АВТОРСКИЙ ДИЗАЙН: 

Входные группы выполнены по авторскому дизайну, оснащены системой ""тёплый пол"". В каждой входной группе будет располагаться комфортабельная зона ожидания. При входе предусмотрено помещение для хранения колясок и на -1 этаже располагается велопарковка.",,45.4,12.1,267.4
https://www.cian.ru/sale/flat/311397614/,https://images.cdn-cian.ru/images/2353710127-4.jpg,ЖК «Город-парк Первый Московский»,"Москва, НАО (Новомосковский), м. Рассказовка, Московский г., улица Никитина, 11к1",Транспортом,11500000.0,283251.0,1.0,1.0,25.0,40.6,"Номер в базе: 3985513. Вашему вниманию предлагается однокомнатная квартира евро-формата в современном ЖК комфорт класса ""Первый Московский"".

Главные и отличительные особенности данной квартиры - это эргономичная  планировка, которая позволит реализовать все необходимые потребности для жизни.

В доме большая часть квартир уже заселена, на первом этаже функционируют коммерческие помещения.

Развитая инфраструктура района:
* несколько школ и детских садов в пешей доступности;
* сетевые продуктовые магазины и все необходимые сферы бытовых услуг;
* различные детские площадки.

В ближайшем будущем также появятся новые школы и детские сады, школа искусств и современные поликлиники, а также новые детские и спортивные площадки.

Транспортная доступность:
* 7 минут на автобусе до станции метро ""Филатов Луг"";
* удобный выезд на автомобиле на Филатовское, Киевское и Филимонковское шоссе.
Код пользователя: 167806",,40.6,11.5,283.3
https://www.cian.ru/sale/flat/307261243/,https://images.cdn-cian.ru/images/kvartira-vnukovskoe-borisa-pasternaka-ulica-2266670002-4.jpg,,"Москва, НАО (Новомосковский), м. Рассказовка, Внуковское поселение, улица Бориса Пастернака, 13",Пешком,12800000.0,339523.0,1.0,3.0,19.0,37.7,"Просьба риэлторов и агентства не беспокоить ! 

Продается уютная однокомнатная квартира в Москве, в поселении Внуковское, на улице Бориса Пастернака, дом 13. Квартира расположена на 3-м этаже 19-этажного панельного дома, построенного в 2013 году. Общая площадь квартиры составляет 37,7 кв. м, жилая площадь — 22,0 кв. м, площадь кухни — 10,0 кв. м. Высота потолков — 2,74 метра. До метро ""Рассказовка"" всего 12 минут пешком.

В квартире сделан дизайнерский ремонт, поэтому можно сразу заехать и жить без лишних хлопот. Просторная кухня оборудована современной техникой и мебелью, удобная планировка позволяет разместить всё необходимое. В квартире есть совмещенный санузел и уютная лоджия с видом во двор, что создаёт дополнительный комфорт и уют.

Дом в отличном состоянии, оборудован двумя пассажирскими лифтами и пандусом, что удобно для семей с маленькими детьми или людей с ограниченными возможностями. На территории дома предусмотрена наземная парковка, поэтому вам не придется беспокоиться о месте для автомобиля.

Рядом с домом находятся школы и детские сады, поэтому детям не придется далеко ходить. В шаговой доступности расположены магазины, где можно приобрести все необходимое для повседневной жизни. Отличная транспортная доступность: до метро ""Рассказовка"" можно дойти всего за 12 минут пешком.

Квартира продается собственником, поэтому дополнительные комиссии отсутствуют. Документы готовы к сделке, возможна ипотека. 

Приезжайте на просмотр и убедитесь сами в преимуществах этого уютного и удобного жилья! Записывайтесь на просмотр уже сегодня!",,37.7,12.8,339.5
https://www.cian.ru/sale/flat/310538220/,https://images.cdn-cian.ru/images/2350160873-4.jpg,ЖК «Новое Внуково»,"Москва, НАО (Новомосковский), м. Рассказовка, № 37 кв-л, Новое Внуково ЖК, к23",Транспортом,10982594.0,264960.0,1.0,9.0,9.0,41.45,"Ипотека 5,9% на два года. Продается 1-комн. квартира. Квартира расположена на 9 этаже 9 этажного монолитного дома (Корпус 23, Секция 3) в ЖК ""Новое Внуково"" от группы ""Самолет"". 

""Новое Внуково"" — это жилой комплекс в Новой Москве, у подножия берега реки Незнайка. Поблизости — живописные места для прогулок: народный парк ""Ручеек"", усадьба Старо-Никольское, Валуевский и Ульяновский лесопарки.
Часть домов сдана и внутри района уже открыт детсад с бассейном, а в ближайшее время откроются еще 3 детсада, 2 школы и поликлиника.
На территории проекта будет построен первый в России Центр Российской Федерации Баскетбола, где будут площадки с трибунами, тренажерный зал, кафе и конференц-зал.
Дворы-парки закрыты от машин и посторонних. На территории — прогулочный маршрут вдоль реки Незнайка и набережная с шезлонгами и качелями для отдыха. Также здесь появится плейхаб ""Незнайка на Луне"", площадь для мероприятий с сухим фонтаном, летним кинотеатром и кафе.
В жилом комплексе — монолитные дома высотой от 6 до 14 этажей. Фасады облицованы кирпичом природных оттенков.
 
Цена динамическая и может отличаться, уточняйте актуальность у застройщика.",,41.5,11.0,265.0
https://www.cian.ru/sale/flat/297157995/,https://images.cdn-cian.ru/images/2074927983-4.jpg,ЖК «Бристоль»,"Москва, НАО (Новомосковский), м. Рассказовка, Московский поселение, д. Лапшинка, 2",Транспортом,9250000.0,209751.0,1.0,3.0,4.0,44.1,"Лот fm32913 Продается 1-комнатная квартира в ЖК ""Бристоль"". Квартира расположена на втором этаже, все окна выходят во двор. 

Закрытая охраняемая территория, уборка улиц и мест общего пользования, обслуживание сетей и инженерных систем в доме.

Вся инфраструктура в пешей доступности. Рядом школа, лицей, детские сады, детские площадки, контактный зоопарк, спортивный зал, ресторан.

До ""Внуково Аутлет"" 7 минут пешей прогулки. Продуктовые магазины, кафе, лесопарковая зона в 300 метрах.

Коммуникации/электричество, магистральный газ, магистральная канализация и центральное водоснабжение. Один собственник. Свободная продажа.

Юридическое сопровождение сделки входит в стоимость. Оперативные показы. Звоните.",,44.1,9.2,209.8
https://odintsovo.cian.ru/sale/flat/311965182/,https://images.cdn-cian.ru/images/2370217715-4.jpg,,"Московская область, м. Рассказовка, Одинцовский городской округ, пос. ВНИИССОК, улица Михаила Кутузова, 1",Транспортом,7200000.0,180000.0,1.0,7.0,17.0,40.0,"Свободная продажа. Продам просторную 1-комнатную квартиру в пешей доступности от МЦД ""Пионерская"". По документам: 1 взрослый собственник, ДДУ более 5-ти лет, никто не прописан и не зарегистрирован.Квартира находится на высоком этаже, 4 квартиры на пролете. Дом 2008 года постройки. Инфраструктура района развита: рядом есть школа, детский сад, ТЦ и многое другое. Оперативный показ и выход на сделку. Звоните прямo сейчaс!

Номер объекта: #1/565035/109",,40.0,7.2,180.0
https://www.cian.ru/sale/flat/310283393/,https://images.cdn-cian.ru/images/2350160767-4.jpg,ЖК «Новое Внуково»,"Москва, НАО (Новомосковский), м. Рассказовка, № 37 кв-л, Новое Внуково ЖК, к26",Транспортом,10049897.0,284780.0,1.0,3.0,7.0,35.29,"Ипотека 5,9% на два года. Продается 1-комн. квартира. Квартира расположена на 3 этаже 7 этажного монолитного дома (Корпус 26, Секция 1) в ЖК ""Новое Внуково"" от группы ""Самолет"". 

""Новое Внуково"" — это жилой комплекс в Новой Москве, у подножия берега реки Незнайка. Поблизости — живописные места для прогулок: народный парк ""Ручеек"", усадьба Старо-Никольское, Валуевский и Ульяновский лесопарки.
Часть домов сдана и внутри района уже открыт детсад с бассейном, а в ближайшее время откроются еще 3 детсада, 2 школы и поликлиника.
На территории проекта будет построен первый в России Центр Российской Федерации Баскетбола, где будут площадки с трибунами, тренажерный зал, кафе и конференц-зал.
Дворы-парки закрыты от машин и посторонних. На территории — прогулочный маршрут вдоль реки Незнайка и набережная с шезлонгами и качелями для отдыха. Также здесь появится плейхаб ""Незнайка на Луне"", площадь для мероприятий с сухим фонтаном, летним кинотеатром и кафе.
В жилом комплексе — монолитные дома высотой от 6 до 14 этажей. Фасады облицованы кирпичом природных оттенков.
 
Цена динамическая и может отличаться, уточняйте актуальность у застройщика.",,35.3,10.0,284.8
https://odintsovo.cian.ru/sale/flat/308305242/,https://images.cdn-cian.ru/images/2304863774-4.jpg,,"Московская область, Одинцово, м. Рассказовка, Микрорайон Клубничное Поле, 8",Транспортом,8890000.0,284936.0,1.0,21.0,24.0,31.2,"Номер в базе: 2846079. Уважаемые покупатели, Вашему вниманию предлагается Новая квартира в ЖК Одинград! В квартире сделан качественный ремонт и  частично установлена необходимая мебель.

Планировка: прихожая-гардеробная,имеется шкаф-купе; совмещённый санузел; спальня; кухня-столовая с выходом на застеклённую лоджию.

В жилом комплексе имеется вся необходимая инфраструктура: магазины, аптеки, детский сад.Так же в ближайшем доступе школы, сады, медицинские учреждения, почта, автобусная остановка, Ж/Д станция Отрадное, Одинцово.
Удобный выезд на платную дорогу, 20 мин до центра Москвы.
В 5 минутах находится Спортивный парк имени Ларисы Лазутиной.

Возможен торг!

Помощь в одобрении ипотеки, юридическая и финансовая гарантия.

Звоните, отвечу на все Ваши вопросы! Оперативный показ!

Код пользователя: 168100",,31.2,8.9,284.9
https://www.cian.ru/sale/flat/312223515/,https://images.cdn-cian.ru/images/2371456041-4.jpg,,"Москва, НАО (Новомосковский), м. Рассказовка, Московский г., улица Солнечная, 13",Транспортом,8999000.0,236816.0,1.0,13.0,17.0,38.0,"Id 4277. Продается  однокомнатная квартира в микрорайоне Град Московский
Экoлогически чистый и зеленый рaйон Mосквы c лeсопapкoвым кoмплекcом!
Прописка г. Москва!

О КВАРТИРЕ:

Общая площадь 38 м². 
Просторная светлая комната 18 м² 
Окна выходят на солнечную сторону!
Большой застекленный балкон.
Уютная кухня 8 м², укомплектована кухонным гарнитуром и всей необходимой бытовой техникой.
Совмещенный санузел, полностью оборудован, установлена стиральная машина.

Вся мебель и техника остаются!
ЗАЕЗЖАЙ И ЖИВИ!

О ДОМЕ:

Дом 2010 года. 
13 этаж в 17-и этажном   монолитном доме.
Два лифта: пассажирский и грузовой

Придомовая территория оборудована детскими и спортивными 
площадками, зеленые зоны для отдыха, много паковочных мест.

РАЗВИТАЯ ИНФРАСТРУКТУРА:

Школы, детсады, спортивные комплексы, поликлиники, аптеки, магазины  в шаговой
доступности. ТЦ Москва, ТЦ Новомосковский, кинотеатр, бассейн все рядом!


ОТЛИЧНАЯ ТРАНСПОРТНАЯ ДОСТУПНОСТЬ:

5 мин до м.Филатов луг, 8 мин до м.Саларьево на автобусе.
Прямой выезд на Киевское шоссе.
7 км от МКАД

Один собственник . 
Свободная продажа, обременений нет.
Оперативный показ, быстрый выход на сделку.
Помощь в оформлении ипотеки.",,38.0,9.0,236.8
https://www.cian.ru/sale/flat/310538274/,https://images.cdn-cian.ru/images/2356116119-4.jpg,ЖК «Новое Внуково»,"Москва, НАО (Новомосковский), м. Рассказовка, № 37 кв-л, Новое Внуково ЖК, к30",Транспортом,9482269.0,256001.0,1.0,2.0,9.0,37.04,"Ипотека 5,9% на два года. Продается 1-комн. квартира. Квартира расположена на 2 этаже 9 этажного монолитного дома (Корпус 30, Секция 3) в ЖК ""Новое Внуково"" от группы ""Самолет"". 

""Новое Внуково"" — это жилой комплекс в Новой Москве, у подножия берега реки Незнайка. Поблизости — живописные места для прогулок: народный парк ""Ручеек"", усадьба Старо-Никольское, Валуевский и Ульяновский лесопарки.
Часть домов сдана и внутри района уже открыт детсад с бассейном, а в ближайшее время откроются еще 3 детсада, 2 школы и поликлиника.
На территории проекта будет построен первый в России Центр Российской Федерации Баскетбола, где будут площадки с трибунами, тренажерный зал, кафе и конференц-зал.
Дворы-парки закрыты от машин и посторонних. На территории — прогулочный маршрут вдоль реки Незнайка и набережная с шезлонгами и качелями для отдыха. Также здесь появится плейхаб ""Незнайка на Луне"", площадь для мероприятий с сухим фонтаном, летним кинотеатром и кафе.
В жилом комплексе — монолитные дома высотой от 6 до 14 этажей. Фасады облицованы кирпичом природных оттенков.
 
Цена динамическая и может отличаться, уточняйте актуальность у застройщика.",,37.0,9.5,256.0
https://odintsovo.cian.ru/sale/flat/311739460/,https://images.cdn-cian.ru/images/2360975706-4.jpg,ЖК «Гусарская баллада»,"Московская область, м. Рассказовка, Одинцовский городской округ, пос. ВНИИССОК, улица Михаила Кутузова, 15",Транспортом,8100000.0,214854.0,1.0,4.0,17.0,37.7,"Номер в базе: 904910. Продам 1-комнатную квартиру 42,5 кв.м. (С учетом лоджии) в ЖК ""Гусарская Баллада""

О КВАРТИРЕ:
- Просторная светлая уютная, готовая к проживанию квартира на комфортном 4 этаже 17-ти этажного дома.
- Преимущество квартиры - большая кухня 12 кв.м. с выходом на лоджию 4,5 кв.м.
- Комната 17 кв.м. с нишей под спальное место, что позволяет использовать пространство как спальню и гостиную. 
- Встроенный зеркальный шкаф-купе в прихожей. 
- Совмещенный сан узел с большой ванной.
- В квартире выполнен дизайнерский ремонт качественными строй материалами.
- Вид из окна во двор с фонтаном. 

О ДОМЕ:
- Монолитно-кирпичный дом 2013 года постройки.
- Чистый отремонтированный подъезд , видеться видеонаблюдение.
- Охраняемая территория ЖК, въезд через КПП по пропускам.

ИНФРАСТРУКТУРА:
- ЖК расположен рядом с Можайский  шоссе , с  удобным выездом Минское шоссе и так же на платную дорогу -северный обход Одинцово, что позволяет добраться до Москвы без пробок в час пик. 
- 10 минут пешком до ЖД станции Пионерская ( Белорусское направление).
- 10 минут  на автобусе до ЖД станции Лесной городок ( киевское направление ). 
- Шикарная  детская площадка, внутри ЖК есть государственный и частный детский сад. Рядом с ЖК 2 Школы.
- Есть все необходимое для жизни аптеки , магазины, поликлиника, кафе, салоны красоты, спортивный комплекс с бассейном, автомойка и автосервис.

О СДЕЛКЕ:
- Один взрослый собственник. 
- Никто не прописан. 
- Полная стоимость в договоре, в собственности более 5 лет.
- Квартира без обременений и ипотеки.  

Полное юридическое сопровождение сделки, помощь в одобрении ипотеки на выгодных для Вас условиях. Постпродажное обслуживание!
Звоните оперативно организую показ.
Код пользователя: 154690",,37.7,8.1,214.9
https://www.cian.ru/sale/flat/311281418/,https://images.cdn-cian.ru/images/kvartira-3y-2350934044-4.jpg,,"Москва, НАО (Новомосковский), м. Рассказовка, Московский г., 3-й мкр, 18",Транспортом,10500000.0,250000.0,1.0,2.0,16.0,42.0,"Продается уютная однокомнатная квартира в современном монолитном доме, расположенном в Московском, 3-й микрорайон, дом 18. Квартира находится на 2-м этаже 16-этажного дома, построенного в 2013 году. Общая площадь квартиры составляет 42 кв. м, жилая площадь — 18 кв. м, кухня — 9.6 кв. м. Высота потолков — 2.75 метра, что создает ощущение простора. Окна выходят как на улицу, так и во двор, на лесопарковую зону.

В комнате и на кухне ламинат, в коридоре плитка.

Дом оборудован пассажирским и грузовым лифтами, есть пандус и мусоропровод, поэтому можно не беспокоиться о комфорте и удобстве. Для вашего автомобиля предусмотрена наземная парковка. Благодаря современному состоянию дома, проживание здесь будет приятным и комфортным.

Район обладает развитой инфраструктурой: рядом находятся школы, поликлиника, тц. Новомосковский. До метро ""Рассказовка"" можно доехать на автомобиле за 8минут, на автобусе 20минут.

Квартира продается от собственника, поэтому все документы готовы к сделке. Возможна покупка в ипотеку. Юридически квартира чиста и готова к продаже. Нет обременений и скрытых комиссий.

Приглашаем вас на просмотр, чтобы лично оценить все преимущества этой квартиры.",,42.0,10.5,250.0
https://www.cian.ru/sale/flat/304057774/,https://images.cdn-cian.ru/images/2207551201-4.jpg,ЖК «Город-парк Первый Московский»,"Москва, НАО (Новомосковский), м. Рассказовка, Московский г., Первый Московский мкр, Первый Московский ЖК, 7-я фаза, 3",Транспортом,9885010.0,273823.0,1.0,19.0,20.0,36.1,"Продается однокомнатная квартира  с отделкой в 7 фазе города-парка ""Первый Московский"". 
Общая площадь квартиры - 36,1 кв. м, этаж 19 из 20. 
Срок сдачи - 1 квартал 2027 года. 
Тип дома - монолитный. 
 
Новый корпус состоит из 3х секций:
- 1 и 2 секции с отделкой White Box с возможностью приобретения чистовой отделки за дополнительную плату
- 3 секция без отделки 
 
Город-парк ""Первый Московский"" расположен всего в 7 км по Киевскому шоссе (Новая Москва). Из города-парка прямой выезд на Киевское шоссе и трассу Солнцево-Бутово-Варшавское шоссе. 
 
ТРАНСПОРТНАЯ ДОСТУПНОСТЬ: 
 
- 5 мин. на личном автомобиле  или 10 мин. на автобусе 189 и 147 до станции метро ""Филатов Луг""
- 25  мин. пешком до станции метро ""Филатов Луг"" 
 
ИНФРАСТРУКТУРА: 
 
Около 7 фазы запланировано строительство детского сада, школы, 2 многоуровневых паркинга.
Также на территории проекта есть все необходимые объекты действующей социальной и бытовой инфраструктуры: 8 детских садов, 5 школ, тц, магазины, паркинги, аптеки и др. 
 
БЛАГОУСТРОЙСТВО: 
 
- Дворы без машин
- Игровые зоны для детей, зоны для занятия спортом, зоны для отдыха с навесами/качелями
- Детские площадки разделены по возрастным группам
- Пешеходный и вело-маршрут с двуполостной велодорожкой 2,5 м. в ширину
- Озеленение с растениями всесезонного цветения 
 
ОСОБЕННОСТИ АРХИТЕКТУРЫ: 
 
В каждой секции 3 корпуса предусмотрены: 
- колясочные во входных группах
- кладовые помещения с -1 по 20 этажи
- коммерческие помещения на 1 этажах
- по 4 лифта: 2 пассажирских, 2 грузовых
- видеонаблюдение установленное в холлах первых этажей, у подъездов и прилегающей территории 
 
АВТОРСКИЙ ДИЗАЙН: 
 
Входные группы выполнены по авторскому дизайну, оснащены системой ""тёплый пол"". В каждой входной группе будет располагаться комфортабельная зона ожидания с мягким диваном,
акцентными пуфами и столиком.",,36.1,9.9,273.8
https://odintsovo.cian.ru/sale/flat/304139240/,https://images.cdn-cian.ru/images/2290236379-4.jpg,,"Московская область, м. Рассказовка, Одинцовский городской округ, пос. ВНИИССОК, улица Дружбы, 21",Транспортом,7799000.0,169543.0,1.0,14.0,17.0,46.0,"Код объекта: 1165512.
 Продаётся уютная однокомнатная квартира в Одинцовском районе!

Ищете идеальное место для жизни? Мы предлагаем вам прекрасную однокомнатную квартиру общей площадью  46 кв.м. Свежий ремонт, квартира готова к заселению!

 Удобный доступ и инфраструктура:
- Чистый подъезд, адекватные соседи, парковка во дворе бесплатно, а также многоуровневый паркинг в 1 минуте пешком (платно).
- Всего 10-15 минут пешком до ж/д станции Пионерская, маршрутка до МЦД Одинцово или 2 станции по ж/д от ст. Пионерской. Удобный выезд на Минское и Можайское шоссе, а также на платную дорогу Северный обход Одинцово.

 Всё необходимое для комфортной жизни в шаговой доступности:
- Лесногородская и Дубковская школы, студия детского развития, детские сады.
- ТЦ Атлас, гипермаркет ""Глобус"", Леруа Мерлен и множество магазинов (Пятёрочка, Перекрёсток, Магнит, ВкусВилл).
- Прекрасные зоны отдыха: Юдино парк, поликлиники, аптеки и ярмарка выходного дня.

Вся встроенная техника остается в квартире, остальное - по договоренности.

Не упустите шанс стать владельцем этой замечательной квартиры! Звоните прямо сейчас и записывайтесь на просмотр! Ваш новый уютный дом ждёт вас!",,46.0,7.8,169.5
https://odintsovo.cian.ru/sale/flat/310528846/,https://images.cdn-cian.ru/images/kvartira-vniissok-berezovaya-ulica-2335153403-4.jpg,,"Московская область, м. Рассказовка, Одинцовский городской округ, пос. ВНИИССОК, Березовая улица, 8",Транспортом,6600000.0,194118.0,1.0,14.0,14.0,34.0,"Приглашаем на просмотр , хорошей, теплой и светлой квартиры.",,34.0,6.6,194.1
https://www.cian.ru/sale/flat/309956641/,https://images.cdn-cian.ru/images/2350302971-4.jpg,ЖК «Новое Внуково»,"Москва, НАО (Новомосковский), м. Рассказовка, № 37 кв-л, Новое Внуково ЖК, к31",Транспортом,9285222.0,220971.0,1.0,4.0,9.0,42.02,"Ипотека 5,9% на два года. Продается 1-комн. квартира. Квартира расположена на 4 этаже 9 этажного монолитно-кирпичного дома (Корпус 31, Секция 1) в ЖК ""Новое Внуково"" от группы ""Самолет"". 

""Новое Внуково"" — это жилой комплекс в Новой Москве, у подножия берега реки Незнайка. Поблизости — живописные места для прогулок: народный парк ""Ручеек"", усадьба Старо-Никольское, Валуевский и Ульяновский лесопарки.
Часть домов сдана и внутри района уже открыт детсад с бассейном, а в ближайшее время откроются еще 3 детсада, 2 школы и поликлиника.
На территории проекта будет построен первый в России Центр Российской Федерации Баскетбола, где будут площадки с трибунами, тренажерный зал, кафе и конференц-зал.
Дворы-парки закрыты от машин и посторонних. На территории — прогулочный маршрут вдоль реки Незнайка и набережная с шезлонгами и качелями для отдыха. Также здесь появится плейхаб ""Незнайка на Луне"", площадь для мероприятий с сухим фонтаном, летним кинотеатром и кафе.
В жилом комплексе — монолитные дома высотой от 6 до 14 этажей. Фасады облицованы кирпичом природных оттенков.
 
Цена динамическая и может отличаться, уточняйте актуальность у застройщика.",,42.0,9.3,221.0
https://www.cian.ru/sale/flat/306989944/,https://images.cdn-cian.ru/images/kvartira-vnukovskoe-anny-ahmatovoy-ulica-2267455513-4.jpg,ЖК «Городские истории (Рассказовка)»,"Москва, НАО (Новомосковский), м. Рассказовка, Внуковское поселение, улица Анны Ахматовой, 11к4",Пешком,11700000.0,295455.0,1.0,22.0,24.0,39.6,"СОБСТВЕННОСТЬ, ключи на руках, МЕТРО Рассказовка 5 минут пешком.

ЖК Рассказово, 

Зал и кухня выходят на солнечную сторону
Отделка- whitebox
Окна пластиковые двухкамерные

Один взрослый собственник, покупал у застройщика за наличные по ДДУ
-Никто не прописан
-Свободная продажа
-Быстрый выход на сделку, ипотека возможна. 

Монолитный дом, высокие потолки, красивые входные группы с консьержем. Охраняемая территория с пропускной системой, круглосуточное видеонаблюдение, есть подземный и многоуровневый паркинг. 

 Кухня- гостиная с панорамным остеклением, спальня, большая гардеробная комната и совмещенный санузел.

Замечательное расположение дома: рядом лес для прогулок и озеро с пляжем с местами для отдыха.
На территории ЖК 2 детских сада, во дворе каждого дома детская площадка. Активно идет строительство школы и поликлиники,  поблизости продуктовые магазины, кафе и салоны красоты, пункты выдачи заказов.
Рядом с ЖК находится Леруа Мерлен, Vnukovo Outlet Village, ТЦ Саларис,
Metro. 
Транспортная доступность: Удобный выезд на Боровское и Киевское шоссе.  

Свободная продажа, оперативный показ квартиры.",,39.6,11.7,295.5
https://odintsovo.cian.ru/sale/flat/305092404/,https://images.cdn-cian.ru/images/kvartira-vniissok-mihaila-kutuzova-ulica-2226269450-4.jpg,ЖК «Гусарская баллада»,"Московская область, м. Рассказовка, Одинцовский городской округ, пос. ВНИИССОК, улица Михаила Кутузова, 15",Транспортом,7000000.0,171569.0,1.0,9.0,17.0,40.8,"Продается уютная,светлая и теплая однокомнатная квартира.Окна выходят в зеленый и благоустроенный двор.Кухня большая,встроенная кухня и бытовая техника.Прихожая тоже большая,гардеробная,санузел совмещенный,застекленный балкон (из кухни).Жилой комплекс Гусарская баллада-1.Хорошая инфраструктура (детсад,школа,магазины,гипермаркет Глобус,банки,большой фитнес клуб Лайм ,рядом платная дорога (до центра Москвы20-30 минут),до станции Одинцово (мцд)6-10мин.,ж/д станция Лесной городок(Киевское направление)10мин.Свободная продажа(без альтернативы).Подходит под ипотеку.",,40.8,7.0,171.6
https://www.cian.ru/sale/flat/310745144/,https://images.cdn-cian.ru/images/2350160925-4.jpg,ЖК «Новое Внуково»,"Москва, НАО (Новомосковский), м. Рассказовка, № 37 кв-л, Новое Внуково ЖК, к19",Транспортом,8033280.0,229129.0,1.0,10.0,10.0,35.06,"Ипотека 5,9% на два года. Продается 1-комн. квартира. Квартира расположена на 10 этаже 10 этажного монолитного дома (Корпус 19, Секция 2) в ЖК ""Новое Внуково"" от группы ""Самолет"". 

""Новое Внуково"" — это жилой комплекс в Новой Москве, у подножия берега реки Незнайка. Поблизости — живописные места для прогулок: народный парк ""Ручеек"", усадьба Старо-Никольское, Валуевский и Ульяновский лесопарки.
Часть домов сдана и внутри района уже открыт детсад с бассейном, а в ближайшее время откроются еще 3 детсада, 2 школы и поликлиника.
На территории проекта будет построен первый в России Центр Российской Федерации Баскетбола, где будут площадки с трибунами, тренажерный зал, кафе и конференц-зал.
Дворы-парки закрыты от машин и посторонних. На территории — прогулочный маршрут вдоль реки Незнайка и набережная с шезлонгами и качелями для отдыха. Также здесь появится плейхаб ""Незнайка на Луне"", площадь для мероприятий с сухим фонтаном, летним кинотеатром и кафе.
В жилом комплексе — монолитные дома высотой от 6 до 14 этажей. Фасады облицованы кирпичом природных оттенков.
 
Цена динамическая и может отличаться, уточняйте актуальность у застройщика.",,35.1,8.0,229.1
https://odintsovo.cian.ru/sale/flat/311486705/,https://images.cdn-cian.ru/images/2355585289-4.jpg,,"Московская область, м. Рассказовка, Одинцовский городской округ, пос. ВНИИССОК, улица Дружбы, 27",Транспортом,9500000.0,211111.0,1.0,16.0,17.0,45.0,"Номер в базе: 1903342. **ПРОДАЕТСЯ СТИЛЬНАЯ И ПОЛНОСТЬЮ МЕБИЛИРОВАННАЯ ОДНОКОМНАТНАЯ КВАРТИРА 45 М2 С ПОТРЯСАЮЩИМИ ВИДАМИ И ОТЛИЧНОЙ ТРАНСПОРТНОЙ ДОСТУПНОСТЬЮ! ** 

**Описание квартиры:**


Предлагаем вашему вниманию уютную однокомнатную квартиру в живописном Одинцовском районе, где вас ждет развитая инфраструктура и удобный доступ к общественному транспорту. Эта светлая квартира, расположенная на 16 этаже 17-этажного дома, подарит вам захватывающие виды и максимальную освещенность. Высота потолков 2,7 м создает атмосферу простора и комфорта, а качественный ремонт позволит вам сразу же наслаждаться жизнью в новом доме.

Просторная кухня-гостиная площадью 18 м² станет идеальным местом для кулинарных экспериментов и уютных семейных ужинов. Балкон, выходящий на солнечную сторону, приглашает вас насладиться утренним кофе и великолепными закатами.

Квартира имеет одного собственника, никаких ограничений и обременений — все документы проверены и готовы к сделке. 

**Инфраструктура:**


Расположение квартиры просто великолепно! В шаговой доступности находятся крупные торговые центры, такие как Атлас, Перекресток, Детский мир, Эльдорадо и Вкусно и Точка. Все необходимое для комфортной жизни — магазины, кафе и рестораны — находятся рядом. В соседнем доме расположен детский сад, а во дворе — современные детские и спортивные площадки. Для активного отдыха можно прогуляться к пруду, где приятно провести время после рабочего дня.

**Транспортная доступность:** 

Отличная транспортная доступность — всего 20 минут по платной дороге М1 до делового центра столицы. Развитая система общественного транспорта: остановка маршруток и автобусов всего в 400 метрах, а в 1 км находится станция электричек Пионерская, откуда вы легко доберетесь до любого уголка Москвы.

Не упустите шанс стать владельцем этой замечательной квартиры! Звоните и записывайтесь на просмотр уже сегодня! 

Покупая указанный объект со мной, Вы получите: 
• Полное юридическое сопровождение сделки на всех этапах 
• Финансовую гарантию на полную стоимость объекта
• Бесплатное одобрение ипотеки с пониженной процентной ставкой 
Узнай подробности по телефону! 



Код пользователя: 162615",,45.0,9.5,211.1
https://www.cian.ru/sale/flat/312253184/,https://images.cdn-cian.ru/images/2371922723-4.jpg,ЖК «Солнцево парк»,"Москва, НАО (Новомосковский), м. Рассказовка, Внуковское поселение, улица Летчика Грицевца, 14А",Транспортом,8600000.0,232432.0,1.0,5.0,15.0,37.0,"Номер в базе: 4370477. Ищете готовый вариант для жизни или в аренду? Чтобы вся инфраструктура рядом?

Обязательно рассмотрите этот вариант! Возможно это то, что вы ищете!

12 минут пешком до метро Пыхтино.
5 минут до школы и десткого сада.
10 минут до торгового центра с магазинами и кафе.
15 минут пешком до парка с набережной.

Для автомобилистов прямой выезд на Боровское и Киевское шоссе. 

Это отличный вариант как для жизни, так и сдачи в аренду, тем более, что стоимость ниже, чем на квартиры!

Записывайтесь на просмотр! Расскажу все подробно про квартиру, район и условия покупки по сниженной ставке от 14.99%!

С уважением, специалист по недвижимости Губаев Баир.
Код пользователя: 125203",,37.0,8.6,232.4
https://www.cian.ru/sale/flat/310538203/,https://images.cdn-cian.ru/images/2350160372-4.jpg,ЖК «Новое Внуково»,"Москва, НАО (Новомосковский), м. Рассказовка, № 37 кв-л, Новое Внуково ЖК, к25",Транспортом,7532818.0,229170.0,1.0,9.0,9.0,32.87,"Ипотека 5,9% на два года. Продается 1-комн. квартира. Квартира расположена на 9 этаже 9 этажного монолитного дома (Корпус 25, Секция 1) в ЖК ""Новое Внуково"" от группы ""Самолет"". 

""Новое Внуково"" — это жилой комплекс в Новой Москве, у подножия берега реки Незнайка. Поблизости — живописные места для прогулок: народный парк ""Ручеек"", усадьба Старо-Никольское, Валуевский и Ульяновский лесопарки.
Часть домов сдана и внутри района уже открыт детсад с бассейном, а в ближайшее время откроются еще 3 детсада, 2 школы и поликлиника.
На территории проекта будет построен первый в России Центр Российской Федерации Баскетбола, где будут площадки с трибунами, тренажерный зал, кафе и конференц-зал.
Дворы-парки закрыты от машин и посторонних. На территории — прогулочный маршрут вдоль реки Незнайка и набережная с шезлонгами и качелями для отдыха. Также здесь появится плейхаб ""Незнайка на Луне"", площадь для мероприятий с сухим фонтаном, летним кинотеатром и кафе.
В жилом комплексе — монолитные дома высотой от 6 до 14 этажей. Фасады облицованы кирпичом природных оттенков.
 
Цена динамическая и может отличаться, уточняйте актуальность у застройщика.",,32.9,7.5,229.2
https://odintsovo.cian.ru/sale/flat/299479738/,https://images.cdn-cian.ru/images/2140082783-4.jpg,ЖК «Единый Стандарт»,"Московская область, Одинцово, мкр. 2-й, м. Рассказовка, Северная улица, 36",Транспортом,7850000.0,208223.0,1.0,2.0,25.0,37.7,"Номер лота: вт-0395180.
Светлая уютная квартира. Благоустроенный двор, в шаговой доступности магазины и остановки. Один собственник. Содействие в получении специальных условий и преференций по ипотеке.",,37.7,7.8,208.2
https://www.cian.ru/sale/flat/307414562/,https://images.cdn-cian.ru/images/kvartira-vnukovskoe-aviakonstruktora-petlyakova-ulica-2270493574-4.jpg,ЖК «Солнцево парк»,"Москва, НАО (Новомосковский), м. Рассказовка, Внуковское поселение, улица Авиаконструктора Петлякова, 29",Транспортом,10500000.0,255040.0,1.0,2.0,25.0,41.17,"Продается однокомнатная квартира в панельном   доме серии КОПЕ. Ремонт от застройщика. 
Есть лоджия,   гардиробная. Полная стоимость в договоре , Зарегистрированных нет. Свободная продажа.Продается впервые.",,41.2,10.5,255.0
https://odintsovo.cian.ru/sale/flat/310951130/,https://images.cdn-cian.ru/images/2343827263-4.jpg,ЖК «Гусарская баллада»,"Московская область, м. Рассказовка, Одинцовский городской округ, пос. ВНИИССОК, улица Михаила Кутузова, 15",Транспортом,7900000.0,185882.0,1.0,8.0,17.0,42.5,"Номер в базе: 1794334. **ШИКАРНЫЙ ВАРИАНТ ДЛЯ СТАРТА ЖИЗНИ В СТОЛИЦЕ! **

Предлагаю Вам уникальную возможность стать владельцем стильной и просторной однокомнатной квартиры площадью 42,5 м² в престижном жилом комплексе ""Гусарская Баллада"". Этот проект комфорт-класса не раз завоевывал премии Urban Awards и RREF Awards, что подтверждает его высокое качество и привлекательность.

**Отличная транспортная доступность:** 
Жилой комплекс расположен в живописном Одинцовском районе, в 12 км от МКАД. Вы сможете добраться до делового центра Москвы всего за 15 минут по трассе М1, 5 минут до МКАД. Для любителей общественного транспорта предусмотрена скоростная электричка от станции МЦД Одинцово —до нее 10 минут транспортом, ж/д станции Пионерская - 10 минут неспешным шагом.

**Инфраструктура и природа:** 
Окруженный зелеными парками с вековыми деревьями, этот район станет настоящим оазисом для любителей активного образа жизни. В шаговой доступности находится круглосуточный фитнес-центр LIME FITNESS Одинцово — крупнейший на западе Подмосковья. Шикарная спортивная инфраструктура и зелёные зоны помогут Вам быть ближе к природе и вести здоровый образ жизни.
На территории ЖК Вы также найдете все необходимое для комфортной жизни: МФЦ, магазины, аптеки, кафе и салоны красоты. Безопасность и комфорт обеспечены — территория огорожена и находится под круглосуточным видеонаблюдением.

**Образование для детей:** 
Если у вас есть дети или вы планируете их завести, вам будет приятно узнать, что в ЖК предусмотрена вся необходимая инфраструктура для их воспитания. 
В прошлом году на территории ЖК открылся образовательный центр ""Багратион"" — самый большой в Подмосковье и третий по величине в России. Рядом с домом расположено несколько государственных детских садов и множество других учреждений.

**О квартире:** 
Эта квартира — идеальный выбор для тех, кто ценит комфорт и уют. Выполненный качественный ремонт создаст атмосферу тепла и уюта. Просторная комната с окнами, выходящими во двор, обеспечит вам спокойствие и уединение. Удобная кухня с выходом на балкон станет прекрасным местом для семейных ужинов и утреннего кофе. В большой прихожей есть возможность организовать гардеробную или дополнительное спальное место для гостей. Совмещенный санузел выполнен с учетом современных стандартов.


Не упустите свой шанс стать обладателем этой уютной квартиры в престижном жилом комплексе! Звоните прямо сейчас и запишитесь на просмотр! Ваш новый дом ждет вас!

Покупая указанную квартиру со мной, Вы получите: 
• Полное физическое и юридическое сопровождение сделки на всех этапах 
• Безопасную покупку, финансовую гарантию на полную стоимость объекта
• Бесплатное одобрение ипотеки с пониженной процентной ставкой 
Узнай подробности по телефону!
Код пользователя: 162615",,42.5,7.9,185.9
https://odintsovo.cian.ru/sale/flat/297585935/,https://images.cdn-cian.ru/images/2358660433-4.jpg,,"Московская область, м. Рассказовка, Одинцовский городской округ, пос. ВНИИССОК, Березовая улица, 2",Транспортом,7990000.0,173319.0,1.0,3.0,12.0,46.1,"Код объекта: 966877.
 Продаётся отличная однокомнатная квартира в Одинцовском районе!

Общая площадь 46,1 кв.м без учета лоджий

- Большая кухня 12,4 кв.м с кухонным гарнитуром и встроенной техникой (духовой шкаф, варочная панель), холодильник, вытяжка
- Вместительная прихожая с встроенным шкафом-купе и гардеробной
- Комната для приятного времяпровождения с удобным расположением и возможным зонированием
- Санузел  раздельный в плитке 
- Лоджии остекление ПВХ с отдельными выходами из кухни и комнаты, окна во двор, солнечная сторона
- Свежий ремонт, никто не жил
- Адекватные соседи
- Чистый подъезд
- Парковка во дворе бесплатно, многоуровневый паркинг в 1 мин пешком от подьезда - платно

Все самое необходимое для комфортного проживания находится в пешей доступности:
- 10-15 минут пешком до ж/д станции Пионерская 
- Маршрутка до МЦД Одинцово или 2 станции по ж/д от ст. Пионерской
- Удобный выезд на Минское и Можайское шоссе, на платную дорогу Северный обход Одинцово
- Лесногородская средняя общеобразовательная школа с дошкольным отделением
- Дубковская средняя общеобразовательная школа ""Дружба""
- Студия детского развития
- Детские сады
- ТЦ Атлас
- Гипермаркет ""Глобус""
- Леруа Мерлен
- Множество магазинов: Пятёрочка, Перекрёсток, Магнит, ВкусВилл
- Юдино парк
- Поликлиники и аптеки
- Ярмарка выходного дня
- Остановка общественного транспорта

Более 10 лет в собственности, один собственник, без обременений, свободная продажа.

Звоните, и я с удовольствием отвечу на Ваши вопросы!

- Проверяем объекты на юридическую чистоту
- Готовим документы по сделке
- Получаем одобрение по ипотеке 
- Предлагаем безопасную систему расчетов",,46.1,8.0,173.3
https://odintsovo.cian.ru/sale/flat/311403640/,https://images.cdn-cian.ru/images/kvartira-vniissok-ulica-druzhby-2355553529-4.jpg,,"Московская область, м. Рассказовка, Одинцовский городской округ, пос. ВНИИССОК, улица Дружбы, 23",Транспортом,7950000.0,198750.0,1.0,7.0,18.0,40.0,"Продается квартира с дизайнерским ремонтом в жилом комплексе Дубки в поселке ВНИИССОК. Удобное транспортное сообщение: остановки общественного транспорта , ж/д   станция   Пионерская. До Одинцово  15 минут.  Сочетание природы и отличной инфраструктуры. Все ,  что нужно для комфортной жизни:    торговые центры,  детские сады,  школа,  аптеки,  детские и спортивные площадки, Юдинский пруд находится в шаговой доступности .Чистый подъезд,  домофон. Тамбурная дверь на 4 квартиры. Квартира полностью готова к проживанию. Все, что на фото: мебель, , бытовая техника,  шторы и т.д. остается Покупателю. В комнате имеется  гардеробная и большая обустроенная лоджия ( свет, столик, полки, шведская стенка). Санузел совмещенный,  имеется водонагреватель.. Квартира полностью готова к продаже, без обременений,  в собственности более 10 лет. Оперативно покажем,  звоните!",,40.0,8.0,198.8
https://odintsovo.cian.ru/sale/flat/308170078/,https://images.cdn-cian.ru/images/kvartira-vniissok-mihaila-kutuzova-ulica-2287665047-4.jpg,ЖК «Гусарская баллада»,"Московская область, м. Рассказовка, Одинцовский городской округ, пос. ВНИИССОК, улица Михаила Кутузова, 15",Транспортом,7950000.0,174342.0,1.0,9.0,17.0,45.6,"Уютная солнечная квартира в закрытом охраняемом ЖК Гусарская Баллада. 

Главными преимуществами квартиры являются спокойный минималистичный стиль, никаких кислотных цветов в интерьере, просторная светлая лоджия, большая гардеробная с системой хранения, натяжной потолок с точечным освещением, полы (комната - ламинат, кухня и прихожая - плитка), окна выходящие на поле с лошадками, а не на шумную детскую площадку, и конечно же хорошая энергетика хозяйки квартиры)

Развитая инфраструктура: новые детские и спортивные площадки, ухоженные дворы с фонтанами, детский сад, школа, фитнес-центр, торговый и медицинский центры, аптеки, пункты выдачи WB и Озон - все, что нужно для комфортной жизни)

Станция МЦД-1 ""Пионерская"" в 10 минутах ходьбы (доберетесь до м. Кунцевская за 20 мин., до м. Белорусская за 40 мин). Выезд на Можайское шоссе, Минское, а также на платную дорогу. Удобно как пешеходам, так и автомобилистам.

1 взрослый собственник, никто не прописан, никаких обременений, быстрый выход на сделку.

Приглашаю на просмотр, чтобы лично оценить все преимущества этой замечательной квартиры)",,45.6,8.0,174.3
https://www.cian.ru/sale/flat/301336232/,https://images.cdn-cian.ru/images/kvartira-vnukovo-aeroflotskaya-ulica-2157585183-4.jpg,,"Москва, ЗАО, р-н Внуково, м. Рассказовка, улица Аэрофлотская, 1/7",Транспортом,7900000.0,258170.0,1.0,1.0,5.0,30.6,"Продаю светлую, теплую 1-комнaтную квартиру. Замечательное расположение дома, придомовая территория огорожена шлагбаумом, чистый подъезд, хорошие соседи. Развитая инфраструктура: школа 3 минуты пешком, детский сад 2 минуты пешком, культурный и торговый центры, сетевые магазины Дикси, Ярче. Несколько зеленых зон в шаговой доступности: парк Центральный, парк Аллея Славы, который является излюбленным местом жителей Внуково. До станций метро Аэропорт Внуково, 6 минут неспешным шагом, до станции метро Саларьево, МЦД Переделкино ходят автобусы с периодичностью 10-15 минут. Через дорогу от дома находится ТЦ Ла 5 в котором расположены Сбербанк, МФЦ Внуково, Нотариус, магазин Пятерочка, ресторан вкусно и точка. Два взрослых  собственника, квартира в собственности с 2000 года.",,30.6,7.9,258.2
https://odintsovo.cian.ru/sale/flat/311484101/,https://images.cdn-cian.ru/images/2355539000-4.jpg,ЖК «Гусарская баллада»,"Московская область, м. Рассказовка, Одинцовский городской округ, пос. ВНИИССОК, улица Михаила Кутузова, 15",Транспортом,8000000.0,188235.0,1.0,8.0,17.0,42.5,"Номер в базе: 707612. Продается просторная однокомнатная квартира в семейном ЖК ""Гусарская баллада "". 
В квартире сделан качественный ремонт, вся необходимая мебель для комфортного проживания остается, на кухне есть балкон. Санузел совмещенный. 
Квартира полностью готова к заселению. 
Дом очень теплый. Приятная входная группа. 
Развитая инфраструктура: детский сад, школа (2023 г.), аптеки, магазины (перекрёсток, магнит, ВкусВилл, пятёрочка, много мелких магазинов), кафе, салоны красоты, пункты выдачи интернет-магазинов.
Документы: Один взрослый собственник, обременений нет, свободная продажа. Территория охраняемая с КПП на въезде.
Рядом множество лесопарков и прогулочных зон, экологически чистый район. Удобная транспортная доступность: До ЖД станции Пионерская 10 минут пешком. До станции ""МЦД Одинцово""-20 мин на автобусе. Удобные выезды на Северный обход города Одинцово, Минское шоссе и в центр Одинцова. До метро можно добраться на общественном транспорте.
Для клиента компании подберем ипотеку с пониженной ставкой в кротчайшие сроки, а также предложим преференции от банков-партнеров.
Код пользователя: 132314",,42.5,8.0,188.2
https://odintsovo.cian.ru/sale/flat/310071069/,https://images.cdn-cian.ru/images/kvartira-vniissok-mihaila-kutuzova-ulica-2329419841-4.jpg,ЖК «Гусарская баллада»,"Московская область, м. Рассказовка, Одинцовский городской округ, пос. ВНИИССОК, улица Михаила Кутузова, 7",Транспортом,8000000.0,191847.0,1.0,16.0,17.0,41.7,"Уютная 1-комнатная квартира с узаконенной перепланировкой. 1 собственник, без обременений, подходит под ипотеку. Качественный ремонт, установлена система аква стоп (перекрытие воды в случае протечки) на кухне, в ванной и по стояку, остается хорошая техника (духовка со встроенной микроволновкой, варочная панель, посудомоечная машина), мебель гардеробной. Окна во двор. Зеленый район, закрытая территория ЖК, въезд по пропускам. На территории современные детские площадки, фонтаны, тренажеры,  детский сад, рядом 2 школы, Пятерочка, ВкусВилл, Чижик, пункты выдачи маркетплейсов, пекарня, медицинский центр. Удобное расположение, выезды на Можайское, Минское шоссе, платную трассу, в пешей доступности остановка общественного транспорта и ж/д станция Пионерская. КВАРТИРУ ПОКАЗЫВАЕМ ТОЛЬКО ПОТЕНЦИАЛЬНЫМ ПОКУПАТЕЛЯМ, АГЕНТОВ БЕЗ РЕАЛЬНО ЗАИНТЕРЕСОВАННЫХ ПОКУПАТЕЛЕЙ, ПРОСЬБА НЕ БЕСПОКОИТЬ.",,41.7,8.0,191.8
https://www.cian.ru/sale/flat/311174162/,https://images.cdn-cian.ru/images/kvartira-1y-2348750547-4.jpg,,"Москва, НАО (Новомосковский), м. Рассказовка, Московский г., 1-й мкр, 12",Транспортом,8000000.0,258065.0,1.0,1.0,5.0,31.0,"Дом удобно расположен, развитая инфраструктура, рядом школа, детский сад, МФЦ, бассейн ""Московский"", магазины. В шаговой доступности лесопарковая зона со спортивными площадками и местами для шашлыка.
Удобный выезд на Киевское, Калужское и Боровское шоссе. 10 минут до метро на общественном транспорте. Все вопросы по телефону. Один собственник. Торг при осмотре уместен. Риэлторов просьба не беспокоить. Есть свой риэлтор! С продажей не спешим.",,31.0,8.0,258.1
https://odintsovo.cian.ru/sale/flat/304191418/,https://images.cdn-cian.ru/images/kvartira-vniissok-mihaila-kutuzova-ulica-2210123729-4.jpg,,"Московская область, м. Рассказовка, Одинцовский городской округ, пос. ВНИИССОК, улица Михаила Кутузова, 1",Транспортом,8000000.0,188679.0,1.0,6.0,18.0,42.4,"Если не дозвонились напишите. Услуги посредников не не интересны. Вместе с лоджией 48 метров.
Преимущество данной квартиры - приятный вид из окон (не во двор), шумоизоляция, очиститель воздуха, фильтр воды с обратным осмосом, двойной стеклопакет на лоджии, техника BOSH.  Всe в квaртиpе остается. 
Oдин взрoслый сoбcтвeнник, дoкумeнты готoвы для пpoдaжи, квapтира свобoдна. 
Нет перепланировок.
На кухне:  варочная панель и духовой шкаф BOSH, стиральная машина на 6 кг, холодильник Атлант (новый), телевизор, Новая столешница и новые деревянные  фасады. 
Теплая лоджия: вход из кухни , использовали как рабочий кабинет.
Комната: окна выходят на западную сторону.  
Продуктовые магазины в шаговой доступности. 
Остановка автобуса/маршрутки в 5 мин. пешком. Электричка (ст. Пионерская) в  - 15 мин пешком.",,42.4,8.0,188.7
https://odintsovo.cian.ru/sale/flat/311739460/,https://images.cdn-cian.ru/images/2360975706-4.jpg,ЖК «Гусарская баллада»,"Московская область, м. Рассказовка, Одинцовский городской округ, пос. ВНИИССОК, улица Михаила Кутузова, 15",Транспортом,8100000.0,214854.0,1.0,4.0,17.0,37.7,"Номер в базе: 904910. Продам 1-комнатную квартиру 42,5 кв.м. (С учетом лоджии) в ЖК ""Гусарская Баллада""

О КВАРТИРЕ:
- Просторная светлая уютная, готовая к проживанию квартира на комфортном 4 этаже 17-ти этажного дома.
- Преимущество квартиры - большая кухня 12 кв.м. с выходом на лоджию 4,5 кв.м.
- Комната 17 кв.м. с нишей под спальное место, что позволяет использовать пространство как спальню и гостиную. 
- Встроенный зеркальный шкаф-купе в прихожей. 
- Совмещенный сан узел с большой ванной.
- В квартире выполнен дизайнерский ремонт качественными строй материалами.
- Вид из окна во двор с фонтаном. 

О ДОМЕ:
- Монолитно-кирпичный дом 2013 года постройки.
- Чистый отремонтированный подъезд , видеться видеонаблюдение.
- Охраняемая территория ЖК, въезд через КПП по пропускам.

ИНФРАСТРУКТУРА:
- ЖК расположен рядом с Можайский  шоссе , с  удобным выездом Минское шоссе и так же на платную дорогу -северный обход Одинцово, что позволяет добраться до Москвы без пробок в час пик. 
- 10 минут пешком до ЖД станции Пионерская ( Белорусское направление).
- 10 минут  на автобусе до ЖД станции Лесной городок ( киевское направление ). 
- Шикарная  детская площадка, внутри ЖК есть государственный и частный детский сад. Рядом с ЖК 2 Школы.
- Есть все необходимое для жизни аптеки , магазины, поликлиника, кафе, салоны красоты, спортивный комплекс с бассейном, автомойка и автосервис.

О СДЕЛКЕ:
- Один взрослый собственник. 
- Никто не прописан. 
- Полная стоимость в договоре, в собственности более 5 лет.
- Квартира без обременений и ипотеки.  

Полное юридическое сопровождение сделки, помощь в одобрении ипотеки на выгодных для Вас условиях. Постпродажное обслуживание!
Звоните оперативно организую показ.
Код пользователя: 154690",,37.7,8.1,214.9
https://www.cian.ru/sale/flat/307587034/,https://images.cdn-cian.ru/images/2274807269-4.jpg,ЖК «Квартал Марьино»,"Москва, НАО (Новомосковский), м. Рассказовка, д. Марьино, 1",Транспортом,8100000.0,224439.0,1.0,4.0,14.0,36.09,"Арт. 74235010 Светлая и уютная однокомнатная квартира (Евродвушка) расположена в монолитном доме, есть балкон. Есть большая гардеробная (5,54 кв.м.) - Мечта!
Квартира продается с готовым ремонтом от Застройщика: Кухня, комнаты, коридор: стены - обои; потолки - натяжной потолок; полы - ламинат 32 класса, дверь.
Санузел: стены - отделка керамической плиткой; потолки - натяжной потолок; полы - керамическая плитка, дверь; сантехнические изделия: ванна либо душевой поддон, раковина, унитаз, смеситель; Приборы учета (счетчики) холодного и горячего водоснабжения;сантехническое оборудование,  Также с кухонным гарнитуром и техникой (холодильник, плита, посудомоечная машинка, духовой шкаф). Срок сдачи дома 1 квартал 2025 года. 

УСЛОВИЯ ПРОДАЖИ:
- переуступка прав требования
- основание ДДУ,
- один взрослый собственник, материнский капитал/иной сертификат не использовался, обременений нет. Любая форма оплаты.

МЕСТОРАСПОЛОЖЕНИЕ:
- ЖК находится в 20 км от МКАД,
- м. ""Филатов луг""  15 минут на авто, м. ""Прокшино"" 20 минут на авто
- быстрый выезд на Калужское и Киевское шоссе,
- аэропорт ""Внуково"" - 20 минут на авто.

ИНФРАСТРУКТУРА: 
Современный подход к Жилым комплексам города Новой Москвы!
Сочетание экологичности и максимальной комфортности проживания в ЖК.
На территории квартала откроются 4 школы и 4 детских сада, поликлиника и спортивный комплекс. На первых этажах жилых домов откроют уютные кафе, магазины, аптеки, пекарни, салоны красоты. Рядом находится Валуевский лесопарк с усадьбой, живописный пруд, санаторий Валуевский.
Московская прописка!",,36.1,8.1,224.4
https://www.cian.ru/sale/flat/311337862/,https://images.cdn-cian.ru/images/2352305811-4.jpg,ЖК «Детали»,"Москва, НАО (Новомосковский), м. Рассказовка, улица Харлампиева, 32",Транспортом,8200000.0,215789.0,1.0,5.0,23.0,38.0,"Код объекта: 1248473.
 Квартира  в ЖК бизнес класса Детали между Киевским и Калужским шоссе в поселке Марьино Новой Москвы в 15 км от МКАД.
В пешей доступности расположен парк Марьино и Валуевский лесопарк.
Прописка Москва. В районе есть вся необходимая инфраструктура: магазины, супермаркеты, кафе рестораны, школы, поликлиника,  салоны красоты. До метро Филатов луг - 15 минут транспортом. Остановка общественного транспорта рядом с ЖК.
Во внутреннем дворе жилого комплекса размещены детские игровые зоны, спортивные площадки, прогулочные зоны, и зоны релакса. 
Территория жилого комплекса огорожена. Видеонаблюдение.
В домах предусмотрены безбарьерные входные группы, помещение для охраны, колясочные и велосипедные, лапомойки для питомцев.
Проект переменной этажности высотой от 6 до 23 этажей.
Возможна покупка в ипотеку и за наличный расчет.
На автомобиле можно добраться по Филимонковскому шоссе из Москвы, так же и на общественных маршрутах от метро Филатов луг и Саларьево, от МЦД Толстопальцево, на маршруте 894 от м. Теплый стан, 976 метро Ольховая и от Московского 879 маршрут 
Рядом также станции метро Аэропорт Внуково, Пыхтино.",,38.0,8.2,215.8
https://www.cian.ru/sale/flat/308111439/,https://images.cdn-cian.ru/images/2367716844-4.jpg,ЖК «Середневский лес»,"Москва, НАО (Новомосковский), м. Рассказовка, улица Усадебный Парк, 5",Транспортом,8200000.0,241176.0,1.0,8.0,9.0,34.0,"Код объекта: 1264957.
 Однокомнатная квартира в Москве: идеальный вариант для жизни или инвестиций

Продаётся уютная и светлая однокомнатная квартира на улице Усадебный Парк, 5. Квартира расположена на восьмом этаже девятиэтажного кирпично-монолитного дома 2023 года постройки.

Квартира отличается удобной планировкой с изолированными комнатами, просторной кухней площадью 17 кв. м и жилой площадью 9,9 кв. м. Общая площадь квартиры составляет 34 кв. метра. Высота потолков — 2,7 метра. В квартире выполнен качественный евроремонт, что позволяет сразу заселиться без дополнительных вложений. 

Дом оснащён пассажирским и грузовым лифтами. Для автовладельцев предусмотрена наземная парковка около дома. 
Прекрасные выезды , без пробок!, на Киевское и Калужское шоссе, а так же Боровское и Минское шоссе. 
В двух шагах от дома остановка автобуса до м Филатов луг, а так же есть маршрут до МЦД Толстопальцево. Рейсы каждые 5 минут. 

Построена и работает большая современная школа, детский садик. Открыто множество небольших магазинов. 
Комплекс малоэтажной застройки соседствует с великолепным лесопарком - Валуевский. Чистый воздух, красивые виды, тишина - это стоит многого)

Мы гарантируем безопасную сделку и юридическую поддержку нашим Клиентам. Поможем одобрить ипотеку с сниженной ставкой. Не упустите свой шанс стать обладателем этой прекрасной квартиры!

Звоните прямо сейчас, чтобы узнать больше о квартире и договориться о просмотре!",,34.0,8.2,241.2
https://odintsovo.cian.ru/sale/flat/308515760/,https://images.cdn-cian.ru/images/kvartira-odincovo-triumfalnaya-ulica-2294675211-4.jpg,ЖК «Гусарская баллада»,"Московская область, Одинцово, м. Рассказовка, улица Триумфальная, 4",Транспортом,8200000.0,167347.0,1.0,5.0,17.0,49.0,"Предлагаем вашему вниманию большую однокомнатную квартиру в ЖК Гусарская баллада. Площадь квартиры ( без учета лоджии) 49 м2. Просторная прихожая с возможностью сделать гардеробную. Кухня с выходом на застекленную лоджию. Лоджия большая с выходом на ""французский балкон""  и огромная , светлая комната 26 м2. В квартире возведены перегородки и проведена электропроводка. ЖК сдан в 2014 г. вся инфраструктура сложилась, очень много магазинов, кафе, аптеки и т.д.,  дет. сад во дворе, рядом школа. Все соседи давно закончили ремонты. Рядом с домом много парковочных мест и чудесные детские площадки, фонтан и прогулочные зоны. Квартира без обременений, без перепланировок. Один взрослый собственник , приобреталась квартира у застройщика.",,49.0,8.2,167.3
https://odintsovo.cian.ru/sale/flat/311150209/,https://images.cdn-cian.ru/images/kvartira-odincovo-gvardeyskaya-ulica-2348275001-4.jpg,ЖК «Гусарская баллада»,"Московская область, Одинцово, м. Рассказовка, улица Гвардейская, 7",Транспортом,8250000.0,187500.0,1.0,9.0,15.0,44.0,"Уютная светлая квартира с красивым видом на лес. 
Комната с эркером и увеличенными окнами.
В квартире был выполнен капитальный ремонт для себя. Стены окрашены; белые двери; чешская сантехника; новая электрика; кухня ИКЕА со встроенной техникой Hansa. 
Квартира в собственности более 10 лет, 1 собственник, без обременений! 
СВОБОДНАЯ СРОЧНАЯ продажа. 
Современный ЖК с развитой инфраструктурой и закрытой территорией.
Услуги риэлтеров не интересуют.",,44.0,8.2,187.5
https://www.cian.ru/sale/flat/309436266/,https://images.cdn-cian.ru/images/kvartira-grad-moskovskiy-georgievskaya-ulica-2314071272-4.jpg,,"Москва, НАО (Новомосковский), м. Рассказовка, Московский г., Град Московский мкр, улица Георгиевская, 1",Транспортом,8250000.0,217105.0,1.0,1.0,17.0,38.0,"СРОЧНАЯ ПРОДАЖА ОТ СОБСТВЕННИКА! 
Продам однокомнатную квартиру в современном районе Москвы. Квартира расположена на 1-м этаже 17-этажного дома. Высота потолков 2,75 метра. Возможен перевод в нежилое помещение. Московская прописка. В квартире сделан обычный косметический ремонт.
В шаговой доступности парк ""Филатов Луг"" с прогулочными и вело зонами, ТЦ, поликлиника, школы, детские сады, банки, сетевые магазины, салоны красоты, фитнес-клуб, бассейн, большой городской многоэтажный паркинг.  На придомовой территории имеется бесплатная парковка. Хорошая транспортная доступность - 15 мин на автобусе до трех станций метро Филатов Луг, Саларьево и Рассказовка. Удобный выезд на Киевское шоссе.  Один взрослый собственник с момента постройки дома, свободная продажа. Торг уместен.",,38.0,8.2,217.1
https://www.cian.ru/sale/flat/301652107/,https://images.cdn-cian.ru/images/kvartira-1y-2163323257-4.jpg,,"Москва, НАО (Новомосковский), м. Рассказовка, Московский г., 1-й мкр, 21",Транспортом,8320000.0,208000.0,1.0,7.0,12.0,40.0,"Шикарная, светлая, чистая квартира.  Зеленый, чистый район. Рядом школа, детский сад, отделение банка, аптека, магазины, зоны отдыха. Удобный  выезде на киевское или калужское шоссе. Один взрослый собственник. Полная стоимость в договоре. Свободная продажа. Быстрый выход на сделку. Квартира подходит под ипотеку.",,40.0,8.3,208.0
https://odintsovo.cian.ru/sale/flat/307275498/,https://images.cdn-cian.ru/images/kvartira-odincovo-gvardeyskaya-ulica-2266929479-4.jpg,ЖК «Гусарская баллада»,"Московская область, Одинцово, м. Рассказовка, улица Гвардейская, 15",Транспортом,8300000.0,201456.0,1.0,5.0,17.0,41.2,"Продаётся уютная однокомнатная квартира общей площадью 41,2 кв. м, расположенная по адресу: Московская область, Одинцово, Гвардейская улица, 15. Квартира находится на 5 этаже 17-этажного дома (дом переменной этажности), построенного в 2018 году. Высота потолков — 2,7 метра.

В квартире сделан евроремонт. В комнате установлен кондиционер. Мебель и техника (посудомоечная и стиральная машины, холодильник, варочная панель, духовой шкаф) остаются, поэтому заезжать можно сразу без дополнительных вложений. Светлая жилая комната (окна на запад) площадью 18,2 кв. м, кухня площадью 9,5 кв. м. Лоджия утеплена. 

Дом в отличном состоянии, оборудован пассажирским и грузовым лифтами.

Район хорошо развит: рядом находится новая школа, детские сады и магазины.

Квартира продаётся от собственника, без комиссии. Юридически чистая, без обременений и ограничений. Ипотека погашена, мат.капитал не привлекался.",,41.2,8.3,201.5
https://www.cian.ru/sale/flat/301008815/,https://images.cdn-cian.ru/images/kvartira-moskva-usadebnyy-park-ulica-2151425037-4.jpg,ЖК «Середневский лес»,"Москва, НАО (Новомосковский), м. Рассказовка, улица Усадебный Парк, 5",Транспортом,8450000.0,248529.0,1.0,8.0,9.0,34.0,"Продается квартира в ЖК Середневский лес, в экологически чистом районе новой Москвы.  Квартира светлая, уютная, окна выходят во двор. Квартира сдана 02.2024 года, без проживания, находится в собственности. Отделка стандарт. На территории и в подъездах видеонаблюдение. Дворовая территория закрытая с детскими и спортивными площадками, зонами отдыха. В ЖК развитая инфраструктура, открыт детский сад, скоро открытие школы. Есть магазины, кафе, салоны красоты.",,34.0,8.4,248.5
https://www.cian.ru/sale/flat/312164986/,https://images.cdn-cian.ru/images/kvartira-grad-moskovskiy-raduzhnyy-proezd-2370198399-4.jpg,,"Москва, НАО (Новомосковский), м. Рассказовка, Московский г., Град Московский мкр, проезд Радужный, 1",Транспортом,8500000.0,229730.0,1.0,16.0,17.0,37.0,"Свободная продажа,в собственности более 5 лет,уютная светлая квартира,продается с мебелью,один собственник.",,37.0,8.5,229.7
https://www.cian.ru/sale/flat/311733747/,https://images.cdn-cian.ru/images/2360848726-4.jpg,,"Москва, НАО (Новомосковский), м. Рассказовка, Филимонковское поселение, улица Жемчужная, 1к16",Транспортом,8500000.0,229730.0,1.0,1.0,4.0,37.0,"В связи с переездом, продается просторная евро 2х комнатная квартира в новой Москве. Уютная, светлая, чистая. Новая встроенная кухня и гардеробная останется новому хозяину. Доброжелательные соседи, чистый подъезд. Магазин, школа, сад, больница, остановка — все в шаговой доступности.
Открытие метро Десна в 2026 г. Обеспечит комфортную транспортную доступность.
Один взрослый собственник. Обременений нет. Быстрый выход на сделку, оперативный показ.
По всем интересующим вопросам звоните в удобное для Вас время.",,37.0,8.5,229.7
https://www.cian.ru/sale/flat/312095620/,https://images.cdn-cian.ru/images/kvartira-vnukovo-izvarinskaya-ulica-2368771691-4.jpg,,"Москва, ЗАО, р-н Внуково, м. Рассказовка, улица Изваринская, 1",Транспортом,8500000.0,233516.0,1.0,6.0,17.0,36.4,"Продается уютная однокомнатная квартира в Москве, в посёлке Внуково, на Изваринской улице. Расположена на 6 этаже 17-этажного монолитно-кирпичного  дома 2006 года постройки. Общая площадь — 36,4 кв. м, жилая площадь — 20 кв. м, кухня — 7 кв. м. Высота потолков — 2,75 м. Из окон открывается вид на улицу, а до метро ""Аэропорт Внуково"" всего 6 минут на автомобиле.

В квартире сделан качественный ремонт. Современный интерьер гармонично сочетает в себе комфорт и стиль. Кухня оборудована всей необходимой техникой, что позволяет сразу же начать готовить домашние блюда. Санузел совмещенный, выполнен в светлых тонах. В квартире есть балкон, где можно наслаждаться свежим воздухом и красивым видом.

Дом в хорошем состоянии, оборудован пассажирским и грузовым лифтами, а также мусоропроводом, поэтому вам будет удобно выносить мусор. Для автомобилей предусмотрена наземная парковка, что особенно актуально для столичных жителей.

Инфраструктура района развита: в 50 метрах от подъезда  находиться спортивный комплекс  с двумя бассейными и фитнесом , рядом находятся пункты выдачи заказов на  Озон и Вайлдберриз , школы и магазины, что делает это место удобным для семейной жизни. В шаговой доступности также расположен один из крупнейших парков Москвы и различные объекты для досуга и отдыха.

Продажа квартиры осуществляется без обременений, документы готовы к сделке. Возможна покупка в ипотеку. Мы работаем с надежными банками, поэтому условия кредитования будут комфортными для вас. 

Приглашаем вас на просмотр! Записывайтесь на удобное для вас время, чтобы убедиться, что эта квартира — идеальный вариант для вашего нового дома.",,36.4,8.5,233.5
https://www.cian.ru/sale/flat/307012850/,https://images.cdn-cian.ru/images/kvartira-vnukovskoe-omskaya-ulica-2261714848-4.jpg,,"Москва, НАО (Новомосковский), м. Рассказовка, Внуковское поселение, улица Омская, 14к2",Транспортом,8500000.0,254491.0,1.0,13.0,18.0,33.4,"Продам однокомнатную квартиру в комфортабельном жилом комплексе по адресу : Омская улица , 14к 2 
Панорамный вид из окна 
Свободная продажа, 1 собственник
Более 5 лет в собственности 

Кирпичный дом , индивидуальный проект 
Без перепланировок 
Большая парковка , бесшумные лифты 
Большая кухня и просторная комната 
Квартира полностью меблированная 

Рядом хорошие школы, кружки , магазины, парк Изварино , зоны отдыха , все в пешей доступности 
Рядом метро",,33.4,8.5,254.5
https://www.cian.ru/sale/flat/312253184/,https://images.cdn-cian.ru/images/2371922723-4.jpg,ЖК «Солнцево парк»,"Москва, НАО (Новомосковский), м. Рассказовка, Внуковское поселение, улица Летчика Грицевца, 14А",Транспортом,8600000.0,232432.0,1.0,5.0,15.0,37.0,"Номер в базе: 4370477. Ищете готовый вариант для жизни или в аренду? Чтобы вся инфраструктура рядом?

Обязательно рассмотрите этот вариант! Возможно это то, что вы ищете!

12 минут пешком до метро Пыхтино.
5 минут до школы и десткого сада.
10 минут до торгового центра с магазинами и кафе.
15 минут пешком до парка с набережной.

Для автомобилистов прямой выезд на Боровское и Киевское шоссе. 

Это отличный вариант как для жизни, так и сдачи в аренду, тем более, что стоимость ниже, чем на квартиры!

Записывайтесь на просмотр! Расскажу все подробно про квартиру, район и условия покупки по сниженной ставке от 14.99%!

С уважением, специалист по недвижимости Губаев Баир.
Код пользователя: 125203",,37.0,8.6,232.4
https://www.cian.ru/sale/flat/307304937/,https://images.cdn-cian.ru/images/kvartira-vnukovskoe-letchika-ulyanina-ulica-2363441093-4.jpg,ЖК «Солнцево парк»,"Москва, НАО (Новомосковский), м. Рассказовка, Внуковское поселение, улица Летчика Ульянина, 7",Транспортом,8600000.0,206731.0,1.0,5.0,17.0,41.6,"Вашему вниманию предлагаются 1 комнатные Апартаменты в ЖК Солнцево парк, в доме 2017 года постройки, дом построен по индивидуальному проекту, площадью 41,6/20/14, всего в 12 минутах ходьбы от станции метро Пыхтино, выход 1. 

Апартаменты с функциональной планировкой, линейная, окна смотрят на улицу. Имеется лоджия, одна изолированная комната площадью 20 кв.м. 
Апартаменты в хорошем состоянии, ремонт выполнен из качественных строительных материалов, кухня просторная, со встроенной техникой, выполнена по индивидуальному проекту. В комнате на полу ламинат, на кухне плитка. Совмещенный С/У, оборудован качественной сантехникой, установлены приборы учета, гребенки на горячее и холодное водоснабжение. Имеется гардеробная комната, высокие потолки, натяжные.
Чистый подъезд, лифты пассажирский и грузовой. Ухоженный благоустроенный двор, подземный паркинг, видео-наблюдение.   

Развитая инфраструктура района: школы, детские сады, банки, аптеки, социальные и экстренные службы, поликлиника для взрослых и детская поликлиника 212, стоматология, несколько супермаркетов, торговые центры, пункты выдачи заказов, продовольственные магазины, фитнес-клуб, кафе и рестораны, салоны красоты, Боровский парк, парк Рассказовка.  Все это шаговой доступности от дома. 

Хорошая транспортная доступность: удобный выезд на Боровское, Киевское и Филатовское шоссе. 

Документы: ДДУ 2014 года, полная стоимость в договоре, 1 взрослый собственник, возможна ипотека, свободная продажа.",,41.6,8.6,206.7
https://www.cian.ru/sale/flat/308683106/,https://images.cdn-cian.ru/images/kvartira-filimonkovskoe-zhemchuzhnaya-ulica-2298402440-4.jpg,,"Москва, НАО (Новомосковский), м. Рассказовка, Филимонковское поселение, улица Жемчужная, 1к16",Транспортом,8550000.0,226190.0,1.0,1.0,4.0,37.8,"В  связи с переездом, продается  просторная евро 2х комнатная квартира в новой Москве. Уютная, светлая, чистая. Новая встроенная кухня и гардеробная останется новому хозяину. Доброжелательные соседи, чистый подъезд. Магазин, школа, сад, больница, остановка - все в шаговой доступности. 
открытие метро Десна в 2026 г. обеспечит комфортную транспортную доступность. 
Один взрослый собственник. Обременений нет. Быстрый выход на сделку, оперативный показ. 
По всем интересующим вопросам звоните в удобное для Вас время.",,37.8,8.6,226.2
https://odintsovo.cian.ru/sale/flat/311206628/,https://images.cdn-cian.ru/images/kvartira-mikrorayon-klubnichnoe-2349394176-4.jpg,,"Московская область, Одинцово, м. Рассказовка, Микрорайон Клубничное Поле, 1",Транспортом,8600000.0,226316.0,1.0,22.0,26.0,38.0,"Продаётся однокомнатная квартира 38 м2 с черновым ремонтом. 
Высокий этаж с видом на лес. Окна смотрят на северо-западное направление. Под окнами платная трасса, вид с окна никто не закроет. 
До два года на ключах. Все соседи живут. Район обжитой, есть все магазины, сервисы. Неподалёку крупный строительный супермаркет. 
Выезд на платную дорогу из комплекса. До метро не более 15 минут на личном транспорте. 
Закрытый внутренний двор и детские площадки от транспорта. 
Есть школа, несколько детских садов в пешей доступности. 
Продаётся значительно ниже застройщика. 
Торг уместен.
АГЕНСТВАМ НЕДВИЖИМОСТИ БЕЗ ПОКУПАТЕЛЯ НЕ ЗВОНИТЬ",,38.0,8.6,226.3
https://www.cian.ru/sale/flat/297371975/,https://images.cdn-cian.ru/images/kvartira-vnukovo-plotinnaya-ulica-2079207275-4.jpg,,"Москва, ЗАО, р-н Внуково, м. Рассказовка, улица Плотинная, 1к1",Транспортом,8600000.0,226316.0,1.0,8.0,12.0,38.0,"Продам 1 комнатную квартиру в районе посёлок Внуково (ЗАО)
Прописка Москва (!)
Дом серии П-44Т (2006), 8 этаж, квартира расположена так, что соседей не слышно 
Она теплая и просторная, широкий коридор, большая комната (поделена шкафом на 2 зоны - гостиная и спальня), из нее выход на удобный балкон
Мебель и кухню можно оставить (обсуждаемо)
Ремонт косметический от застройщика, можно сделать все под себя или заехать и жить/сдавать так
Рядом 2 станции метро Пыхтино и Аэропорт Внуково
Прямо перед домом детский сад и взросло-детская современная обновленная поликлиника (все это в 1 минуте пешком!)
Рядом также 2 общеобразовательные школы, есть частный детсад и начальная школа, бассейн, церковь, прекрасный зеленый парк с детскими площадками и пруд
Вокруг магазины (Пятерочка, Вкусвилл, Дикси и др), Озон, Wildberries
Неподалеку есть большой гипермаркет Зельгросс, Азбука Вкуса, Vnukovo Outlet village
2 взрослых собственника (мать и дочь)
Основание владения: наследство (с 2016)
Никто не прописан
Продажа свободная
Обременений нет 
В услугах риэлтора не нуждаемся!
Звонить только после предварительной переписки!
Просмотр по договоренности",,38.0,8.6,226.3
https://www.cian.ru/sale/flat/305535687/,https://images.cdn-cian.ru/images/kvartira-moskovskiy-bianki-ulica-2235467265-4.jpg,ЖК «Город-парк Первый Московский»,"Москва, НАО (Новомосковский), м. Рассказовка, Московский г., улица Бианки, 5",Транспортом,8700000.0,225974.0,1.0,2.0,17.0,38.5,"Дом серии П-111М. Комната 18,1кв.м., прихожая 5,7 кв.м. с местом под гардеробную 1,6 кв.м. Высота потолков 2,6 м. Состояние квартиры обычное. Окна квартиры выходят в противоположную от подъезда сторону. Балкон 6 кв.м. застеклен, выход их кухни. Чистый, современный подъезд. Один совершеннолетний собственник. Собственность более пяти лет. Обременений нет.",,38.5,8.7,226.0
https://www.cian.ru/sale/flat/298006637/,https://images.cdn-cian.ru/images/2091044079-4.jpg,ЖК «Спортивный квартал»,"Москва, НАО (Новомосковский), м. Рассказовка, Филимонковское поселение, улица Харлампиева, 52к1",Транспортом,8700000.0,223077.0,1.0,2.0,12.0,39.0,"Квартира с ремонтoм ,  с мeбелью ,комната большая 21 кв.м. , со  звукоизоляцией ,  вид из oкон нa peку  , потолки натяжные, пол -паркетная доска.Метро Филaтoв луг 15-20 мин на транспорте Остановка общественного транспорта 5 мин пешком .
Риелторов прошу не беспокоить, если есть покупатель, накручивайте свой процент и тогда звоните.",,39.0,8.7,223.1
https://www.cian.ru/sale/flat/304800469/,https://images.cdn-cian.ru/images/kvartira-vnukovskoe-letchika-ulyanina-ulica-2221401894-4.jpg,ЖК «Солнцево парк»,"Москва, НАО (Новомосковский), м. Рассказовка, Внуковское поселение, улица Летчика Ульянина, 7",Транспортом,8750000.0,203016.0,1.0,4.0,19.0,43.1,"Аппартаменты в ЖК ""Солнцево парк"". В 7 минутах пешком  от м. Пыхтино. Евроремонт. Продается с мебелью и бытовой техникой.С/у совмещен,  лоджия 3,3 м., гардеробная, чистый подъезд , консьерж, подземный паркинг.Район с развитой инфраструктурой. Есть все необходимое для комфортного проживания. Один взрослый собственник Свободная продажа.",,43.1,8.8,203.0
https://odintsovo.cian.ru/sale/flat/308305242/,https://images.cdn-cian.ru/images/2304863774-4.jpg,,"Московская область, Одинцово, м. Рассказовка, Микрорайон Клубничное Поле, 8",Транспортом,8890000.0,284936.0,1.0,21.0,24.0,31.2,"Номер в базе: 2846079. Уважаемые покупатели, Вашему вниманию предлагается Новая квартира в ЖК Одинград! В квартире сделан качественный ремонт и  частично установлена необходимая мебель.

Планировка: прихожая-гардеробная,имеется шкаф-купе; совмещённый санузел; спальня; кухня-столовая с выходом на застеклённую лоджию.

В жилом комплексе имеется вся необходимая инфраструктура: магазины, аптеки, детский сад.Так же в ближайшем доступе школы, сады, медицинские учреждения, почта, автобусная остановка, Ж/Д станция Отрадное, Одинцово.
Удобный выезд на платную дорогу, 20 мин до центра Москвы.
В 5 минутах находится Спортивный парк имени Ларисы Лазутиной.

Возможен торг!

Помощь в одобрении ипотеки, юридическая и финансовая гарантия.

Звоните, отвечу на все Ваши вопросы! Оперативный показ!

Код пользователя: 168100",,31.2,8.9,284.9
https://odintsovo.cian.ru/sale/flat/311777508/,https://images.cdn-cian.ru/images/2361782023-4.jpg,ЖК «Гусарская баллада»,"Московская область, м. Рассказовка, Одинцовский городской округ, пос. ВНИИССОК, улица Дениса Давыдова, 11",Транспортом,8800000.0,208038.0,1.0,12.0,17.0,42.3,"Номер в базе: 957879. Продается уютная и стильная 1-комнатная квартира с лоджией в ЖК ""Гусарская баллада"". 

КВАРТИРА:

Общая площадь 42,3 м2, высокие потолки 2,8 м. Просторная спальня-гостиная 18.4 м2, светлая кухня 10 м2 с качественной техникой, большой санузел 6 м2. Ремонт выполнен с любовью и вниманием к деталям. Встроенный шкаф в прихожей, удобная мебель в гостиной. 

ДОМ: 

ЖК ""Гусарская баллада"" - комфортное место для жизни. Этаж 12 из 17, современный монолитный дом. Крытый паркинг, служба инженерной поддержки. Детские и спортивные площадки, фонтаны, культурные мероприятия.

ЛОКАЦИЯ: 

Развитая инфраструктура района обеспечивает все необходимое для комфортной жизни: рядом магазины, фаст-фуд, салоны красоты, медицинские учреждения. Детский сад, школа ""Багратион"". Удобная транспортная доступность: автобусная остановка в 2 минутах, быстрый доступ до метро и Москва-Сити на машине.

Все подробности и запись на просмотр по телефону.

Содействие в одобрении ипотеки.




Код пользователя: 1245794304",,42.3,8.8,208.0
https://odintsovo.cian.ru/sale/flat/311157605/,https://images.cdn-cian.ru/images/2348367902-4.jpg,ЖК «Гусарская баллада»,"Московская область, Одинцово, м. Рассказовка, улица Триумфальная, 1",Транспортом,8999999.0,180000.0,1.0,11.0,15.0,50.0,"Id 26376. Большая - новая квартира - с огромной лоджией - 7 кв метров, еще есть маленький балкон - где можно выращивать цветы. ЧИСТЫЕ , проверенные документы ! Поможем с нормальной  ИПОТЕКОЙ! Видео и фото по запросу на любой мессенджер! Торг! Позвоните сейчас и узнайте дополнительную информацию!",,50.0,9.0,180.0
https://www.cian.ru/sale/flat/308906490/,https://images.cdn-cian.ru/images/kvartira-grad-moskovskiy-georgievskaya-ulica-2302479985-4.jpg,,"Москва, НАО (Новомосковский), м. Рассказовка, Московский г., Град Московский мкр, улица Георгиевская, 1",Транспортом,8970000.0,236053.0,1.0,2.0,17.0,38.0,"Светлая чистая квартира в доме рядом с парком!   Альтернативная продажа
Однокомнатная квартира на втором этаже один взрослый собственник. Квартира теплая, уютная. Лоджия застеклена. 
 Чистый подъезд, приятные соседи.

 Дом на первой линии от парка ""Филатов Луг"". Выход из подъезда на детскую площадку. Сразу за детской площадкой вход в парк! В парке прогулочные зоны, детские и спортивные площадки. через парк и далее по освещаемой дорожке выход к метро. 

 Развитая инфраструктура района.
  В пешей доступности детские сады, школы, магазины, кафе, детская поликлиника, торговые центры и многое другое.
Один взрослый собственник. Показ по договоренности",,38.0,9.0,236.1
https://odintsovo.cian.ru/sale/flat/311417285/,https://images.cdn-cian.ru/images/kvartira-vniissok-ryabinovaya-ulica-2355527631-4.jpg,,"Московская область, м. Рассказовка, Одинцовский городской округ, пос. ВНИИССОК, Рябиновая улица, 7",Транспортом,8950000.0,209602.0,1.0,5.0,17.0,42.7,"Продается уютная квартира   в монолитном  доме в поселке ВНИИССОК.  Очень функциональная  планировка,   по факту двухкомнатная квартира с  двумя изолированными комнатами и выделенной кухней. В стоимость входит вся мебель,  в том числе  кухонный гарнитур из массива ясеня со встроенной плитой,  духовкой и вытяжкой.   Большое панорамное окно и кондиционер есть  в одной из комнат. В другой комнате есть встроенный вместительный шкаф.  В прихожей имеется просторная  гардеробная. Cанузел большой с качественной импортной сантехникой.        Просторная прихожая. Вид из окон на поле,  лес и пруд. Тамбурная дверь на 4 квартиры.  2 лифта,  грузовой и пассажирский. Во дворе детская  и спортивная площадки.Есть места для парковки.  Превосходно   развита инфраструктура  района: магазины, детские сады, школа,    аптеки,  пруд, лес. Удобная транспортная доступность: регулярные рейсы автобусов,  станции электричек Белорусского направления. Свободная продажа.  В собственности более 10 лет. Приезжайте и оцените все преимущества этой квартиры!",,42.7,8.9,209.6
https://odintsovo.cian.ru/sale/flat/286855859/,https://images.cdn-cian.ru/images/58/742/071/kvartira-vniissok-ulica-druzhby-1702478548-4.jpg,,"Московская область, м. Рассказовка, Одинцовский городской округ, пос. ВНИИССОК, улица Дружбы, 5",Транспортом,8950000.0,203409.0,1.0,11.0,17.0,44.0,"Продается очень уютная, стильная, теплая, квартира, фактически 2-шка:
 1) с кухней-гостиной-столовой со встроенной техникой и удобным раскладным диваном и
2) спальней-гостиной со встроенным зеркальным шкафом-гардеробной, двумя удобными раскладными диванами с ортопедическими матрасами, подушками и ящиками для хранения. 
Санузел совмещенный. 
Два застекленных балкона, отделка деревом- в белом цвете в спальне,  который можно использовать как дополнительную гардеробную и в ореховом цвете на кухне, где сделана сушилка для одежды, на обоих балконах установлены автономные обогреватели.

Квартира очень теплая и солнечная. Евроремонт, полы ламинат. Квартира полностью готова к проживанию- заходи и живи. 

Мебель в комнатах и техника вся остаётся. Техника - Электроплита AEG,  большой холодильник Whirlpool, моечная машина Electrolux, стиральная машина Electrolux, вытяжка Kuperlsberg. Мебель- три раскладывающихся дивана, большой вместительный шкаф-гардеробная для хранения одежды и обуви. 

Утепленный закрытый тамбур на 4 квартиры, можно спокойно ставить коляски и велосипеды, хорошие соседи. 
Парковка открытая во дворе, места всегда есть. Напротив дома две закрытые многоуровневые стоянки. 

Развитая инфраструктура. Ухоженный зеленый двор, детские и спортивные площадки, аптеки, детский сад, школа, салоны- парикмахерские, стоматология. 

Удобная транспортная доступность. Выезд на Минское и Можайское шоссе, а так же на платную дорогу Северный обход Одинцово. 
Остановка маршрутки возле дома, до Одинцово 10 минут, где легкое метро, ходят каждые 5 минут. 
До станции Пионерская пешком 15 минут, до центра - Белорусский вокзал -30 минут на электричке. 
Рядом гипермаркет Глобус, Леруа Мерлен(бесплатные автобусы), ТЦ Атлас, Вкусно и точка, Эльдорадо, сетевые магазины Магнит, Перекрёсток, Пятерочка, Вкусвилл, Верный, Wildberries, Ozon, 

В собственности более 5 лет (с 2011 года), 1 взрослый собственник, свободная продажа, быстрый выход на сделку, полная стоимость в ДКП, документы в порядке, без перепланировок, без обременений и долгов. Сделка через СБП. 
Показ риэлторам только с реальными покупателями. Ипотека возможна без маткапитала. 
Собственник.",,44.0,8.9,203.4
https://odintsovo.cian.ru/sale/flat/299527922/,https://images.cdn-cian.ru/images/kvartira-odincovo-ulica-marshala-biryuzova-2118867488-4.jpg,ЖК «Микрорайон Центральный»,"Московская область, Одинцово, мкр. 3-й, м. Рассказовка, улица Маршала Бирюзова, 2а",Транспортом,8990000.0,216627.0,1.0,4.0,25.0,41.5,"Уютная, светлая и просторная однокомнатная квартира, в благоприятном и тихом районе г. Одинцово. Дом комфорт класса. 
Новый, свежий ремонт, никто не жил в квартире после ремонта. 

Квартира 38,5 кв.м+6 кв.м (лоджия). Возможность использования как ЕВРОДВУШКА, без перепланировки, с учетом правильного расположения мебели!!!! (план расстановки мебели прилагается на фото)

Дизайнерский подъезд, 4 лифта (2 грузовых + 2 пассажирских). 4 квартиры на этаже. Консьерж, видеонаблюдение (внутреннее, наружнее), дистанционное управление домофоном с камерой (из приложения на телефоне). 
Есть подземная парковка. 
Развитая инфраструктура: школы, детские сады, магазины, больница. В доме имеются пункты выдачи Wildberries и Ozon. В минуте ходьбы автобусная остановка, до станции Одинцово и метро Славянский бульвар, Парк победы, Киевская. Рядом съезд на трассу М1, удобно добираться на автомобиле до Москвы. Также рядом большой зеленый, спортивный парк (Одинцовский парк культуры, спорта и отдыха им. Ларисы Лазутиной)и Барвихинский лес.

Собственник, свободная продажа.",,41.5,9.0,216.6
https://odintsovo.cian.ru/sale/flat/303549469/,https://images.cdn-cian.ru/images/kvartira-vniissok-borodinskaya-ulica-2196308056-4.jpg,ЖК «Гусарская баллада»,"Московская область, м. Рассказовка, Одинцовский городской округ, пос. ВНИИССОК, улица Бородинская, 1",Транспортом,8900000.0,200000.0,1.0,7.0,10.0,44.5,"Продаю квартиру с панорамным видом, солнечная сторона. Квартира с хорошим ремонтом. Чистейший подьезд, без запахов. Соседи просто замечательные люди. Тихие соседи, развитая инфраструктура. Хорошее расположение дома: рядом открыли новую самую большую школу в Подмосковье с современно- оборудованными классами, четыре детских сада, много магазинов: Пятёрочка, Магнит, ВкусВилл, Дикси. Около дома есть парковка для машин. Удобная транспортная развязка, напротив дома остановки общественного транспорта. До Москвы, метро Молодежная 20 минут на маршрутке без пробок. Один взрослый собственник.  Юридически чистая квартира. Звоните, покажу.",,44.5,8.9,200.0
https://www.cian.ru/sale/flat/311770554/,https://images.cdn-cian.ru/images/2361639352-4.jpg,ЖК «Солнцево парк»,"Москва, НАО (Новомосковский), м. Рассказовка, Внуковское поселение, улица Летчика Ульянина, 7",Транспортом,9000000.0,236842.0,1.0,8.0,19.0,38.0,"Продам современные апартаменты в новом жилом комплексе в шаговой доступности от метро Пыхтино. В квартире сделан современный ремонт. Имеется вся необходимая для комфортного проживания мебель и техника, которая остается Покупателю.
Дом находится в отличном состоянии, оснащен пандусом для удобства передвижения. Для автомобилистов предусмотрена подземная парковка. В подъезде работает консьерж.
Документы готовы к сделке, один собственник, срок владения более 5 лет.
Торг обсуждается.
Звоните, будем рады показать.
Сниженная ипотечная ставка для клиентов от банков-партнеров ""Азбуки Жилья"". Обмен вашей квартиры или другой недвижимости. Звоните.",,38.0,9.0,236.8
https://www.cian.ru/sale/flat/312229154/,https://images.cdn-cian.ru/images/2371497784-4.jpg,,"Москва, ЗАО, р-н Внуково, м. Рассказовка, улица Изваринская, 1",Транспортом,9000000.0,239362.0,1.0,11.0,17.0,37.6,"Номер в базе: 3913279. Предлагаем вашему вниманию великолепную светлую квартиру в одном из самых востребованных и комфортных районов города! Этот дом серии П-44Т идеально подходит как для жизни, так и для выгодных инвестиций. Квартиры в этом районе всегда пользуются высоким спросом и быстро находят своих новых владельцев по привлекательной цене!

Расположение квартиры просто превосходное: в шаговой доступности находятся детские сады, школы, индустриальный колледж, поликлиника и множество магазинов, включая крупные торговые центры. Для активного отдыха и семейного досуга во дворе предусмотрены современные детские площадки и спортивный центр ""Пегас"" с бассейном и тренажерами. А для любителей природы неподалеку расположен живописный Изваринский пруд, а также Храм Илии Пророка и Храм Святой Татианы.

Транспортная доступность также на высшем уровне: всего 6 минут до метро ""Аэропорт Внуково"", 8 минут до МЦД4 ""Лесной Городок"" и 8 минут до метро ""Пыхтино"". Это значит, что вы всегда сможете быстро добраться до центра города или в любое другое направление.

Квартира расположена на 11 этаже, общей площадью 37,6 м² с функциональной планировкой: просторная комната (19,1 м²) и уютная кухня (7 м²). Застекленная лоджия добавляет дополнительное пространство и комфорт. Состояние квартиры жилое, менее полугода назад была проведена косметическая отделка кухни, а в комнате недавно обновили обои.

В подъезде всегда чистота и порядок, есть консьерж, а соседи дружелюбные и отзывчивые. У дома всегда можно найти парковочное место, что является несомненным плюсом для автомобилистов.

Квартира принадлежит двум взрослым собственникам, полная стоимость в договоре, без обременений и сложностей. Легкая альтернатива! Не упустите возможность стать владельцем этого замечательного жилья  звоните и записывайтесь на просмотр уже сегодня!


Код пользователя: 172041",,37.6,9.0,239.4
https://www.cian.ru/sale/flat/310833782/,https://images.cdn-cian.ru/images/2341203021-4.jpg,,"Москва, ЗАО, р-н Внуково, м. Рассказовка, улица Изваринская, 1",Транспортом,9000000.0,239362.0,1.0,11.0,17.0,37.6,"Номер в базе: 3913279. Предлагаем вашему вниманию великолепную светлую квартиру в одном из самых востребованных и комфортных районов города! Этот дом серии П-44Т идеально подходит как для жизни, так и для выгодных инвестиций. Квартиры в этом районе всегда пользуются высоким спросом и быстро находят своих новых владельцев по привлекательной цене!

Расположение квартиры просто превосходное: в шаговой доступности находятся детские сады, школы, индустриальный колледж, поликлиника и множество магазинов, включая крупные торговые центры. Для активного отдыха и семейного досуга во дворе предусмотрены современные детские площадки и спортивный центр ""Пегас"" с бассейном и тренажерами. А для любителей природы неподалеку расположен живописный Изваринский пруд, а также Храм Илии Пророка и Храм Святой Татианы.

Транспортная доступность также на высшем уровне: всего 6 минут до метро ""Аэропорт Внуково"", 8 минут до МЦД4 ""Лесной Городок"" и 8 минут до метро ""Пыхтино"". Это значит, что вы всегда сможете быстро добраться до центра города или в любое другое направление.

Квартира расположена на 11 этаже, общей площадью 37,6 м² с функциональной планировкой: просторная комната (19,1 м²) и уютная кухня (7 м²). Застекленная лоджия добавляет дополнительное пространство и комфорт. Состояние квартиры жилое, менее полугода назад была проведена косметическая отделка кухни, а в комнате недавно обновили обои.

В подъезде всегда чистота и порядок, есть консьерж, а соседи дружелюбные и отзывчивые. У дома всегда можно найти парковочное место, что является несомненным плюсом для автомобилистов.

Квартира принадлежит двум взрослым собственникам, полная стоимость в договоре, без обременений и сложностей. Легкая альтернатива! Не упустите возможность стать владельцем этого замечательного жилья  звоните и записывайтесь на просмотр уже сегодня!


Код пользователя: 172041",,37.6,9.0,239.4
https://odintsovo.cian.ru/sale/flat/303544003/,https://images.cdn-cian.ru/images/2290282785-4.jpg,ЖК «Одинбург»,"Московская область, Одинцово, м. Рассказовка, Северная улица, 15",Транспортом,9000000.0,264706.0,1.0,25.0,25.0,34.0,"Код объекта: 1149240.
 Продам видовую квартиру в ЖК ОДИНБУРГ с потрясающими закатами!

Новый дизайнерский ремонт! 

Арки и изогнутые линии - это истинные хиты 2024 года. В коллекциях нового сезона мы видим плавные дугообразные формы, которые передают великолепие и элегантность ар-деко.

 Дополнить дизайн картинами, полками, шторами и т.п будет возможность у нового обладателя этой прекрасной квартиры. Дать волю своим фантазиям и воплотить это в жизнь.

Кроме использования арок и изогнутых линий, мы также наблюдаем тенденцию к использованию богатого бархата и тактильных материалов, которые придают атмосферу роскоши, так характерные для эпохи ар-деко.

Дорогая, модная мебель из Франции!

 Просторная кухня. 
Кухонный гарнитур с бытовой техникой (посудомоечная машина, варочная панель, духовой шкаф, микроволновая печь).

В санузле теплые полы, стиральная машина.

Просторная спальня с большой двуспальной кроватью и панорамными окнами. 

В этой шикарной квартире есть гардеробная комната.

 Балкон с панорамным остеклением. 

О доме:
- охрана, подземный, наземный паркинг, чистый подъезд, во дворе современные детская и спортивная площадки.

О локации:
- престижный район, рядом вся инфраструктура, в шаговой доступности остановка общественного транспорта, МЦД Одинцово, магазины, школа, детский сад, поликлиника, банки, спортивный парк Ларисы Лазутиной и пр.

 
1 взрослый собственник. Свободная продажа.

Быстрый выход на сделку!",,34.0,9.0,264.7
https://www.cian.ru/sale/flat/311384788/,https://images.cdn-cian.ru/images/kvartira-moskovskiy-moskvitina-ulica-2353346595-4.jpg,ЖК «Город-парк Первый Московский»,"Москва, НАО (Новомосковский), м. Рассказовка, Московский г., улица Москвитина, 7",Транспортом,9000000.0,230769.0,1.0,16.0,19.0,39.0,"Современный район Новой Москвы. В шаговой доступности есть всё - магазины, торговые центры, школы, дет.сады, поликлиники,  МФЦ, бассейн, рынок, кафе и т.д. Рядом с домом огромная бесплатная  парковка, всегда есть свободные места. Площадь квартиры 38 кв.м + лоджия 3 кв.м. Отличная квартира с предчистовой отделкой, большая застеклённая лоджия, просторная кухня с эркером. Электропроводка сделана, есть сантехника .Один собственник. Без долгов, без обременений. Свободна во всех отношениях - без альтернатив, без зарегистрированных лиц, в квартире никто никогда не жил. Быстрый выход на сделку. Ипотека приветствуется.",,39.0,9.0,230.8
https://www.cian.ru/sale/flat/312046628/,https://images.cdn-cian.ru/images/kvartira-grad-moskovskiy-moskovskaya-ulica-2367542113-4.jpg,,"Москва, НАО (Новомосковский), м. Рассказовка, Московский г., Град Московский мкр, улица Московская, 3",Транспортом,9000000.0,240000.0,1.0,7.0,17.0,37.5,"Вашему вниманию предлагается однокомнатная квартира в доме серии П-44Т, 2012 года постройки в жилом комплексе Град Московский. Квартира в жилом состоянии, вся мебель остается. В собственности с 2020 года, один собственник, никто не зарегистрирован, обременений нет, свободная продажа.",,37.5,9.0,240.0
https://odintsovo.cian.ru/sale/flat/282129406/,https://images.cdn-cian.ru/images/84/287/641/kvartira-odincovo-belorusskaya-ulica-1467824863-4.jpg,ЖК «Одинцовский Парк»,"Московская область, Одинцово, мкр. Одинцовский парк, м. Рассказовка, улица Белорусская, 10",Транспортом,9000000.0,186722.0,1.0,3.0,18.0,48.2,"Продам уютную однокомнатную квартиру (евродвушка) в экологически чистом районе Подмосковья по адресу г. Одинцово, ул. Белорусская, дом 10. Площадь 48,20 кв.м в свежей новостройке. Удачная планировка, которая позволяет рационально использовать пространство. Светлая кухня-студия площадью 13,71 кв.м. Жилая площадь 21,39 кв.м. Совмещенный санузел 4,08 кв.м. Лоджия 3,29 кв.м. Гардеробная 4 кв.м. Интернет. Установлены счетчики, индивидуальная система отопления. Сделан евроремонт с использованием качественных материалов. В квартире остаётся все, что вы видите на фото. В доме консьерж и видеонаблюдение. На территории ЖК есть все необходимое - магазины, детские площадки, аптеки, напротив подъезда школа и детский сад. 3 минуты ходьбы до остановки, которые едут в Москву (454), и по г. Одинцово (454, 21 и 10 маршрутки), пешком 18-20 минут до станции МЦД-1. Хорошие тихие соседи. Я собственник",,48.2,9.0,186.7
https://www.cian.ru/sale/flat/303817164/,https://images.cdn-cian.ru/images/kvartira-moskovskiy-solnechnaya-ulica-2212589407-4.jpg,ЖК «Град Московский»,"Москва, НАО (Новомосковский), м. Рассказовка, Московский г., улица Солнечная, 7",Транспортом,9200000.0,243386.0,1.0,17.0,17.0,37.8,"Представляем Вашему вниманию уютную, однокомнатную квартиру, с шикарным панорамным видом, где Вам будут открываться прекрасные закаты.
В доме присутствует консьерж который следит за порядком и проводит уборку во всем подъезде. 
Дом оборудован грузовым и обычным лифтом . В квартиру проведен высокоскоростной интернет . При наличии ТС всегда можно найти бесплатную парковку не далеко от дома 

Имеется развитая инфраструктура, 2 детских сада и школы рядом с домом, несколько продуктовых и круглосуточных магазинов и аптек.

В  доступности находится метро филатов луг, тропа проходит мимо большого парка ""Филатов луг"" и на самокате занимает около 10 минут, но так же по маршруту от дома курсирует несколько автобусов как до метро Филатов луг, так и до Саларьево

У квартиры один собственник, свободная продажа.

С удовольствием покажем Ваш будущий дом в любой день и время!",,37.8,9.2,243.4
https://www.cian.ru/sale/flat/305635449/,https://images.cdn-cian.ru/images/kvartira-moskovskiy-solnechnaya-ulica-2242687881-4.jpg,,"Москва, НАО (Новомосковский), м. Рассказовка, Московский г., улица Солнечная",Транспортом,9200000.0,237113.0,1.0,2.0,17.0,38.8,"Продам 1комнатную современную квартиру в очень красивом районе Град Московский. Квартира в отличном состоянии, комната около 22 кв м просторная светлая с выходом на  утепленный балкон с кафельной плиткой и стеновыми панелями, кухня 8 кв м с окном, санузел 4 кв м. с кафельной плиткой , встроенным унитазом Roca с инсталяцией и душевой панелью. Последний косметический ремонт был летом 2023 г Квартира в уникальном районе двор без машин, множество новых детских площадок на огромной территории, спортклуб Спортлэнд,Ohana рядом с домом, новые дет сады школы, вся инфраструктура очень развита. Шикарный парк с велосипедной трассой около 2 х километров до метро Филатов Луг..Риэлторов просьба звонить только при наличии конкретного покупателя под этот  обьект. Возможен разумный торг!! Обременений нет . В квартире использован мат капитал, продажа через опеку. Если вы не дозвонились пожалуйста напишите сообщение я свяжусь с Вами",,38.8,9.2,237.1
https://www.cian.ru/sale/flat/311478725/,https://images.cdn-cian.ru/images/2355420354-4.jpg,,"Москва, НАО (Новомосковский), м. Рассказовка, улица Шекспира, 1к2",Транспортом,9250000.0,208333.0,1.0,3.0,4.0,44.4,"Номер в базе: 1783415. Продается просторная евро 2 комнатная квартира в черновой отделке, общей площадью 44.1 м. кв., площадь кухни 18.2 м. кв.



Транспортная доступность:.

До метро на транспорте: 
Рассказовка - 15 мин 
Филатов Луг - 13 минут 
Боровское шоссе - 10 минут 
Солнцево - 20 минут
 Новопеределкино - 14 минут.

Жизнь по-английскии, в 7 км от МКАД

Инфраструктура:
Школа в 8 минутах на автомобиле или 20 минут пешком.
Также в радиусе 2 км работают школа, 4 детских сада. На территории есть платный лицей высокого уровня.
Детские площадки, ресторан, детский сад, детские кружки и секции, спортивный зал, мойка машин.
В шаговой доступности многофункциональный торговый центр ""Внуково Аутлет"", продуктовые магазины, кафе. В 100 м от ЖК охраняемая автостоянка
Лесопарковая зона в 300 метрах, 400 метров до реки Ликово, 1км. до развлекательного комплекса ""Глория Парк"" где есть водоем для купания, пляжная зона, барбекю, вейт-парк, рыбалка.
В жилом комплексе есть все коммуникации: электричество, магистральный газ, магистральная канализация и центральное водоснабжение.

Для покупателей-клиентов компании ЭТАЖИ содействие в получении положительного ипотечного решения ведущих банках с пониженной % ставкой. Страхование со скидкой 25-30%. Юридическое сопровождение сделки. Безопасные расчёты и финансовая гарантия до 25 000 000,00 рублей в том числе до 1 000 000,00 рублей по выплаченным % по ипотеке.


Код пользователя: 93755",,44.4,9.2,208.3
https://www.cian.ru/sale/flat/310510551/,https://images.cdn-cian.ru/images/kvartira-vnukovskoe-omskaya-ulica-2334324393-4.jpg,,"Москва, НАО (Новомосковский), м. Рассказовка, Внуковское поселение, улица Омская, 4",Транспортом,9300000.0,278443.0,1.0,2.0,16.0,33.4,"СВОБОДНАЯ ПРОДАЖА однокомнатной квартиры в монолитном доме. Квартира с новым ремонтом, оборудована качественной мебелью и техникой. Квартира без перепланировок, подходит под ипотеку любого банка. Полная стоимость в ДКП. Оперативный показ. Звоните!",,33.4,9.3,278.4
https://www.cian.ru/sale/flat/306211997/,https://images.cdn-cian.ru/images/kvartira-vnukovskoe-omskaya-ulica-2247459847-4.jpg,,"Москва, НАО (Новомосковский), м. Рассказовка, Внуковское поселение, улица Омская, 19",Транспортом,9300000.0,266476.0,1.0,12.0,19.0,34.9,"Продается уютная светлая однокомнатная квартира в пос. Внуковское, ул. Омская. Свободная продажа. Квартира расположена на 12 этаже 17 этажного дома, окна во двор. Дом построен в 2016 году. Общая площадь с балконом 36 кв.м.: жилая комната -17 кв.м. и кухня -10 кв.м., совмещенный санузел. Высота потолков 2.8 м. Квартира с ремонтом, можно заезжать без дополнительных трат. 
Дом находится в отличном состоянии, два лифта, пандус, мусоропровод. 
развитая инфраструктура: школа, садик, магазины -все в пешей доступности. рядом с домом автобусная остановка, маршрут 886 следует до метро Пыхтино, Рассказовка, 870 - до 3 микрорайона, Московский. Удобный выезд на Боровское шоссе - 5 мин, Минское и Киевское шоссе-10 минут на автомобиле. Торг",,34.9,9.3,266.5
https://www.cian.ru/sale/flat/306587595/,https://images.cdn-cian.ru/images/kvartira-moskovskiy-lapteva-ulica-2254171538-4.jpg,ЖК «Город-парк Первый Московский»,"Москва, НАО (Новомосковский), м. Рассказовка, Московский г., улица Лаптева, 4",Транспортом,9500000.0,243590.0,1.0,10.0,17.0,39.0,"Предлагается к продаже светлая,однокомнатная квартира с окнами во двор в экологически привлекательном районе Москвы. Общая площадь квартиры указана с учетом лоджии -5,1 кв.м. В квартире выполнен качественный ремонт.Кухня 9 кв.м,комната с нишей и выходом на лоджию.Санузел совмещен. 
Нишу в комнате можно зонировать как гардеробную,детскую,спальню , кабинет и т.д.
Район с развитой инфраструктурой,с отличной транспортной доступностью общественным транспортом до станций метро ""Филатов Луг"", ""Саларьево"", ""Рассказовка"". Удобный выезд на Киевское,Боровское и Калужское шоссе.
Продается в легкой альтернативе.Один собственник. Обременений нет. Все подробности по телефону. Показ оперативно!",,39.0,9.5,243.6
https://odintsovo.cian.ru/sale/flat/311486705/,https://images.cdn-cian.ru/images/2355585289-4.jpg,,"Московская область, м. Рассказовка, Одинцовский городской округ, пос. ВНИИССОК, улица Дружбы, 27",Транспортом,9500000.0,211111.0,1.0,16.0,17.0,45.0,"Номер в базе: 1903342. **ПРОДАЕТСЯ СТИЛЬНАЯ И ПОЛНОСТЬЮ МЕБИЛИРОВАННАЯ ОДНОКОМНАТНАЯ КВАРТИРА 45 М2 С ПОТРЯСАЮЩИМИ ВИДАМИ И ОТЛИЧНОЙ ТРАНСПОРТНОЙ ДОСТУПНОСТЬЮ! ** 

**Описание квартиры:**


Предлагаем вашему вниманию уютную однокомнатную квартиру в живописном Одинцовском районе, где вас ждет развитая инфраструктура и удобный доступ к общественному транспорту. Эта светлая квартира, расположенная на 16 этаже 17-этажного дома, подарит вам захватывающие виды и максимальную освещенность. Высота потолков 2,7 м создает атмосферу простора и комфорта, а качественный ремонт позволит вам сразу же наслаждаться жизнью в новом доме.

Просторная кухня-гостиная площадью 18 м² станет идеальным местом для кулинарных экспериментов и уютных семейных ужинов. Балкон, выходящий на солнечную сторону, приглашает вас насладиться утренним кофе и великолепными закатами.

Квартира имеет одного собственника, никаких ограничений и обременений — все документы проверены и готовы к сделке. 

**Инфраструктура:**


Расположение квартиры просто великолепно! В шаговой доступности находятся крупные торговые центры, такие как Атлас, Перекресток, Детский мир, Эльдорадо и Вкусно и Точка. Все необходимое для комфортной жизни — магазины, кафе и рестораны — находятся рядом. В соседнем доме расположен детский сад, а во дворе — современные детские и спортивные площадки. Для активного отдыха можно прогуляться к пруду, где приятно провести время после рабочего дня.

**Транспортная доступность:** 

Отличная транспортная доступность — всего 20 минут по платной дороге М1 до делового центра столицы. Развитая система общественного транспорта: остановка маршруток и автобусов всего в 400 метрах, а в 1 км находится станция электричек Пионерская, откуда вы легко доберетесь до любого уголка Москвы.

Не упустите шанс стать владельцем этой замечательной квартиры! Звоните и записывайтесь на просмотр уже сегодня! 

Покупая указанный объект со мной, Вы получите: 
• Полное юридическое сопровождение сделки на всех этапах 
• Финансовую гарантию на полную стоимость объекта
• Бесплатное одобрение ипотеки с пониженной процентной ставкой 
Узнай подробности по телефону! 



Код пользователя: 162615",,45.0,9.5,211.1
https://www.cian.ru/sale/flat/307853077/,https://images.cdn-cian.ru/images/2281883552-4.jpg,ЖК «Солнцево парк»,"Москва, НАО (Новомосковский), м. Рассказовка, Внуковское поселение, улица Летчика Ульянина, 7",Транспортом,9500000.0,250000.0,1.0,8.0,19.0,38.0,"Номер в базе: 1793741. Вашему вниманию однокомнатные апартаменты в поселении Внуковское, Новомосковский округ

О ДОМЕ
Монолитно-кирпичный
2017 года постройки
Консьерж-сервис

ОБ ОБЪЕКТЕ
1к апартаменты
38 м²  общая площадь
3 м  высота потолков
1 санузел совмещенный
Отдельная гардеробная комната
Есть застекленный балкон
Окна во двор


МЕСТОРАСПОЛОЖЕНИЕ
-10 минут пешком до станции метро Пыхтино , 
-удобная транспортная развязка (автобусы 870, 892, 166), 
-10 минут на транспорте до метро Рассказовка. 

ИНФРАСТРУКТУРА
- рядом школы и детский сады 1788 (несколько корпусов) 
- в 10 минутах пешком расположены парки культуры и отдыха Рассказовка и Боровский парк. 
- в 7 минутах пешком расположен большой благоустроенный Пыхтинский пруд, 
- магазины, торговые центры, поликлиники, спортивные объекты, рестораны и кафе

О ДОКУМЕНТАХ
1 собственник
Нет обременений
ДКП
Полная стоимость в договоре

Звоните и организуем оперативный показ в удобное время. При необходимости поможем оформить ипотеку с пониженной процентной ставкой.


Код пользователя: 153334",,38.0,9.5,250.0
https://odintsovo.cian.ru/sale/flat/311486725/,https://images.cdn-cian.ru/images/2355585468-4.jpg,ЖК «Одинград. Семейный квартал»,"Московская область, Одинцово, м. Рассказовка, Микрорайон Клубничное Поле, 9",Транспортом,9500000.0,241117.0,1.0,12.0,23.0,39.4,"Номер в базе: 2463310. Продается великолепная однокомнатная квартира в современном жилом комплексе ""Одинград. Семейный квартал""! Это идеальный вариант для тех, кто ценит комфорт и стиль. Ваша новая квартира с потрясающим видом готова к заселению — заезжайте и живите!

Преимущества квартиры:
- Уникальная планировка: просторная гостиная площадью 16,1 кв.м., уютная кухня 9,1 кв.м., гардеробная 2,9 кв.м. и светлая лоджия, где можно наслаждаться утренним кофе.
- Дизайнерский ремонт, выполненный с любовью и вниманием к деталям.
- Современные удобства: установлен кондиционер, новый кухонный гарнитур с встроенной техникой, включая холодильник, духовой шкаф, вытяжку и варочную панель.
- Просторный совмещенный санузел с большой ванной и стиральной машиной — все, что нужно для комфортной жизни.
- Квартира продается с мебелью и техникой, что позволяет вам сразу же начать новую жизнь без лишних хлопот.

Жилой комплекс был построен в 2021 году и окружен благоустроенной территорией. Здесь есть все для комфортной жизни: детские сады, школа, спортивные центры и образовательные учреждения. В шаговой доступности находятся магазины, супермаркеты, аптеки, салоны красоты и кафе — все, что нужно для удобства и досуга.

Экологически чистый район с природными заповедниками и спортивным парком подарит вам возможность наслаждаться активным отдыхом на свежем воздухе. Транспортная доступность на высшем уровне: остановка рядом с домом, до станции МЦД ""Одинцово"" всего 7 минут, а это значит, что вы легко доберетесь до метро ""Славянский бульвар"".
ЮРИДИЧЕСКАЯ ИНФОРМАЦИЯ: свободная продажа, один взрослый собственник, без обременений, никто не зарегистрирован, ипотека приветствуется.  Компания предоставляет гарантийный сертификат на сумму до 25 000 000 руб. Одобрение ипотеки с преференцией от 0.3%. Оформление ипотечного страхования с экономией от 20% Юридическое сопровождение, полная проверка недвижимости.
Все показы по предварительной договоренности.



Код пользователя: 130864",,39.4,9.5,241.1
https://www.cian.ru/sale/flat/311950158/,https://images.cdn-cian.ru/images/kvartira-vnukovskoe-letchika-ulyanina-ulica-2365411829-4.jpg,,"Москва, НАО (Новомосковский), м. Рассказовка, Внуковское поселение, улица Летчика Ульянина, 4",Транспортом,9500000.0,278592.0,1.0,8.0,20.0,34.1,"Продается уютная однокомнатная квартира в современном доме по адресу: Москва, Новомосковский административный округ, район Внуково, улица Лётчика Ульянина, 4. Квартира расположена на 8 этаже 20-этажного панельного дома, построенного в 2013 году. Общая площадь составляет 34,1 кв. м, жилая площадь — 15,7 кв. м, кухня — 9,0 кв. м. Высота потолков — 2,7 метра. 

В квартире сделан качественный евроремонт, что делает ее готовой к комфортному проживанию. Просторная кухня позволит вам с удовольствием готовить и принимать гостей. Санузел совмещенный, что удобно для небольших квартир. В квартире есть лоджия и маленький балкончик,  которые выходят во двор, поэтому вам обеспечена тишина и спокойствие. 

Дом оборудован пассажирским и грузовым лифтами, а также мусоропроводом, что делает проживание в нем более комфортным. Район отличается развитой инфраструктурой: рядом находятся школы, детские сады, клиники и магазины. До метро Пыхтино можно дойти всего за 8 минут, поэтому добраться до центра города не составит труда.

Квартира продается без обременений, возможна ипотека. Все документы готовы к сделке. 

Не упустите возможность приобрести эту замечательную квартиру. Звоните и записывайтесь на просмотр в удобное для вас время.",,34.1,9.5,278.6
,,,,,9653040.19117647,245644.8193277311,—,—,—,39.63483870967742,Средние значения,476,39.6,9.7,245.6
,,,,,12054590.456790123,300994.85185185185,—,—,—,40.184074074074076,Средние значения,81,40.2,12.1,301.0
,,,,,9160570.389873417,234294.55949367088,—,—,—,39.518984375,Средние значения,395,39.5,9.2,234.3
,,,,,9851808.320699709,246804.55102040817,—,—,—,40.26083086053413,Средние значения,343,40.3,9.9,246.8
,,,,,9140427.64661654,242653.93233082705,—,—,—,37.98671875,Средние значения,133,38.0,9.1,242.7
