card_url,image_url,В ЖК,Адрес,От метро,"Цена, ₽","Цена за м², ₽",Комнат,Этаж,Этажность,Площадь,description,Количество,"Площадь, м²","Цена, млн. ₽","Цена за м², тыс. ₽"
https://vidnoye.cian.ru/sale/flat/304792583/,https://images.cdn-cian.ru/images/2370345143-4.jpg,ЖК «Южная Битца»,"Московская область, м. Бульвар Дмитрия Донского, Ленинский городской округ, пос. Битца, Южная Битца ЖК, 10",Транспортом,19216330.0,229038.0,3.0,22.0,22.0,83.9,"Максимальные скидки при 100% оплате.
Прямая продажа от застройщика! Семейный жилой район класса Комфорт Плюс
Продаётся 3-к квартира номер 429 общей площадью 83.9 кв.м. на 22-м этаже 22 этажного дома. Чистовая отделка.

Особенности:
- Квартира доступна к покупке в Trade-In.
- Распашная
- Гостевой санузел
- Большая кухня
- Ниша под шкаф
- Гардеробная
- Лоджия

Квартира с чистовой отделкой. Раскройте свою индивидуальность в создании своего уникального проекта, а трудоемкий ремонт мы возьмем на себя! Вы идете в ногу со временем и предпочитаете современные, универсальные дизайнерские решения? Или вы любитель строгой лаконичной классики? Тогда наши интерьеры придутся вам по душе! Выбирайте то, что ближе лично Вам и реализуйте свои задумки вместе с нами!

Расположение комплекса: 
Сочетание свободного перемещения по внутреннней территории без машин и ощущения абсолютной безопасности благодаря надежным ограждениям - вот что отличает ЖК Южная Битца. На территории комплекса созданы все условия как для активного образа жизни, так и для спокойного времяпрепровождения. Свободно перемещайтесь по внутренней территории в безбарьерной среде! 
Продуманное зонирование во дворах позволяет отделить тихие зоны для родителей со спящими младенцами и тех, кто хочет почитать на свежем воздухе, от шумных игровых зон. Игровые зоны учитывают возраст детей. Площадки для детей старшего возраста вынесены за пределы дворов. Ощущение уютного дома должно начинаться с подъезда. Мы постарались предусмотреть все нюансы, чтобы наши лифты отвечали самым строгим современным требованиям. А наличие кладовых позволит вам поддерживать идеальный порядок и уют в вашей квартире!

Транспортная доступность:
В 3 км от МКАД в нескольких минутах езды до трех станций метро: Аннино, Бульвар Дмитрия Донского, улица Старокочаловская и станции МЦД2 - жд Бутово. Открылся участок (10й) ЮВХ и вместе с ним съезд на МКАД от ЖК.

Внутренняя инфраструктура:
Для жителей жилого района ""Южная Битца"" доступна развитая инфраструктура близлежащих московских районов Чертаново, Южное, Бирюлёво Западное, Северное Бутово и Южное Бутово. Множество образовательных учреждений, объекты здравоохранения, торговые и развлекательные центры, кинотеатры, кафе, рестораны, парки.
 
Цены указаны с учетом скидки. Купить 3-комнатную квартиру рядом с метро Бульвар Дмитрия Донского.",,83.9,19.2,229.0
https://vidnoye.cian.ru/sale/flat/311058688/,https://images.cdn-cian.ru/images/kvartira-bobrovo-krymskaya-ulica-2346559560-4.jpg,ЖК «Восточное Бутово»,"Московская область, м. Бульвар Дмитрия Донского, Ленинский городской округ, Боброво пгт, улица Крымская, 5",Транспортом,12600000.0,148760.0,,,,,"Продается квартира в ЖК Восточное Бутово с ремонтом от застройщика ПИК. Ремонт сделан качественно. Вся мебель остается в квартире.
УДОБНОЕ РАСПОЛОЖЕНИЕ:
- 5 км от МКАД
- Выезд на М2 (Симферопольское шоссе)
- 10 минут на авто до станции МЦД 2 ""Бутово"" на общественном транспорте 20-25 мин до станций метро ""Ул. Старокачаловская""
- Свободные парковочные места всегда есть, также есть охраняемый паркинг
- В пешей доступности находятся парк, озеро
- открыты собственные школы и детские сады
- предусмотрено два пешеходных бульвара, один из которых уже доступен для прогулок
- две поликлиники
Один собственник, первичные документы, свободная продажа. Показ по предварительному звонку Продам 3-комнатную квартиру рядом с метро Бульвар Дмитрия Донского.",,nan,12.6,148.8
https://www.cian.ru/sale/flat/310971582/,https://images.cdn-cian.ru/images/2344368807-4.jpg,,"Москва, ЮЗАО, р-н Северное Бутово, м. Бульвар Дмитрия Донского, Старобитцевская улица, 11",Пешком,18900000.0,258904.0,3.0,10.0,14.0,73.0,"Продается 3-х комнатная квартира улучшенной планировки: три изолированные комнаты, просторный коридор, три лоджии, оборудованные кладовая и гардеробная. 
В квартире выполнен качественный ремонт с использованием дорогостоящих европейских материалов, с заменой всех коммуникаций, батарей, окон, установлен кондиционер и водяной фильтр. Кухня оборудована посудомоечной машиной.

Ухоженный подъезд, тамбур на 2 квартиры с железной дверью. 

Уютный благоустроенный двор, развитая инфраструктура обжитого района, детский сад и школа в шаговой доступности. Рядом ухоженный парк. 10 мин пешком до метро Бульвар Дмитрия Донского.

Удобный выезд на Варшавское шоссе и МКАД без пробок. 

Один взрослый собственник, более 3-х лет, выписка до сделки, продажа Свободная.

По желанию покупателя квартира продается со всей представленной на фото мебелью и техникой. Продается 3-комнатная квартира рядом с метро Бульвар Дмитрия Донского.",,73.0,18.9,258.9
https://vidnoye.cian.ru/sale/flat/304792699/,https://images.cdn-cian.ru/images/2370345468-4.jpg,ЖК «Южная Битца»,"Московская область, м. Бульвар Дмитрия Донского, Ленинский городской округ, пос. Битца, Южная Битца ЖК, 10",Транспортом,15436415.0,198412.0,3.0,17.0,22.0,77.8,"Максимальные скидки при 100% оплате.
Прямая продажа от застройщика! Семейный жилой район класса Комфорт Плюс
Продаётся 3-к квартира номер 228 общей площадью 77.8 кв.м. на 17-м этаже 22 этажного дома. Отделка Whitebox.

Особенности:
- Квартира доступна к покупке в Trade-In.
- Распашная
- Гостевой санузел
- Большая кухня
- Ниша под шкаф
- Лоджия

Квартира с предчистовой отделкой (White box). Вам не придётся заниматься черновыми трудоёмкими работами, а чистовую отделку и дизайн сделаете по своему вкусу.

Расположение комплекса: 
Сочетание свободного перемещения по внутреннней территории без машин и ощущения абсолютной безопасности благодаря надежным ограждениям - вот что отличает ЖК Южная Битца. На территории комплекса созданы все условия как для активного образа жизни, так и для спокойного времяпрепровождения. Свободно перемещайтесь по внутренней территории в безбарьерной среде! 
Продуманное зонирование во дворах позволяет отделить тихие зоны для родителей со спящими младенцами и тех, кто хочет почитать на свежем воздухе, от шумных игровых зон. Игровые зоны учитывают возраст детей. Площадки для детей старшего возраста вынесены за пределы дворов. Ощущение уютного дома должно начинаться с подъезда. Мы постарались предусмотреть все нюансы, чтобы наши лифты отвечали самым строгим современным требованиям. А наличие кладовых позволит вам поддерживать идеальный порядок и уют в вашей квартире!

Транспортная доступность:
В 3 км от МКАД в нескольких минутах езды до трех станций метро: Аннино, Бульвар Дмитрия Донского, улица Старокочаловская и станции МЦД2 - жд Бутово. Открылся участок (10й) ЮВХ и вместе с ним съезд на МКАД от ЖК.

Внутренняя инфраструктура:
Для жителей жилого района ""Южная Битца"" доступна развитая инфраструктура близлежащих московских районов Чертаново, Южное, Бирюлёво Западное, Северное Бутово и Южное Бутово. Множество образовательных учреждений, объекты здравоохранения, торговые и развлекательные центры, кинотеатры, кафе, рестораны, парки.
 
Цены указаны с учетом скидки. 3-комнатная квартира рядом с метро Бульвар Дмитрия Донского.",,77.8,15.4,198.4
https://vidnoye.cian.ru/sale/flat/311424436/,https://images.cdn-cian.ru/images/2354355106-4.jpg,ЖК «Бутово парк 2»,"Московская область, м. Бульвар Дмитрия Донского, Ленинский городской округ, Дрожжино пгт, шоссе Новое, 4к3",Транспортом,11299000.0,163280.0,,,,,"В продаже очень светлая, просторная 3-комнатая квартира с ремонтом от застройщика ПИК.

      Удачная планировка: окна квартиры выходят на две стороны, кухня 9 кв.м., три просторные комнаты 16,15 и 14 кв.м., раздельный санузел, гардеробная и лоджия с французским остеклением (в пол).

       При продаже остается кухонный гарнитур со всей встроенной бытовой техникой! 

       Большим плюсом является закрепленное  за собственником квартиры парковочное место, которое можно переуступить покупателю и просторная кладовая 3,2 кв.м ( продается по отдельному договору). Продам 3-комнатную квартиру Рядом с метро Бульвар Дмитрия Донского.",,nan,11.3,163.3
https://vidnoye.cian.ru/sale/flat/307874483/,https://images.cdn-cian.ru/images/kvartira-vidnoe-petrovskiy-proezd-2282228730-4.jpg,,"Московская область, Видное, м. Бульвар Дмитрия Донского, Петровский проезд, 27",Транспортом,6300000.0,108062.0,3.0,4.0,5.0,58.3,"В продаже трёхкомнатная квартира в тёплом кирпичном доме! 

В квартире частично выполнен косметический ремонт. Изолированные комнаты. Большая лоджия. Раздельный санузел. Хорошая шумоизоляция. Окна выходят во двор и на улицу. 
Чистый подъезд, приличные соседи. Множество парковочных мест около дома. 

Все необходимое для комфортного проживания недалеко от дома: продуктовые магазины, школы, детские сады, кафе. 
Расторгуевский парк и зеленые прогулочные зоны в пешей доступности. 

Транспортная доступность. Остановки общественного транспорта рядом с домом. В ближайшее время будет открыта трасса - дублер МКАД.

Один взрослый собственник. Свободная продажа. Помощь в одобрении ипотеки и юридическое сопровождение сделки. Оперативный показ.",,58.3,6.3,108.1
https://vidnoye.cian.ru/sale/flat/304792609/,https://images.cdn-cian.ru/images/2370345242-4.jpg,ЖК «Южная Битца»,"Московская область, м. Бульвар Дмитрия Донского, Ленинский городской округ, пос. Битца, Южная Битца ЖК, 10",Транспортом,14022871.0,222233.0,3.0,16.0,22.0,63.1,"Максимальные скидки при 100% оплате.
Прямая продажа от застройщика! Семейный жилой район класса Комфорт Плюс
Продаётся 3-к квартира номер 744 общей площадью 63.1 кв.м. на 16-м этаже 22 этажного дома. Отделка Whitebox.

Особенности:
- Квартира доступна к покупке в Trade-In.
- Распашная
- Окно в ванной
- Увеличенное число окон
- Раздельный санузел
- Гостевой санузел
- Гардеробная
- Лоджия

Квартира с предчистовой отделкой (White box). Вам не придётся заниматься черновыми трудоёмкими работами, а чистовую отделку и дизайн сделаете по своему вкусу.

Расположение комплекса: 
Сочетание свободного перемещения по внутреннней территории без машин и ощущения абсолютной безопасности благодаря надежным ограждениям - вот что отличает ЖК Южная Битца. На территории комплекса созданы все условия как для активного образа жизни, так и для спокойного времяпрепровождения. Свободно перемещайтесь по внутренней территории в безбарьерной среде! 
Продуманное зонирование во дворах позволяет отделить тихие зоны для родителей со спящими младенцами и тех, кто хочет почитать на свежем воздухе, от шумных игровых зон. Игровые зоны учитывают возраст детей. Площадки для детей старшего возраста вынесены за пределы дворов. Ощущение уютного дома должно начинаться с подъезда. Мы постарались предусмотреть все нюансы, чтобы наши лифты отвечали самым строгим современным требованиям. А наличие кладовых позволит вам поддерживать идеальный порядок и уют в вашей квартире!

Транспортная доступность:
В 3 км от МКАД в нескольких минутах езды до трех станций метро: Аннино, Бульвар Дмитрия Донского, улица Старокочаловская и станции МЦД2 - жд Бутово. Открылся участок (10й) ЮВХ и вместе с ним съезд на МКАД от ЖК.

Внутренняя инфраструктура:
Для жителей жилого района ""Южная Битца"" доступна развитая инфраструктура близлежащих московских районов Чертаново, Южное, Бирюлёво Западное, Северное Бутово и Южное Бутово. Множество образовательных учреждений, объекты здравоохранения, торговые и развлекательные центры, кинотеатры, кафе, рестораны, парки.
 
Цены указаны с учетом скидки.",,63.1,14.0,222.2
https://vidnoye.cian.ru/sale/flat/302268013/,https://images.cdn-cian.ru/images/kvartira-drozhzhino-yuzhnaya-ulica-2173600328-4.jpg,ЖК «Бутово парк 2»,"Московская область, м. Бульвар Дмитрия Донского, Ленинский городской округ, Дрожжино рп, улица Южная, 7",Транспортом,9500000.0,179245.0,,,,,"Продается светлая и уютная евро3х-комнатная  квартира в ЖК ""Бутово Парк 2"" с ремонтом. Свободная продажа. Полная сумма в договоре купли-продажи. Один собственник. 
Закрытый внутренний двор с детскими площадками, позволяющий гулять безопасно детям. 
Первые этажи дома сданы под коммерцию (магазины, булочные, салоны красоты, супермаркеты и многое другое). С внешней стороны дома находится магазин Пятерочка, две аптеки, озон, яндекс маркет, кофейня, суши бар. 
Район расположен в 5,5 км к югу от МКАД по Варшавскому шоссе. Выезд на Варшавское и Симферопольское шоссе. Автобусы до: МДЦ Бутово, м. Бульвар Дмитрия Донского, м. Аннино, м. Академика Янгеля, м. Пражская в 10-20 минутах езды. Остановки общественного транспорта есть в каждой части микрорайона. На территории жилого квартала работают три детских сада, школы и поликлиника, есть пешеходный бульвар для отдыха и прогулок. В районе хорошо развита социальная инфраструктура: есть магазины, детские сады, школы и поликлиника. Рядом с микрорайоном — Бутовский лес, где приятно гулять и заниматься спортом в любое время года. Жилой комплекс оснащен детскими и спортивными площадками, местами для отдыха и пикников, зоной для выгула собак.",,nan,9.5,179.2
https://vidnoye.cian.ru/sale/flat/301599831/,https://images.cdn-cian.ru/images/kvartira-vidnoe-svyatoslava-rihtera-ulica-2162353108-4.jpg,ЖК «Видный город»,"Московская область, Видное, м. Бульвар Дмитрия Донского, улица Святослава Рихтера, 2",Транспортом,14000000.0,200000.0,3.0,3.0,9.0,70.0,"Собственник ! продаю квартиру с двумя спальнями и совместной гостиной/кухней. 2 Санузла, полы с подогревом . продается с  мебелью и бытовой техникой )",,70.0,14.0,200.0
https://vidnoye.cian.ru/sale/flat/304792521/,https://images.cdn-cian.ru/images/2370344988-4.jpg,ЖК «Южная Битца»,"Московская область, м. Бульвар Дмитрия Донского, Ленинский городской округ, пос. Битца, Южная Битца ЖК, 10",Транспортом,18801513.0,226798.0,3.0,5.0,22.0,82.9,"Максимальные скидки при 100% оплате.
Прямая продажа от застройщика! Семейный жилой район класса Комфорт Плюс
Продаётся 3-к квартира номер 361 общей площадью 82.9 кв.м. на 5-м этаже 22 этажного дома. Чистовая отделка.

Особенности:
- Квартира доступна к покупке в Trade-In.
- Распашная
- Гостевой санузел
- Большая кухня
- Ниша под шкаф
- Гардеробная
- Лоджия

Квартира с чистовой отделкой. Раскройте свою индивидуальность в создании своего уникального проекта, а трудоемкий ремонт мы возьмем на себя! Вы идете в ногу со временем и предпочитаете современные, универсальные дизайнерские решения? Или вы любитель строгой лаконичной классики? Тогда наши интерьеры придутся вам по душе! Выбирайте то, что ближе лично Вам и реализуйте свои задумки вместе с нами!

Расположение комплекса: 
Сочетание свободного перемещения по внутреннней территории без машин и ощущения абсолютной безопасности благодаря надежным ограждениям - вот что отличает ЖК Южная Битца. На территории комплекса созданы все условия как для активного образа жизни, так и для спокойного времяпрепровождения. Свободно перемещайтесь по внутренней территории в безбарьерной среде! 
Продуманное зонирование во дворах позволяет отделить тихие зоны для родителей со спящими младенцами и тех, кто хочет почитать на свежем воздухе, от шумных игровых зон. Игровые зоны учитывают возраст детей. Площадки для детей старшего возраста вынесены за пределы дворов. Ощущение уютного дома должно начинаться с подъезда. Мы постарались предусмотреть все нюансы, чтобы наши лифты отвечали самым строгим современным требованиям. А наличие кладовых позволит вам поддерживать идеальный порядок и уют в вашей квартире!

Транспортная доступность:
В 3 км от МКАД в нескольких минутах езды до трех станций метро: Аннино, Бульвар Дмитрия Донского, улица Старокочаловская и станции МЦД2 - жд Бутово. Открылся участок (10й) ЮВХ и вместе с ним съезд на МКАД от ЖК.

Внутренняя инфраструктура:
Для жителей жилого района ""Южная Битца"" доступна развитая инфраструктура близлежащих московских районов Чертаново, Южное, Бирюлёво Западное, Северное Бутово и Южное Бутово. Множество образовательных учреждений, объекты здравоохранения, торговые и развлекательные центры, кинотеатры, кафе, рестораны, парки.
 
Цены указаны с учетом скидки.",,82.9,18.8,226.8
https://vidnoye.cian.ru/sale/flat/305064680/,https://images.cdn-cian.ru/images/2225871501-4.jpg,ЖК «Бутово парк 2»,"Московская область, м. Бульвар Дмитрия Донского, Ленинский городской округ, Дрожжино рп, улица Южная, 7",Транспортом,9700000.0,180297.0,3.0,4.0,17.0,53.8,"Номер в базе: 791999. Продается светлая, уютная, евро 3-х комнатная квартира. 
Остается практически вся мебель и техника. 
Квартира находится в секции из 15 этажей.

Только при покупке данной квартиры возможна сниженная ставка - 12,9%

Инфраструктура: 
На территории жилого комплекса открыты школы и детские сады, поликлиника, множество магазинов и медицинских центров. 

О доме:
Закрытые дворы, ведется видеонаблюдение. На этаже 4 квартиры.

Транспортная доступность:
20 мин. на автобусе до м. Бульвар Дмитрия Донского или МЦД Бутово. 

Документы:
1 взрослый собственник (приобретали у застройщика), обременений нет, полная стоимость в договоре, свободная продажа.
Код пользователя: 82164",,53.8,9.7,180.3
https://vidnoye.cian.ru/sale/flat/303936727/,https://images.cdn-cian.ru/images/2205255143-4.jpg,ЖК «Видный город»,"Московская область, Видное, м. Бульвар Дмитрия Донского, улица Галины Вишневской, 5",Транспортом,13500000.0,198529.0,3.0,8.0,8.0,68.0,"Редкий лот!!!
Вашему вниманию предлагается отличная двухуровневая евро-трёшка, расположенная на 8-ом этаже 8-этажного кирпично-монолитного дома в ЖК комфорт-класса ""Видный город"". Площадь составляет 68 м2. Квартира светлая и уютная, с новым, современным ремонтом, мебелью и техникой. Планировка включает в себя 2 изолированные комнаты, просторную кухню-гостиную 26 м2 с выходом на балкон, 2с/у и просторный холл. Под лестницей имеется место для кладовки. Кухонный гарнитур со встроенной бытовой техникой Gorenje, всё на гарантии (холодильник, посудомойка, духовой шкаф, варочная панель, вытяжка), удобная и функциональная мебель изготовленная на заказ, стиральная машина. Для ремонта использовались качественные и дорогие материалы, итальянская сантехника Вelbagno, крупноформатный керамогранит Керама Марацци - коллекция Леонардо да Винчи, дизайнерские трубчатые радиаторы отопления. Комфортная прилегающая территория, внутренние дворы оборудованы детскими и спортивными площадками. Для удобства жителей планируется возведение объектов инфраструктуры: школы, детского садика, медицинского комплекса, спортивного центра и т.д. Жилой комплекс находится в 10 минутах езды от ж/д ст. Расторгуево-25 минут до м. Павелецкая. 15 минут до нескольких станций метро (Аннино, Улица Старокачаловская). Один взрослый собственник. Без обременений.",,68.0,13.5,198.5
https://vidnoye.cian.ru/sale/flat/304792754/,https://images.cdn-cian.ru/images/2370344837-4.jpg,ЖК «Южная Битца»,"Московская область, м. Бульвар Дмитрия Донского, Ленинский городской округ, пос. Битца, Южная Битца ЖК, бульвар Южный",Транспортом,15363563.0,236363.0,3.0,16.0,24.0,65.0,"Максимальные скидки при 100% оплате.
Корпус сдан! Прямая продажа от застройщика! Семейный жилой район класса Комфорт Плюс
Продаётся 3-к квартира номер 60 в сданном корпусе общей площадью 65 кв.м. на 16-м этаже 24 этажного дома.

Особенности:
- Квартира доступна к покупке в Trade-In.
- Угловая
- Увеличенное число окон
- Окно в ванной
- Гостевой санузел
- Большая ванная
- Гардеробная
- Панорамное остекление лоджии
- Лоджия

Расположение комплекса: 
Сочетание свободного перемещения по внутреннней территории без машин и ощущения абсолютной безопасности благодаря надежным ограждениям - вот что отличает ЖК Южная Битца. На территории комплекса созданы все условия как для активного образа жизни, так и для спокойного времяпрепровождения. Свободно перемещайтесь по внутренней территории в безбарьерной среде! 
Продуманное зонирование во дворах позволяет отделить тихие зоны для родителей со спящими младенцами и тех, кто хочет почитать на свежем воздухе, от шумных игровых зон. Игровые зоны учитывают возраст детей. Площадки для детей старшего возраста вынесены за пределы дворов. Ощущение уютного дома должно начинаться с подъезда. Мы постарались предусмотреть все нюансы, чтобы наши лифты отвечали самым строгим современным требованиям. А наличие кладовых позволит вам поддерживать идеальный порядок и уют в вашей квартире!

Транспортная доступность:
В 3 км от МКАД в нескольких минутах езды до трех станций метро: Аннино, Бульвар Дмитрия Донского, улица Старокочаловская и станции МЦД2 - жд Бутово. Открылся участок (10й) ЮВХ и вместе с ним съезд на МКАД от ЖК.

Внутренняя инфраструктура:
Для жителей жилого района ""Южная Битца"" доступна развитая инфраструктура близлежащих московских районов Чертаново, Южное, Бирюлёво Западное, Северное Бутово и Южное Бутово. Множество образовательных учреждений, объекты здравоохранения, торговые и развлекательные центры, кинотеатры, кафе, рестораны, парки.
 
Цены указаны с учетом скидки.",,65.0,15.4,236.4
https://www.cian.ru/sale/flat/295212920/,https://images.cdn-cian.ru/images/kvartira-moskva-ulica-grina-2321173298-4.jpg,,"Москва, ЮЗАО, р-н Северное Бутово, м. Бульвар Дмитрия Донского, улица Грина, 1к8",Пешком,22500000.0,261628.0,,,,,"Свободная продажа. Квартира со свежим дизайн-ремонтом, все новое. Встроенная кухня и бытовая техника.  
      Огороженная территория, въезд через КПП, стихийная парковка во дворе. До метро 12 мин. пешком,  рядом с домом д/сад,  две школы, супермаркеты ""Дикси"", ""Вкус Вилл"", ""Fix Prise"", в 300-х метрах от дома заканчивается строительство большого культурно-развлекательного комплекса. Лесопарковая зона,  Ботанический сад ВИЛАР с каскадом прудов,  детские и спортивные площадки возле дома, красивый вид из окон
      Квартира без ограничений и обременений. Один собственник, никто не прописан и не проживает
      Ипотека возможна, торг",,nan,22.5,261.6
https://www.cian.ru/sale/flat/305375755/,https://images.cdn-cian.ru/images/kvartira-moskva-1ya-melitopolskaya-ulica-2231619085-4.jpg,,"Москва, ЮЗАО, р-н Южное Бутово, м. Бульвар Дмитрия Донского, 1-я Мелитопольская улица, 30А",Транспортом,10000000.0,192308.0,3.0,2.0,5.0,52.0,"Продается тихая 3-ех комнатная квартира.  После ремонта никто не жил!  Дкп , один взрослый собственник, никто не прописан, свободная продажа.  Дорогу не слышно, развитая инфраструктура, садик и школа в паре минут пешком, станция бутово 5 минут пешком.",,52.0,10.0,192.3
https://vidnoye.cian.ru/sale/flat/304792767/,https://images.cdn-cian.ru/images/2370344855-4.jpg,ЖК «Южная Битца»,"Московская область, м. Бульвар Дмитрия Донского, Ленинский городской округ, пос. Битца, Южная Битца ЖК, бульвар Южный",Транспортом,16236810.0,233288.0,3.0,3.0,23.0,69.6,"Максимальные скидки при 100% оплате.
Корпус сдан! Прямая продажа от застройщика! Семейный жилой район класса Комфорт Плюс
Продаётся 3-к квартира номер 652 в сданном корпусе общей площадью 69.6 кв.м. на 3-м этаже 23 этажного дома.

Особенности:
- Квартира доступна к покупке в Trade-In.
- Увеличенное число окон
- Гостевой санузел
- Большая кухня
- Гардеробная
- Панорамное остекление лоджии
- Лоджия

Расположение комплекса: 
Сочетание свободного перемещения по внутреннней территории без машин и ощущения абсолютной безопасности благодаря надежным ограждениям - вот что отличает ЖК Южная Битца. На территории комплекса созданы все условия как для активного образа жизни, так и для спокойного времяпрепровождения. Свободно перемещайтесь по внутренней территории в безбарьерной среде! 
Продуманное зонирование во дворах позволяет отделить тихие зоны для родителей со спящими младенцами и тех, кто хочет почитать на свежем воздухе, от шумных игровых зон. Игровые зоны учитывают возраст детей. Площадки для детей старшего возраста вынесены за пределы дворов. Ощущение уютного дома должно начинаться с подъезда. Мы постарались предусмотреть все нюансы, чтобы наши лифты отвечали самым строгим современным требованиям. А наличие кладовых позволит вам поддерживать идеальный порядок и уют в вашей квартире!

Транспортная доступность:
В 3 км от МКАД в нескольких минутах езды до трех станций метро: Аннино, Бульвар Дмитрия Донского, улица Старокочаловская и станции МЦД2 - жд Бутово. Открылся участок (10й) ЮВХ и вместе с ним съезд на МКАД от ЖК.

Внутренняя инфраструктура:
Для жителей жилого района ""Южная Битца"" доступна развитая инфраструктура близлежащих московских районов Чертаново, Южное, Бирюлёво Западное, Северное Бутово и Южное Бутово. Множество образовательных учреждений, объекты здравоохранения, торговые и развлекательные центры, кинотеатры, кафе, рестораны, парки.
 
Цены указаны с учетом скидки.",,69.6,16.2,233.3
https://www.cian.ru/sale/flat/309396684/,https://images.cdn-cian.ru/images/2312975878-4.jpg,ЖК «Эталон-Сити»,"Москва, ЮЗАО, р-н Южное Бутово, м. Бульвар Дмитрия Донского, улица Поляны, 5",Транспортом,23899000.0,258089.0,,,,,"Номер в базе: 1811567. Предлагается уникальная 3-х комнатная квартира в ЖК ""Эталон-Сити"" корпус ""Токио"", с замечательным видом на Битцевский лес. Жилой комплекс ""Эталон-Сити"" относится к классу бизнес и расположен посреди одного из самых больших лесопарков Москвы.

О квартире : Площадь ее составляет 95 кв.м. Квартира без ремонта, что предоставляет вам уникальную возможность реализовать все ваши дизайнерские идеи и создать пространство, которое будет отражать ваш стиль и предпочтения. Есть большая гардеробная, раздельный санузел, большая ванная комната, лоджия. Так же в одной из комнат можно организовать мастер спальню со вторым сан узлом и гардеробной, так квартиру  преобразовать в евро планировку, соединив кухню и комнату, превратив в общую зону более 30 метров, не меняя ни каких конструкций, и не требующих доп. согласований.

О доме:  Постройка выполнена по современным кирпично-монолитным технологиям с вентилируемыми фасадами, что обеспечивает отличную тепло- и звукоизоляцию. В вашем распоряжении будут лифты от компании Otis. Одним из преимуществ этого дома является подземный паркинг, с большим количеством парковочных мест. Дом уже сдан, и вы сможете сразу же начать наслаждаться жизнью в этом уютном уголке.

Инфраструктура : По соседству расположен большой парк  ""Северное Бутово"" с прудами и зонами отдыха. Магазины разных форматов, фитнес-центр премиум-класса, который имеет 3 бассейна и 6 залов для групповых занятий. Так же рядом расположены школа и детский сад. Развивающие центры для детей и взрослых - все в шаговой доступности. Огороженная территория с ландшафтным дизайном, уютные места для отдыха внутри комплекса, современные детские площадки для разных возрастов. 


Транспортная доступность:  всего 15 минут пешком до метро ""Улица Скобелевская"". Так же, с легкостью можно добраться к другим станциям метро, таким как: ""Бульвар Дмитрия Донского"", ""Аннино"", ""Улица Академика Янгеля"" и ""Ясенево"", используя маршрутное такси.


О сделке:  1 взрослый собственник, без обременений. Быстрый выход на сделку.
Для покупателей: юридические и финансовые гарантии, сопровождение, одобрение ипотеки по самым низким ставкам!


Код пользователя: 89556",,nan,23.9,258.1
https://www.cian.ru/sale/flat/300597240/,https://images.cdn-cian.ru/images/2143197740-4.jpg,ЖК «Эталон-Сити»,"Москва, ЮЗАО, р-н Южное Бутово, м. Бульвар Дмитрия Донского, улица Поляны, 5",Транспортом,20500000.0,240610.0,3.0,16.0,31.0,85.2,"Id 40747. Продаётся просторная трёхкомнатная квартира в жилом комплексе ""Эталон-Сити"".
Вся мебель и техника входят в стоимость.

О комплексе:
ЖК находится рядом с Бутовским лесопарком. В стилобате здания располагаются магазины (ВкусВилл, Мираторг, Пятёрочка), стоматология, клиника эстетической медицины, барбершоп, студии красоты.
Закрытая и облагороженная территория, подземный паркинг, спортивный комплекс, школа и детские сады.

Ситуация по квартире:
Один взрослый собственник, свободная продажа, полная стоимость.

Транспортная доступность:
В пешей доступности (2 минуты) находится остановка общественного транспорта.
До метро Бульвар Дмитрия Донского 9 минут на автобусе.
До метро Улица Скобелевская 8 минут на автобусе.
До МЦД Бутово 12 минут на автобусе.
До МКАДа 4км на машине.

Оперативный показ.
Остались вопросы? - звоните!",,85.2,20.5,240.6
https://vidnoye.cian.ru/sale/flat/304792537/,https://images.cdn-cian.ru/images/2370345022-4.jpg,ЖК «Южная Битца»,"Московская область, м. Бульвар Дмитрия Донского, Ленинский городской округ, пос. Битца, Южная Битца ЖК, 10",Транспортом,15090840.0,196751.0,3.0,4.0,22.0,76.7,"Максимальные скидки при 100% оплате.
Прямая продажа от застройщика! Семейный жилой район класса Комфорт Плюс
Продаётся 3-к квартира номер 535 общей площадью 76.7 кв.м. на 4-м этаже 22 этажного дома. Отделка Whitebox.

Особенности:
- Квартира доступна к покупке в Trade-In.
- Распашная
- Гостевой санузел
- Большая кухня
- Ниша под шкаф
- Лоджия

Квартира с предчистовой отделкой (White box). Вам не придётся заниматься черновыми трудоёмкими работами, а чистовую отделку и дизайн сделаете по своему вкусу.

Расположение комплекса: 
Сочетание свободного перемещения по внутреннней территории без машин и ощущения абсолютной безопасности благодаря надежным ограждениям - вот что отличает ЖК Южная Битца. На территории комплекса созданы все условия как для активного образа жизни, так и для спокойного времяпрепровождения. Свободно перемещайтесь по внутренней территории в безбарьерной среде! 
Продуманное зонирование во дворах позволяет отделить тихие зоны для родителей со спящими младенцами и тех, кто хочет почитать на свежем воздухе, от шумных игровых зон. Игровые зоны учитывают возраст детей. Площадки для детей старшего возраста вынесены за пределы дворов. Ощущение уютного дома должно начинаться с подъезда. Мы постарались предусмотреть все нюансы, чтобы наши лифты отвечали самым строгим современным требованиям. А наличие кладовых позволит вам поддерживать идеальный порядок и уют в вашей квартире!

Транспортная доступность:
В 3 км от МКАД в нескольких минутах езды до трех станций метро: Аннино, Бульвар Дмитрия Донского, улица Старокочаловская и станции МЦД2 - жд Бутово. Открылся участок (10й) ЮВХ и вместе с ним съезд на МКАД от ЖК.

Внутренняя инфраструктура:
Для жителей жилого района ""Южная Битца"" доступна развитая инфраструктура близлежащих московских районов Чертаново, Южное, Бирюлёво Западное, Северное Бутово и Южное Бутово. Множество образовательных учреждений, объекты здравоохранения, торговые и развлекательные центры, кинотеатры, кафе, рестораны, парки.
 
Цены указаны с учетом скидки.",,76.7,15.1,196.8
https://vidnoye.cian.ru/sale/flat/310234229/,https://images.cdn-cian.ru/images/2329176307-4.jpg,,"Московская область, м. Бульвар Дмитрия Донского, Ленинский городской округ, Боброво пгт, улица Крымская, 25",Транспортом,16000000.0,200000.0,,,,,"Эту квартиру можно купить в ипотеку от Сбербанка со ставкой 10% по акции!!!!

Продается 3-х комнатная квартира в ЖК ""Восточное Бутово"" в  идеальном состоянии, ремонт сделан с использованием премиум материалов. В квартире выполнена шумоизоляция в спальных комнатах на виброакустических креплениях к стенам. В прихожей, сан узлах, кухне и на балконе - заложен теплый пол из нагревательных матов в стяжке пола.
Чистовая отделка: стены покрашены моющейся краской Litle Green, в детской итальянские обои. ""Парящие"" подвесные потолки со светодиодной лентой по периметру. На полу единым контуром лежит кварцвинил,в коридоре и кухне плитка. Большое количество розеток в том числе и в откосах. Все стояки отопления скрыты. В ванной итальянская плитка и  сантехника. Установлена джакузи. Сантех шкаф и разводка труб выполнены с использованием фирменных материалов FAR, Oventrop, Rehau. Установлены фильтры с контуром обратной прочистки.
Установлен аквастоп с датчиками протечки во всех точках водоснабжения.
Установлен накопительный водонагреватель для периодов отключения горячей воды.
Кухня ""Мария"" со столешницей из искуственного камня,так же есть барная стойка.
В квартире два балкона: один утеплен  и присоединен к гостинной. В спальне второй балкон.
Район динамично развивается,много магазинов,аптек,детских садов,2 школы. Реконструируется Расторгуевское шоссе, будет выезд на Симферопольское шоссе. Так же есть выезды в Дрожжино и в сторону Видного. Общественный транспорт ходит до м. Бульвар Дмитрия Донского.
2 взрослых собственника, свободная продажа.",,nan,16.0,200.0
https://www.cian.ru/sale/flat/297885896/,https://images.cdn-cian.ru/images/2088922261-4.jpg,ЖК «Эталон-Сити»,"Москва, ЮЗАО, р-н Южное Бутово, м. Бульвар Дмитрия Донского, улица Поляны, 5",Транспортом,27900000.0,292147.0,3.0,5.0,31.0,95.5,"Id 41544. Продаётся просторная 3х комнатная квартира с дизайнерским ремонтом в жилом комплексе ""Эталон-Сити"".
Квартира делалась под себя.

Ситуация по квартире:
Без обременений, один взрослый собственник, полная стоимость в ДКП, свободная продажа.

О комплексе:
""Эталон Сити"" - современный и уютный жилой комплекс, расположенный в сердце ""Бутово"". Рядом с ним находится прекрасный лесопарк, а также в шаговой доступности школы, салоны красоты, фитнес клуб, магазины, кафе и рестораны. Территория ограждена и охраняется. Есть подземный паркинг. Это оптимальное место для комфортной и стильной жизни.

Транспортная доступность:
В пешей доступности (2 минуты) находится остановка общественного транспорта.
До метро Бульвар Дмитрия Донского 9 минут на автобусе.
До метро Улица Скобелевская 8 минут на автобусе.
До МЦД Бутово 12 минут на автобусе.
До МКАДа 4км на машине.

Остались вопросы? - звоните!",,95.5,27.9,292.1
https://vidnoye.cian.ru/sale/flat/307684855/,https://images.cdn-cian.ru/images/2370344903-4.jpg,ЖК «Южная Битца»,"Московская область, м. Бульвар Дмитрия Донского, Ленинский городской округ, пос. Битца, Южная Битца ЖК, бульвар Южный, 4",Транспортом,20709040.0,256300.0,3.0,2.0,20.0,80.8,"Максимальные скидки при 100% оплате.
Корпус сдан! Прямая продажа от застройщика! Семейный жилой район класса Комфорт Плюс
Продаётся 3-к квартира номер 863 в сданном корпусе общей площадью 80.8 кв.м. на 2-м этаже 20 этажного дома.

Особенности:
- Квартира доступна к покупке в Trade-In.
- Увеличенное остекление
- Гостевой санузел
- Большая кухня
- Панорамное остекление лоджии
- Лоджия

Расположение комплекса: 
Сочетание свободного перемещения по внутреннней территории без машин и ощущения абсолютной безопасности благодаря надежным ограждениям - вот что отличает ЖК Южная Битца. На территории комплекса созданы все условия как для активного образа жизни, так и для спокойного времяпрепровождения. Свободно перемещайтесь по внутренней территории в безбарьерной среде! 
Продуманное зонирование во дворах позволяет отделить тихие зоны для родителей со спящими младенцами и тех, кто хочет почитать на свежем воздухе, от шумных игровых зон. Игровые зоны учитывают возраст детей. Площадки для детей старшего возраста вынесены за пределы дворов. Ощущение уютного дома должно начинаться с подъезда. Мы постарались предусмотреть все нюансы, чтобы наши лифты отвечали самым строгим современным требованиям. А наличие кладовых позволит вам поддерживать идеальный порядок и уют в вашей квартире!

Транспортная доступность:
В 3 км от МКАД в нескольких минутах езды до трех станций метро: Аннино, Бульвар Дмитрия Донского, улица Старокочаловская и станции МЦД2 - жд Бутово. Открылся участок (10й) ЮВХ и вместе с ним съезд на МКАД от ЖК.

Внутренняя инфраструктура:
Для жителей жилого района ""Южная Битца"" доступна развитая инфраструктура близлежащих московских районов Чертаново, Южное, Бирюлёво Западное, Северное Бутово и Южное Бутово. Множество образовательных учреждений, объекты здравоохранения, торговые и развлекательные центры, кинотеатры, кафе, рестораны, парки.
 
Цены указаны с учетом скидки.",,80.8,20.7,256.3
https://vidnoye.cian.ru/sale/flat/306778279/,https://images.cdn-cian.ru/images/2278531550-4.jpg,,"Московская область, м. Бульвар Дмитрия Донского, Ленинский городской округ, Боброво пгт, улица Крымская, 7к1",Транспортом,11100000.0,153740.0,,,,,"Трехкомнатная квартира в Восточном Бутово. Виды на лес, чистовая отделка от застройщика. Квартира полностью готова - завози мебель и живи. 

Рядом МЦД Бутово, метро Бульвар Дмитрия Донского в 25 минутах на автобусе. 

Квартира с чистовой отделкой от застройщика, двумя санузлами. 

ЛОКАЦИЯ: 
5 км от МКАД по Юго-восточной хорде или Симферопольскому шоссе. Уютный обжитой квартал, окруженный лесопарками. 

2 собственные школы, 2 детских сада, вся инфраструктура внутри квартала. 

Прямые выезды на Варшавское и Симферопольское шоссе. 

ЖИЛОЙ КВАРТАЛ: 
Несколько панельных домов ПИК, построены в 2019 году. Чистые приватные красивые дворы, летом - в цветах. 

Множество детских площадок. 

Достаточно парковочных мест. 

КВАРТИРА: 
Окна на две стороны, распашонка
Этаж 15
Общая площадь  72,2 м2
Комната 1   12,8 м2
Комната 2  11,9 м2
Комната 3 17,1 м2

Прихожая  12,2 м2
Кухня  12,6 м2
Совмещенный санузел 4 м2
Туалет 1,6 м2

Окна выходят на восток и юг.

Звоните, оперативно проконсультируем по объекту и сделке.",,nan,11.1,153.7
https://vidnoye.cian.ru/sale/flat/310494751/,https://images.cdn-cian.ru/images/2334544109-4.jpg,,"Московская область, м. Бульвар Дмитрия Донского, Ленинский городской округ, Боброво пгт, улица Лесная, 24к1",Транспортом,8500000.0,112882.0,3.0,17.0,17.0,75.3,"Продам 3-х комнатную квартиру без отделки в современном жилом комплексе Восточное Бутово. Эта квартира общей площадью 75,3 кв.м. предоставляет вам все возможности для реализации ваших дизайнерских идей. Изолированная планировка идеально подходит для комфортного проживания семьи, а просторная кухня площадью 13 кв.м. станет настоящим сердцем вашего домашнего уюта.  
  
На 17 этаже открывается живописный вид из окон как во двор, так и на захватывающие закаты. Новый дом подчеркнуто современными входными группами, где вас встретит приветливый консьерж, что гарантирует чистоту и порядок в подъезде. Внутренний двор оборудован детскими и игровыми площадками, что делает это место идеальным для семей с детьми.  
  
Жилой комплекс находится в новом, быстро развивающемся районе, где созданы все условия для комфортной жизни  рядом расположены школы, детские сады, поликлиника и прочие социальные объекты. Кроме того, прогулки по лесу в пешей доступности подарят вам незабываемые моменты на свежем воздухе.   
  
Не упустите возможность приобрести вашу идеальную квартиру! Прямая продажа, ипотека возможна. Эксклюзивное предложение, которое не останется без внимания. Звоните прямо сейчас, чтобы узнать подробности и записаться на просмотр!",,75.3,8.5,112.9
https://vidnoye.cian.ru/sale/flat/297858450/,https://images.cdn-cian.ru/images/2370344911-4.jpg,ЖК «Южная Битца»,"Московская область, м. Бульвар Дмитрия Донского, Ленинский городской округ, пос. Битца, Южная Битца ЖК, бульвар Южный, 4",Транспортом,21351000.0,258800.0,3.0,16.0,20.0,82.5,"Максимальные скидки при 100% оплате.
Корпус сдан! Прямая продажа от застройщика! Семейный жилой район класса Комфорт Плюс
Продаётся 3-к квартира номер 933 в сданном корпусе общей площадью 82.5 кв.м. на 16-м этаже 20 этажного дома.

Особенности:
- Квартира доступна к покупке в Trade-In.
- Увеличенное остекление
- Гостевой санузел
- Большая кухня
- Панорамное остекление лоджии
- Лоджия

Расположение комплекса: 
Сочетание свободного перемещения по внутреннней территории без машин и ощущения абсолютной безопасности благодаря надежным ограждениям - вот что отличает ЖК Южная Битца. На территории комплекса созданы все условия как для активного образа жизни, так и для спокойного времяпрепровождения. Свободно перемещайтесь по внутренней территории в безбарьерной среде! 
Продуманное зонирование во дворах позволяет отделить тихие зоны для родителей со спящими младенцами и тех, кто хочет почитать на свежем воздухе, от шумных игровых зон. Игровые зоны учитывают возраст детей. Площадки для детей старшего возраста вынесены за пределы дворов. Ощущение уютного дома должно начинаться с подъезда. Мы постарались предусмотреть все нюансы, чтобы наши лифты отвечали самым строгим современным требованиям. А наличие кладовых позволит вам поддерживать идеальный порядок и уют в вашей квартире!

Транспортная доступность:
В 3 км от МКАД в нескольких минутах езды до трех станций метро: Аннино, Бульвар Дмитрия Донского, улица Старокочаловская и станции МЦД2 - жд Бутово. Открылся участок (10й) ЮВХ и вместе с ним съезд на МКАД от ЖК.

Внутренняя инфраструктура:
Для жителей жилого района ""Южная Битца"" доступна развитая инфраструктура близлежащих московских районов Чертаново, Южное, Бирюлёво Западное, Северное Бутово и Южное Бутово. Множество образовательных учреждений, объекты здравоохранения, торговые и развлекательные центры, кинотеатры, кафе, рестораны, парки.
 
Цены указаны с учетом скидки.",,82.5,21.4,258.8
https://vidnoye.cian.ru/sale/flat/304841230/,https://images.cdn-cian.ru/images/kvartira-butovo-park-2221859388-4.jpg,ЖК «Бутово парк»,"Московская область, м. Бульвар Дмитрия Донского, Ленинский городской округ, Бутово пгт, Бутово Парк ЖК, 14",Транспортом,11500000.0,148694.0,,,,,"ЖК ""Бутово Парк"". 
Светлая, просторная трехкомнатная квартира 77,36 м2 (с учетом балкона 81,9 м2 )жилая площадь 44 м2
Зал- 17,9 м 2
Кухня-15,03 м2
Спальня-12,55 м2
Детская-11,53 м2
Окна выходят вo двоp на разные сторoны дoма. Kвapтира теплaя.Рядoм лeс. Развитая инфpастpуктура. Pядoм МЦД. В собственности  с 2013 г. Три изолированные спальни, кухня-гостиная, балкон с видом на лес.До станции МЦД Бутово 10 минут пешком. Рядом с домом фитнес - центр с бассейном, школы, детские сады, магазины и т.д. 
Покупалась по ДДУ от застройщика.Один взрослый собственник, мат капитал не использовался. Быстрый выход на сделку. Возможна ипотека.",,nan,11.5,148.7
https://www.cian.ru/sale/flat/309144857/,https://images.cdn-cian.ru/images/kvartira-moskva-ulica-grina-2308218129-4.jpg,,"Москва, ЮЗАО, р-н Северное Бутово, м. Бульвар Дмитрия Донского, улица Грина, 28",Пешком,23500000.0,309211.0,3.0,6.0,10.0,76.0,"Продается 3х-комнатная квартира - все комнаты изолированные. В квартире 2 сан.узла (совмещенный и раздельный). Дом расположен в районе с развитой инфраструктурой: метро в шаговой 3 мин/пеш, ТЦ и магазины, салоны красоты, школы, детские садики, поликлиники, парк Битца, Бутовский парк. В подъезде - консьерж. В договоре полная стоимость, владельцы 1 семья с 2003 года. Квартира никогда не сдавалась в аренду.",,76.0,23.5,309.2
https://vidnoye.cian.ru/sale/flat/302414237/,https://images.cdn-cian.ru/images/2370344842-4.jpg,ЖК «Южная Битца»,"Московская область, м. Бульвар Дмитрия Донского, Ленинский городской округ, пос. Битца, Южная Битца ЖК, бульвар Южный",Транспортом,17712143.0,227663.0,3.0,17.0,24.0,77.8,"Максимальные скидки при 100% оплате.
Корпус сдан! Прямая продажа от застройщика! Семейный жилой район класса Комфорт Плюс
Продаётся 3-к квартира номер 248 в сданном корпусе общей площадью 77.8 кв.м. на 17-м этаже 24 этажного дома.

Особенности:
- Квартира доступна к покупке в Trade-In.
- Гостевой санузел
- Большая кухня
- Ниша под шкаф
- Гардеробная
- Панорамное остекление лоджии
- Лоджия

Расположение комплекса: 
Сочетание свободного перемещения по внутреннней территории без машин и ощущения абсолютной безопасности благодаря надежным ограждениям - вот что отличает ЖК Южная Битца. На территории комплекса созданы все условия как для активного образа жизни, так и для спокойного времяпрепровождения. Свободно перемещайтесь по внутренней территории в безбарьерной среде! 
Продуманное зонирование во дворах позволяет отделить тихие зоны для родителей со спящими младенцами и тех, кто хочет почитать на свежем воздухе, от шумных игровых зон. Игровые зоны учитывают возраст детей. Площадки для детей старшего возраста вынесены за пределы дворов. Ощущение уютного дома должно начинаться с подъезда. Мы постарались предусмотреть все нюансы, чтобы наши лифты отвечали самым строгим современным требованиям. А наличие кладовых позволит вам поддерживать идеальный порядок и уют в вашей квартире!

Транспортная доступность:
В 3 км от МКАД в нескольких минутах езды до трех станций метро: Аннино, Бульвар Дмитрия Донского, улица Старокочаловская и станции МЦД2 - жд Бутово. Открылся участок (10й) ЮВХ и вместе с ним съезд на МКАД от ЖК.

Внутренняя инфраструктура:
Для жителей жилого района ""Южная Битца"" доступна развитая инфраструктура близлежащих московских районов Чертаново, Южное, Бирюлёво Западное, Северное Бутово и Южное Бутово. Множество образовательных учреждений, объекты здравоохранения, торговые и развлекательные центры, кинотеатры, кафе, рестораны, парки.
 
Цены указаны с учетом скидки.",,77.8,17.7,227.7
https://www.cian.ru/sale/flat/311903398/,https://images.cdn-cian.ru/images/kvartira-moskva-feodosiyskaya-ulica-2364297515-4.jpg,ЖК «Гринада»,"Москва, ЮЗАО, р-н Северное Бутово, м. Бульвар Дмитрия Донского, Феодосийская улица, 7к4",Пешком,27700000.0,301087.0,,,,,"Продаётся уютная трёхкомнатная квартира площадью 92 квадратных метра на пятом этаже девятиэтажного монолитного дома, расположенного по адресу: Москва, Феодосийская улица, 7к4. Дом был построен в 2020 году и имеет свободную от машин территорию, что обеспечивает дополнительную безопасность для жителей.

Огромная кухня-гостинная 24 кв.м. где можно оборудовать удобное место для приготовления пищи и семейных ужинов  и 3 полноценных отдельных спален, мастер спальня со своим санузлом и лоджией с видом на лес, создающий атмосферу спокойствия и уединения от городской суеты.
В квартире 3 мокрых точки, с возможностью сделать 3 санузла. Окна кухни-гостинной и 2 других спален выходят в уютный двор. 10 минут пешком до двух веток метро: улица Старокачаловская и Бульвар Дмитрия Донского. В самом ЖК большая инфраструктура с магазинами и кафе и местом досуга детей и все это в шикарной инфраструктуре Северного Бутово, одного из самых экологически чистых и современных благоустроенных районов. Выйдя из дома вы сразу попадаете в большую лесопарковую зону. 
Расположение квартиры позволяет быстро добраться пешком до различных объектов инфраструктуры, таких как школы, детские сады, торговые центры, парки и фитнес-центры. Для активного отдыха во дворе предусмотрены детская и спортивная площадки. Также имеется парковка для автомобилей.

Это отличный вариант для тех, кто ценит комфорт, качество жилья и близость к природе. Квартира под отделку, в том виде в котором сдавалась застройщиком, что дает новым владельцам уникальную возможность обустроить её согласно своим предпочтениям и вкусам.  Двор без машин, современная входная группа и квартирные холлы. В подъезде есть колясочная с возможностью хранения велосипедов. Очень приятная и современная среда всего ЖК. В подъезде чисто, современно, стильно, очень просторно. Замечательные соседи. Всё необходимое: магазины, салоны, кафе, детские клубы прям в микрорайоне ЖК. Лучшее место для любителей современности и единения с природой за приемлемые деньги. Чистая продажа, без альтернатив. Собственник - взрослый. Обращаем внимание что в общую площадь квартиры в объявлении добавлена реальная площадь лоджии, которая согласно законодательству не учитывается в общей площади квартиры, будьте пожалуйста внимательны.

Приглашаем вас ознакомиться с этим предложением и убедиться во всех его преимуществах лично!",,nan,27.7,301.1
https://www.cian.ru/sale/flat/306287244/,https://images.cdn-cian.ru/images/kvartira-moskva-starokachalovskaya-ulica-2249022658-4.jpg,,"Москва, ЮЗАО, р-н Северное Бутово, м. Бульвар Дмитрия Донского, Старокачаловская улица, 6",Пешком,30500000.0,280847.0,3.0,3.0,9.0,108.6,"Квартира в охраняемом жилом комплексе Синяя Птица, въезд через шлагбаум. На территории ЖК Детский сад, рядом школа, аптека, школа единоборств, паркинг подземный, наземный. Распашонка, 2 Балкона , полы с подогревом коридор+кухня, ванная, лоджия. Итальянский кухонный гарнитур. В ванной итальянская джакузи, душевая кабина с сауной. На полу паркетная доска.
Звоните, расскажу, покажу",,108.6,30.5,280.8
https://vidnoye.cian.ru/sale/flat/303825548/,https://images.cdn-cian.ru/images/2370344879-4.jpg,ЖК «Южная Битца»,"Московская область, м. Бульвар Дмитрия Донского, Ленинский городской округ, пос. Битца, Южная Битца ЖК, бульвар Южный",Транспортом,17408216.0,225787.0,3.0,3.0,24.0,77.1,"Максимальные скидки при 100% оплате.
Корпус сдан! Прямая продажа от застройщика! Семейный жилой район класса Комфорт Плюс
Продаётся 3-к квартира номер 192 в сданном корпусе общей площадью 77.1 кв.м. на 3-м этаже 24 этажного дома.

Особенности:
- Квартира доступна к покупке в Trade-In.
- Гостевой санузел
- Большая кухня
- Ниша под шкаф
- Гардеробная
- Панорамное остекление лоджии
- Лоджия

Расположение комплекса: 
Сочетание свободного перемещения по внутреннней территории без машин и ощущения абсолютной безопасности благодаря надежным ограждениям - вот что отличает ЖК Южная Битца. На территории комплекса созданы все условия как для активного образа жизни, так и для спокойного времяпрепровождения. Свободно перемещайтесь по внутренней территории в безбарьерной среде! 
Продуманное зонирование во дворах позволяет отделить тихие зоны для родителей со спящими младенцами и тех, кто хочет почитать на свежем воздухе, от шумных игровых зон. Игровые зоны учитывают возраст детей. Площадки для детей старшего возраста вынесены за пределы дворов. Ощущение уютного дома должно начинаться с подъезда. Мы постарались предусмотреть все нюансы, чтобы наши лифты отвечали самым строгим современным требованиям. А наличие кладовых позволит вам поддерживать идеальный порядок и уют в вашей квартире!

Транспортная доступность:
В 3 км от МКАД в нескольких минутах езды до трех станций метро: Аннино, Бульвар Дмитрия Донского, улица Старокочаловская и станции МЦД2 - жд Бутово. Открылся участок (10й) ЮВХ и вместе с ним съезд на МКАД от ЖК.

Внутренняя инфраструктура:
Для жителей жилого района ""Южная Битца"" доступна развитая инфраструктура близлежащих московских районов Чертаново, Южное, Бирюлёво Западное, Северное Бутово и Южное Бутово. Множество образовательных учреждений, объекты здравоохранения, торговые и развлекательные центры, кинотеатры, кафе, рестораны, парки.
 
Цены указаны с учетом скидки.",,77.1,17.4,225.8
https://vidnoye.cian.ru/sale/flat/305933593/,https://images.cdn-cian.ru/images/2242641665-4.jpg,,"Московская область, м. Бульвар Дмитрия Донского, Ленинский городской округ, Бутово рп, Бутово Парк ЖК, 3",Транспортом,12899999.0,161250.0,,,,,"Id 45833. Предлагается 3 комнатная квартира с развитой инфраструктурой.

Вас ждет чистый подъезд, спокойные соседи, благоустроенный двор, детские и спортивные площадки. Есть всё, что нужно для жизни - супермаркеты, рестораны, поликлиники, детские сады, школы, банки и различные сервисные услуги.
В шаговой доступности парк ""Дубовая роща"". 
В пешей доступности МЦД Бутово .

Идеальный вариант для тех, кто хочет большую комфортную квартиру для своей семьи. А также для тех, кому важна сложившаяся инфраструктура и хорошая транспортная доступность. В квартире выполнен отличный ремонт, так что можно заезжать и жить!",,nan,12.9,161.2
https://vidnoye.cian.ru/sale/flat/308112249/,https://images.cdn-cian.ru/images/kvartira-drozhzhino-novoe-shosse-2304904961-4.jpg,ЖК «Бутово парк 2»,"Московская область, м. Бульвар Дмитрия Донского, Ленинский городской округ, Дрожжино пгт, шоссе Новое, 11к1",Транспортом,11000000.0,144547.0,3.0,8.0,14.0,76.1,"Залог в банке КРЕДИТЕВРОПАБАНК, сумма долга 2 850 000 руб.
Полная стоимость в ДКП, 1 взрослый собственник.
Рынок на аналогичные квартиры с таким ремонтом 12-12,5 млн.
ЖК Бутoвo Паpк 2, ул. Новoe шoccе, д. 11, к. 1
3-х комнатная квартирa с xоpошим качественным рeмoнтoм
8 эт/14-ти этaжнoго дома.
Oптимaльная планировка: большoй квадpaтный xолл (7.кв.м.), 3 кoмнaты- 19 - 15 -12 кв.м. Cветлая куxня с эpкeрoм (12,9 кв.м.) oборудована неoбxoдимoй вcтpаиваeмoй тexникой NEFF.
Раздельный санузел. Просторная ванна с теплым полом. На время отключения горячей воды имеется бойлер.
Окна пластиковые, 2-х камерные, 3 стекла, профиль Rеhаu. Батареи Glоbаl - биокерамика.
Дом серии П44-Т, консьерж, домофон, 2 лифта, камеры видеонаблюдения.",,76.1,11.0,144.5
https://vidnoye.cian.ru/sale/flat/309780692/,https://images.cdn-cian.ru/images/2370344898-4.jpg,ЖК «Южная Битца»,"Московская область, м. Бульвар Дмитрия Донского, Ленинский городской округ, пос. Битца, Южная Битца ЖК, бульвар Южный",Транспортом,17393539.0,227963.0,3.0,14.0,24.0,76.3,"Максимальные скидки при 100% оплате.
Корпус сдан! Прямая продажа от застройщика! Семейный жилой район класса Комфорт Плюс
Продаётся 3-к квартира номер 144 в сданном корпусе общей площадью 76.3 кв.м. на 14-м этаже 24 этажного дома.

Особенности:
- Квартира доступна к покупке в Trade-In.
- Гостевой санузел
- Большая кухня
- Ниша под шкаф
- Панорамное остекление лоджии
- Лоджия

Расположение комплекса: 
Сочетание свободного перемещения по внутреннней территории без машин и ощущения абсолютной безопасности благодаря надежным ограждениям - вот что отличает ЖК Южная Битца. На территории комплекса созданы все условия как для активного образа жизни, так и для спокойного времяпрепровождения. Свободно перемещайтесь по внутренней территории в безбарьерной среде! 
Продуманное зонирование во дворах позволяет отделить тихие зоны для родителей со спящими младенцами и тех, кто хочет почитать на свежем воздухе, от шумных игровых зон. Игровые зоны учитывают возраст детей. Площадки для детей старшего возраста вынесены за пределы дворов. Ощущение уютного дома должно начинаться с подъезда. Мы постарались предусмотреть все нюансы, чтобы наши лифты отвечали самым строгим современным требованиям. А наличие кладовых позволит вам поддерживать идеальный порядок и уют в вашей квартире!

Транспортная доступность:
В 3 км от МКАД в нескольких минутах езды до трех станций метро: Аннино, Бульвар Дмитрия Донского, улица Старокочаловская и станции МЦД2 - жд Бутово. Открылся участок (10й) ЮВХ и вместе с ним съезд на МКАД от ЖК.

Внутренняя инфраструктура:
Для жителей жилого района ""Южная Битца"" доступна развитая инфраструктура близлежащих московских районов Чертаново, Южное, Бирюлёво Западное, Северное Бутово и Южное Бутово. Множество образовательных учреждений, объекты здравоохранения, торговые и развлекательные центры, кинотеатры, кафе, рестораны, парки.
 
Цены указаны с учетом скидки.",,76.3,17.4,228.0
https://vidnoye.cian.ru/sale/flat/311639036/,https://images.cdn-cian.ru/images/kvartira-bobrovo-krymskaya-ulica-2358960598-4.jpg,ЖК «Восточное Бутово»,"Московская область, м. Бульвар Дмитрия Донского, Ленинский городской округ, Боброво пгт, улица Крымская, 17",Транспортом,14500000.0,164586.0,3.0,8.0,18.0,88.1,"Предлагается вашему вниманию просторная трехкомнатная квартира в монолитном доме.
Общая площадь 88,1 кв.м., изолированные комнаты 18,2 кв.м., 15,4 кв.м., 12,2 кв.м., большая кухня 15,7 кв.м., гардеробная 7,0 кв.м., два санузла.
В квартире всего две несущие колонны, что позволяет новым собственникам сделать перепланировку под свой вкус.
В пешей доступности поликлиники( детская, взрослая), 3 детских сада, 2 школы,  сетевые магазины, банки и прочие бытовые услуги, парковая зона.
Быстрый выезд на Симферопольское шоссе.
Два взрослых собственника, весь пакет документов готов для быстрого выхода на сделку.",,88.1,14.5,164.6
https://vidnoye.cian.ru/sale/flat/310718814/,https://images.cdn-cian.ru/images/2338995567-4.jpg,ЖК «Бутово парк 2»,"Московская область, м. Бульвар Дмитрия Донского, Ленинский городской округ, Дрожжино рп, улица Южная, 13",Транспортом,10800000.0,145946.0,3.0,5.0,25.0,74.0,"Код объекта: 1327103.
 Всем доброго дня! Меня зовут Микаель, я эксперт в сфере недвижимости!

Район находится в 5.5 км от МКАД отсюда до метро 15-20 минут на автобусе. Недавно открылась станция МЦД ""Бутово"", до нее можно доехать за 10 минут, остановка рядом с домом.

Для вашего удобства: Школы, детские сады, магазины, кафе, торговый центр с отличным фитнес залом. Район радует своей инфраструктурой.

Квартира идеально подойдет для счастливой и гармоничной жизни. Обзорные видовые характеристики с двух сторон. Грамотное планировочное решение, для полноценной жизни большой семьи!


Гарантия безопасности сделки: Обеспечиваю полную юридическую защиту на каждом этапе сделки. С моей помощью вы избежите рисков и подводных камней, а также получите прозрачные условия покупки. Ваша безопасность — мой приоритет!",,74.0,10.8,145.9
https://vidnoye.cian.ru/sale/flat/311989733/,https://images.cdn-cian.ru/images/kvartira-butovo-park-2366355539-4.jpg,,"Московская область, м. Бульвар Дмитрия Донского, Ленинский городской округ, Бутово пгт, Бутово Парк ЖК, 23к2",Транспортом,19500000.0,215708.0,,,,,"Продаю замечательную 3-х комнатную квартиру. Лучший дом района! Монолитно-кирпичный дом бизнес класса. Квартира полностью готова к продаже и ждёт своего покупателя. Быстрая сделка. Три взрослых собственника (в собственности 13 лет,). Долгов, залогов и обременений нет. Заезжай и живи! В квартире Три большие просторные комнаты, большая кухня , гардеробная, два санузла ( один с ванной, второй с душ кабиной) и большой просторный коридор. потолки 3 метра 

Огороженная и охраняемая территория. Круглосуточная охрана. Вход и въезд на территорию по электронным пропускам. В подъезде и на этажах камеры видеонаблюдения.На территории своя оборудованная детская площадка. В доме круглосуточная диспетчерская служба. Наземная и подземная парковки. 

В доме расположены частный мед центр Преамбула, магазин Пятёрочка, частный детский сад, салон красоты, ресторан Аквариум, кафе Мята, детский развивающий игровой центр, танцевальный клуб по бальным танцам. Во дворе школа. В районе два детских сада. Рядом - спортивный центр СССР с большим бассейном, МФЦ, магазины Перекрёсток, Пятёрочка, Вкус Вилл. Большой торговый центр с кинотеатром. взрослая и детская поликлиники.
до метро бульвар Дмитрия донского 15 минут на транспорте 
до Мцд Бутово 10 минут пешком",,nan,19.5,215.7
https://www.cian.ru/sale/flat/311077281/,https://images.cdn-cian.ru/images/kvartira-moskva-2ya-melitopolskaya-ulica-2346754860-4.jpg,,"Москва, ЮЗАО, р-н Южное Бутово, м. Бульвар Дмитрия Донского, 2-я Мелитопольская улица, 21К2",Транспортом,13000000.0,161491.0,3.0,8.0,14.0,80.5,"Свободная продажа.Продается уютная трехкомнатная квартира в Москве по адресу: 2-я Мелитопольская улица, 21к2. Общая площадь — 80.5 кв. м, расположена на 8 этаже 14-этажного монолитного дома, построенного в 1996 году. Высота потолков — 2.64 метра. Квартира светлая и просторная, окна выходят во двор, обеспечивая тишину и спокойствие.

В квартире есть косметический ремонт, что позволит вам сразу заселиться и обустроить пространство по своему вкусу. Кухня просторная, площадью 10 кв. м, где удобно готовить и собираться всей семьей. Санузел раздельный, что очень удобно для большой семьи. В квартире также имеется один балкон, где можно устроить зону отдыха или мини-оранжерею.

Дом в хорошем состоянии, ухоженный подъезд и два пассажирских лифта обеспечивают комфортное проживание. На территории дома есть наземная парковка, поэтому всегда найдете место для вашего автомобиля. Также в доме есть мусоропровод, что добавляет удобства.

Расположение квартиры очень удобное: в пешей доступности находятся школы, детские сады и магазины. До метро Бутово всего 11 минут пешком, что позволяет быстро добраться до центра города. Хорошо развита инфраструктура района, поэтому все необходимое всегда под рукой.

Квартира продается, подходит для покупки в ипотеку. Все документы готовы к сделке, собственник один, обременений нет. Прекрасный вариант как для личного проживания, так и для инвестиций.

Не упустите возможность стать владельцем этой замечательной квартиры! Звоните и записывайтесь на просмотр в удобное для вас время.",,80.5,13.0,161.5
https://vidnoye.cian.ru/sale/flat/311315343/,https://images.cdn-cian.ru/images/2351811324-4.jpg,ЖК «Видный город»,"Московская область, Видное, м. Бульвар Дмитрия Донского, улица Галины Вишневской, 5",Транспортом,12500000.0,148987.0,3.0,8.0,8.0,83.9,"Код объекта: 1030600.
 Вашему вниманию представлен уникальный формат двухуровневой квартиры!

По уровню комфорта квартира сопоставима с форматом мини- коттеджа или таунхауса. Теплая, светлая, просторная, неповторимая.
Квартира имеет два входа, высота потолков 5,8 м

В квартире 8 световых точек! На первом этаже 4 окна, на втором 4 окна оставляют простор для дизайнерского воображения!

Четыре световые точки 1-го этажа (Восток, восток + юг, Юг) под прямым углом дают изумительные светотени, за которыми охотятся фотографы.
В восточной части квартиры выход в отдельную лоджию (вам не придется делить ее с соседями через перегородку). Пространство лоджии позволяет создать кабинет или лаунж зону.
Два выхода воды дает возможность запланировать рабочее пространство кухни в южной или восточной части этого редкоформатного объекта.

Планировка настолько функциональна, что даже если вы оставите кухню- гостиную в два света, у вас будет еще три полноценные спальни и один кабинет.
Такая квартира была у Застройщика в единственном варианте!

Насладитесь жизнью в шедевральной жилом комплексе с точки зрения архитектуры, в 15 мин. от метро Анино. Архитектурное решение от Максима Атаянц в концепции светского пригорода для ценителей прекрасного.

В данном проекте собрано все лучшее - двор без машин, красивые видовые характеристики, качественное озеленение - газоны, розы, туи, гортензии, освещение, подсветки, воспитанные соседи.

Создайте свой мини - коттедж в 4 км от МКАД за приемлемую цену!

Инфраструктура развита - школа, два детских сада напротив. Торговый центр, фитнес, МФЦ, кофейни, аптеки, сетевые продуктовые магазины, салон красоты.

Для тех, кто устал от городской среды, рядом Усадьба Волконского, красивая лесопарковая зона с тропой здоровья, место для рыбалки.

Транспортная доступность обеспечена, маршрутка до метро каждые 5 минут и от метро тоже.",,83.9,12.5,149.0
https://vidnoye.cian.ru/sale/flat/312172295/,https://images.cdn-cian.ru/images/novostroyka-drozhzhino-yuzhnaya-ulica-2370342740-4.jpg,ЖК «Бутово парк 2»,"Московская область, м. Бульвар Дмитрия Донского, Ленинский городской округ, Дрожжино пгт, улица Южная, 25",Транспортом,10900000.0,141558.0,3.0,5.0,17.0,77.0,"Продается отличная теплая и уютная 3-х комнатная квартира на комфортном 5 этаже. Отличная планировка П 44Т. Распашенка, Окна на обе стороны. Комнаты изолированы. Без перепланировок. Полностью соответствует планировке на фото.  2 застекленных лоджии- стеклопакеты. На кухне полы с подогревом. Широкий функциональный коридор. Общая площадь вместе с лоджиями 77 кв.м.  Жилая площадь 43 кв.м. Кухня 13 кв.м. В ванной электрический водонагреватель на случай  профилактического летнего отключения горячей воды. 
Отличное состояние и  расположение. Напротив дома остановка маршрутки до м. бульвар Дмитрия Донского.  1 взрослый собственник.  Покупали у застройщика. Больше 5 лет в собственности. Легкая альтернатива.  Показы по договоренности.",,77.0,10.9,141.6
https://vidnoye.cian.ru/sale/flat/308164833/,https://images.cdn-cian.ru/images/kvartira-butovo-park-2287541558-4.jpg,ЖК «Бутово парк»,"Московская область, м. Бульвар Дмитрия Донского, Ленинский городской округ, Бутово рп, Бутово Парк ЖК, 12",Транспортом,15700000.0,176603.0,3.0,3.0,25.0,88.9,"Продаётся просторная трёхкомнатная квартира площадью 88.9 квадратных метров в живописном районе Бутово-Парк. Жилая площадь составляет 70 квадратных метров, а кухня занимает 20,7 квадратных метров. Квартира расположена на третьем этаже монолитного дома, построенного в 2019 году.
Квартира с качественным ремонтом. Полы покрыты ламинатом высокого качества, установлена система теплых полов.
Два Санузла в кафеле, установлена качественная сантехника.
Большая часть мебели производилась на заказ. Кухня оснащена встроенной техникой, измельчителем отходов, доводчиками, что значительно облегчают и украшают нашу жизнь.
В квартире есть вместительные места хранения.
Квартира выполнена в едином современном стиле и подходит для людей ценящих комфорт и функциональность.
Из окон открывается прекрасный вид на двор, улицу, парк и лес, что создаёт атмосферу уюта и спокойствия. Внутри квартиры выполнен качественный евроремонт, который придаст вашему новому жилищу современный и стильный вид. Санузел совмещённый, что является удобным решением для семейного использования.
Во дворе дома расположены детская и спортивная площадки, где ваши дети смогут безопасно играть и заниматься спортом. Также рядом находятся школа, детский сад, торговый центр и фитнес-центр, что делает этот район идеальным для комфортной жизни.
Станции метро ""Улица Скобелевская"", ""Бульвар Адмирала Ушакова"", ""Бульвар Дмитрия Донского"" и ""Улица Старокачаловская"" находятся в пределах пешей доступности, что позволит вам быстро добраться до любой точки города.
Это отличный вариант для тех, кто ценит комфорт, качество и природу вокруг своего дома.",,88.9,15.7,176.6
https://www.cian.ru/sale/flat/309875120/,https://images.cdn-cian.ru/images/2322695629-4.jpg,,"Москва, ЮЗАО, р-н Северное Бутово, м. Бульвар Дмитрия Донского, Куликовская улица, 9К1",Пешком,15500000.0,196203.0,3.0,11.0,12.0,79.0,"Номер лота: вт-0401067.
Продается квартира с удачной планировкой в экологически чистом  районе Москвы. Есть темная комната.  Чистый ухоженный подъезд, порядочные соседи. Квартира требует ремонта. Удобная транспортная доступность. Развитая инфраструктура: в шаговой доступности школа, детский сад, крупный ТЦ, магазины, поликлиника, лесопарковая зона, благоустроенная дворовая территория. Альтернатива подобрана. 1 взрослый собственник. Полная стоимость в договоре. Содействие в получении специальных условий и преференций по ипотеке.",,79.0,15.5,196.2
https://www.cian.ru/sale/flat/311802599/,https://images.cdn-cian.ru/images/kvartira-moskva-ratnaya-ulica-2362278046-4.jpg,,"Москва, ЮЗАО, р-н Северное Бутово, м. Бульвар Дмитрия Донского, Ратная улица, 12К2",Пешком,14990000.0,204223.0,3.0,1.0,4.0,73.4,"Продам просторную  трехкомнатная квартиру в доме в доме индивидуальной планировки 
в 8 минутах пешком от метро Бульвар Дмитрия Донского.
Квартира под ремонт.
Расположена на 1 этаже 4 этажного кирпичного дома 1994 года постройки.
Общая площадь — 73,4 кв.м, из которых 46 кв.м — жилая. 
Кухня 9 кв.м, 
Высокие потолки. Отличный вариант для большой семьи. 
Две огромные лоджии (не входят в указанную общую площадь)
, окна выходят во двор, поэтому всегда тихо и спокойно. Есть два отдельных санузла, что очень удобно для семьи. 
Квартира без ремонта, что дает возможность воплотить в жизнь все ваши дизайнерские идеи и создать интерьер по своему вкусу.

Дом ухоженный, с пассажирским и грузовым лифтами, что удобно для перевозки крупногабаритных вещей. Есть пандус и мусоропровод, что добавляет комфорта в повседневной жизни. 
Наземная парковка всегда обеспечит место для вашего автомобиля.

Район прекрасно развит. В пешей доступности школы, детские сады, клиники и магазины. До метро ""Бульвар Дмитрия Донского"" всего 8 минут пешком, что позволяет быстро добраться до центра города.

Продажа квартиры без обременений, возможна ипотека. Собственники взрослые. наследство в силу закона, более 3-х лет.",,73.4,15.0,204.2
https://www.cian.ru/sale/flat/310792782/,https://images.cdn-cian.ru/images/kvartira-moskva-bulvar-dmitriya-donskogo-2340450065-4.jpg,,"Москва, ЮЗАО, р-н Северное Бутово, м. Бульвар Дмитрия Донского, бульвар Дмитрия Донского, 9К1",Пешком,17000000.0,234483.0,3.0,17.0,17.0,72.5,"УСЛУГИ РИЕЛТОРА НЕ ПРЕДЛАГАТЬ!!!!
Всего 2 мин. от входа в метро до порога просторной квартиры. На последнем этаже вас никогда не побеспокоят соседи с верху, а вид из окна откроет панораму на город.
Ремонт косметический, можно заехать и что-то доделать на свой вкус. Чистая входная группа. Новые лифты. Вся инфраструктура в шаговой доступности. Дом под присмотром ТСЖ.
Вся история собственности в одной семье. Без перепланировок, МК,арестов, альтернативы. 
Показы по договорённости. Звоните уважаемые покупатели. Торг реальным покупателям.",,72.5,17.0,234.5
https://www.cian.ru/sale/flat/311367902/,https://images.cdn-cian.ru/images/kvartira-moskva-ulica-grina-2352987457-4.jpg,,"Москва, ЮЗАО, р-н Северное Бутово, м. Бульвар Дмитрия Донского, улица Грина, 1К3",Пешком,16400000.0,197590.0,3.0,14.0,17.0,83.0,"Продается уютная трехкомнатная квартира в Москве, на улице Грина, 1к3. Общая площадь квартиры составляет 83 кв. м, жилая площадь - 52 кв. м, а площадь кухни - 10 кв. м. Квартира расположена на 14 этаже 17-этажного панельного дома, построенного в 1994 году. Высота потолков - 2,64 метра. Из окон открывается вид на тихий двор, что добавляет уюта и спокойствия.

Квартира без ремонта, что позволяет вам воплотить в жизнь любые дизайнерские идеи и создать пространство по своему вкусу. В квартире один отдельный санузел и два балкона, которые могут стать отличным местом для отдыха. Просторная кухня дает возможность создать комфортное место для семейных обедов.

Дом в хорошем состоянии, имеется как пассажирский, так и грузовой лифт, что удобно для перевозки крупногабаритных вещей. Наземная парковка обеспечивает удобное размещение автомобиля. Есть мусоропровод, поэтому можно не беспокоиться о выносе мусора.

Район с развитой инфраструктурой: в шаговой доступности школы, детские сады и магазины, что отлично подходит для семей с детьми. До метро ""Бульвар Дмитрия Донского"" всего 13 минут пешком, что позволяет быстро добраться до центра города.

Приглашаем вас на просмотр! Записывайтесь прямо сейчас, чтобы оценить все преимущества этой квартиры.",,83.0,16.4,197.6
https://www.cian.ru/sale/flat/306475094/,https://images.cdn-cian.ru/images/2252284128-4.jpg,ЖК «Гринада»,"Москва, ЮЗАО, р-н Северное Бутово, м. Бульвар Дмитрия Донского, Феодосийская улица, 7к3",Пешком,27000000.0,345269.0,3.0,2.0,11.0,78.2,"Id 24256. Продается просторная семейная 3-х комнатная квартира . ЖК Гранада ( один из самых лучших жк в Бутово!) . 
Все комнаты изолированные , очень удачная планировка ! распашонка, 2 сан узла ( с душевой кабиной и с ванной) !!
Большая кухня-гостиная . Много встроенного пространства для хранения . 
Комфортный 2-й этаж , просторная лоджия из кухни . 
Сделан ремонт по- дизайн -проекту . 
На этаже всего 5 квартир!
Для тех кто не знаком с данным комплексом : на первых этажах расположено большое колличество магазинов, салоны красоты , уютных кафешек ,развивающих центров для детей и т.д.  во внутренних дворах прекрасные детские площадки и зоны отдыха.  большое колличество парковочных мест вокруг и около домов .
Удобнейшая транспортная доступность ( до метро Старокачаловская -10 мин пешком!) 
удобный выезд на Варшавское шоссе и до МКАДа 7 мин на авто. 
Храм Димитрия Донского и огромный Бутовский лесопарк 5-7 мин пешком.
Большая часть мебели  и техники останется новым владельцам в качестве бонуса !
Альтернативная продажа . 

1 взрослых собственник ,полная стоимость в договоре, есть небольшой остаток по- ипотеке в Альфа банке. 
Звоните ,пишите, показы оперативно.",,78.2,27.0,345.3
https://vidnoye.cian.ru/sale/flat/312170696/,https://images.cdn-cian.ru/images/kvartira-drozhzhino-novoe-shosse-2370321044-4.jpg,ЖК «Бутово парк 2»,"Московская область, м. Бульвар Дмитрия Донского, Ленинский городской округ, Дрожжино пгт, шоссе Новое, 9",Транспортом,12880000.0,169474.0,3.0,4.0,14.0,76.0,"светлая уютная 3х комнатная квартира, качественный ремонт без амортизации, теплые полы везде где плитка, поменяны окна, без обременений, серия п44т, кухня с эркером, сводная продажа, оперативный показ.",,76.0,12.9,169.5
https://www.cian.ru/sale/flat/310048445/,https://images.cdn-cian.ru/images/2326065527-4.jpg,,"Москва, ЮЗАО, р-н Северное Бутово, м. Бульвар Дмитрия Донского, улица Знаменские Садки, 3К5",Пешком,13700000.0,181457.0,3.0,1.0,17.0,75.5,"Цена до конца месяца! Срочно. Потом верну обратно.
Продаю свою! квартиру. В этих домах отличная планировка. Высокий первый этаж! Три комнаты 18,14 и 14. Раздельный санузел. 
Квартира под ремонт!!! Совсем!
 С учётом первого этажа прекрасно делится хоть на две однушки, хоть на четыре студии.
отличный вариант и для жизни и для сдачи в аренду. Школы, садики, магазины и торговые центры - всё в шаговой доступности! и при этом тихий и спокойный не проездной двор.
Метро - 3 минуты пешком! прямая ветка до центра. 20 минут и Вы в центре Москвы.

Предпочтительна прямая продажа, но рассмотрю варианты обмена с доплатой на область (а именно Пушкино, Ивантеевка, Королёв, Мытищи)
Также возможен вариант обмена на 1к квартиру в этом же районе. в любом состоянии. С Вашей доплатой.
Звоните - предлагайте. 
Стоимость указана за деньги.
цена на обмен обсуждается.",,75.5,13.7,181.5
https://www.cian.ru/sale/flat/312133789/,https://images.cdn-cian.ru/images/2369507615-4.jpg,ЖК «Эталон-Сити»,"Москва, ЮЗАО, р-н Южное Бутово, м. Бульвар Дмитрия Донского, Старокрымская улица, 15к2",Транспортом,25000000.0,292398.0,3.0,18.0,23.0,85.5,"891618  КУПИТЕ квартиру с качественным ремонтом, расположенной в одном из самых большших зеленых зон столицы - Бутовском лесопарке.
Не требует дополнительных вложений.
Дом бизнес - класса, окна выходят во двор и на лес.
Закрытый двор, видеонаблюдение и консьерж, подземный паркинг.
Развитая инфраструктура:  школы, салоны красоты, фитнес клуб, магазины, кафе и рестораны. 
В пешей доступности (5 минут) находится остановка общественного транспорта.
До метро Бульвар Дмитрия Донского 9 минут на автобусе.
До метро Улица Скобелевская 8 минут на автобусе.
До МЦД Бутово 12 минут на автобусе.
Остались вопросы? 
Звоните!",,85.5,25.0,292.4
https://vidnoye.cian.ru/sale/flat/311487065/,https://images.cdn-cian.ru/images/2355590761-4.jpg,,"Московская область, м. Бульвар Дмитрия Донского, Ленинский городской округ, Бутово пгт, Бутово Парк ЖК, 12",Транспортом,15600000.0,175478.0,3.0,3.0,25.0,88.9,"Номер в базе: 3965435. Продаётся великолепная трёхкомнатная квартира площадью 88,9 квадратных метров в живописном районе Бутово-Парк! Эта просторная и светлая квартира идеально подойдёт для тех, кто ценит комфорт и стиль. Жилая площадь комнат составляет 46 квадратных метров, а кухня — 20,7 квадратных метров, что создаёт ощущение простора и уюта.
Квартира расположена на 3-ем этаже современного монолитного дома, построенного в 2019 году. Здесь вас ждёт качественный евроремонт, выполненный с использованием современных материалов. Полы покрыты ламинатом высокого класса, а система тёплых полов добавляет дополнительный комфорт в холодные дни.
В квартире предусмотрены 2 санузла, отделанных кафелем, с установленной качественной сантехникой. Большая часть мебели изготовлена на заказ, что позволяет максимально эффективно использовать пространство. Кухня оснащена встроенной техникой, включая измельчитель отходов и доводчики, что значительно упрощает повседневные задачи и делает процесс приготовления пищи настоящим удовольствием.
Из окон открывается потрясающий вид на ухоженный двор, улицу, парк и лес, создающий атмосферу спокойствия и уюта. Внутреннее оформление выполнено в едином современном стиле, который подчеркнёт ваш вкус и статус.
Во дворе дома находятся детская и спортивная площадки, где ваши дети смогут безопасно играть и развиваться. В шаговой доступности расположены школа, детский сад, торговый центр и фитнес-центр, что делает этот район идеальным для семейной жизни.
Станции метро ""Улица Скобелевская"", ""Бульвар Адмирала Ушакова"", ""Бульвар Дмитрия Донского"" и ""Улица Старокачаловская"" находятся в непосредственной близости, что обеспечивает удобный доступ к любой точке города.
Не упустите возможность стать владельцем этой замечательной квартиры, которая сочетает в себе комфорт, качество и близость к природе! Звоните прямо сейчас, чтобы записаться на просмотр и увидеть всё своими глазами!
И самое главное: покупая эту квартиру через агентство недвижимости ""Этажи"", вы получаете полную юридическую защиту и никаких рисков. Мы поможем вам получить ипотеку во всех ведущих банках с преференциями от 0,3%, а также экономить на страховых взносах 20-30% ежегодно. Кроме того, гарантийный сертификат составляет до 25 миллионов рублей.
Не упустите возможность приобрести эту квартиру и обеспечить себе и своей семье комфортное жилье в тихом и зеленом районе. Свяжитесь с нами сегодня, и мы поможем вам осуществить вашу мечту!
Код пользователя: 171440",,88.9,15.6,175.5
https://www.cian.ru/sale/flat/311340522/,https://images.cdn-cian.ru/images/kvartira-moskva-ratnaya-ulica-2352370585-4.jpg,,"Москва, ЮЗАО, р-н Северное Бутово, м. Бульвар Дмитрия Донского, Ратная улица, 10К1",Пешком,15700000.0,206851.0,3.0,1.0,12.0,75.9,"Продам светлую ,просторную квартиру!Оперативный показ!Один взрослый собственник!более пяти лет в собственности!Легкая альтернатива ! Развитая инфраструктура,шаговая доступность метро.Через дорогу парк!Альтернатива подобрана!",,75.9,15.7,206.9
https://vidnoye.cian.ru/sale/flat/310692248/,https://images.cdn-cian.ru/images/kvartira-bobrovo-krymskaya-ulica-2338436687-4.jpg,,"Московская область, м. Бульвар Дмитрия Донского, Ленинский городской округ, Боброво пгт, улица Крымская, 3",Транспортом,9800000.0,145617.0,3.0,21.0,25.0,67.3,"Прекрасная возможность приобрести уютную 3-комнатную квартиру в посёлке городского типа Боброво, Московская область. Квартира находится на 21 этаже современного 25-этажного панельного дома, построенного в 2020 году. Общая площадь квартиры составляет 67.3 кв. м, из которых 38 кв. м  жилая площадь и 12.3 кв. м  просторная кухня. Высота потолков  2.7 метра, что добавляет ощущение простора.

В квартире сделан косметический ремонт, поэтому она готова для комфортного проживания. Продуманная планировка включает в себя отдельный санузел. Окна выходят как на улицу, так и во двор, поэтому в квартире всегда много света. 

Дом оснащен пассажирским и грузовым лифтами, поэтому можно без труда доставить любые покупки и грузы. На территории предусмотрена наземная парковка, что решает вопрос с местом для автомобиля. 

Рядом с домом есть всё необходимое для удобной жизни: школы, детские сады и магазины. До станции метро ""Бульвар Дмитрия Донского"" можно добраться на автомобиле всего за 8 минут, что обеспечивает удобное сообщение с Москвой.

Продажа квартиры осуществляется по договору купли-продажи. Возможна покупка в ипотеку. Все документы готовы к сделке, обременений нет. 1 взрослый собственник.",,67.3,9.8,145.6
https://vidnoye.cian.ru/sale/flat/301043852/,https://images.cdn-cian.ru/images/kvartira-drozhzhino-novoe-shosse-2152112100-4.jpg,ЖК «Бутово парк 2»,"Московская область, м. Бульвар Дмитрия Донского, Ленинский городской округ, Дрожжино пгт, шоссе Новое, 2",Транспортом,9900000.0,145161.0,3.0,11.0,26.0,68.2,"Бутово парк 2, Новое шоссе д.2
Трёх комнатная просторная, светлая, теплая, уютная квартира (линейка)
на 11-м этаже, 16-и шести этажного нового дома. 
Общая площадь 68,2, жилая 38,1, кухня 12,2, два с/у. 
Три изолированные комнаты: 15,9-12,2-10, окна выходят во двор
Территория огорожена и закрыта (двор без машин). 
Район с развитой инфраструктурой: рядом с домом расположены 2 детских сада, 2 школы,  
поликлиника в 5-ти минутах ходьбы. В шаговой доступности магазины, кафе, 
закрытые детские площадки, все что необходимо для комфортного проживания.
Автобусная остановка рядом с домом, до м. Бульвар Дмитрия Донского 15 мин, 
до МЦД Бутово 7 минут. 
ДДУ- 2018года.Альтернатива.",,68.2,9.9,145.2
https://www.cian.ru/sale/flat/306235818/,https://images.cdn-cian.ru/images/kvartira-moskva-ulica-grina-2248097931-4.jpg,,"Москва, ЮЗАО, р-н Северное Бутово, м. Бульвар Дмитрия Донского, улица Грина, 5",Пешком,18499000.0,248309.0,3.0,5.0,17.0,74.5,"Продается 3-х комн. квартира 74.5 кв.м. ул. Грина д. 5. Комнаты, изолированные 19-14.9-11.2 кв.м. Кухня 9.7 кв.м. С/у раздельный. Просторная лоджия. Этаж 5/17. Квартира светлая и уютная, окна выходит на две стороны дома. В квартире остается кухня, стиральная машина и мебель. Спокойные соседи. Двор ухоженный с оборудованными детскими площадками. Во дворе парковка. В 5 минутах метро Бульвар Дмитрия Донского. Рядом магазины, торговые центры, детские сады, детские развивающие центры, школа, поликлиника и фитнес центр. Для прогулок  в шаговой доступности три прекрасных парка. Без перепланировок и обременений. Три взрослых собственника. Документы готовы к сделке. Основание: приватизация и ДКП. Ипотека подходит. Полная стоимость в договоре. Лёгкая альтернатива.",,74.5,18.5,248.3
https://vidnoye.cian.ru/sale/flat/294314077/,https://images.cdn-cian.ru/images/kvartira-bobrovo-krymskaya-ulica-2014362910-4.jpg,,"Московская область, м. Бульвар Дмитрия Донского, Ленинский городской округ, Боброво пгт, улица Крымская, 25",Транспортом,11799000.0,148977.0,3.0,4.0,19.0,79.2,"Продается теплая,светлая , уютная квартира с дизайнерским ремонтом.
   Внимание!
     Новым владельцам остаться кухонный гарнитур! Оснащенный современной бытовой техникой Boch, индукционная плита,духовой шкаф, посудомоечная машинка.
Чистый подъезд,тихий двор,дружелюбные соседи.
Рядом магазины,МФЦ,поликлиника, все что нужно доя комфортного проживания.",,79.2,11.8,149.0
https://www.cian.ru/sale/flat/310193459/,https://images.cdn-cian.ru/images/kvartira-moskva-ulica-akademika-glushko-2342159263-4.jpg,,"Москва, ЮЗАО, р-н Северное Бутово, м. Бульвар Дмитрия Донского, улица Академика Глушко, 16",Пешком,24300000.0,325301.0,3.0,4.0,4.0,74.7,"Продается двухуровневая 3-комн.квартира в современном малоэтажном доме с лифтом (дом построен Мин.обороны). 
Квартира расположена на 4 этаже, второй уровень  мансардный (над ним есть технический этаж). Потолки 2.9 м., очень хорошая звукоизоляция, 2 сан.узла, 2 больших лоджии (по 4,2 м).  
1  этаж: гостиная 18 кв.м. соединена с кухней  8,3 кв.м., (можно изолировать). Из гостиной выход на лоджию (сделан зимний сад). Из кухни также можно выйти на лоджию (лоджия хорошо утеплена). Совмещенный сан.узел с ванной, есть закрытое хозяйственное помещение. 
2 этаж: две изолированные комнаты (16,3 кв.м и 10,2 кв.м., размеры указаны вместе с лоджией), гардеробная, совмещенный санузел с душевой кабиной. Часть мебели и техники остаются. 
В доме за каждой квартирой закреплен хоз.блок в подвальном помещении (полностью закрытый, проведено электричество). 
Компактный зеленый микрорайон с хорошо развитой инфраструктурой:  большой парк с прудами и зонами отдыха, магазины разных форматов, фитнес, школы, детские сады, развивающие центры для детей и взрослых - все в шаговой доступности. Современные площадки для детей разного возраста. Много парковочных мест.  
15 минут пешком от станции метро Бульвар Дмитрия Донского(М9). Всего 3 остановки общественным транспортом до станции метро Лесопарковая (М12). Удобный выезд на МКАД в обе стороны. 
1 взрослый собственник с 2006 г. Альтернатива (есть варианты). Звоните, покажем оперативно и в удобное для Вас время.
Эксклюзивный договор АН МАЯК.",,74.7,24.3,325.3
https://vidnoye.cian.ru/sale/flat/308112249/,https://images.cdn-cian.ru/images/kvartira-drozhzhino-novoe-shosse-2304904961-4.jpg,ЖК «Бутово парк 2»,"Московская область, м. Бульвар Дмитрия Донского, Ленинский городской округ, Дрожжино пгт, шоссе Новое, 11к1",Транспортом,11000000.0,144547.0,3.0,8.0,14.0,76.1,"Залог в банке КРЕДИТЕВРОПАБАНК, сумма долга 2 850 000 руб.
Полная стоимость в ДКП, 1 взрослый собственник.
Рынок на аналогичные квартиры с таким ремонтом 12-12,5 млн.
ЖК Бутoвo Паpк 2, ул. Новoe шoccе, д. 11, к. 1
3-х комнатная квартирa с xоpошим качественным рeмoнтoм
8 эт/14-ти этaжнoго дома.
Oптимaльная планировка: большoй квадpaтный xолл (7.кв.м.), 3 кoмнaты- 19 - 15 -12 кв.м. Cветлая куxня с эpкeрoм (12,9 кв.м.) oборудована неoбxoдимoй вcтpаиваeмoй тexникой NEFF.
Раздельный санузел. Просторная ванна с теплым полом. На время отключения горячей воды имеется бойлер.
Окна пластиковые, 2-х камерные, 3 стекла, профиль Rеhаu. Батареи Glоbаl - биокерамика.
Дом серии П44-Т, консьерж, домофон, 2 лифта, камеры видеонаблюдения.",,76.1,11.0,144.5
https://vidnoye.cian.ru/sale/flat/307225678/,https://images.cdn-cian.ru/images/kvartira-vidnoe-galiny-vishnevskoy-ulica-2360348495-4.jpg,ЖК «Видный город»,"Московская область, Видное, м. Бульвар Дмитрия Донского, улица Галины Вишневской, 10к1",Транспортом,11000000.0,183333.0,3.0,8.0,8.0,60.0,"Трешка по цене двушки  под ключ. Комфортная двухуровневая евротрешка с дизайнерским ремонтом. Современный стиль и функциональность.  Современная техника и качественная мебель. На втором этаже расположена мастер спальня и детская. Два совмещенных санузла, две гардеробные и просторная кладовка на этаже. 
Дом ухоженный и современный, хорошая УК. Малоэтажный ЖК с уникальной архитектурой.
Просмотр по предварительной договоренности. Видео по запросу.",,60.0,11.0,183.3
https://vidnoye.cian.ru/sale/flat/311947783/,https://images.cdn-cian.ru/images/kvartira-drozhzhino-yuzhnaya-ulica-2365348130-4.jpg,ЖК «Бутово парк 2»,"Московская область, м. Бульвар Дмитрия Донского, Ленинский городской округ, Дрожжино пгт, улица Южная, 19",Транспортом,11200000.0,145455.0,3.0,7.0,19.0,77.0,"Продаётся 3-комнатная квартира-распашонка в хорошем состоянии. МОЖНО ЗАЕХАТЬ И ЖИТЬ.

БОЛЬШАЯ кухня 12 метров, есть кладовая.

Тихий зеленый район. Вся инфраструктура рядом.

Чистый подъезд с консьержем, хорошие соседи. 

СВОБОДНАЯ продажа, никто не прописан, 1 взрослый собственник.

Звоните, подробности по телефону. Показ по договоренности.",,77.0,11.2,145.5
https://vidnoye.cian.ru/sale/flat/309737038/,https://images.cdn-cian.ru/images/2319772419-4.jpg,ЖК «Бутово парк 2»,"Московская область, м. Бульвар Дмитрия Донского, Ленинский городской округ, Дрожжино рп, улица Южная, 14",Транспортом,11300000.0,151475.0,3.0,17.0,17.0,74.6,"Id 44184. Продаётся трехкомнатная квартира уже в развитом ЖК!

Идеальная распашная планировка с тремя изолированными комнатами.

Два взрослых собственника, полная стоимость в договоре, без обременений, 
никто не прописан, свободная продажа, квартира покупалась у застройщика.

В квартире выполнен качественный ремонт от собственника!

Общая площадь квартиры с учетом лоджии 79,1 кв.м.

В шаговой доступности: школа, детский сад, поликлиника, необходимые магазины, детские площадки.
Выезд на Варшавское и Симферопольское шоссе.
Автобусы до: МДЦ Бутово, м. Бульвар Дмитрия Донского, м. Аннино, м. Академика Янгеля, м. Пражская в 10-20 минутах езды.

Оперативный показ.

Дополнительные вопросы по телефону!",,74.6,11.3,151.5
https://vidnoye.cian.ru/sale/flat/310473853/,https://images.cdn-cian.ru/images/2334134532-4.jpg,ЖК «Государев дом»,"Московская область, м. Бульвар Дмитрия Донского, Ленинский городской округ, Лопатино пгт, улица Сухановская, 37",Транспортом,11500000.0,175038.0,3.0,4.0,9.0,65.7,"Id 48765. !СОВЕРШЕННО НОВАЯ! 3 комнатная квартира 65.7 м²!

Квартира только после ремонта, никто не проживал
Новое оборудование и мебель. Готовое к использованию.
Мебель и техника вся остаётся


Особенности квартиры:

Дизайнерский ремонт, выполненный в светлых, гармоничных и уютных тонах, создающих атмосферу спокойствия и комфорта. В каждом помещении продуманы детали, подчеркивающие стиль и элегантность интерьера.

Просторная кухня, оснащённая новой встроенной техникой:

Плита и духовой шкаф 
Холодильник с большой вместимостью,
Посудомоечная машина, которая облегчит повседневную жизнь,
Микроволновая печь и кухонная вытяжка

В спальне установлен туалетный столик , выполненный в тёплых, расслабляющих тонах, создающих атмосферу уюта. спальни с акцентом на стиль и комфорт, 

Просторная гардеробная комната

Вся мебель и техника новые — всё делалось для себя с максимальным вниманием к качеству и удобству.

Квартира в безупречном состоянии  сделана с вниманием к каждой мелочи и готова к проживанию с первого дня. Идеальный вариант для тех, кто ценит качество и комфорт.

Отличная транспортная доступность:
до метро Аннино маршрутное такси 1019
до метро Бульвар Дмитрия Донского маршрутное такси 1224
до ж/д пл. Бутово МЦД, автобус 379
до ж/д пл. Расторгуево автобус 379, маршрутное такси 1019

ПО ДОКУМЕНТАМ: без обременений, 1 собственник, полная сумма в договоре, мат.капитал не использовался
БЕСПЛАТНАЯ помощь в одобрении ипотеки любого банка
ЮРИДИЧЕСКОЕ сопровождение сделки",,65.7,11.5,175.0
https://vidnoye.cian.ru/sale/flat/307568820/,https://images.cdn-cian.ru/images/kvartira-vidnoe-svyatoslava-rihtera-ulica-2274429346-4.jpg,ЖК «Видный город»,"Московская область, Видное, м. Бульвар Дмитрия Донского, улица Святослава Рихтера, 2",Транспортом,11500000.0,185484.0,3.0,8.0,9.0,62.0,"Просто жить красиво! 
Продается уникальная двухуровневая 3-х комнатная квартира в  ЖК Видный город
Красивая, комфортная, продуманная до мелочей, с двумя уютными спальнями, с двумя санузлами, гардеробной, кладовыми и живописным видом с балкона. 
На первом этаже расположена кухня-гостиная с зоной отдыха, гардеробной и санузлом. Под лестницей расположена система хранения и бьюти зона с большим зеркалом. 
На втором этаже санузел с ванной и две спальни 11 кв м и 9 кв м. 
Красивые арочные окна в спальне создают особую атмосферу отдыха и комфорта. 

Один взрослый собственник 

ЖК Видный город отличается особым архитектурным решением и атмосферой, а также удобной сложившейся инфраструктурой. 

Приходите, примерьте красивое у удобное пространство, почувствуйте себя дома. 

Отвечу на все ваши вопросы, покажем по договоренности 
Ирина",,62.0,11.5,185.5
https://vidnoye.cian.ru/sale/flat/306572533/,https://images.cdn-cian.ru/images/2293054310-4.jpg,ЖК «Бутово парк 2»,"Московская область, м. Бульвар Дмитрия Донского, Ленинский городской округ, Дрожжино рп, шоссе Новое, 3",Транспортом,11500000.0,153333.0,3.0,15.0,25.0,75.0,"Арт. 72713190 Представляем светлую и просторную 3х комнатную квартиру на 15м этаже.
Удобная планировка:
комнаты изолированные
кухня большая с лоджией - мечта любой хозяйки. Лоджия застеклена, что позволяет сделать кабинет.
два санузла.
так же квартира имеет вместительные гардеробные комнаты.
Квартира требует ремонта, поэтому есть возможность сделать ремонт на свой вкус и предпочтения. 
Дом панельный 2014г. постройки, в подъезде ухожено и очень внимательный консьерж. На этаже квартиры не рядом, холлы просторные. Двор современный, развитая инфраструктура, магазины и т.д..
Добираться легко, маршрутные автобусы быстро доставят до метро.
Два взрослых собственника, в квартире нет зарегистрированных. Юридически свободна.
В собственности с 2018г. свободная продажа.
Звоните уважаемые покупатели и коллеги!",,75.0,11.5,153.3
https://vidnoye.cian.ru/sale/flat/310728210/,https://images.cdn-cian.ru/images/2339164940-4.jpg,,"Московская область, м. Бульвар Дмитрия Донского, Ленинский городской округ, Боброво пгт, улица Крымская, 17к1",Транспортом,11500000.0,151715.0,3.0,13.0,17.0,75.8,"Арт. 552970  Продается большая, светлая квартира  со свежим ремонтом. В квартире никто не зарегистрирован, без обременений, полная стоимость в договоре.  Хороший район с развитой инфраструктурой, рядом магазины, детский сад.
Объект  552970

Номер объекта: #1/552970/16438",,75.8,11.5,151.7
https://vidnoye.cian.ru/sale/flat/312056331/,https://images.cdn-cian.ru/images/2367763000-4.jpg,ЖК «Государев дом»,"Московская область, м. Бульвар Дмитрия Донского, Ленинский городской округ, Лопатино пгт, бульвар Солнечный, 4",Транспортом,11590000.0,158767.0,3.0,8.0,9.0,73.0,"Id 49590. Все комнаты изолированные, окна  во двор и на улицу. Есть гардеробная и кладовая, кухня объединена с отапливаемой лоджией, панорамные окна. Качественный ремонт под себя. Теплые полы на кухне. Остается кухонный гарнитур с плитой и вытяжкой и гардеробная.
2 взрослых собственника, без обременений, полная стоимость в договоре. 
Развитая инфраструктура: рядом детский сад и школа, парковки, аптеки, химчистки, кафе, фитнес клуб и т.п. 
ТЦ Аструм, МФЦ, почтовое отделение, супермаркеты Лента, Перекресток, Мираторг, Пятерочка, Верный, Вкусвилл. 
Рядом лес и усадьба ""Суханово"". 
Транспортная доступность: маршрутные такси и автобусы до метро Аннино и м. Бульвар Дмитрия, МЦД Бутово, ж/д пл. Расторгуево.",,73.0,11.6,158.8
https://vidnoye.cian.ru/sale/flat/310922154/,https://images.cdn-cian.ru/images/2343241245-4.jpg,ЖК «Государев дом»,"Московская область, м. Бульвар Дмитрия Донского, Ленинский городской округ, Лопатино пгт, бульвар Солнечный, 4",Транспортом,11590000.0,158767.0,3.0,8.0,10.0,73.0,"Арт. 87315917 Продается просторная 3-х. комнатная квартира комфорт класса в ЖК Государев Дом. 
Удобная планировка квартиры с изолированными комнатами. Квартира распашонка. Кухня объединена с отапливаемой лоджией с панорамными окнами, благодаря чему кухня очень светлая и уютная. Кроме того, для большего комфорта на кухне сделаны теплые полы. 
В квартире сделан ремонт из качественных материалов, все делали для себя. 
В квартире остается кухонный гарнитур с плитой и вытяжкой, также остается гардеробная со шкафом купе. Изюминка квартиры это большая кладовая, где можно разместить все необходимое.
Развитая инфраструктура района. Жилой комплекс имеет все необходимые сетевые и частные магазины, большой ТРК ""Аструм"", фитнес-клуб, кафе, аптеки, пункты выдачи заказов, спортивные и детские площадки, зоны для прогулок. 
Во дворе есть школа, детские сады. 
Рядом с районом располагается историческая усадьба Суханово с большим прудом, где можно проводить время с семьей.
Хорошая транспортная доступность, до метро Бульвар Дмитрия Донского и Аннино, МЦД Бутово, ж/д пл. Расторгуево ходят маршрутные такси.
Комплекс расположен в 7 км от МКАД, на Расторгуевском шоссе. Уже действует съезд с ЮВХ на Симферопольское шоссе. Строится скоростная трасса  (дублер МКАД) Солнцево-Бутово-Видное, благодаря чему улучшится связь между районами и можно будет экономить свое время.  
2 взрослых собственника, полная стоимость в договоре. Материнский капитал не использовался. Квартира продается без обременений, быстрый выход на сделку.
Оперативный показ квартиры в удобное для вас время. Юридическое сопровождение сделки. Бесплатная помощь в одобрении ипотеки любого банка. 
Звоните, чтобы записаться на просмотр вашей будущей квартиры.",,73.0,11.6,158.8
https://vidnoye.cian.ru/sale/flat/301201858/,https://images.cdn-cian.ru/images/kvartira-lopatino-solnechnyy-bulvar-2155278389-4.jpg,ЖК «Государев дом»,"Московская область, м. Бульвар Дмитрия Донского, Ленинский городской округ, Лопатино пгт, бульвар Солнечный, 7",Транспортом,11700000.0,162500.0,3.0,6.0,8.0,72.0,"Очень светлая, .просторная , и теплая квартира .Лоджия с панорамным остеклением , кондиционером хорошим ,современным ремонтом. 1 собств .Вся стоимость в ДКП",,72.0,11.7,162.5
https://vidnoye.cian.ru/sale/flat/311969473/,https://images.cdn-cian.ru/images/kvartira-drozhzhino-yuzhnaya-ulica-2365884230-4.jpg,ЖК «Бутово парк 2»,"Московская область, м. Бульвар Дмитрия Донского, Ленинский городской округ, Дрожжино пгт, улица Южная, 23к2",Транспортом,11700000.0,138135.0,3.0,15.0,20.0,84.7,"Тихий двор. Развитая инфраструктура. Квартира после косметического ремонта. Комнаты изолированы, один раздельный и один совмещённый санузел, просторная кухня, две застекленные лоджии и большой, просторный коридор. Встроенную мебель оставляем. Один взрослый собственник. В собственности более 5 лет.",,84.7,11.7,138.1
https://vidnoye.cian.ru/sale/flat/309497155/,https://images.cdn-cian.ru/images/kvartira-drozhzhino-novoe-shosse-2315010822-4.jpg,ЖК «Бутово парк 2»,"Московская область, м. Бульвар Дмитрия Донского, Ленинский городской округ, Дрожжино пгт, шоссе Новое, 12к2",Транспортом,11700000.0,156000.0,3.0,17.0,23.0,75.0,"Лучшее предложение района !
Отличная светлая трехкомнатная квартира с большой кухней ,изолированными комнатами и двумя лоджиями в хорошо развитом жилом комплексе в пяти километрах от МКАД. Вся инфраструктура района в наличии - детсады , школы, магазины , поликлиника, лесопарк, пруд - все рядом .имеется место для авто на платной парковке.до метро на общественном транспорте 15 минут . Один взрослый собственник , более пяти лет в собственности . Документы готовы к сделке.Спешите , ждем Вас!",,75.0,11.7,156.0
https://vidnoye.cian.ru/sale/flat/302254498/,https://images.cdn-cian.ru/images/kvartira-drozhzhino-yuzhnaya-ulica-2173433654-4.jpg,,"Московская область, м. Бульвар Дмитрия Донского, Ленинский городской округ, Дрожжино рп, улица Южная, 23",Транспортом,11700000.0,148477.0,3.0,7.0,20.0,78.8,"Квартира пpoсторнaя и уютнaя, удoбнoй планировки.

Район Бутово парк 2 расположен в 5,5 км к югу от МКАД по Варшавскому шоссе. Отсюда до метро — 15-20 минут на автобусе. До станции МЦД Бутово можно доехать за 10 минут.

В Бутово хорошо развита социальная инфраструктура: на территории жилого квартала работают три детских сада, школы и поликлиника, есть пешеходный бульвар для отдыха и прогулок.. Рядом с микрорайоном — Бутовский лес, где приятно гулять и заниматься спортом в любое время года.

Один взрослый собственник, квартира БЕЗ ОБРЕМЕНЕНИЙ, оперативный показ, быстрый выход на сделку. Документы, более 5-ти лет. Полная стоимость в договоре.",,78.8,11.7,148.5
https://vidnoye.cian.ru/sale/flat/294314077/,https://images.cdn-cian.ru/images/kvartira-bobrovo-krymskaya-ulica-2014362910-4.jpg,,"Московская область, м. Бульвар Дмитрия Донского, Ленинский городской округ, Боброво пгт, улица Крымская, 25",Транспортом,11799000.0,148977.0,3.0,4.0,19.0,79.2,"Продается теплая,светлая , уютная квартира с дизайнерским ремонтом.
   Внимание!
     Новым владельцам остаться кухонный гарнитур! Оснащенный современной бытовой техникой Boch, индукционная плита,духовой шкаф, посудомоечная машинка.
Чистый подъезд,тихий двор,дружелюбные соседи.
Рядом магазины,МФЦ,поликлиника, все что нужно доя комфортного проживания.",,79.2,11.8,149.0
https://vidnoye.cian.ru/sale/flat/307200388/,https://images.cdn-cian.ru/images/kvartira-lopatino-solnechnyy-bulvar-2265425378-4.jpg,ЖК «Государев дом»,"Московская область, м. Бульвар Дмитрия Донского, Ленинский городской округ, Лопатино пгт, бульвар Солнечный, 7",Транспортом,11700000.0,160274.0,3.0,6.0,9.0,73.0,"Уютная ,светлая и очень теплая квартира с новым . современным ремонтом очень хорошего качества. В квартире сделанна дополнительная шумоизоляция. На  кухне лоджия с панорамшым остеклением ,есть оборудованная гардеробная, кондиционер. и т д.1 взрослый собственник. вся стоимость в ДКП",,73.0,11.7,160.3
https://vidnoye.cian.ru/sale/flat/309571934/,https://images.cdn-cian.ru/images/2316424393-4.jpg,ЖК «Восточное Бутово»,"Московская область, м. Бульвар Дмитрия Донского, Ленинский городской округ, Боброво пгт, улица Лесная, 6",Транспортом,11950000.0,181061.0,3.0,4.0,25.0,66.0,"Id 48180. Самое лучшее предложение по ЖК ""Восточное Бутово"".
Трехкомнатная квартира общей площадью 66 кв м  с дизайнерским ремонтом. 
В квартире установлен проточный водонагреватель, датчики системы нептун, которые помогут избежать затопления; коллекторный узел: обеспечивает распределение воды, на кухне и в прихожей полы - плитка с подогревом,  установлен кондиционер
Вся мебель и техника остается! Машиноместо около дома - в подарок!

В ЖК ""Восточное Бутово""  хорошая транспортная доступность, удобный выезд на Симферопольское и Варшавское шоссе, до МКАД 3 километра,  до станции МЦД-2 Бутово 10 минут, до метро Бульвар Дмитрия Донского 15 минут.

Инфраструктура
На территории ЖК расположены детские площадки, школы, детские сады, стадион, каток, спортзал, рестораны, кафе, магазины.

СВОБОДНАЯ ПРОДАЖА
БЫСТРЫЙ ВЫХОД НА СДЕЛКУ 
ОПЕРАТИВНЫЙ ПОКАЗ",,66.0,11.9,181.1
https://vidnoye.cian.ru/sale/flat/309990785/,https://images.cdn-cian.ru/images/2325014732-4.jpg,ЖК «Бутово парк 2»,"Московская область, м. Бульвар Дмитрия Донского, Ленинский городской округ, Дрожжино пгт, шоссе Новое, 8к1",Транспортом,11900000.0,148750.0,3.0,4.0,17.0,80.0,"Номер лота: вт-0422189.
 3-комнатная квартира 4 этаж/ 17 этажного дома. Удачная планировка 80 кв м общая площадь, все комнаты изолированы 18-16-14 кв м, кухня 11 кв м и лоджия из кухни 2,5 кв м, просторный холл. Комнаты расположены на разные стороны (распашной вариант). Ремонт выполнен с использованием высококачественных материалов. Встроенная кухня со всей необходимой техникой. Квартира полностью меблирована и не требует никаких вложений совсем.
В собственности более 3 лет. Без обременений и перепланировок. По ипотеке возможна покупка без первоначального взноса. 
В подъезде видеонаблюдение. Во дворе удобные современные детская и спортивная площадки. В непосредственной близости детские учреждения (образовательные и специализированные), салоны красоты, кофейни, несколько продуктовых магазинов, способных удовлетворить самый требовательный вкус. 
25 минут на транспорте до метро бульвар Дмитрия Донского и 20  минут на транспорте до МЦД Бутово.  
 Содействие в получении специальных условий и преференций по ипотеке.",,80.0,11.9,148.8
https://vidnoye.cian.ru/sale/flat/285403298/,https://images.cdn-cian.ru/images/2170405074-4.jpg,,"Московская область, м. Бульвар Дмитрия Донского, Ленинский городской округ, Дрожжино рп, улица Южная, 19к1",Транспортом,12000000.0,157895.0,3.0,18.0,19.0,76.0,"Id 35392. Продаётся трёхкомнатная квартира уже в развитом ЖК!

В квартире выполнен качественный ремонт. Вся необходимая техника и мебель остается покупателю.

В шаговой доступности: школа, детский сад, поликлиника, необходимые магазины.
Выезд на Варшавское и Симферопольское шоссе.
Автобусы до: МДЦ Бутово, м. Бульвар Дмитрия Донского, м. Аннино, м. Академика Янгеля, м. Пражская в 10-20 минутах езды.

Оперативный показ, быстрый выход на сделку!

Дополнительные вопросы по телефону!",,76.0,12.0,157.9
https://vidnoye.cian.ru/sale/flat/308796701/,https://images.cdn-cian.ru/images/kvartira-drozhzhino-yuzhnaya-ulica-2300811670-4.jpg,ЖК «Бутово парк 2»,"Московская область, м. Бульвар Дмитрия Донского, Ленинский городской округ, Дрожжино пгт, улица Южная, 11к2",Транспортом,12000000.0,158940.0,3.0,2.0,19.0,75.5,"Предлагается на продажу просторная 3-х комнатная квартира. Чистая, уютная квартира ждёт своих новых хозяев. На данный момент квартира под арендой, но это не мешает для просмотров и продажи. Один взрослый собственник, никто не прописан. Звоните, приходите на просмотр.",,75.5,12.0,158.9
https://www.cian.ru/sale/flat/299783122/,https://images.cdn-cian.ru/images/kvartira-moskva-2ya-melitopolskaya-ulica-2126965352-4.jpg,,"Москва, ЮЗАО, р-н Южное Бутово, м. Бульвар Дмитрия Донского, 2-я Мелитопольская улица, 7К2",Транспортом,12100000.0,182229.0,3.0,6.0,16.0,66.4,"Панельный дом 1988 г.постройки. Расположен в 8 минутах пешком от МЦД Бутово. 5 км до МКАД. 15 минут автобусом или до метро Дмитрия Донского. Район Южное Бутово. Все комнаты изолированные. В зале и средней комнате сделан свежий ремонт. На полу паркет, натяжные потолки, новые обои, новая электропроводка. Во всей квартире поменяны окна на ПВХ, двойной стеклопакет. Заменены все радиаторы отопления на современные биметаллические. Маленькая комната, коридор,кухня и сан.узлы требуют ремонта.Большая застекленная лоджия.По планировке кухня расположена между комнатами.1 взрослый собственник. Полная стоимость в договоре. Более подробная информация по телефону или в сообщениях. Ипотека и мат.капитал подходят.Разумный торг для потенциального покупателя.Легкая альтернатива в том-же районе.Показ по",,66.4,12.1,182.2
https://www.cian.ru/sale/flat/304516229/,https://images.cdn-cian.ru/images/2215949066-4.jpg,,"Москва, ЮЗАО, р-н Южное Бутово, м. Бульвар Дмитрия Донского, 1-я Мелитопольская улица, 8",Транспортом,12240000.0,204000.0,3.0,1.0,9.0,60.0,"Продaетcя cвeтлaя 3-комнатная кваpтирa в обжитом, зeлeнoм экoлогичecки чиcтoм paйoне Москвы Южнoе Бутoво. Kвaртиpa в xорoшем сoстоянии, без пеpепланирoвoк. Koмнаты изoлиpованные, санузeл раздельный, пpoсторный кopидop, бoльшая зaстeкленная лoджия с пoдпoлoм (!) - мoжнo въехать и жить. Качественные классические паркетные полы в комнатах и коридоре без межкомнатных порогов, в окнах и двери в лоджию установлены усиленные трехкамерные стеклопакеты RЕНАU. В стоимость квартиры входят качественный угловой кухонный гарнитур с глянцевыми и зеркальными фасадами, встроенной стеклокерамической электрической варочной панелью, вытяжкой и подсветкой, а также встроенный шкаф-купе с зеркалами во всю высоту стен в большой комнате. В доме чистый подъезд, отдельный коридор на две квартиры, приятные соседи. Красивый зеленый двор с детской и спортивной площадками и достаточным количеством парковочных мест. Отличная транспортная доступность: 7 мин пешком (530 м) до станции МЦД Бутово; 3 мин до автобусной остановки 1-я Мелитопольская улица на Варшавском шоссе, удобный выезд на машине. В пешей доступности: детский сад, школа, магазины, поликлиника, кафе, Бутовский лесопарк - всё для комфортной и спокойной жизни. Альтернативная продажа, 4 собственника, обременений нет. Квартира юридически и физически свободна, подготовлена для продажи. Звоните, уважаемые покупатели и коллеги. Показать сможем в удобный день и время. Помогу с одобрением ипотеки и проведением сделки.",,60.0,12.2,204.0
https://vidnoye.cian.ru/sale/flat/305535015/,https://images.cdn-cian.ru/images/kvartira-drozhzhino-yuzhnaya-ulica-2235454413-4.jpg,ЖК «Бутово парк 2»,"Московская область, м. Бульвар Дмитрия Донского, Ленинский городской округ, Дрожжино рп, улица Южная, 7",Транспортом,12370000.0,154625.0,3.0,25.0,25.0,80.0,"Продаем квартиру  3-х комнатная с большой гостинной, планировка евро -4.
Первые два взрослых собственника. В квартире никто не прописан и не зарегистрирован.
Общая площадь 80 кв.м. Комнаты 13.9, 16.1, 17.1 кв. м., 25 этаж (последний), квартира угловая, минимум соседей, тихо. 
Панорамные окна на три стороны с отличным видом. Квартира теплая, светлая. 
Кухня-гостиная 17 м., установлен хороший кухонный гарнитур со всей необходимой техникой (посудомоечная машина, варочная панель, духовой шкаф, холодильник, вытяжка). В двух комнатах есть кровати (без матрасов). 
На кухне и в двух больших комнатах (16.1 и 17.1 кв.м.) установлены кондиционеры. 
Имеются две гардеробные комнаты (в коридоре и комнате 17.1 кв.м.). В ванной установлена стиральная машина. 
Квартира продается со всей техникой и частично с мебелью,. Умный видеодомофон (приложение устанавливается на смартфон). Батареи с регуляторами температуры. 
Закрытый двор.
Непосредственно в самом доме есть все необходимое для жизни: аптеки, продуктовые магазины, кафе, парикмахерская, точки выдачи Ozon, WB, Яндекс и др. Рядом школы и детские сады.
До метро можно добраться на любом транспорте от остановки Варшавское шоссе 261. До остановки 10 минут пешком. В пути до метро 15 минут. 
Можно дойти пешком до станции МЦД-2 Бутово (25 минут пешком или 5 минут на общественном транспорте).
Вместе с квартирой можно приобрести кладовую, которая расположена в этом же подъезде на -1 этаже. Площадь кладовой 4,7 кв. м. 
Полная стоимость в ДКП. 
Возможна ипотека.",,80.0,12.4,154.6
https://vidnoye.cian.ru/sale/flat/308389208/,https://images.cdn-cian.ru/images/2314490772-4.jpg,ЖК «Бутово парк»,"Московская область, м. Бульвар Дмитрия Донского, Ленинский городской округ, Бутово рп, Бутово Парк ЖК, 7",Транспортом,12400000.0,155000.0,3.0,9.0,17.0,80.0,"Id 3928. Продаётся просторная 3 комнатная квартира на 9 этаже 17 этажного дома в ЖК Бутово Парк

О квартире.
Общая площадь 80 кв м, большая кухня 12 кв м с эркером, комнаты 19 / 14 /11 кв м. Квартира находиться на комфортном среднем этаже. Состояние хорошее, можно зайти и жить. 

О доме.
17 этажный дом 2013 года постройки.

О локации.
Микрорайон ""Бутово Парк"" расположен всего в трех километрах от МКАДа по Варшавскому шоссе, а метро  ""Бульвар Дмитрия Донского"" и Аннино находится в 10 минутах транспортом без пробок по выделенной полосе. Транспорта очень много, ждать не приходиться. До станции МДЦ Бутово 10-15 минут пешком. Для владельцев личных автомобилей удобный выезд на Варшавское шоссе. По соседству находятся крупные лесопарковые зоны, речки и пруды. Чистый воздух и хорошая экология. В районе два детских сада, школа, ТЦ, поликлиника, магазины, аптеки и т.д.  Есть всё необходимое для комфортной жизни.

Документы.
Легко купить. Обременений нет, полная стоимость в договоре, свободная продажа. Звоните и записывайтесь на просмотр.",,80.0,12.4,155.0
https://vidnoye.cian.ru/sale/flat/307816392/,https://images.cdn-cian.ru/images/2329223571-4.jpg,ЖК «Видный город»,"Московская область, Видное, м. Бульвар Дмитрия Донского, улица Галины Вишневской, 8к1",Транспортом,12500000.0,170300.0,3.0,7.0,8.0,73.4,"Номер лота: вт-0415815.
Свободная продажа. Продается просторная двухуровневая квартира в доме комфорт класса! Квартира имеет два входа 7-8 этажи. В квартире 12 окон все с французскими балконами. Два санузла, большая лоджия, возможность воплотить любые фантазии. Жилой комплекс находится в 15 мин от метро Анино. Инфраструктура развитая -школа, два детских садика. Торговый центр, фитнес, МФЦ, аптека, кафе, магазины . Один взрослый собственник Содействие в получении специальных условий и преференций по ипотеке.",,73.4,12.5,170.3
https://vidnoye.cian.ru/sale/flat/305012722/,https://images.cdn-cian.ru/images/2224883496-4.jpg,ЖК «Видный город»,"Московская область, Видное, м. Бульвар Дмитрия Донского, улица Галины Вишневской, 5",Транспортом,12500000.0,127551.0,3.0,8.0,9.0,98.0,"Данная сделка застрахована САО-Ресо Гарантия!
Ставка на ипотеку от 16,49% 

Продается двухуровневая квартира в ЖК ""Видный город"" на восьмом и девятом этажах монолитного дома общей площадью 98 м2.
Эксклюзивная квартира с нестандартными проектными решениями, готова к воплощению самых смелых Ваших идей. 
Удивительная атмосфера пространства достигается высотой потолка в 5.77 метра, а так же дает возможность использования второго света при исполнении своей мечты в дизайне. В восточной части присутствует лоджия, что позволит наблюдать восход солнца каждый день. Два независимых выхода на 8 и 9 этажи.

Каждое здание в ЖК ""Видный город"" имеет свой индивидуальный облик.
Дворы созданы по концепции ""без машин"". Детские и спортивные площадки окружают каждый дом. Вокруг разбиты клумбы и цветники, предусмотрены зоны для разных возрастных групп. ЖК утопает в зелени дворов и аллей.

С запада ""Видный город"" окружен лесным массивом.

В комплексе развитая инфраструктура: школы, детские сады, супермаркеты, фитнес- центры, паркинги, рестораны, торговые галереи в цокольных этажах домов.

Транспортная доступность обусловлена близостью Варшавского шоссе.
До станции метро Анино ходит маршрутное такси - 15 минут;
До ж/д ст. Бутово - 10 минут общественным транспортом;


Оперативный показ и выход на сделку

Покупателю:
-бесплатное сопровождение сделки;
-квалифицированная помощь в получение ипотеки в ведущих банках, срок одобрения от 1 до 3 дней;
- возможность подачи заявок одновременно до 10 банков, высокая степень одобрения;
- индивидуальный подбор ипотеки с наименьшей ставкой с учётом госпрограмм, акций!
Звони, запись на просмотры уже началась!",,98.0,12.5,127.6
https://vidnoye.cian.ru/sale/flat/310468745/,https://images.cdn-cian.ru/images/kvartira-vidnoe-galiny-vishnevskoy-ulica-2334024592-4.jpg,ЖК «Видный город»,"Московская область, Видное, м. Бульвар Дмитрия Донского, улица Галины Вишневской, 8к1",Транспортом,12700000.0,141111.0,3.0,7.0,8.0,90.0,"Продается просторная 2-УРОВНЕВАЯ КВАРТИРА В ДОМЕ КОМФОРТ-КЛАССА в ЖК Видный Город.

7-8 этажи, 2 ОТДЕЛЬНЫХ ВХОДА.
 
12 окон с ФРАНЦУЗСКИМИ БАЛКОНАМИ - максимум естественного света и стильный внешний вид.

ДВА раздельных санузла. Большая лоджия.

Для данной квартиры есть УНИКАЛЬНАЯ ВОЗМОЖНОСТЬ разделить квартиру на 2 площади (можно узаконить).

До МЕТРО АННИНО  15 минут транспортом, ОСТАНОВКА АВТОБУСА  1 МИНУТА ПЕШКОМ. До Ж/Д ст. Бутово - 10 минут транспортом.

Рядом: школы, детские сады, большой ТЦ.

Эта квартира — идеальный выбор для тех, кто ценит простор, комфорт и возможности для трансформации жилья под себя или инвестиционного использования.

Свободная продажа, 1 взрослый собственник по ДДУ 2018 года, никто не прописан, без обременений.

Звоните, чтобы узнать подробности и записаться на просмотр. Показ в удобное для вас время. ТОРГ ВОЗМОЖЕН.",,90.0,12.7,141.1
https://vidnoye.cian.ru/sale/flat/310886201/,https://images.cdn-cian.ru/images/2342477466-4.jpg,,"Московская область, м. Бульвар Дмитрия Донского, Ленинский городской округ, Боброво пгт, улица Крымская, 19к1",Транспортом,12700000.0,141111.0,3.0,3.0,18.0,90.0,"Код объекта: 1330085.
 Возможность одобрить ипотеку под 14,99% годовых! 

ЖК ""Восточное Бутово"" — современный монолитный жилой комплекс с удобной транспортной доступностью и развитой инфраструктурой, идеально подходящий для комфортной жизни. 

На первых этажах дома расположены магазины, аптеки, супермаркеты, кофейни, парикмахерские и другие удобства, которые сделают вашу повседневную жизнь проще. На территории комплекса обустроены современные детские и спортивные площадки, а также предусмотрены детские сады и школы. 

Квартира: 
Просторная и функциональная планировка: три изолированные комнаты и кухня-гостиная, которая станет уютным центром вашего дома. 
Два полноценных санузла: идеально для большой семьи. 
Большая гардеробная: всё под рукой и в порядке. 
Застекленный панорамный балкон, выходящий во двор, обеспечит тихое и приятное место для отдыха. 
Квартира без отделки: возможность реализовать собственные дизайнерские идеи. 

Особенности дома:
Магнитные замки обеспечивают безопасность доступа на этаж.
Установлены видеодомофоны, управляемые через мобильное приложение.  
На каждом этаже предусмотрена колясочная, что удобно для семей с детьми. 
Трассы под кондиционеры уже выведены в каждую комнату. 

Юридическая информация: 
Свободная продажа, без каких-либо обременений. 
Один взрослый собственник. 
Полная стоимость в договоре. 

Преимущества: 
Комплекс сочетает удобство городской жизни с тихой и безопасной атмосферой. Быстрый выход на сделку.

Оперативные показы; 
Бесплатное одобрение и получение ипотечного кредита; 
Специальные условия и преференции от ведущих банков-партнеров; 
Безопасность сделки и качество предоставляемых услуг обеспечивается стандартами Гильдии Риэлторов Москвы",,90.0,12.7,141.1
https://vidnoye.cian.ru/sale/flat/307953761/,https://images.cdn-cian.ru/images/kvartira-drozhzhino-yuzhnaya-ulica-2283545547-4.jpg,ЖК «Бутово парк 2»,"Московская область, м. Бульвар Дмитрия Донского, Ленинский городской округ, Дрожжино рп, улица Южная, 13",Транспортом,10990000.0,146533.0,3.0,13.0,25.0,75.0,"Продается светлая, уютная, большая квартира в развитом районе со всей необходимой инфраструктурой. В пешей доступности (в пределах 5 мин пешком) новая школа, детский сад, магазины, поликлиника, прогулочные зоны. В двух минутах автобусная остатоновка до метро Бульвар Дмитрия Донского и Мцд-2 Бутово. Комнаты все изолированные, с/у раздельный. Лоджия. Встроенная мебель остаётся. Квартира без обременений. Свободная продажа.",,75.0,11.0,146.5
https://vidnoye.cian.ru/sale/flat/310654402/,https://images.cdn-cian.ru/images/kvartira-drozhzhino-yuzhnaya-ulica-2337907030-4.jpg,ЖК «Бутово парк 2»,"Московская область, м. Бульвар Дмитрия Донского, Ленинский городской округ, Дрожжино рп, улица Южная, 19",Транспортом,10500000.0,136364.0,3.0,4.0,21.0,77.0,"Продается просторная трехкомнатная квартира в современном кирпичном доме. Общая площадь квартиры составляет 77 кв.м, жилая площадь — 43 кв.м, а кухня впечатляет своими 13 кв.м, что позволяет создать уютную зону для кулинарных экспериментов и семейных обедов. Квартира расположена на 4 этаже 21-этажного дома, построенного в 2015 году.

В квартире нет ремонта, поэтому у вас есть уникальная возможность воплотить все свои дизайнерские идеи и создать интерьер своей мечты. Планировка включает одну лоджию, где можно обустроить зону отдыха или мини-оранжерею. Санузел в квартире раздельный, что добавляет удобства в повседневной жизни.

Дом оборудован как пассажирским, так и грузовым лифтами, поэтому можно без труда перевозить тяжелые или крупногабаритные предметы. Инфраструктура района развита: в шаговой доступности находятся школы, детские сады и магазины, что особенно удобно для семей с детьми. До метро Бульвар Дмитрия Донского можно добраться на автомобиле всего за 12 минут.

Квартира продается по договору купли-продажи. Чистая юридическая история, без обременений. Возможна покупка в ипотеку.

Приглашаем вас на просмотр, чтобы оценить все преимущества этого предложения. Записывайтесь на удобное для вас время, и мы с удовольствием покажем вам квартиру.",,77.0,10.5,136.4
https://www.cian.ru/sale/flat/310901537/,https://images.cdn-cian.ru/images/kvartira-moskva-ratnaya-ulica-2342948765-4.jpg,,"Москва, ЮЗАО, р-н Северное Бутово, м. Бульвар Дмитрия Донского, Ратная улица, 10К1",Пешком,18999999.0,234568.0,3.0,3.0,12.0,81.0,"Прямой договор с собственником!
Разумный ТОРГ реальному покупателю!
--
Квартира ""без истории"" = собственность с 2015 года.
Полная (ВСЯ) стоимость в договоре.
ОПТИМАЛЬНАЯ по цене-качеству - сравните сами.
--
ЭКСКЛЮЗИВНОЕ предложение в одном из ЛУЧШИХ домов микрорайона.
ПРЕВОСХОДНАЯ квартира в жилом состоянии! ИДЕАЛЬНО - в аренду (есть арендатор)!
ОТЛИЧНАЯ планировка = 3 ИЗОЛИРОВАННЫЕ и довольно ПРОСТОРНЫЕ комнаты, отдельная ГАРДЕРОБНУЮ, БОЛЬШАЯ кухня и ЛЮДЖИЯ (из кухни) - см. план!
ВСЕГО 2 квартиры на этаже = НЕТ соседей!
ХОРОШИЙ вид, визуальный простор - СОЛНЕЧНО, не ""окна в окна"".
Окна на 2 стороны света (северо-запад и юго-восток) = в том числе во двор = АБСОЛЮТНАЯ тишина и комфорт.
ОБОСОБЛЕННЫЙ, ЗЕЛЕНЫЙ двор с детской и спорт- площадками, местами отдыха.
ЕСТЬ территория для парковки авто.
--
УНИКАЛЬНОЕ расположение в ""2-х шагах"" от метро ""бульвар Дмитрия Донского""/""улица Старокачаловская"" (ВСЕГО 5-7 мин. ПЕШКОМ).
НАПРОТИВ дома - БЛАГОУСТРОЕННЫЙ Бутовский ПАРК с несколькими ПРУДами, ФОНТАНами и рекой Битца.
ХОРОШО развитая локальная инфраструктура: детские сады и школы, продуктовые супермаркеты, торговые центры, спорт. секции и много всего еще - все в ПЕШЕЙ доступности от дома!
--
Относительно молодой :) - 1992 года постройки, современный, панельный дом улучшенной серии П-46.
Презентабельный подъезд образцового содержания.
Лифт, мусоропровод.
--
ПРОСТОРНАЯ, СВЕТЛАЯ, ТЕПЛАЯ квартира с хорошей аурой! :)
Общая площадь = 81 кв.м. (с учетом лоджии).
УДОБНАЯ, функциональная планировка:
* 3 ИЗОЛИРОВАННЫЕ комнаты = 19, 16 и 14 кв.м. правильной формы;
* кухня = 8.5 кв.м. - с выходом на ЛОДЖИЮ (застеклена!);
* отдельная ГАРДЕРОБНАЯ - много пространства для хранения вещей и предметов домашнего обихода;
* БОЛЬШОЙ совмещенный санузел (в плитке) - вкл. полноценную ванну, установлена стиральная машина и накопительный водонагреватель (бойлер);
* широкий холл-прихожая.
--
Энергосберегающее освещение.
Окна - шумопоглащающий и теплосберегающий стеклопакет.
Межкомнатные двери - массив.
Полы - износостойкий ламинат и керамическая плитка.
Стены - ровные (обои).
Потолок - покраска.
Усиленная металлическая входная дверь.
Домофон.
--
Удобный выезд в нескольких направлениях: МКАД, Варшавское/Симферопольское шоссе.
--
ИДЕАЛЬНОЕ сочетание месторасположения, цены и качества!
Приезжайте и убедитесь сами!
ОПЕРАТИВНЫЙ ПОКАЗ, ЗВОНИТЕ!!!",,81.0,19.0,234.6
https://vidnoye.cian.ru/sale/flat/312018662/,https://images.cdn-cian.ru/images/kvartira-yuzhnaya-bitca-botanicheskaya-ulica-2366943116-4.jpg,ЖК «Южная Битца»,"Московская область, м. Бульвар Дмитрия Донского, Ленинский городской округ, пос. Битца, Южная Битца ЖК, улица Ботаническая, 11",Транспортом,14500000.0,172619.0,3.0,17.0,23.0,84.0,"Вашему вниманию предлагается продажа просторной 3-х комнатной квартиры в ЖК Южная Битца"" с общей площадью 84 м2. Комнаты изолированные ( 20.3 м2 + 11.7 м2 + 14.3 м2). Кухня 14.4 м2. Совмещенный санузел 3.5м2 и раздельный санузел 1.4м2, гардеробная 1.9 м2, прихожая 1.9 м2, лоджия 1.8 м2. Распашонка.

Ключи получены. Квартира без ремонта. 1 взрослый собственник. Без обременений. Свободная продажа. Быстрый выход на сделку. Оперативный показ и быстрый выход на сделку.",,84.0,14.5,172.6
https://www.cian.ru/sale/flat/311940783/,https://images.cdn-cian.ru/images/2365220623-4.jpg,ЖК «Кутузовские берёзы»,"Москва, ТАО (Троицкий), м. Бульвар Дмитрия Донского, пос. Рогово, улица Березки, 8к2",Транспортом,6900000.0,82143.0,3.0,3.0,4.0,84.0,"Номер в базе: 1896625. ПРОДАЕТСЯ 3-Х КОМНАТНАЯ КВАРТРА 84 М2, МОСКОВСКАЯ ПРОПИСКА! ДОСТУПНА ИПОТЕКА 15%. БЕСПЛАТНОЕ ОДОБРЕНИЕ В 25 БАНКАХ!

ЛОКАЦИЯ
- Квартира расположена в ухоженном комплексе с чистой придомовой территорией. Вокруг высажены еловые деревья, создающие атмосферу уюта и спокойствия. 
- На территории есть все для комфортной жизни: современные детские площадки, беседки с зоной для барбекю, спортивные площадки и отдельная зона для выгула домашних животных. 
- Для любителей активного отдыха в шаговой доступности  живописный водоем для купания и рыбалки, а также лес с лыжной тропой для зимних прогулок. 
- Удобный заезд на территорию и большая парковочная зона рядом с подъездом обеспечат вам комфорт и безопасность.

КВАРТИРА
- 3-й этаж, на площадке 3 квартиры
- Без отделки, что позволяет вам реализовать свои дизайнерские идеи и создать пространство мечты. Можно сделать 4-х комнатную квартиру.
- Возможно сделать предчистовой (whitebox) или чистовой ремонт (20-30 тыс. руб. за 1 м2 в зависимости от стоимости выбранных материалов).

ИНФРАСТРУКТУРА В ШАГОВОЙ ДОСТУПНОСТИ:
- Школа и детский сад
- Сетевые магазины: Дикси, Магнит
- Роговская амбулатория, аптека 
- Пункты выдачи: Ozon, Яндекс Маркет
- Чистый природный источник питьевой воды Спас-Купля - 2,5 км.

 ТРАНСПОРТНАЯ ДОСТУПНОСТЬ:
- МКАД - 66 км.
- Автобусная остановка Рогово  - 840 метров (ходят автобусы 303 до метро Ольховая, Теплый стан, 1050 до МЦД Подольск)

ДОКУМЕНТЫ:
- 1 собственник
- Более 5 лет в собственности 
- Подходит под ипотеку

ДОПОЛНИТЕЛЬНО: 
- Доступна ипотека по ставке 15!
- Бесплатное одобрение ипотеки, подача заявок в 25+ банков
- Предоставим преференции до 0,6% от ставок в банках 
- Юридическое сопровождение и финансовая гарантия до 25 млн. руб.

 Звоните, сделаю расчет по ипотеке, отвечу на вопросы, организую показ
Код пользователя: 125270",,84.0,6.9,82.1
https://www.cian.ru/sale/flat/311587221/,https://images.cdn-cian.ru/images/2357827544-4.jpg,,"Москва, ЮЗАО, р-н Северное Бутово, м. Бульвар Дмитрия Донского, бульвар Дмитрия Донского, 2К1",Пешком,20900000.0,289474.0,3.0,2.0,17.0,72.2,"Код объекта: 1346620.
 Свободная продажа. ОДИН ВЗРОСЛЫЙ СОБСТВЕННИК. Возможна ипотека.

Просторная квартира с хорошим  ремонтом в панельном доме 1992 года постройки. Пластиковые окна. Санузел раздельный. Без балкона. Железная дверь.

Окна на улицу, но в квартире достаточно тихо.

При продаже, мебель и встроенная техника остаются.

В подъезде установлено видеонаблюдение. 

Во дворе оборудована детская площадка. Парковка открытая, возле дома. Проблем с парковочными местами нет.
На первом этаже расположены магазины ""Вкусвилл"", ""Четыре лапы"", ""Летуаль"", аптека ""Планета здоровья"". Рядом школа 2114, Бутовский парк.

До метро Бульвар Дмитрия Донского - 3 минуты пешком, до метро Улица Старокачаловская - 2 минуты.
Остановка общественного транспорта, так же, в трёх минутах ходьбы от дома.",,72.2,20.9,289.5
https://vidnoye.cian.ru/sale/flat/307568820/,https://images.cdn-cian.ru/images/kvartira-vidnoe-svyatoslava-rihtera-ulica-2274429346-4.jpg,ЖК «Видный город»,"Московская область, Видное, м. Бульвар Дмитрия Донского, улица Святослава Рихтера, 2",Транспортом,11500000.0,185484.0,3.0,8.0,9.0,62.0,"Просто жить красиво! 
Продается уникальная двухуровневая 3-х комнатная квартира в  ЖК Видный город
Красивая, комфортная, продуманная до мелочей, с двумя уютными спальнями, с двумя санузлами, гардеробной, кладовыми и живописным видом с балкона. 
На первом этаже расположена кухня-гостиная с зоной отдыха, гардеробной и санузлом. Под лестницей расположена система хранения и бьюти зона с большим зеркалом. 
На втором этаже санузел с ванной и две спальни 11 кв м и 9 кв м. 
Красивые арочные окна в спальне создают особую атмосферу отдыха и комфорта. 

Один взрослый собственник 

ЖК Видный город отличается особым архитектурным решением и атмосферой, а также удобной сложившейся инфраструктурой. 

Приходите, примерьте красивое у удобное пространство, почувствуйте себя дома. 

Отвечу на все ваши вопросы, покажем по договоренности 
Ирина",,62.0,11.5,185.5
https://vidnoye.cian.ru/sale/flat/308389208/,https://images.cdn-cian.ru/images/2314490772-4.jpg,ЖК «Бутово парк»,"Московская область, м. Бульвар Дмитрия Донского, Ленинский городской округ, Бутово рп, Бутово Парк ЖК, 7",Транспортом,12400000.0,155000.0,3.0,9.0,17.0,80.0,"Id 3928. Продаётся просторная 3 комнатная квартира на 9 этаже 17 этажного дома в ЖК Бутово Парк

О квартире.
Общая площадь 80 кв м, большая кухня 12 кв м с эркером, комнаты 19 / 14 /11 кв м. Квартира находиться на комфортном среднем этаже. Состояние хорошее, можно зайти и жить. 

О доме.
17 этажный дом 2013 года постройки.

О локации.
Микрорайон ""Бутово Парк"" расположен всего в трех километрах от МКАДа по Варшавскому шоссе, а метро  ""Бульвар Дмитрия Донского"" и Аннино находится в 10 минутах транспортом без пробок по выделенной полосе. Транспорта очень много, ждать не приходиться. До станции МДЦ Бутово 10-15 минут пешком. Для владельцев личных автомобилей удобный выезд на Варшавское шоссе. По соседству находятся крупные лесопарковые зоны, речки и пруды. Чистый воздух и хорошая экология. В районе два детских сада, школа, ТЦ, поликлиника, магазины, аптеки и т.д.  Есть всё необходимое для комфортной жизни.

Документы.
Легко купить. Обременений нет, полная стоимость в договоре, свободная продажа. Звоните и записывайтесь на просмотр.",,80.0,12.4,155.0
https://vidnoye.cian.ru/sale/flat/308495812/,https://images.cdn-cian.ru/images/kvartira-butovo-park-2294083574-4.jpg,ЖК «Бутово парк»,"Московская область, м. Бульвар Дмитрия Донского, Ленинский городской округ, Бутово рп, Бутово Парк ЖК, 12",Транспортом,14500000.0,165525.0,3.0,3.0,25.0,87.6,"Уважаемые, коллеги!!! Прошу звонить при наличии покупателя!!! Лучший вариант просторной, уютной, светлой квартиры в данной локации для большой семьи!!! Три раздельные комнаты, большая кухня - гостиная, два санузла, гардеробная и просторный коридор!!! Удачная планировка-распашонка. Инфраструктура района развита. Рядом лесной массив, фитнес - центр с бассейном, школы, детские сады, магазины и т.д. До метро Аннино 10 минут на общественном транспорте. Остановки в 3 минутах хотьбы от дома. Транспорт идёт по выделенной полосе. Приходите, смотрите и приобретайте!!! Оперативный показ по предварительной договорённости. Возможно день в день.",,87.6,14.5,165.5
https://vidnoye.cian.ru/sale/flat/305012722/,https://images.cdn-cian.ru/images/2224883496-4.jpg,ЖК «Видный город»,"Московская область, Видное, м. Бульвар Дмитрия Донского, улица Галины Вишневской, 5",Транспортом,12500000.0,127551.0,3.0,8.0,9.0,98.0,"Данная сделка застрахована САО-Ресо Гарантия!
Ставка на ипотеку от 16,49% 

Продается двухуровневая квартира в ЖК ""Видный город"" на восьмом и девятом этажах монолитного дома общей площадью 98 м2.
Эксклюзивная квартира с нестандартными проектными решениями, готова к воплощению самых смелых Ваших идей. 
Удивительная атмосфера пространства достигается высотой потолка в 5.77 метра, а так же дает возможность использования второго света при исполнении своей мечты в дизайне. В восточной части присутствует лоджия, что позволит наблюдать восход солнца каждый день. Два независимых выхода на 8 и 9 этажи.

Каждое здание в ЖК ""Видный город"" имеет свой индивидуальный облик.
Дворы созданы по концепции ""без машин"". Детские и спортивные площадки окружают каждый дом. Вокруг разбиты клумбы и цветники, предусмотрены зоны для разных возрастных групп. ЖК утопает в зелени дворов и аллей.

С запада ""Видный город"" окружен лесным массивом.

В комплексе развитая инфраструктура: школы, детские сады, супермаркеты, фитнес- центры, паркинги, рестораны, торговые галереи в цокольных этажах домов.

Транспортная доступность обусловлена близостью Варшавского шоссе.
До станции метро Анино ходит маршрутное такси - 15 минут;
До ж/д ст. Бутово - 10 минут общественным транспортом;


Оперативный показ и выход на сделку

Покупателю:
-бесплатное сопровождение сделки;
-квалифицированная помощь в получение ипотеки в ведущих банках, срок одобрения от 1 до 3 дней;
- возможность подачи заявок одновременно до 10 банков, высокая степень одобрения;
- индивидуальный подбор ипотеки с наименьшей ставкой с учётом госпрограмм, акций!
Звони, запись на просмотры уже началась!",,98.0,12.5,127.6
https://vidnoye.cian.ru/sale/flat/311969473/,https://images.cdn-cian.ru/images/kvartira-drozhzhino-yuzhnaya-ulica-2365884230-4.jpg,ЖК «Бутово парк 2»,"Московская область, м. Бульвар Дмитрия Донского, Ленинский городской округ, Дрожжино пгт, улица Южная, 23к2",Транспортом,11700000.0,138135.0,3.0,15.0,20.0,84.7,"Тихий двор. Развитая инфраструктура. Квартира после косметического ремонта. Комнаты изолированы, один раздельный и один совмещённый санузел, просторная кухня, две застекленные лоджии и большой, просторный коридор. Встроенную мебель оставляем. Один взрослый собственник. В собственности более 5 лет.",,84.7,11.7,138.1
https://www.cian.ru/sale/flat/304516229/,https://images.cdn-cian.ru/images/2215949066-4.jpg,,"Москва, ЮЗАО, р-н Южное Бутово, м. Бульвар Дмитрия Донского, 1-я Мелитопольская улица, 8",Транспортом,12240000.0,204000.0,3.0,1.0,9.0,60.0,"Продaетcя cвeтлaя 3-комнатная кваpтирa в обжитом, зeлeнoм экoлогичecки чиcтoм paйoне Москвы Южнoе Бутoво. Kвaртиpa в xорoшем сoстоянии, без пеpепланирoвoк. Koмнаты изoлиpованные, санузeл раздельный, пpoсторный кopидop, бoльшая зaстeкленная лoджия с пoдпoлoм (!) - мoжнo въехать и жить. Качественные классические паркетные полы в комнатах и коридоре без межкомнатных порогов, в окнах и двери в лоджию установлены усиленные трехкамерные стеклопакеты RЕНАU. В стоимость квартиры входят качественный угловой кухонный гарнитур с глянцевыми и зеркальными фасадами, встроенной стеклокерамической электрической варочной панелью, вытяжкой и подсветкой, а также встроенный шкаф-купе с зеркалами во всю высоту стен в большой комнате. В доме чистый подъезд, отдельный коридор на две квартиры, приятные соседи. Красивый зеленый двор с детской и спортивной площадками и достаточным количеством парковочных мест. Отличная транспортная доступность: 7 мин пешком (530 м) до станции МЦД Бутово; 3 мин до автобусной остановки 1-я Мелитопольская улица на Варшавском шоссе, удобный выезд на машине. В пешей доступности: детский сад, школа, магазины, поликлиника, кафе, Бутовский лесопарк - всё для комфортной и спокойной жизни. Альтернативная продажа, 4 собственника, обременений нет. Квартира юридически и физически свободна, подготовлена для продажи. Звоните, уважаемые покупатели и коллеги. Показать сможем в удобный день и время. Помогу с одобрением ипотеки и проведением сделки.",,60.0,12.2,204.0
https://vidnoye.cian.ru/sale/flat/309299571/,https://images.cdn-cian.ru/images/kvartira-vidnoe-mstislava-rostropovicha-bulvar-2333899246-4.jpg,ЖК «Видный город»,"Московская область, Видное, м. Бульвар Дмитрия Донского, бульвар Мстислава Ростроповича, 4к1",Транспортом,8480000.0,140397.0,3.0,3.0,8.0,60.4,"Лучшее предложение! 3-х комнатная квартира в ЖК Видное города, расположенная на 3 этаже, распашонка. Хорошая планировка: кухня (10,2 м.кв.), три изолированные комнаты (16,1 м.кв, 11,2 м.кв., 10,2 м.кв.), раздельный с/у, просторный холл (8,4 м.кв.) Квартира без ремонта , есть возможность реализовать все свои дизайнерские идеи. В квартире установлены качественные трехкамерные стеклопакеты, пол залит, стоят хорошие радиаторы. Прекрасный вариант для семьи с детьми. ЖК Видное город с авторской архитектурой, прекрасное место для жизни. В пешей доступности вся необходимая инфраструктура для комфортной жизни: детские сады, школа, магазины, аптеки, пункты выдачи. Рядом Расторгуевский парк, зона отдыха ""Завидное"", заповедник усадьба Суханово, пруд с пляжной зоной. Хорошая транспортная доступность, как на общественном транспорте, так и на собственном автомобиле. Находится в 5 км от МКАД. Остановка общественного транспорта находится в шаговой доступности. С нее можно добраться до станций метро Аннино, Бульвар Дмитрия Донского, Бутово и железнодорожной станции Расторгуево. Звоните! не упустите свой шанс.",,60.4,8.5,140.4
https://www.cian.ru/sale/flat/270349741/,https://images.cdn-cian.ru/images/68/739/321/kvartira-moskva-ulica-brusilova-1239378634-4.jpg,,"Москва, ЮЗАО, р-н Южное Бутово, м. Бульвар Дмитрия Донского, улица Брусилова, 27",Транспортом,15300000.0,196658.0,3.0,4.0,9.0,77.8,"Продается отличная 3х комнатная квартира в панельном доме, серии И-155 (модификация И-155С) построенному в 2008 году, площадью 77,8/42/10 кв. м., всего в 15 минутах езды от метро Бульвар Дмитрия Донского, ул. Старокачаловская, Аннино.  

Квартира с функциональной планировкой, распашонка, окна смотрят во двор и на улицу. Имеется 2 балкона, не большая кладовая, 3 изолированные комнаты площадью 17-13-12 кв.м., 
Квартира в отличном жилом состоянии, ремонт выполнен из качественных строительных материалов, кухня просторная. В комнатах на полу ламинат, на кухне линолеум. Выполнен свежий ремонт в ванной комнате и уборной, установлен накопительный бойлер. Не доделан ремонт в коридоре и на одном  балконе, (в них ремонт будет завершен в ближайшее время, балкон будет утеплен), так-же не сделан ремонт на кухне и 2 балконе (выход с кухни). Два совмещенных С/У, оборудованы качественной сантехникой, установлены приборы учета, на горячее и холодное водоснабжение. 

Из окон открывается вид  во двор. Чистый подъезд, лифт грузовой, мусоропровод. Ухоженный благоустроенный двор с детской и спортивной площадками.  

Удобная транспортная доступность: Автобусы по Варшавскому шоссе в сторону метро едут по выделенной полосе. Так же удобно добираться до станции МЦД Щербинка. Комфортный выезд на личном авто по Симферопольскому и Варшавскому шоссе. 

Развитая инфраструктура района: изобилие школ, детские сады, банки, аптеки, почта, социальные и экстренные службы, МФЦ, поликлиника для взрослых 121, детская поликлиника 118, стоматология, несколько супермаркетов, торговый центр, продовольственные магазины, фитнес-клуб, кафе и рестораны, салоны красоты. За домом обустроенный парк. Все это шаговой доступности от дома. 

ДКП 2014 года, покупалась за наличные, 2 взрослых собственника, возможна ипотека, альтернатива.",,77.8,15.3,196.7
https://vidnoye.cian.ru/sale/flat/311298919/,https://images.cdn-cian.ru/images/kvartira-drozhzhino-novoe-shosse-2351393298-4.jpg,ЖК «Бутово парк 2»,"Московская область, м. Бульвар Дмитрия Донского, Ленинский городской округ, Дрожжино пгт, шоссе Новое, 8к2",Транспортом,12150000.0,157383.0,3.0,7.0,19.0,77.2,"ЖК Бутово-Парк 2
В доме комфорт-класса продается 3-х комнатная квартира 75.2 М2.
О КВАРТИРЕ: ""Общая: 75.2 м2 + лоджия: 4 м2
(застеклена и утеплена). Кухня: 10,8 м2. Раздельные комнаты: 14,4; 15.6;
17.6 м2. Удобная планировка, окна выходят на разные стороны дома (восток и запад). 
Авторский ремонт с использованием премиальных материалов, немецкая сантехника. Кухонный гарнитур по индивидуальному проекту с итальянскими фасадами и встроенной бытовой техникой. Квартира полностью меблирована.
Общедомовая система наблюдения (система
Безопасный регион). Система противопожарной безопасности на каждом этаже. Адекватные и приветливые соседи.
О РАЙОНЕ:
Ландшафтный дизайн территории. Во дворе большая детская площадка. В доме расположены - детский клуб, аптека Столички, пункты выдачи Ozon, Wildberries, Avito, Яндекс Маркет. Напротив подъезда - детская и взрослая поликлиника. В 120 м от подъезда автобусная остановка. В районе много школ, кафе, детских и спортивных площадок, а также лесных зон для отдыха детей и взрослых.
Собственность более 5 лет. Альтернатива на 3-х комнатную квартиру.
Есть место на  огороженной, охраняемой  парковке(платное).",,77.2,12.2,157.4
https://vidnoye.cian.ru/sale/flat/308856611/,https://images.cdn-cian.ru/images/2301976346-4.jpg,,"Московская область, м. Бульвар Дмитрия Донского, Ленинский городской округ, Боброво пгт, улица Крымская, 3к1",Транспортом,13500000.0,159011.0,3.0,10.0,17.0,84.9,"Код объекта: 1282475.
 Продаётся просторная трёхкомнатная квартира в ЖК ""Восточное Бутово""

Ищете комфортное жильё? Представляем вашему вниманию прекрасную трёхкомнатную квартиру в рабочем посёлке Боброво. Расположенная на Крымской улице, эта квартира станет идеальным выбором для вашей семьи.

Квартира находится в панельном доме 2020 года постройки с железобетонными перекрытиями. В доме есть пассажирский и грузовой лифты. Для вашего автомобиля предусмотрена наземная парковка.

Общая площадь квартиры составляет 84,9 кв. м, а жилая — 42 кв. м. Просторная кухня площадью 18,6 кв. м станет любимым местом для семейных ужинов и дружеских посиделок. Квартира имеет три изолированные комнаты площадью 11,5, 12,3 и 18,2 кв. м соответственно. Высота потолков — 2,75 м.

В квартире евроремонт, который обеспечит вам комфорт и уют на долгие годы.

Не упустите свой шанс стать обладателем этой замечательной квартиры! Мы гарантируем безопасную сделку и юридическую поддержку нашим клиентам. Поможем одобрить ипотеку с сниженной ставкой. Звоните прямо сейчас!",,84.9,13.5,159.0
https://vidnoye.cian.ru/sale/flat/308122770/,https://images.cdn-cian.ru/images/2286871644-4.jpg,ЖК «Южная Битца»,"Московская область, м. Бульвар Дмитрия Донского, Ленинский городской округ, пос. Битца, Южная Битца ЖК, улица Парковая, 2",Транспортом,19700000.0,249367.0,3.0,7.0,17.0,79.0,"Эксклюзивное предложение!!! Продам просторную, светлую, комфортную 3-х комнатную квартиру по адресу: Московская область, Ленинский, поселок. Битца, микрорайон. Южная Битца, ул. Парковая, д. 2. Общая площадь 80,4 кв.м. с лоджией. Кухня 14 кв.м. Комнаты 16, 15 и 11 кв.м. В квартире окна ПВХ, два с/у в кафеле, утепленная лоджия 6 кв.м. с качественным тёплым полом. Оставляют всю мебель, кухонный гарнитур, технику по договорённости. Инфраструктура - Индивидуальная детская площадка, Детский сад, Школа, Продуктовые магазины, Аптеки, Фитнес-клуб, Торговые центры, МФЦ, Банки. Рядом живописный лес с прогулочными тропинками. Свободная продажа. Показываем в любое время. Поможем с любыми банками, готовы рассмотреть материнский капитал, а так же субсидию. МЦД Бутово, 20 мин. пешком. Метро Улица Академика Янгеля, 7 мин. на машине. Год постройки 2020.",,79.0,19.7,249.4
https://vidnoye.cian.ru/sale/flat/311930462/,https://images.cdn-cian.ru/images/kvartira-drozhzhino-novoe-shosse-2364971805-4.jpg,ЖК «Бутово парк 2»,"Московская область, м. Бульвар Дмитрия Донского, Ленинский городской округ, Дрожжино пгт, шоссе Новое, 4к3",Транспортом,11550000.0,167149.0,3.0,16.0,17.0,69.1,"Продаётся просторная и светлая евродвушка-распашонка.
 Встроенная техника и мебель остаются  новым владельцам. 
 Планировка удобная и функциональная, имеется две гардеробных, раздельный санузел. Кухня-гостиная 25 кв.м., изолированные комнаты 15 и 14 кв.м.
Рядом с домом в пешей доступности  находятся школы, детские сады и магазины, имеется парковочное место.

Продажа от собственника, без обременений. Ипотека закрыта в ноябре 2024 года.
Звоните и записывайтесь на просмотр!",,69.1,11.6,167.1
https://vidnoye.cian.ru/sale/flat/311773707/,https://images.cdn-cian.ru/images/2361700746-4.jpg,,"Московская область, м. Бульвар Дмитрия Донского, Ленинский городской округ, Лопатино пгт, Государев Дом ЖК, Южный кв-л",Транспортом,21000000.0,250000.0,3.0,3.0,21.0,84.0,"Вашему вниманию предлагается просторная и уютная трехкомнатная квартира в современном жилом комплексе ""Южная Битца""!   
  
Квартира полностью укомплектована всей необходимой мебелью и техникой. Бытовая техника  MAUNFELD, встроенная в кухню, всё сделано на заказ. В детской комнате оборудованы две рабочие зоны, грамотно используется каждый угол пространства, нет ничего лишнего. Отлично продумана система хранения вещей: помимо наличия кладовой комнаты в квартире, в спальне, детской и коридоре есть вместительные шкафы.   Вся мебель абсолютно новая, квартира никогда не сдавалась!  
Все комнаты светлые и просторные, большинство окон выходят на тихий двор.   
  
Жилой комплекс ""Южная Битца"" находится в районе с отлично развитой инфраструктурой. В пешей доступности расположены школы, детские сады и магазины. До станции метро ""Бульвар Дмитрия Донского"" можно доехать за 7 минут, до метро ""Аннино"" 10 минут по прямой на автобусе или маршрутке.   
  
Квартира готова к продаже. Один взрослый собственник, без обременений, свободная продажа! Гарантируем юридическую чистоту сделки.  
Звоните, уважаемые коллеги и покупатели!",,84.0,21.0,250.0
https://www.cian.ru/sale/flat/306506464/,https://images.cdn-cian.ru/images/2259426537-4.jpg,,"Москва, ЮЗАО, р-н Северное Бутово, м. Бульвар Дмитрия Донского, улица Знаменские Садки, 7К2",Пешком,17500000.0,239726.0,3.0,6.0,17.0,73.0,"Продается 3-х комнатная квартира в шаговой доступности от метро в районе с развитой инфраструктурой. Отличная планировка: все комнаты изолированные, имеются балкон и лоджия, просторный холл, кухня квадратная 10,1 м2. Район зеленый, удобная транспортная доступность. Один собственник, полная стоимость в ДКП, легкая альтернатива.",,73.0,17.5,239.7
https://vidnoye.cian.ru/sale/flat/309955832/,https://images.cdn-cian.ru/images/kvartira-izmaylovo-2324265539-4.jpg,,"Московская область, м. Бульвар Дмитрия Донского, Ленинский городской округ, Измайлово рп, 3",Транспортом,9500000.0,154976.0,3.0,3.0,5.0,61.3,"Продается уютная трехкомнатная квартира в рабочем посёлке Измайлово, Московская область. Общая площадь квартиры составляет 61.3 кв. м, из которых 42 кв. м  жилая площадь, а кухня занимает 10 кв. м. Квартира расположена на 3 этаже 5-этажного кирпичного дома 1982 года постройки. Высота потолков  2.55 метра. Окна смотрят во двор, что обеспечивает тишину и спокойствие.

В квартире частично есть косметический ремонт, что позволяет въехать и жить без дополнительных вложений. Стены выровнены, толщина 70 см , пол - ламинат , окна - новый стеклопакет. Просторная кухня станет отличным местом для семейных обедов. Совмещенный санузел.Из дополнительных удобств  лоджия, где можно обустроить зону отдыха или хранение.

Дом находится в хорошем состоянии, есть наземная парковка, что решает вопрос с местом для автомобиля. Дом окружен зелеными насаждениями, создавая атмосферу уюта и комфорта. Удобное транспортное сообщение: всего 9 минут на автомобиле до станции метро ""Бульвар Дмитрия Донского"".

В шаговой доступности расположены школы и магазины, поэтому можно легко обеспечить детей образованием и приобрести все необходимые товары. Развитая инфраструктура района делает проживание здесь максимально комфортным.

Квартира продается без обременений, возможна покупка в ипотеку. Все документы готовы к сделке, что значительно ускоряет процесс продажи. В собственности с 1994 года , один взрослый собственник .

Звоните и записывайтесь на просмотр! Успейте стать владельцем этой уютной квартиры в тихом и зеленом районе. в со",,61.3,9.5,155.0
https://www.cian.ru/sale/flat/311776305/,https://images.cdn-cian.ru/images/2361754133-4.jpg,,"Москва, ЮЗАО, р-н Северное Бутово, м. Бульвар Дмитрия Донского, бульвар Дмитрия Донского, 2К1",Пешком,20999000.0,290845.0,3.0,2.0,14.0,72.2,"Номер в базе: 3958593. В выгодной локации с широкими возможностями предлагается к покупке 3-х комнатная квартира на 2 этаже 14 этажного дома по адресу: г. Москва, ул. Бульвар Дмитрия Донского 2 к 1. 

Общая площадь квартиры: 72.2 кв.м. Кухня: 10 кв.м. Санузел раздельный.
Дом 1992 года постройки имеет выгодное местоположение с очень развитой инфраструктурой: в шаговой доступности большой выбор детских и образовательных учреждений (детские сады, школы),  торгово-развлекательные центры, разнообразие спортивной инфраструктуры (спортивные секции различных направлений, бассейны и т.д.), широкий выбор магазинов.

Во дворе достаточное количество парковочных мест. 

Отличная транспортная доступность:
 до МКАД 5 мин на автомобиле.
 до метро Бульвар Дмитрия Донского пешком 3 мин.
Квартира без обременений. 

Звоните прямо сейчас, чтобы записаться на просмотр и увидеть всё своими глазами! И самое главное: покупая эту квартиру через агентство недвижимости ""Этажи"", Вы получаете полную юридическую защиту и никаких рисков. Мы поможем вам получить ипотеку во всех ведущих банках с преференциями от 0,3%, а также экономить на страховых взносах 20-30% ежегодно. Кроме того, гарантийный сертификат до 25 000 000 рублей. Не упустите возможность приобрести эту квартиру и обеспечить себе и своей семье комфортное жилье в тихом и зеленом районе. Свяжитесь с нами сегодня, и мы поможем вам осуществить вашу мечту! 



Код пользователя: 171440",,72.2,21.0,290.8
https://www.cian.ru/sale/flat/307048366/,https://images.cdn-cian.ru/images/kvartira-moskva-ulica-polyany-2262306953-4.jpg,ЖК «Столичные поляны»,"Москва, ЮЗАО, р-н Южное Бутово, м. Бульвар Дмитрия Донского, улица Поляны, 5Ак3",Транспортом,26500000.0,284030.0,3.0,22.0,33.0,93.3,"Продается просторная трехкомнатная квартира в Москве по адресу: улица Поляны, 5Ак3. Общая площадь квартиры — 93.3 кв. м, жилая площадь — 48.3 кв. м, кухня — 20.3 кв. м. Квартира расположена на 22-м этаже 33-этажного монолитного дома, построенного в 2021 году. Высота потолков — 2.8 метра. До метро ""Улица Скобелевская"" можно дойти за 11 минут.

В квартире есть косметический ремонт, поэтому можно сразу заехать и жить. Просторная кухня станет отличным местом для семейных обедов и ужинов. Комнаты светлые и уютные, окна выходят во двор, поэтому в квартире всегда тихо и спокойно. В квартире есть один совмещенный санузел и один отдельный санузел, что очень удобно для большой семьи.

Дом оборудован двумя пассажирскими и двумя грузовыми лифтами, поэтому всегда можно быстро добраться до своей квартиры. Во дворе есть многоуровневая парковка, что решает проблему с парковочными местами. Дом новый, поэтому все коммуникации в отличном состоянии, а наличие пандуса и мусоропровода сделает вашу жизнь еще комфортнее.

Рядом с домом находятся все необходимые объекты инфраструктуры: школы, детские сады, магазины. Это делает район удобным для жизни как для семей с детьми, так и для одиноких людей. Хорошая транспортная доступность позволяет легко добраться до любой части города.

Квартира продается по договору купли-продажи. Возможна покупка в ипотеку. Юридически чистая, без обременений, один собственник. Это отличное предложение для тех, кто хочет приобрести квартиру без лишних хлопот и задержек.

Записывайтесь на просмотр прямо сейчас! Не упустите возможность стать владельцем этой замечательной квартиры в одном из самых удобных районов Москвы.",,93.3,26.5,284.0
https://vidnoye.cian.ru/sale/flat/310886201/,https://images.cdn-cian.ru/images/2342477466-4.jpg,,"Московская область, м. Бульвар Дмитрия Донского, Ленинский городской округ, Боброво пгт, улица Крымская, 19к1",Транспортом,12700000.0,141111.0,3.0,3.0,18.0,90.0,"Код объекта: 1330085.
 Возможность одобрить ипотеку под 14,99% годовых! 

ЖК ""Восточное Бутово"" — современный монолитный жилой комплекс с удобной транспортной доступностью и развитой инфраструктурой, идеально подходящий для комфортной жизни. 

На первых этажах дома расположены магазины, аптеки, супермаркеты, кофейни, парикмахерские и другие удобства, которые сделают вашу повседневную жизнь проще. На территории комплекса обустроены современные детские и спортивные площадки, а также предусмотрены детские сады и школы. 

Квартира: 
Просторная и функциональная планировка: три изолированные комнаты и кухня-гостиная, которая станет уютным центром вашего дома. 
Два полноценных санузла: идеально для большой семьи. 
Большая гардеробная: всё под рукой и в порядке. 
Застекленный панорамный балкон, выходящий во двор, обеспечит тихое и приятное место для отдыха. 
Квартира без отделки: возможность реализовать собственные дизайнерские идеи. 

Особенности дома:
Магнитные замки обеспечивают безопасность доступа на этаж.
Установлены видеодомофоны, управляемые через мобильное приложение.  
На каждом этаже предусмотрена колясочная, что удобно для семей с детьми. 
Трассы под кондиционеры уже выведены в каждую комнату. 

Юридическая информация: 
Свободная продажа, без каких-либо обременений. 
Один взрослый собственник. 
Полная стоимость в договоре. 

Преимущества: 
Комплекс сочетает удобство городской жизни с тихой и безопасной атмосферой. Быстрый выход на сделку.

Оперативные показы; 
Бесплатное одобрение и получение ипотечного кредита; 
Специальные условия и преференции от ведущих банков-партнеров; 
Безопасность сделки и качество предоставляемых услуг обеспечивается стандартами Гильдии Риэлторов Москвы",,90.0,12.7,141.1
https://vidnoye.cian.ru/sale/flat/301937848/,https://images.cdn-cian.ru/images/kvartira-butovo-park-2168005067-4.jpg,,"Московская область, м. Бульвар Дмитрия Донского, Ленинский городской округ, Бутово рп, Бутово Парк ЖК, 23к1",Транспортом,19200000.0,213808.0,3.0,7.0,22.0,89.8,"Сенсационное предложение!!! СРОЧНО!!!
Предлагается к продаже потрясающая квартира, расположенная в охраняемом ЖК бизнес-класса Бутово-парк. Квартира 3-х комнатная, общей площадью 89,8 кв.м. , просторная кухня-гостиная, 2 спальни, большой совмещённый санузел с встроенной сауной, большая прихожая.
В квартире выполнен дизайнерский ремонт с использованием исключительно высококачественных брендовых строительных,  отделочных материалов и оборудования. Мебель производства Италии. Большую часть  мебели Продавец оставлет новому собственнику.  вся инфраструктура развитого района: магазины, банки, рестораны, социальные объекты: школа, д/сад. Отличная транспортная доступность. Въезд в ЖК через шлагбаум. Охранямая автостоянка.
Срочная продажа. Один взрослый собственник. Обременение - ипотека Совкомбанка . Быстрый выход на сделку. Разумный торг.  Агент.",,89.8,19.2,213.8
https://www.cian.ru/sale/flat/312232163/,https://images.cdn-cian.ru/images/2371521680-4.jpg,,"Москва, ЮЗАО, р-н Северное Бутово, м. Бульвар Дмитрия Донского, Старокачаловская улица, 16",Пешком,21900000.0,319708.0,3.0,1.0,5.0,68.5,"Номер лота: вт-0414168.
ЖК ""Синяя птица"" премиум-класса. 
Дом монолитно-кирпичный.
Продается хорошая и уютная квартира, с высокими потолками 3 метра. 
Высокий первый этаж.
Окна выходят в тихий  зеленый двор.
Жилой комплекс с самой большой в районе собственной территорией. Парк с каскадом прудов, множество просторных прогулочных зон, детские площадки, зоны барбекю, площадка для выгула собак.  
Комплекс очень уютный, с богатой инфраструктурой: дет/сады, школа с бассейном, каток, футбольное поле и тд Рядом с домом построена многоуровневая парковка
Огороженная и охраняемая территория.
 ЖК стабильно содержится в хорошем состоянии!
Документы основания: договор дарения 1999г.
Один взрослый собственник.
Никто не прописан.
Свободная продажа!

 Содействие в получении специальных условий и преференций по ипотеке.",,68.5,21.9,319.7
https://vidnoye.cian.ru/sale/flat/312107542/,https://images.cdn-cian.ru/images/kvartira-butovo-park-2368982947-4.jpg,,"Московская область, м. Бульвар Дмитрия Донского, Ленинский городской округ, Бутово пгт, Бутово Парк ЖК, 12",Транспортом,16000000.0,182857.0,3.0,24.0,25.0,87.5,"Два собственника взрослых. Квартира приобреталась по ДДУ в 2108 году. Полная стоимость в ДКП. Никто не прописан.

Внимание!!!
После застройщика в квартире полностью все переделывалось: выравнивались стены, заливались полы, делалась шумоизоляция, были поменяны все трубы и сантехника, менялась проводка, обои под покраску, в санузле новый кафель, дорогие межкомнатные и входная двери, на кухне полы с подогревом. Использовались только самые дорогие и качественные материалы! Все делалось под себя!

Удобная функциональная планировка: три раздельные комнаты, огромная кухня 18кв.м, большая прихожая. Балкон выходит из кухни, два санузла, в спальне имеется гардеробная.

Бутово Парк  новый развитый жилой комплекс расположен в непосредственной близости от МКАД и от Москвы. В шаговой доступности все самое необходимое для комфортного проживания: все сетевые супермаркеты, поликлиника, детские сады, школа, кафе, фитнес-центры, остановки общественного транспорта, детские и спортивные площадки и т.д. Район со всех сторон окружен лесопарком. До метро можно за 10-15 минут доехать на транспорте, либо пешком за 10-15 минут дойти до МЦД Бутово.",,87.5,16.0,182.9
https://vidnoye.cian.ru/sale/flat/302256124/,https://images.cdn-cian.ru/images/2173400399-4.jpg,ЖК «Государев дом»,"Московская область, м. Бульвар Дмитрия Донского, Ленинский городской округ, Лопатино пгт, бульвар Солнечный, 6",Транспортом,9849444.0,137754.0,3.0,8.0,9.0,71.5,"Id 3394. Продаётся трехкомнатная квартира. ЧИСТОВАЯ ОТДЕЛКА. СВОБОДНАЯ ПРОДАЖА. Собственность. Все комнаты изолированные:  17,0/16,6/15,4. В квартире выполнена чистовая отделка. Ровные стены и потолки. А также электрика разведена по всей квартире. Выполнена разводка под сантехническое оборудование. Стяжка пола. Выложена керамическая плитка на кухне, в коридоре, в ванной комнате, в туалете. Есть теплая лоджия, такой проект во всем доме. ФИЗИЧЕСКИ и ЮРИДИЧЕСКИ СВОБОДНА. Кол-во собственников: 1 чел. Пакет документов готов к сделке.",,71.5,9.8,137.8
https://vidnoye.cian.ru/sale/flat/306572533/,https://images.cdn-cian.ru/images/2293054310-4.jpg,ЖК «Бутово парк 2»,"Московская область, м. Бульвар Дмитрия Донского, Ленинский городской округ, Дрожжино рп, шоссе Новое, 3",Транспортом,11500000.0,153333.0,3.0,15.0,25.0,75.0,"Арт. 72713190 Представляем светлую и просторную 3х комнатную квартиру на 15м этаже.
Удобная планировка:
комнаты изолированные
кухня большая с лоджией - мечта любой хозяйки. Лоджия застеклена, что позволяет сделать кабинет.
два санузла.
так же квартира имеет вместительные гардеробные комнаты.
Квартира требует ремонта, поэтому есть возможность сделать ремонт на свой вкус и предпочтения. 
Дом панельный 2014г. постройки, в подъезде ухожено и очень внимательный консьерж. На этаже квартиры не рядом, холлы просторные. Двор современный, развитая инфраструктура, магазины и т.д..
Добираться легко, маршрутные автобусы быстро доставят до метро.
Два взрослых собственника, в квартире нет зарегистрированных. Юридически свободна.
В собственности с 2018г. свободная продажа.
Звоните уважаемые покупатели и коллеги!",,75.0,11.5,153.3
https://vidnoye.cian.ru/sale/flat/312010162/,https://images.cdn-cian.ru/images/2366773783-4.jpg,,"Московская область, м. Бульвар Дмитрия Донского, Ленинский городской округ, Бутово пгт, Бутово Парк ЖК, 23к2",Транспортом,17800000.0,196903.0,3.0,13.0,22.0,90.4,"Номер в базе: 964579. Предлагаю вашему вниманию просторную, видовую 3-х комнатную квартиру в жилом комплексе Бизнес-класса ""Бутово Парк"". В районе всего 2 кирпично-монолитных дома данного класса. Входные парадные группы, 3 грузовых лифта, подземный паркинг, полностью огороженная и охраняемая территория, а так же потолки высотой 3 метра, - наши эксклюзивные преимущества. 

Квартира расположена на высоком этаже, благодаря чему из всех окон открывается прекрасный вид. Стороны света - юг и запад, что позволяет наслаждаться прекрасными закатами и создает светлое уютное пространство днем. Вид из окон на лесной массив, хорошая удаленность от соседних домов и шоссе. 

Планировочным решением по дизайн проекту в квартире предусмотрены просторная кухня - гостиная, три изолированные спальни, два санузла, гардеробная комната. Ремонт выполнен из качественных натуральных материалов под ключ, что позволит новым владельцам сразу заселиться и наслаждаться комфортом жилья. 

Инфраструктура рядом развита, дом расположен в самом центре района. Окружен магазинами, тц, круглосуточный фитнес в соседнем здании, аптеки, салоны красоты, продукты и озон на 1 этаже, остановка общественного транспорта в 2х минутах ходьбы, 1 остановка до м.Анино.

Квартира дает возможность жить в удивительном сочетании хорошей экологии, наслаждаться прогулками на природе, разреженностью района (нет ощущения окна в окна, и с парковками), одновременно с развитой инфраструктурой и близостью к центру. 

Не упустите возможность стать обладателем этой прекрасной квартиры.
Звоните для записи на просмотр!)
Код пользователя: 149946",,90.4,17.8,196.9
https://vidnoye.cian.ru/sale/flat/308895162/,https://images.cdn-cian.ru/images/2302738986-4.jpg,ЖК «Бутово парк 2»,"Московская область, м. Бульвар Дмитрия Донского, Ленинский городской округ, Дрожжино пгт, шоссе Новое, 9",Транспортом,10900000.0,143421.0,3.0,6.0,14.0,76.0,"Номер лота: вт-0418353.
Продается трехкомнатная квартира в современном доме! Идеальное жилье для семьи! 
Уютная распашонка 76 м.кв. на 6 этаже дома 2014 года постройки, с двумя балконами и прекрасным видом. 
Преимущества:
 - Простор и удобство: Три светлые комнаты, грамотно распланированные для вашего комфорта. 
- Балконы: Два балкона, где можно наслаждаться свежим воздухом и утренним кофе. 
- Современный дом: Здание построено в 2014 году, что гарантирует качество и надежность. 
- Инфраструктура: Магазины, школы, кафе и бары - всё в шаговой доступности. Рядом с домом удобный выезд на Варшавское шоссе, а автобусные остановки у дома, помогут добраться, куда Вам необходимо. 
- Природа: в пешей доступности Дрожжиский пруд и Дубовая роща для прогулок и отдыха на природе.
 Звоните сейчас, чтобы записаться на просмотр и сделать первый шаг к вашему новому дому!
 Содействие в получении специальных условий и преференций по ипотеке.",,76.0,10.9,143.4
https://vidnoye.cian.ru/sale/flat/258150134/,https://images.cdn-cian.ru/images/40/702/011/kvartira-butovo-park-1102070462-4.jpg,ЖК «Бутово парк»,"Московская область, м. Бульвар Дмитрия Донского, Ленинский городской округ, Бутово пгт, Бутово Парк ЖК, 23к1",Транспортом,16500000.0,183333.0,3.0,15.0,22.0,90.0,"Cветлая квартира в ЖК ""Бутово парк"". Дом бизнес-класса, монолитно-кирпичный. Закрытая охраняемая территория, видеонаблюдение, детская площадка, есть подземный паркинг. Обжитой микрорайон, прекрасная транспортная доступность :10 мин. до метро и МЦД ""Бутово"", МКАД.  
Квартира с дизайнерским ремонтом, высота потолка 3 м.  Две изолированные спальни, кухня-гостиная, два сан.узла с ванной и душевой кабиной, гардеробная. Просмотры по договоренности.
Юридически и физически свободна. Полная сумма в договоре. Свободная продажа.
Практически все необходимые объекты инфраструктуры в шаговой доступности, государственная поликлиника и частные клиники, МФЦ, школы, детские сады, торговые центры и сетевые магазины, кафе, рестораны, бассейн, фитнес-центр 24 часа, парковая зона отдыха.",,90.0,16.5,183.3
https://vidnoye.cian.ru/sale/flat/311947783/,https://images.cdn-cian.ru/images/kvartira-drozhzhino-yuzhnaya-ulica-2365348130-4.jpg,ЖК «Бутово парк 2»,"Московская область, м. Бульвар Дмитрия Донского, Ленинский городской округ, Дрожжино пгт, улица Южная, 19",Транспортом,11200000.0,145455.0,3.0,7.0,19.0,77.0,"Продаётся 3-комнатная квартира-распашонка в хорошем состоянии. МОЖНО ЗАЕХАТЬ И ЖИТЬ.

БОЛЬШАЯ кухня 12 метров, есть кладовая.

Тихий зеленый район. Вся инфраструктура рядом.

Чистый подъезд с консьержем, хорошие соседи. 

СВОБОДНАЯ продажа, никто не прописан, 1 взрослый собственник.

Звоните, подробности по телефону. Показ по договоренности.",,77.0,11.2,145.5
https://vidnoye.cian.ru/sale/flat/305635152/,https://images.cdn-cian.ru/images/kvartira-usadba-suhanovo-2237435041-4.jpg,,"Московская область, м. Бульвар Дмитрия Донского, Ленинский городской округ, д. Суханово, Усадьба Суханово ЖК, 3",Транспортом,8450000.0,110313.0,3.0,4.0,5.0,76.6,"ЖК ""Усадьба Суханово"". Квартира в отличном месте с современной планировкой (см.фото), 76 (72 + лоджия 4 кв.м.)/14,5-17,7-14.1-изолированные/8, 2 санузла, высокие окна, широкие подоконники, потолки 2,65 м, большая лоджия, просторная прихожая. Планировка квартиры позволяет сделать разные варианты устройства. Без отделки, сделаны - первичное оштукатуривание, разведены вода и канализация, установлены стены и подоконники,а также выполнены необходимые подготовительные работы. Добротный дом, лифт в наличии. Рядом конный клуб ""Серебряный ангел"", Екатерининский монастырь XVII века, Сухановский пруд с пляжами, Монастырский пруд, частные школы, старинная красивая усадьба князей Волконских с дворцово-парковым комплексом. С XVIII века и до самой революции всё это место принадлежало княжескому роду Волконских, а теперь может принадлежать Вам.  До ж/д станции Расторгуево 25-30 минут пешком. Разнообразные магазины, аптека, школа-детский сад , СТО, поликлиника, банкоматы Сбербанка и Газпромбанка в 10-11 минутах пешком от дома. Полная стоимость в ДКП, 1 взрослый собственник, под ипотеку подходит. Показы по предварительной договоренности.",,76.6,8.4,110.3
https://vidnoye.cian.ru/sale/flat/307200388/,https://images.cdn-cian.ru/images/kvartira-lopatino-solnechnyy-bulvar-2265425378-4.jpg,ЖК «Государев дом»,"Московская область, м. Бульвар Дмитрия Донского, Ленинский городской округ, Лопатино пгт, бульвар Солнечный, 7",Транспортом,11700000.0,160274.0,3.0,6.0,9.0,73.0,"Уютная ,светлая и очень теплая квартира с новым . современным ремонтом очень хорошего качества. В квартире сделанна дополнительная шумоизоляция. На  кухне лоджия с панорамшым остеклением ,есть оборудованная гардеробная, кондиционер. и т д.1 взрослый собственник. вся стоимость в ДКП",,73.0,11.7,160.3
https://vidnoye.cian.ru/sale/flat/304398971/,https://images.cdn-cian.ru/images/2213647822-4.jpg,ЖК «Бутово парк 2»,"Московская область, м. Бульвар Дмитрия Донского, Ленинский городской округ, Дрожжино рп, улица Южная, 19к1",Транспортом,10000000.0,138889.0,3.0,7.0,19.0,72.0,"Id 44926. Продаётся трёхкомнатная квартира уже в развитом ЖК!

Распашонка, окна выходят на улицу и двор.

Общая площадь квартиры с учетом лоджии - 77,3 кв.м.

В шаговой доступности: школа, детский сад, поликлиника, необходимые магазины.
Выезд на Варшавское и Симферопольское шоссе.
Автобусы до: МДЦ Бутово, м. Бульвар Дмитрия Донского, м. Аннино, м. Академика Янгеля, м. Пражская в 10-20 минутах езды.

Оперативный показ, быстрый выход на сделку!

Дополнительные вопросы по телефону!",,72.0,10.0,138.9
https://vidnoye.cian.ru/sale/flat/309497155/,https://images.cdn-cian.ru/images/kvartira-drozhzhino-novoe-shosse-2315010822-4.jpg,ЖК «Бутово парк 2»,"Московская область, м. Бульвар Дмитрия Донского, Ленинский городской округ, Дрожжино пгт, шоссе Новое, 12к2",Транспортом,11700000.0,156000.0,3.0,17.0,23.0,75.0,"Лучшее предложение района !
Отличная светлая трехкомнатная квартира с большой кухней ,изолированными комнатами и двумя лоджиями в хорошо развитом жилом комплексе в пяти километрах от МКАД. Вся инфраструктура района в наличии - детсады , школы, магазины , поликлиника, лесопарк, пруд - все рядом .имеется место для авто на платной парковке.до метро на общественном транспорте 15 минут . Один взрослый собственник , более пяти лет в собственности . Документы готовы к сделке.Спешите , ждем Вас!",,75.0,11.7,156.0
https://vidnoye.cian.ru/sale/flat/312138442/,https://images.cdn-cian.ru/images/2369620293-4.jpg,,"Московская область, м. Бульвар Дмитрия Донского, Ленинский городской округ, Боброво пгт, улица Крымская, 17",Транспортом,14500000.0,164586.0,3.0,8.0,18.0,88.1,"Номер в базе: 4358910. Предлагается вашему вниманию просторная трехкомнатная квартира в монолитном доме!

Общая площадь - 88,1 кв.м., изолированные комнаты - 18,2 кв.м., 15,4 кв.м., 12,2 кв.м., большая кухня - 15,7 кв.м., гардеробная - 7,0 кв.м., 2 санузла.

Свободная продажа, 2 взрослых собственник, без обременений. Качественный ремонт от застройщика. Шикарная дорогая мебель! 

• Преимущества ЖК:
- Школа и детские сады в пешей доступности;
- Поликлиника в пешей доступности;
- Детские и спортивные площадки на территории;
- Развитая инфраструктура;
- Открытие станции метро в 2030 году.

• Транспортная доступность:
- 5 км от МКАД по Симферопольскому шоссе;
- До станции метро ""Бульвар Дмитрия Донского"" 20 минут на автобусе;
- До МЦД-2 ""Бутово"" 7 минут на машине

Звоните прямо сейчас, чтобы записаться на просмотр и увидеть всё своими глазами! 
И самое главное: покупая эту квартиру через агентство недвижимости ""Этажи"", Вы получаете полную юридическую защиту и никаких рисков. Мы поможем вам получить ипотеку во всех ведущих банках с преференциями от 0,3%, а также экономить на страховых взносах 20-30% ежегодно. Кроме того, гарантийный сертификат до 25 миллионов рублей. Не упустите возможность приобрести эту квартиру и обеспечить себе и своей семье комфортное жилье в тихом и зеленом районе. 
Свяжитесь с нами сегодня, и мы поможем вам осуществить вашу мечту! 
Код пользователя: 171440",,88.1,14.5,164.6
https://vidnoye.cian.ru/sale/flat/310297096/,https://images.cdn-cian.ru/images/2330555621-4.jpg,ЖК «Бутово парк 2»,"Московская область, м. Бульвар Дмитрия Донского, Ленинский городской округ, Дрожжино пгт, шоссе Новое, 2",Транспортом,10499000.0,185168.0,3.0,12.0,15.0,56.7,"Номер в базе: 3929420. Всех приветствую! Меня зовут Ксения.
ПРОДАЕТСЯ евро-трёхкомнатная квартира на 12-ом этаже (дом 2019 года постройки)
Чистый и ухоженный подъезд
2 лифта (пассажирский и грузовой)
Подъезд имеет два выхода: один на улицу, второй выход в огороженный внутренний благоустроенный двор с хорошо оборудованными детскими и спортивными площадками. Перед домом находится закрытая автостоянка.

О КВАРТИРЕ:
Общая площадь 56.7 кв.м.
Кухня - гостиная - 18.6 кв.м.
12 этаж 15 этажного дома
Удобная планировка квартиры
Два санузла
Светлая, уютная и теплая квартира
Кухня остаётся и др. мебель по договоренности
Интеллигентные соседи

О РАЙОНЕ: 
Выход из подъезда на две стороны на улицу и во двор. Двор закрытый без машин. Во дворе детская площадка с горками, качелями и песочницей, зона отдыха. Развитая инфраструктура, в пешей доступности детские сады, школы, поликлиника. Много продуктовых магазинов и мест общественного питания кафе. Автобусная остановка расположена через дорогу. Рядом с микрорайоном — Бутовский лес, где приятно гулять и заниматься спортом в любое время года.

В пешей доступности автобусная остановка с регулярными рейсами автобусов до 3-х ст. метро: Щербинка 6 минут тр., Бутово 7 минут тр., б-р Дмитрия Донского 10 минут тр., а также удобный выезд на Симферопольское и Варшавское шоссе. Удобно добираться до аэропортов Домодедово и Внуково. 

Для наших покупателей: - оперативное одобрение ипотеки в ведущих банках России - преференция по ипотечной ставке - полное юридическое сопровождение сделки! 
Остались вопросы? Звоните!



Код пользователя: 139315",,56.7,10.5,185.2
https://vidnoye.cian.ru/sale/flat/311367072/,https://images.cdn-cian.ru/images/kvartira-yuzhnaya-bitca-yuzhnyy-bulvar-2352957489-4.jpg,ЖК «Южная Битца»,"Московская область, м. Бульвар Дмитрия Донского, Ленинский городской округ, пос. Битца, Южная Битца ЖК, бульвар Южный, 4",Транспортом,14700000.0,210000.0,3.0,8.0,25.0,70.0,"Продается евротрешка, один взрослый  собственник, в квартире не кто не прописан и не проживает.",,70.0,14.7,210.0
https://vidnoye.cian.ru/sale/flat/311812684/,https://images.cdn-cian.ru/images/2362376015-4.jpg,ЖК «Бутово парк 2»,"Московская область, м. Бульвар Дмитрия Донского, Ленинский городской округ, Дрожжино пгт, шоссе Новое, 12к1",Транспортом,9600000.0,160000.0,3.0,25.0,25.0,60.0,"Номер в базе: 1752773. Продается просторная трехкомнатная квартира в новом микрорайоне с удобной транспортной доступностью! В квартире один взрослый собственник, полная стоимость в договоре, без каких-либо обременений.
Квартира на 25 этаже, сверху технический этаж, тихие соседи. 

 К 2034 году планируется открытие станции  метро ""Дрожжино""!

3Д тур по квартире  высылаем по запросу.

На территории комплекса есть детская площадка, а также множество парковочных мест. Благодаря удобной транспортной доступности можно легко добраться до Москвы как на личном, так и на общественном транспорте. До метро ""Бульвар Дмитрия Донского"" всего 15 минут на общественном транспорте, а также быстрый выезд без пробок на Варшавское и Симферопольское шоссе.

В непосредственной близости расположены школа, детский сад, поликлиника, магазины и детские площадки, что делает жизнь здесь максимально комфортной и удобной.

Не упустите возможность посмотреть эту квартиру - оперативный показ и быстрый выход на сделку гарантированы! Звоните по указанному номеру для получения дополнительной информации. Удачная планировка и шикарный вид из окон делают эту квартиру идеальным выбором для вашей семьи!

Код пользователя: 155258",,60.0,9.6,160.0
https://vidnoye.cian.ru/sale/flat/309853553/,https://images.cdn-cian.ru/images/kvartira-yuzhnaya-bitca-botanicheskaya-ulica-2322404168-4.jpg,ЖК «Южная Битца»,"Московская область, м. Бульвар Дмитрия Донского, Ленинский городской округ, пос. Битца, Южная Битца ЖК, улица Ботаническая, 12",Транспортом,13600000.0,202080.0,3.0,9.0,18.0,67.3,"Продаётся уютная трёхкомнатная квартира площадью 67.3 квадратных метров на 9 этаже монолитного дома новой постройки (2023 год) в посёлке Битца, Ленинском городском округе. Жилая площадь составляет 35.5 квадратных метров, а кухня — 13.5 квадратных метров. Из окон открывается вид на улицу.

В квартире выполнен качественный евроремонт, что позволит новым владельцам сразу заселиться без дополнительных вложений и ремонтных работ. Санузел раздельный, что добавляет комфорта при использовании. Наличие балкона расширяет пространство для отдыха и позволяет наслаждаться свежим воздухом без необходимости выходить из дома.

Для семей с детьми особенно важно отметить, что во дворе расположены детская и спортивная площадки, а также рядом находятся школа и детский сад. Для поддержания здоровья и физической формы доступна фитнес-инфраструктура.

Безопасность жителей обеспечивается благодаря наличию консьержа и закрытой территории. Парковка организована как подземная и охраняемая, что гарантирует безопасность вашего автомобиля.
Отличная транспортная доступность: удобный выезд на Варшавское шоссе, до метро Аннино и Бульвар Дмитрия Донского 10 мин на общественном транспорте.  В стадии строительства в шаговой доступности от дома новая станция МЦД-2 (2025 год) и станция метро ""Сад Вилар"" Бирюлевской линии (2028 год).общественного транспорта.

Это отличный вариант для тех, кто ценит комфорт, качество жилья и удобное расположение относительно городской инфраструктуры.",,67.3,13.6,202.1
https://vidnoye.cian.ru/sale/flat/301201858/,https://images.cdn-cian.ru/images/kvartira-lopatino-solnechnyy-bulvar-2155278389-4.jpg,ЖК «Государев дом»,"Московская область, м. Бульвар Дмитрия Донского, Ленинский городской округ, Лопатино пгт, бульвар Солнечный, 7",Транспортом,11700000.0,162500.0,3.0,6.0,8.0,72.0,"Очень светлая, .просторная , и теплая квартира .Лоджия с панорамным остеклением , кондиционером хорошим ,современным ремонтом. 1 собств .Вся стоимость в ДКП",,72.0,11.7,162.5
https://vidnoye.cian.ru/sale/flat/285403298/,https://images.cdn-cian.ru/images/2170405074-4.jpg,,"Московская область, м. Бульвар Дмитрия Донского, Ленинский городской округ, Дрожжино рп, улица Южная, 19к1",Транспортом,12000000.0,157895.0,3.0,18.0,19.0,76.0,"Id 35392. Продаётся трёхкомнатная квартира уже в развитом ЖК!

В квартире выполнен качественный ремонт. Вся необходимая техника и мебель остается покупателю.

В шаговой доступности: школа, детский сад, поликлиника, необходимые магазины.
Выезд на Варшавское и Симферопольское шоссе.
Автобусы до: МДЦ Бутово, м. Бульвар Дмитрия Донского, м. Аннино, м. Академика Янгеля, м. Пражская в 10-20 минутах езды.

Оперативный показ, быстрый выход на сделку!

Дополнительные вопросы по телефону!",,76.0,12.0,157.9
https://podolsk.cian.ru/sale/flat/286997071/,https://images.cdn-cian.ru/images/88/890/071/1700988866-4.jpg,,"Московская область, Подольск, мкр. Красная горка, м. Бульвар Дмитрия Донского, проспект Ленина, 10",Транспортом,13500000.0,146262.0,3.0,5.0,12.0,92.3,"Продается просторная трехкомнатная квартира в современном кирпичном доме. Большие и светлые комнаты, большая уютная кухня, большая прихожая. В квартире выполнен качественный ремонт. В квартире остается мебель и техника. В подъезде есть два лифта:
 пассажирский и грузовой. Развитая инфраструктура: школа, детский сад, банки, различные сетевые магазины. Удобное транспортное сообщение с Москвой и по городу, до ж/д станции Подольск и Силикатная 10 минут на личном и общественном транспорте. До метро Дмитрия Донского - 25 минут на транспорте. Быстрый выезд без пробок на Варшавское шоссе. 

Номер объекта: #1/585281/9849",,92.3,13.5,146.3
https://vidnoye.cian.ru/sale/flat/311488801/,https://images.cdn-cian.ru/images/2369510882-4.jpg,ЖК «Видный город»,"Московская область, Видное, м. Бульвар Дмитрия Донского, бульвар Мстислава Ростроповича, 5",Транспортом,8500000.0,141667.0,3.0,5.0,8.0,60.0,"Трехкомнатная квартира площадью 60 кв.м.в ЖК ""Видный город"". Возможен обмен на вашу квартиру.
Ипотека от 14,99%.
Планировочное решение: кухня, три жилые комнаты, раздельный санузел, кладовая, лоджия и бакон. Квартира под самоотделку.
Юридическая информация:
Собственник квартиры  ""Брусника. Обмен"". 
Свободная продажа. Юридически чистая квартира, не имеет задолженностей и подходит под любые формы расчетов (ипотека, материнский капитал, жилищные сертификаты, беспроцентная рассрочка на 3 мес.)
Транспортная доступность:
- в 14 минутах езды Станция Расторгуево
- в 28 минутах езды станция метро Аннино и Бульвар Дмитрия Донского.
- 6 км от МКАД (по Варшавскому шоссе)
Инфраструктура:
- школа, детский сад, отделения банка, предприятия службы быта, торговые предприятия, аптеки, поликлиника.
- старинная усадьба Суханово, Расторгуевский парк и Булатниковский пруд с пляжной зоной. 
- Зеленый массив расположен всего в минуте ходьбы от домов.",,60.0,8.5,141.7
https://vidnoye.cian.ru/sale/flat/309335921/,https://images.cdn-cian.ru/images/2311960611-4.jpg,ЖК «Бутово парк»,"Московская область, м. Бульвар Дмитрия Донского, Ленинский городской округ, Бутово рп, Бутово Парк ЖК, 11",Транспортом,13800000.0,176923.0,3.0,4.0,17.0,78.0,"Номер лота: вт-0403357.
Трехкомнатная квартира с отличной планировкой в ЖК Бутово-Парк. Прямая продажа, полная стоимость в ДКП, юр.свободна. Распашонка, огромная лоджия и балкон, окна во двор. Вся инфраструктура в непосредственной близости: МЦД Бутово - 20 минут пешком, до метро Анино и Бульвар Д. Донского 10 мин. транспортом. Остановка - 4 минуты пешком. Поликлиники, школы, д/сады, МФЦ, сетевые магазины, бассейн и пр. в шаговой доступности. Содействие в получении специальных условий и преференций по ипотеке.",,78.0,13.8,176.9
https://vidnoye.cian.ru/sale/flat/311433592/,https://images.cdn-cian.ru/images/2354546107-4.jpg,ЖК «Бутово парк 2»,"Московская область, м. Бульвар Дмитрия Донского, Ленинский городской округ, Дрожжино пгт, улица Южная, 14",Транспортом,12300000.0,159740.0,3.0,10.0,17.0,77.0,"Номер в базе: 4293373. Продается просторная трехкомнатная квартира с дизайнерским ремонтом в доме по адресу: Московская область, Ленинский район, деревня Дрожжино, улица Южная, дом 14

О ДОМЕ

- Качественная серия домов П-111М
- просторная современная входная группа
- видеонаблюдение на входной группе

ХАРАКТЕРИСТИКИ КВАРТИРЫ:

- общая площадь 77 м2 
- кухня 12.86 м2
- гостиная 17.23 м2
- 2 раздельные спальни 12.35 и 12.27 м2
- 10-ый этаж
- ремонт из качественных материалов
- хорошая кухонная мебель на заказ


О ДОКУМЕНТАХ:

Собственников:1 (взрослый)
Нет прописанных в квартире
Основание : ДДУ ( покупалось напрямую у застройщика  )
Обременений нет ( приобреталось наличкой )

О ЛОКАЦИИ:

- Прекрасный район, обладает развитой инфраструктурой: в шаговой доступности детские сады (один из которых во дворе дома), в 5 минутах от дома расположены две школы. На районе в пешей доступности располагаются различные магазины, кафе, бары и фитнес-центры. Так же в пешей доступности находятся озёра, пруды, парковая зона для прогулок. 
Рядом с домом конечная остановка автобуса, следующего до метро ""Бульвар Дмитрия Донского"", 20-25 минут на автобусе и вы у метро ""Бульвар Дмитрия Донского"" или ""Улица Старокачаловская"". 
В 15 минутах езды на автобусе находится станция МЦД ""Бутово"" (D2)



Помощь в проведении сделки, бесплатная помощь в одобрении ипотеки


Код пользователя: 131772",,77.0,12.3,159.7
https://vidnoye.cian.ru/sale/flat/310826392/,https://images.cdn-cian.ru/images/2341055493-4.jpg,,"Московская область, м. Бульвар Дмитрия Донского, Ленинский городской округ, Бутово рп, Бутово Парк ЖК, 12",Транспортом,16200000.0,182227.0,3.0,3.0,25.0,88.9,"Номер в базе: 3797914. Пpoдаётcя пpостoрная трёхкoмнатнaя кваpтиpa площaдью 88.9 квaдрaтныx мeтpoв в живoписном районе Бутово-Парк. Жилaя плoщaдь кoмнат состaвляет 46 квадpaтных метpoв,a кухня 20,7 квaдратных метpoв. Кваpтира paспoлoжена на тpетьем этaжe монолитногo дoма, постpoенногo в 2019 году.
Квартира с качественным ремонтом. Полы покрыты ламинатом высокого качества, установлена система теплых полов.
Два Санузла в кафеле, установлена качественная сантехника.
Большая часть мебели производилась на заказ. Кухня оснащена встроенной техникой, измельчителем отходов, доводчиками, что значительно облегчают и украшают нашу жизнь.
В квартире есть вместительные места хранения.
Квартира выполнена в едином современном стиле и подходит для людей ценящих комфорт и функциональность.
Из окон открывается прекрасный вид на двор, улицу, парк и лес, что создаёт атмосферу уюта и спокойствия. Внутри квартиры выполнен качественный евроремонт, который придаст вашему новому жилищу современный и стильный вид. Санузел совмещённый, что является удобным решением для семейного использования.
Во дворе дома расположены детская и спортивная площадки, где ваши дети смогут безопасно играть и заниматься спортом. Также рядом находятся школа, детский сад, торговый центр и фитнес-центр, что делает этот район идеальным для комфортной жизни.
Станции метро ""Улица Скобелевская"", ""Бульвар Адмирала Ушакова"", ""Бульвар Дмитрия Донского"" и ""Улица Старокачаловская"" находятся в пределах пешей доступности, что позволит вам быстро добраться до любой точки города.
Это отличный вариант для тех, кто ценит комфорт, качество и природу вокруг своего дома.


Код пользователя: 135127",,88.9,16.2,182.2
https://www.cian.ru/sale/flat/310909787/,https://images.cdn-cian.ru/images/kvartira-moskva-2ya-melitopolskaya-ulica-2343056385-4.jpg,,"Москва, ЮЗАО, р-н Южное Бутово, м. Бульвар Дмитрия Донского, 2-я Мелитопольская улица, 17",Транспортом,14850000.0,203425.0,3.0,17.0,17.0,73.0,"Функциональная квартира, подиум с выдвижными кроватями для детей, вся мебель остаётся . Так же сделан подиум в гостинной и стеклянные раздвижные двери, разделено пространство,  можно использовать для спальни. Сейчас получается три спальни и гостинная, два санузла. Над квартирой, тёплый технический этаж, никто не топает, лифт приезжает всегда пустой. Около дома всегда есть свободные места для парковки, единственное место в районе, где грамотно сделана парковка. Агент есть!",,73.0,14.8,203.4
https://vidnoye.cian.ru/sale/flat/310533379/,https://images.cdn-cian.ru/images/kvartira-yuzhnaya-bitca-botanicheskaya-ulica-2335208526-4.jpg,ЖК «Южная Битца»,"Московская область, м. Бульвар Дмитрия Донского, Ленинский городской округ, пос. Битца, Южная Битца ЖК, улица Ботаническая, 12",Транспортом,14500000.0,215453.0,3.0,7.0,20.0,67.3,"Уважаемые покупатели , представляем Вашему вниманию изолированную 3-х комнатную квартиру 67,3 кв.м. из которых : жилая комната 1- 13,3 , 2- 10,4 , 3- 11,8 , кухня -13,5кв.м., 2 санузла + кладовая и лоджия ! В квартире выполнена чистовая отделка под ключ ""ТЕМНЫЙ ШОКОЛАД "" останется завезти только мебель ! Расположена квартира в 12 корпусе на 7 этаже . Перед корпусом готовая своя парковочная зона !
 Южная Битца  жилой комплекс в одноименном поселке Ленинского муниципального района Московской области. Включает 12 жилых  корпусов и объекты собственной инфраструктуры: 4 детских сада, 2 школы, надземные и подземные паркинги, поликлинику, торговый центр и коммерческие помещения на первых этажах зданий.
    Комплекс располагает благоустроенной территорией, где  реализована концепция Двор без машин. Во дворах обустроены детские и спортивные площадки, места отдыха. На территории  проложены прогулочные маршруты, велодорожки, устроен искусственный пруд 
     Комплекс расположен в 3 км от МКАД, на участке между Варшавским и Симферопольским шоссе. С южной стороны граничит с обширным лесным массивом  Бутовским лесопарком. Ближайшие объекты инфраструктуры расположены на территории Северного и Южного Бутово: детские сады, школы, больница, отделения банков и различные магазины. В 2 км находятся крупный ТРЦ Шелковый путь и строительный гипермаркет Леруа Мерлен. Поблизости также расположен Ботанический сад
      Ближайшие станции метро (Улица Старокачаловская, Бульвар Дмитрия Донского, Улица Скобелевская, Аннино) находятся в нескольких км от территории комплекса. В 10 минутах ходьбы расположена остановка общественного транспорта Варшавское шоссе, 190, от которой можно добраться до метро Аннино и до станций Улица Старокачаловская и Бульвар Дмитрия Донского . Автомобилисты могут воспользоваться выездом на Варшавское и Симферопольское шоссе.
  ключи на руках , по всем вопросам звоните !
  обременение сбербанк .",,67.3,14.5,215.5
https://www.cian.ru/sale/flat/311378741/,https://images.cdn-cian.ru/images/2353262168-4.jpg,,"Москва, ЮЗАО, р-н Южное Бутово, м. Бульвар Дмитрия Донского, 1-я Мелитопольская улица, 10",Транспортом,14500000.0,176829.0,3.0,2.0,16.0,82.0,"Лот  72926 Отличная квартира в современном доме серии МЭС84, с улучшенной планировкой, расположенным в уютном, тихом дворе. Пение птиц по утрам и свежий воздух, в сочетании с развитой инфраструктурой района и удобной транспортной доступностью, что редкость в Москве. Квартира распашонка, окна на две стороны, две лоджии, просторная кухня, два! санузла, изолированные спальни. Квартира в хорошем состоянии. До МЦД(Метро) станции Бутово около 6-8 минут пешком. Во дворе всегда есть парковочное место, магазины, поликлиники, школы, сады - всё в шаговой доступности.  С момента постройки в одной семье, полная стоимость в ДКП, оперативные показы и выход на сделку. Подходит под ипотеку.",,82.0,14.5,176.8
https://vidnoye.cian.ru/sale/flat/307400737/,https://images.cdn-cian.ru/images/2270169754-4.jpg,,"Московская область, м. Бульвар Дмитрия Донского, Ленинский городской округ, д. Суханово, Усадьба Суханово ЖК, 3",Транспортом,12799999.0,142380.0,3.0,1.0,4.0,89.9,"Id 379830. Лучшее предложение в этом районе! 
Альтернатива подобрана!

Продаётся прекрасная просторная квартира с дизайнерским ремонтом в живописном районе рядом с исторической усадьбой Суханово!

Общая площадь 89 кв.м., все комнаты изолированы, 2 раздельных санузла.
 
В квартире выполнен ремонт с использованием качественных и натуральных материалов: в спальнях на полу массив дуба, в прихожей, кухне и гостиной  - напольное покрытие арт-бетон. На балконе метлахская плитка.Техника марки Nef, Siemens, Liebherr. Межкомнатные двери с итальянской фурнитурой. Мойка на кухне и сантехника в санузлах итальянские. Есть фильтр с осмосом в одном кране с кухонным, и диспоузер ( измельчитель ) в раковине, и душевая стойка с термостатом. Предусмотрена система Умный дом с защитой от протечек!
Мебель и техника остается частично!

Жилой комплекс Усадьба Суханово построен по английскому проекту, насчитывает всего 6 пятиэтажных домов (редкость в современном мире), с ухоженной территорией, комфортный для проживания и отдыха. В окружении соснового бора с выходом на поле. В центре ЖК фонтан у которого жители устраивают различные праздники. В ЖК есть государственный сад, несколько частных садов, школа, магазины продуктовый Вкусвилл, Фасоль, пункты выдачи озон, Вайлдберриз, рестораны, отделение почты. Рядом расположен старинный Екатерининский монастырь.

В ближайшие пару лет появится индустриальный парк в Суханово. В нем будет находиться колледж для подготовки кадров, точки питания, магазины, аптеки, МФЦ и Центр профориентации. Фото в карусели.

Удобная транспортная доступность: автобус до метро Аннино и жд ст. Расторгуево 15-20 минут. Расположен в 5-х км от МКАД, проезд как с М2, так и с М 4 по Расторгуевскому шоссе. В перспективе данный район присоединят к Москве!

Один собственник.
Без обременений!
Полная стоимость в ДКП!
Помощь в одобрении ипотеки для нашего клиента!
Ждем всех на просмотр, приходите и покупайте квартиру своей мечты!!",,89.9,12.8,142.4
https://vidnoye.cian.ru/sale/flat/311301287/,https://images.cdn-cian.ru/images/kvartira-yuzhnaya-bitca-yuzhnyy-bulvar-2351439072-4.jpg,ЖК «Южная Битца»,"Московская область, м. Бульвар Дмитрия Донского, Ленинский городской округ, пос. Битца, Южная Битца ЖК, бульвар Южный, 4",Транспортом,10950000.0,185593.0,3.0,2.0,25.0,59.0,"ЖК Южная Битца, расположен в 3 км от МКАД между  Варшавским и Симферопольским шоссе. Новый, современный район с развитой инфраструктурой:  школа, детский сад, кафе, сетевые магазины, фитнес центры, аптеки, салоны красоты. В 2025 году в шаговой доступности от ЖК намечено открытие станции МЦД Битца2.
 Отличная Евротрёшка, уютная, светлая квартира на 2 этаже.  Под окнами большой козырек во всю длину дома, что совершенно не портит вид из окна, а скорее загораживает от уличного шума. В доме напротив у жильцов оборудован выход на такой же козырек и небольшая зона отдыха. Чистый, современный подъезд. В квартире полностью выровнены стены, на полу качественная стяжка, ламинат, частично сделан ремонт, что, с учетом качественно выполненных черновых работ дает новым собственникам возможность осуществить  дизайн проект по своему вкусу в кратчайшие сроки и с минимальными затратами. Так же можно заехать и жить. Просторная кухня-гостинная 16,5 метров, 2 санузла, кладовка-гардеробная. 1 взрослый собственник. Без обременений. Показ по договоренности.",,59.0,10.9,185.6
https://vidnoye.cian.ru/sale/flat/311772101/,https://images.cdn-cian.ru/images/2361665402-4.jpg,ЖК «Бутово парк 2»,"Московская область, м. Бульвар Дмитрия Донского, Ленинский городской округ, Дрожжино пгт, шоссе Новое, 11к1",Транспортом,12000000.0,164159.0,3.0,1.0,14.0,73.1,"Арт. 90316392 Практически пустая квартира с хорошим ремонтом готова к приёму новых хозяев.

Чистый подъезд с консьержем.

Дом серии П-44Т, заслуженно любимой многими, располагается недалеко от выезда из Дрожжино, но в отдалении от автомагистралей.

В двух шагах находятся школа и детский сад. Неподалёку - поликлиники, спортивные площадки и всевозможные магазины.

Квартира более 5 лет находится во владении первых собственников. Никто не зарегистрирован. Свободная продажа.",,73.1,12.0,164.2
https://vidnoye.cian.ru/sale/flat/304972695/,https://images.cdn-cian.ru/images/2224210921-4.jpg,,"Московская область, м. Бульвар Дмитрия Донского, Ленинский городской округ, Дрожжино рп, улица Южная, 25",Транспортом,13300000.0,157210.0,3.0,12.0,17.0,84.6,"Id 23657. ТОРГ УМЕСТЕН! 

  ПРОДАЕМ светлую, просторную, функциональную 3-х комнатную квартиру в доме у леса! 
В квартире все комнаты изолированные, санузел раздельный, большая кухня, просторный коридор и две большие застекленные лоджии. Квартира с хорошим ремонтом. Подъезд чистый, ухоженный. Инфраструктура развитая. Во дворе школа, в шаговой доступности детский сад, поликлиника, сетевые магазины, салоны красоты. Один взрослый собственник. Документы более пяти лет в собственности! Оперативный показ! Помощь в получение ипотеки! БЕСПЛАТНАЯ юридическая консультация!",,84.6,13.3,157.2
https://vidnoye.cian.ru/sale/flat/309117220/,https://images.cdn-cian.ru/images/2308053686-4.jpg,ЖК «Видный город»,"Московская область, Видное, м. Бульвар Дмитрия Донского, улица Святослава Рихтера, 5к2",Транспортом,10000000.0,147929.0,3.0,4.0,8.0,67.6,"Код объекта: 1290534.
 ПРОДАЕТСЯ светлая, теплая, тихая квартира, общей площадью 67.6 кв.м, высота потолков 2.8м., всего в 3 км от МКАД с прекрасным видом из окон!

В ЖК ВИДНЫЙ ГОРОД, класс КОМФОРТ+,стиль европейский.

Свободная продажа, один собственник, без обременений, быстрый выход на сделку!

Квартира без ремонта для воплощения любых Ваших потребностей и фантазий.

В непосредственной близости от дома (15м) началось строительство ШКОЛЫ на 1125 мест и детского сада! По плану, дата сдачи объекта 2027 год.

Так же, ведется строительство станции Расторгуево по МСД. По плану, сдача объекта запланированная на 2027 год.

Внутренняя инфраструктура ЖК:
- Школы и дет.сады;
- Супермаркет и магазины продуктов;
- Бутовский лесопарк для прогулок;
- Пляжная зона и река Битца;
- Усадьба Суханово;
- Торговый Центр;
- Мои Документы.

Дорожное сообщение:
- Расторгуевское шоссе;
- М-2 трасса;
- Варшавское шоссе;
- МКАД;
- Симферопольское шоссе;
ИДЕТ СТРОИТЕЛЬСТВО ЮВХ и МСД.

ЭТОТ ОБЪЕКТ МОЖНО ПРИОБРЕСТИ В ИПОТЕКУ от 14,99%!!!",,67.6,10.0,147.9
https://vidnoye.cian.ru/sale/flat/309935470/,https://images.cdn-cian.ru/images/kvartira-drozhzhino-yuzhnaya-ulica-2323968625-4.jpg,ЖК «Бутово парк 2»,"Московская область, м. Бульвар Дмитрия Донского, Ленинский городской округ, Дрожжино рп, улица Южная, 23",Транспортом,13000000.0,176871.0,3.0,2.0,20.0,73.5,"Продается просторная 3-х комнатная квартира. Квартира была куплена у застройщика, никто не прописан. Полностью готова к проживанию. 
Около дома конечная остановка автобуса. До метро 15 мин.
Все 3 комнаты изолированы. Окна кухни и 2-х комнат во двор, еще одна комната на улицу. 
Все оконные блоки были заменены на шумопоглощающие стеклопакеты, вся сантехника от застройщика заменена, балконы застеклены и утеплены. Подогреваемый пол на кухне. На кухне и в коридоре керамогранит. Заменены все батареи отопления. Туалет и ванна раздельные.  
В шаговой доступности: школа, детский сад, поликлиника, большая пятерочка и фитнес центр. Скоро открытие еще двух ТЦ рядом с домом. Также через дорогу лес для прогулки с собакой. За нами закреплено парковочное место на платной парковке.
Звоните, отвечу на все вопросы!",,73.5,13.0,176.9
https://vidnoye.cian.ru/sale/flat/292541914/,https://images.cdn-cian.ru/images/kvartira-bobrovo-lesnaya-ulica-1943235876-4.jpg,ЖК «Восточное Бутово»,"Московская область, м. Бульвар Дмитрия Донского, Ленинский городской округ, Боброво пгт, улица Лесная, 12",Транспортом,9800000.0,177215.0,3.0,10.0,16.0,55.3,"Предлагается квартира в совершенно новом доме,традиционно современный и комфортный жилой комплекс построенный кампанией ПИК, очень развитая инфраструктура комплекса,множество магазинов,аптек,салонов красоты и тд на первых этажах комплекса,детские сады,заканчивается строительство огромной школы в шаговой доступности от дома,очень много парковочных мест вокруг дома,рядом очень густой и живописный лес,квартира-евротрешка,ключи только получили,продажа свободная,менее 5-ти лет в собственности",,55.3,9.8,177.2
https://www.cian.ru/sale/flat/307531720/,https://images.cdn-cian.ru/images/2273254113-4.jpg,,"Москва, ЮЗАО, р-н Северное Бутово, м. Бульвар Дмитрия Донского, Старокачаловская улица, 3К1",Пешком,5000000.0,67024.0,,,,,"Арт. 548858 Проверено МИЭЛЬ. Продается  1/2 доля в праве собственноственности  в трехкомнатной  квартире (74,6 кв.м. вся квартира).  Лицевые счета разделены. Полная стоимость в договоре. Свободная продажа. Развитая инфраструктура района. Все в пешей доступности. До метро 5 мин пешком. Реальному покупателю ТОРГ. Бонус агенту!!
Объект  548858

Номер объекта: #1/548858/16438",,nan,5.0,67.0
https://vidnoye.cian.ru/sale/flat/310177472/,https://images.cdn-cian.ru/images/kvartira-drozhzhino-yuzhnaya-ulica-2328186506-4.jpg,,"Московская область, м. Бульвар Дмитрия Донского, Ленинский городской округ, Дрожжино рп, улица Южная, 13",Транспортом,11000000.0,153417.0,3.0,13.0,17.0,71.7,"Предлагается на продажу функциональная просторная трехкомнатная квартира в ЖК Бутово Парк 2.Характеристики квартиры:
- Этаж: 13 из 17
- Планировка: распашонка :2 изолированные комнаты,гостиная,кухня.
- Санузел : 1
- Общая площадь: 71,7 м²
 -Жилая площадь: 41,2 м²
-Кухня: 12 м²
-Застекленный балкон: 1
Транспортная доступность: до станции метро Будьвар Дмитрия Донского 15 минут на  общественном  транспорте,без пробок по выделенной полосе .Автобусная остановка рядом с домом.
Удобный и быстрый  съезд на Варшавское или Симферопольское шоссе ,всего 4,5 км до МКАД.
Квартира предлагает хороший ремонт с отделкой. 
Квартира укомплектована всей необходимой мебелью и техникой, в частности:
-Кухня оборудована  варочной панелью, духовым шкафом, вытяжкой,СВЧ и холодильником.
Также  имеется стиральная машина и водонагреватель.
-В гостиной    размещен кондиционер, телевизор и подключен интернет.
Окна квартиры выходят  во двор и на улицу.

Дом 2015 года  постройки ,серия 111 М.состоит из двух секций :25 и 17 этажей .
 Территория оснащена детскими и спортивными площадками ,также огромным количеством парковочных мест . 
На этаже четыре квартиры, закрытый межквартирный холл, также помещение для мусоропровода .
В подъезде 3 лифта (2 пассажирских и 1 грузовой).
Дом обслуживает Управляющая компания  Спецкоммунпроект.
Вся мебель и техника остается.Квартира полностью готова к проживанию.
Экология района благоприятная: ЖК окружен лесным массивом,пруды в пешей доступности .Приятные прогулки и активный отдых ждут вас в этом чудесном месте! 
А также ""под рукой"" всё необходимое для комфортной и счастливой жизни: супермаркеты, школа, детский сад, аптеки, спортзалы, бассейн, поликлиники, кафе.
Развитая инфраструктура района располагает крупными торговыми центрами.

Документы:
- Один взрослый собственник (приобреталась у застройщика ) 
- В собственности  более 5 лет, полная стоимость в ДКП
- Без долгов и обременений 
-Юридически и  физически свободна 
- Прямая продажа
 —Подходит под ипотеку
Дополнительная информация по телефону,звоните !",,71.7,11.0,153.4
https://podolsk.cian.ru/sale/flat/311050093/,https://images.cdn-cian.ru/images/2346070979-4.jpg,,"Московская область, Подольск, мкр. Красная горка, м. Бульвар Дмитрия Донского, Колхозная улица, 18",Транспортом,12800000.0,147977.0,3.0,6.0,9.0,86.5,"Арт. 87551864 Продается замечательная с евроремонтом трёхкомнатная квартира в современном кирпичном доме в г. Подольске. Район новых домов с новой развитой инфраструктурой.
Современная планировка, наполнение и качественный евроремонт обеспечивают максимальное функциональное и удобное использование квартиры.

Квартира: 
Современная планировка, все комнаты изолированные, окна выходят на разные стороны дома.
Просторные комнаты,
Большой площади раздельный санузел. Тёплые полы с функцией автоматического поддержания заданной температуры.
В квартире тепло зимой в любой мороз. Летом приятная прохлада. Шумоизоляция.
Лоджия нестандартно большого размера, современное остекление.
Вместительные гардеробные системы хранения.

Дом: 
Многоэтажный кирпично-монолитный дом, чистые ухоженные подъезды. Большой ухоженный двор. Парковка неограниченная по периметру дома. Детская площадка занимает полностью всю внутри-дворовую площадь. 
Очень хорошие дружные соседи. 

Район: 
Развитая новая инфраструктура района. Спокойный тихий район. Отличная экология, окружение на 90% это частный сектор, никаких производств, никаких складов.
В шаговой доступности прекрасная общеобразовательная школа Подольска 11. Так же удобно в шаговой доступности детский сад, он же дошкольное учреждение. 
Рядом в соседних домах детские кружки, школа иностранных языков, а также городской Дворец творчества молодежи, в котором дети и подростки смогут найти себе по душе творческий кружок или секцию (музыка, шахматы, изобразительное искусство). 
В трёх остановках автобуса от дома располагается современный курорт Ерино с уникальным оздоровительным оборудованием, с новым открытым бассейном с морской водой. Для жителей района доступны все оздоровительные процедуры курорта, 
Рядом стадион, крытый спорткомплекс, школа искусств, инфраструктура которых также доступна жителям района.. 
Чуть дальше  река Пахра, лесопарки с пешими и лыжными трассами для любителей активного отдыха на свежем воздухе зимой и летом.
Недалеко от дома четыре сетевых супермаркета.
Таким образом, в районе имеется всё, что может потребоваться в повседневной жизни детям и взрослым. 

Великолепная транспортная доступность:
Рядом с домом остановка общественного транспорта, с любыми маршрутами на выбор, включая ряд Московских маршрутов.
Всего за 10 минут автобусы доставят желающих до станции МЦД Подольск, либо до станции МЦД Силикатная (также диаметр D2), от которой до центра Москвы (Курский вокзал/Садовое кольцо) комфортные поезда МЦД с климат-контролем доставят за 50-55 минут. Лёгкий выезд на автомобиле на Симферопольское и Варшавское шоссе, а также на автотрассу федерального значения М-2 Москва-Крым. 
До ближайшей станции Московского метрополитена 10 минут на автомобиле.

Четыре взрослых собственника. Продажа свободная. Подготовлен комплект документов для сделки. 

Для приобретения данной квартиры в ипотеку оформите заявку в нашем офисе. Банки партнеры Сбербанк, ВТБ, Газпромбанк, Альфа банк, Росбанк, Дом РФ. Покупая квартиру с компанией Сем",,86.5,12.8,148.0
https://vidnoye.cian.ru/sale/flat/310287477/,https://images.cdn-cian.ru/images/kvartira-yuzhnaya-bitca-botanicheskaya-ulica-2330303555-4.jpg,ЖК «Южная Битца»,"Московская область, м. Бульвар Дмитрия Донского, Ленинский городской округ, пос. Битца, Южная Битца ЖК, улица Ботаническая, 12",Транспортом,14500000.0,238095.0,3.0,4.0,20.0,60.9,"ЕВРОТРЕШКА С ОТДЕЛКОЙ большая кухня гостиная 22 м2 смотри планировку, окна на две стороны имеет комфортную гардеробную, заезжай и живи в новом комплексе комфорт-класса который построен по современным технологиям. Современная архитектура домов, функциональные и разнообразные
планировки квартир, благоустроенная внутренняя территория, социальная и
коммерческая инфраструктура, лесопарковая зона Бутовский лесопарк 
Инфраструктура это и  детские сады, 2-е школы, поликлиника, сетевые
продуктовые магазины, пекарни, салоны красоты. Есть несколько крупных торгово-
развлекательных центров ТРЦ ""Шелковый путь"" и ТЦ Северное сияние. Также есть большое машино место в подземном паркинге 16.2м2 готовы дополнительно  продать счастливому покупателю квартиры. Свободная продажа",,60.9,14.5,238.1
https://vidnoye.cian.ru/sale/flat/303808331/,https://images.cdn-cian.ru/images/2202459349-4.jpg,,"Московская область, Видное, м. Бульвар Дмитрия Донского, Видный город ЖК, 13к2",Транспортом,9600000.0,141176.0,3.0,1.0,8.0,68.0,"Продается просторная трехкомнатная квартира в Ж.К. ""Видный город"", ул.Святослава Рихтера,д.3/1, общей площадью 68,3, жилая-40,6, кухня-10,5 кв.м. 1 этаж 8 этажного  дома.Без отделки.Прекрасная свободная планировка.Высокие потолки-3м. В цокольном этаже отапливаемое подвальное помещение.Развитая инфраструктура: школа, д/с,поликлиника, супермаркеты,фитнес клуб.Рядом лес.До ст.МЦД Бутово -12 минут на транспорте.Удобный выезд на Симферопольское шоссе и МКАД. 3 собственника, в т.ч. 2- несовершеннолетние.Наследство по закону.Альтернатива.Цена 9600000рублей.",,68.0,9.6,141.2
https://vidnoye.cian.ru/sale/flat/309990785/,https://images.cdn-cian.ru/images/2325014732-4.jpg,ЖК «Бутово парк 2»,"Московская область, м. Бульвар Дмитрия Донского, Ленинский городской округ, Дрожжино пгт, шоссе Новое, 8к1",Транспортом,11900000.0,148750.0,3.0,4.0,17.0,80.0,"Номер лота: вт-0422189.
 3-комнатная квартира 4 этаж/ 17 этажного дома. Удачная планировка 80 кв м общая площадь, все комнаты изолированы 18-16-14 кв м, кухня 11 кв м и лоджия из кухни 2,5 кв м, просторный холл. Комнаты расположены на разные стороны (распашной вариант). Ремонт выполнен с использованием высококачественных материалов. Встроенная кухня со всей необходимой техникой. Квартира полностью меблирована и не требует никаких вложений совсем.
В собственности более 3 лет. Без обременений и перепланировок. По ипотеке возможна покупка без первоначального взноса. 
В подъезде видеонаблюдение. Во дворе удобные современные детская и спортивная площадки. В непосредственной близости детские учреждения (образовательные и специализированные), салоны красоты, кофейни, несколько продуктовых магазинов, способных удовлетворить самый требовательный вкус. 
25 минут на транспорте до метро бульвар Дмитрия Донского и 20  минут на транспорте до МЦД Бутово.  
 Содействие в получении специальных условий и преференций по ипотеке.",,80.0,11.9,148.8
https://vidnoye.cian.ru/sale/flat/305286869/,https://images.cdn-cian.ru/images/2229985092-4.jpg,ЖК «Бутово парк 2»,"Московская область, м. Бульвар Дмитрия Донского, Ленинский городской округ, Дрожжино пгт, шоссе Новое, 2",Транспортом,13990000.0,161361.0,3.0,14.0,15.0,86.7,"Номер лота: вт-0419081.
Продается 3-х комнатная квартира в ЖК ""Бутово парк-2""  с частичной мебелью. Один собственник. Рядом детские сады, школа, магазины - вся ифроструктура. Остановка напротив дома. Ближайшее метро ""Бульвар Дмитрия Донского"" - 15 мин транспортом. Возможна продажа без мебели. Все вопросы по телефону. Оперативный показ. Содействие в получении специальных условий и преференций по ипотеке.",,86.7,14.0,161.4
https://vidnoye.cian.ru/sale/flat/309438422/,https://images.cdn-cian.ru/images/2313988583-4.jpg,ЖК «Южная Битца»,"Московская область, м. Бульвар Дмитрия Донского, Ленинский городской округ, пос. Битца, Южная Битца ЖК, улица Парковая, 1",Транспортом,15600000.0,207171.0,3.0,12.0,17.0,75.3,"Номер лота: вт-0421808.
Лучшее предложение роскошной трехкомнатной квартиры в новом современном ЖК комфорт-класса ""Южная Битца"" с ремонтом в современном стиле. Комнаты выходят на разные стороны дома. Просторной кухня укомплектована импортной бытовой техникой. Внутренняя инфраструктура ЖК ""Южная Битца"" будет включать четыре детских сада, две школы, а также супермаркеты, кафе, пекарни, аптеки и другие предприятия сферы услуг на первых этажах. Недалеко находятся три станции метро: ""Аннино"", ""Бульвар Дмитрия Донского"", ""Улица Старокачаловская"", а также наземное метро МЦД-2. В соответствии с планами развития Бирюлевской линии метро до 2028 года, запроектировано открытие новой станции, которая предположительно будет находиться в непосредственной близости от микрорайона. Содействие в получении специальных условий и преференций по ипотеке.",,75.3,15.6,207.2
https://vidnoye.cian.ru/sale/flat/311101119/,https://images.cdn-cian.ru/images/kvartira-yuzhnaya-bitca-parkovaya-ulica-2347260527-4.jpg,ЖК «Южная Битца»,"Московская область, м. Бульвар Дмитрия Донского, Ленинский городской округ, пос. Битца, Южная Битца ЖК, улица Парковая, 1",Транспортом,15300000.0,201316.0,3.0,20.0,25.0,76.0,"В предложении замечательно все: размер квартиры, планировка и дом, который расположен в динамично развивающемся комплексе. Квартира на две стороны, из окон открывается панорамный вид на ЖК и территорию всего района. 
На просторной 14-ти метровой кухне установлена красивая функциональная мебель, которая останется новым Хозяевам. Три изолированные комнаты позволят комфортно разместить большую семью. Эркерные лоджии просторные и вместительные. Там можно наслаждаться панорамными видами и хранить вещи - места достаточно.
Комплекс Южная Битца практически достроен, достраиваются последние два корпуса. В части ЖК, где расположен наш дом, строительство уже не ведется. Ходят два маршрутных такси до станций метро Аннино и Бульвар Дмитрия Донского. Множество магазинов, салоны красоты, пункты выдачи и кафе во всю функционируют, а новые регулярно открываются. 
С 1 сентября начала свою работу муниципальная школа на 1500 мест. Два детских сада уже приняли малышей, скоро открываются новые. 
Квартира без ограничений и обременений. Все готово к сделке, альтернатива не сложная.
Звоните, добро пожаловать!",,76.0,15.3,201.3
https://vidnoye.cian.ru/sale/flat/310468745/,https://images.cdn-cian.ru/images/kvartira-vidnoe-galiny-vishnevskoy-ulica-2334024592-4.jpg,ЖК «Видный город»,"Московская область, Видное, м. Бульвар Дмитрия Донского, улица Галины Вишневской, 8к1",Транспортом,12700000.0,141111.0,3.0,7.0,8.0,90.0,"Продается просторная 2-УРОВНЕВАЯ КВАРТИРА В ДОМЕ КОМФОРТ-КЛАССА в ЖК Видный Город.

7-8 этажи, 2 ОТДЕЛЬНЫХ ВХОДА.
 
12 окон с ФРАНЦУЗСКИМИ БАЛКОНАМИ - максимум естественного света и стильный внешний вид.

ДВА раздельных санузла. Большая лоджия.

Для данной квартиры есть УНИКАЛЬНАЯ ВОЗМОЖНОСТЬ разделить квартиру на 2 площади (можно узаконить).

До МЕТРО АННИНО  15 минут транспортом, ОСТАНОВКА АВТОБУСА  1 МИНУТА ПЕШКОМ. До Ж/Д ст. Бутово - 10 минут транспортом.

Рядом: школы, детские сады, большой ТЦ.

Эта квартира — идеальный выбор для тех, кто ценит простор, комфорт и возможности для трансформации жилья под себя или инвестиционного использования.

Свободная продажа, 1 взрослый собственник по ДДУ 2018 года, никто не прописан, без обременений.

Звоните, чтобы узнать подробности и записаться на просмотр. Показ в удобное для вас время. ТОРГ ВОЗМОЖЕН.",,90.0,12.7,141.1
https://vidnoye.cian.ru/sale/flat/297198161/,https://images.cdn-cian.ru/images/kvartira-lopatino-solnechnyy-bulvar-2076093210-4.jpg,ЖК «Государев дом»,"Московская область, м. Бульвар Дмитрия Донского, Ленинский городской округ, Лопатино пгт, бульвар Солнечный, 7",Транспортом,12950000.0,179861.0,3.0,2.0,7.0,72.0,"Полноценная 3х комнатная, без перпланировок, без залогов, без мат капитала, без занижений цены- без проблем. Новый современный ремонт. Все комнаты изолированные 17,5 м2; 15,5 м2 и 13,5м2. Кухня 9м2. Отапливаемая лоджия.  Хороший вид из окон. Остается кух гарнитур, техника, шкафы купе.  Три маршрута
 автобусов, ходящих до 4-хстанций Б. Донского, Аннино, Бутово, Расторгуево. Дворы почти идеально чистятся до асфальта в сравнении с Москвой и другими жилыми комплексами, много парковочных мест, есть куда поставить авто до 9-10 часов вечера.",,72.0,12.9,179.9
https://vidnoye.cian.ru/sale/flat/308236330/,https://images.cdn-cian.ru/images/kvartira-butovo-park-2288789698-4.jpg,,"Московская область, м. Бульвар Дмитрия Донского, Ленинский городской округ, Бутово рп, Бутово Парк ЖК, 14",Транспортом,13500000.0,180000.0,3.0,8.0,25.0,75.0,"Светлая, уютная 3-х комнатная квартира в современном доме,  расположенная на 8-м этаже 25-этажного дома (серия П44-Т).
Общая площадь квартиры75 кв. м.; три изолированные комнаты пл.( 17.5-12.5-11.5) кв.м.; кухня пл.15 кв. м., выполняет роль гостиной;  раздельный с/у, большая лоджия ; просторная прихожая. Квартира в хорошем состоянии, после косметического ремонта.
Дом граничит с Бутовским лесопарком . Потрясающий вид на лес,  где всегда  чистый воздух, тишина, возможность отдыха на природе и занятий спортом.
Великолепная входная группа, просторные квартирные и лифтовые холлы соответствуют классу  комфорт, спокойные  соседи, чистый подъезд, консьерж.
 Вас ждёт благоустроенный двор с детскими и спортивными площадками. Всегда есть свободные парковочные места. 
 Район с отлично развитой инфраструктурой, где есть всё необходимое для проживания: супермаркеты; поликлиники, детская и взрослая ; школы и детские сады ; МФЦ ; фитнес-центры с бассейном, банки, аптеки  и различные сервисные услуги. 
 ст. МЦД Бутово - 10-15  мин пешком. 
- ст. метро Бульвар Дмитрия Донского - 4 остановки автобусом
- автобусные экспрессы до ст. метро Аннино  7-10 минут .
 Один взрослый собственник.  В собственности более 5 лет( ДКП). Альтернатива.",,75.0,13.5,180.0
https://vidnoye.cian.ru/sale/flat/310722573/,https://images.cdn-cian.ru/images/2339068155-4.jpg,,"Московская область, м. Бульвар Дмитрия Донского, Ленинский городской округ, д. Суханово, Усадьба Суханово ЖК, 2",Транспортом,16200000.0,185143.0,3.0,2.0,5.0,87.5,"id: V152 Продается трехкомнатная квартира в ЖК ""Усадьба Суханово"" с грамотной планировкой в экологически чистом районе!  
- Кухня и гостиная всегда наполнены светом благодаря расположению на южной стороне.   
- Качественный современный дизайнерский ремонт.   
- Теплые полы, кондиционер.   
Включено в продажу:   
- Полностью меблирована, что позволяет вам сразу заселиться и жить комфортно.   
- Вся встроенная техника от премиум-брендов NEFF, MIELE.  
- Текстиль: все шторы и текстиль также остаются.  
Расположение: Уютный природный район с развитой инфраструктурой и красивыми природными пейзажами. На территории ЖК есть детский сад, магазины, ПВЗ, недалеко расположены частные и муниципальные школы, рестораны и кафе, премиальный фитнес клуб. В шаговой доступности усадьба конца XVIII в — идеальное место для прогулок, утренних пробежек и отдыха на свежем воздухе, на территории есть теннисные корты и живописные озера. Двор огорожен, есть детская площадка и система видеонаблюдения.  
Удобная транспортная доступность. Завершается строительство новой скоростной дороги неподалеку, что позволит быстро и комфортно добираться до Москвы или МКАД, СВХ.  
Квартира юридически чистая. ДКП более 5 лет, два взрослых собственника, по праву общей совместной собственности. Обременений нет.",,87.5,16.2,185.1
https://www.cian.ru/sale/flat/311379839/,https://images.cdn-cian.ru/images/2353278329-4.jpg,,"Москва, ЮЗАО, р-н Южное Бутово, м. Бульвар Дмитрия Донского, 1-я Мелитопольская улица, 10",Транспортом,14500000.0,185897.0,3.0,2.0,16.0,78.0,"Код объекта: 1342819.
 Продаём светлую тpехкoмнaтную квaртиру!

Квaртирa c улучшенной планиpoвкoй, общая площадь 78 м², площадь кухни: 9 м с лоджией, три изолированные комнаты на две стороны комнаты, два санузла.
Mебель можeм оcтaвить, в нaличии cтирaльная мaшинка, электроплита.

Дом 2002года постройки, расположен в тихом спальном районе. Типовая серия: МЭС-84. Во дворe большая дeтcкая площaдка. Зелёный район, напротив большой парк, где можно погулять по дорожкам, покататься на лыжах, провести весело время с семьей. 

Инфраструктура:
Рядом магазины, в шаговой доступности метро, поликлиника, школы, детские сады, ТЦ, парки отдыха, скверы парки отдыха, скверы, продуктовые магазины, фитнес центры, салоны красоты....
 
Без обременений, один собственник. Готовы быстро выйти на сделку.
В шаговой доступности метро на МЦД Бутово - 6 мин, автобусные остановки рядом, до метро Улица Скобелевская 25 минут пешком.

Уважаемые покупатели, на все вопросы отвечу по телефону.",,78.0,14.5,185.9
https://vidnoye.cian.ru/sale/flat/307257914/,https://images.cdn-cian.ru/images/2266601776-4.jpg,,"Московская область, м. Бульвар Дмитрия Донского, Ленинский городской округ, д. Суханово, Суханово Парк ЖК, улица Парковая, 4",Транспортом,26000000.0,260000.0,3.0,4.0,5.0,100.0,"Арт. 66309950 Просторная двухуровневая квартира в элитном посёлке Суханово Парк!
Уровень 2: Большая гостиная 30 кв.м.+кухня 18 кв.м, (Зона между кухней и гостиной разделена раздвижными перегородками.),с/у с душевой+гардеробная.
Уровень 1: 2 изолированные спальни в одной из которых балкон,гардеробная-6 кв.м.,большой с/у с ванной.
В квартире выполнен качественный ремонт (полы,плинтуса,лестницы из массива дуба) продается со встроенной мебелью и бытовой техникой.(Кухня SCAVOLINI)
Посёлок расположен в 10 км от МКАД. Огороженная,охраняемая территория с очень развитой инфраструктурой. Созданы все условия для комфортного проживания. Вокруг фонтаны, пруд ,парк, SPA центр,мед.центр, русская баня,школа верховой езды, школа, детский сад, продуктовые магазины, аптека, теннисный корт, футбольные и волейбольные поля, спортивная площадка и многое другое. 

Удобный подъезд возможен как по Варшавскому шоссе, так и со стороны М4 -Дон
В 2025 году будет открыто метро — МЦД-5. 

1 взрослый собственник! Более 5 лет в собственности",,100.0,26.0,260.0
https://www.cian.ru/sale/flat/311486967/,https://images.cdn-cian.ru/images/2355589040-4.jpg,ЖК «Лесопарковый»,"Москва, ЮАО, р-н Чертаново Южное, м. Бульвар Дмитрия Донского, Варшавское шоссе, 168",Транспортом,40000000.0,455581.0,3.0,15.0,23.0,87.8,"Номер в базе: 4260490. Продается трехкомнатная квартира в современном жилом комплексе бизнес класса Лесопарковый. 

Это идеальное место для комфортной жизни, где каждый день будет приносить радость и уют.

Квартира в предчистовой отделке, что дает вам возможность осуществить свои творческие идеи минуя все черновые работы.

ЖК ""Лесопарковый"" - современный комплекс, со стильными входными группами, огороженной территорией, круглосуточной охраной и видеонаблюдением, подземным паркингом, двор с ландшафтным дизайном, детскими и спортивными площадками. Это возможность жить в экологически чистом районе столицы вблизи крупнейших лесопарковых зон Москвы и при этом оставаться в контексте большого города.

Инфраструктура:
В пешей доступности школа, поликлиника, торговые центры, кафе, магазины, автоцентр, кинотеатр; в 10 минутах езды на автобусе гипермаркеты Окей, Леруа Мерлен. Внутри самого ЖК есть все необходимое: магазины, кафе, химчистка, аптека. В каждом подъезде специальное помещение для хранения велосипедов и колясок.
Экологичный район - Рядом располагается битцевский парк с чистым и свежим воздухом. Широкие дворы, много детских площадок с мягким резиновым покрытием; пространство с тренажерами для фитнеса, сквер для тихого отдыха.

Транспортная доступность:
5 минут реально, пешком станция метро Лесопарковая.
16 минут ходьбы станция метро Аннино.

2 взрослых собственника, квартира без обременений и перепланировок.
Никто не прописан и не проживает.

Юридически проверена и готова к быстрому выходу на сделку.
Сопровождение сделки и одобрение ипотеки бесплатно!

Для покупателя:
• Финансовая гарантия на приобретаемый объект.
• Физическое и юридическое сопровождение сделки.
• Квалифицированная помощь в получение ипотеки в ведущих банках, срок одобрения от 1 до 3 дней.
• Возможность подачи заявок одновременно до 10 банков, высокая степень одобрения.
• С Этажами есть возможность снижения ипотечной ставки.
Код пользователя: 99310",,87.8,40.0,455.6
https://www.cian.ru/sale/flat/311962840/,https://images.cdn-cian.ru/images/2365741549-4.jpg,,"Москва, ЮЗАО, р-н Южное Бутово, м. Бульвар Дмитрия Донского, 2-я Мелитопольская улица, 19",Транспортом,16000000.0,213333.0,3.0,4.0,17.0,75.0,"Номер в базе: 4330149. ПОМОГУ КУПИТЬ ЭТУ КВАРТИРУ В ИПОТЕКУ!
3-х комнатная квартира в Москве.

О КВАРТИРЕ:
Общая площадь  75 м2
Площадь кухни  10 м2 
Распашонка. 2 застекленных балкона
Этаж 4/17

ИНФРАСТРУКТУРА: 
Детские сады, школы, поликлиника, аптека, почта, Сбербанк, салон красоты, пункты выдачи Озон, Вайлдберриз, продуктовые Перекресток, Пятерочка, каток, кафе...

ТРАНСПОРТНАЯ ДОСТУПНОСТЬ:
 автобусные остановки в 5 минутах
 м. Бульвар Дмитрия Донского 17 мин на автобусе

Компания ЭТАЖИ гарантирует юридическую чистоту сделки.  
Помогаем с одобрением ипотеки. 
Более 30 банков партнеров, с преференциями и спецусловиями для нашей компании. 
Работаем в режиме 1 окна. 
По 2 документам, без посещения офиса, за 1 час получаем решение.

Оперативный показ. Звоните. 
Код пользователя: 163158",,75.0,16.0,213.3
https://vidnoye.cian.ru/sale/flat/290929316/,https://images.cdn-cian.ru/images/kvartira-butovo-park-1880536714-4.jpg,,"Московская область, м. Бульвар Дмитрия Донского, Ленинский городской округ, Бутово рп, Бутово Парк ЖК, 23к1",Транспортом,21600000.0,173077.0,3.0,22.0,22.0,124.8,"АГЕНТОВ ПРОСИМ НЕ БЕСПОКОИТЬ, А ТАКЖЕ ТЕХ КТО НАВЯЗЫВАЕТ СВОИ УСЛУГИ ЗА КОМИССИЮ!!!

Продается великолепная трехкомнатная просторная квартира. Дом бизнес класса, комнаты изолированные. Охраняемая закрытая парковка. Рядом два торговых центра. Хороший вид из окна. Высокий этаж, чистый подъезд. Свободная продажа, полная сумма в договоре, собственник юридическое лицо. В квартире никто не прописан. Документы готовы к сделке.  Показы в будни и выходные по предварительной договоренности.",,124.8,21.6,173.1
https://vidnoye.cian.ru/sale/flat/310430541/,https://images.cdn-cian.ru/images/kvartira-drozhzhino-novoe-shosse-2333313972-4.jpg,,"Московская область, м. Бульвар Дмитрия Донского, Ленинский городской округ, Дрожжино рп, шоссе Новое, 2к3",Транспортом,13000000.0,166240.0,3.0,2.0,26.0,78.2,"Продается просторная 3-комнатная квартира в современном жилом комплексе на Новом шоссе, в рабочем посёлке Дрожжино, Московская область. Общая площадь квартиры составляет 78,2 кв. м, из которых жилая — 40,7 кв. м, а площадь кухни — 22,9 кв. м. Квартира расположена на 2 этаже 26-этажного дома, построенного в 2022 году. Высота потолков — 2,6 метра. Окна выходят во двор, поэтому в квартире всегда тихо и уютно.

В квартире выполнен качественный евроремонт. Установлена современная мебель и техника, что позволит вам сразу же насладиться комфортом нового жилья. Планировка квартиры включает три изолированные комнаты, большую кухню и два отдельных санузла, что особенно удобно для семейного проживания.

Дом, в котором находится квартира, построен из панелей и оснащен тремя грузовыми лифтами, что значительно упрощает транспортировку крупногабаритных предметов. На территории предусмотрена наземная парковка, поэтому всегда можно найти место для вашего автомобиля.

В шаговой доступности от дома находятся школы, детские сады и магазины, что делает эту квартиру идеальным вариантом для семей с детьми. До метро ""Бульвар Дмитрия Донского"" можно добраться на автомобиле всего за 12 минут, что позволит без труда добираться до Москвы и обратно.

Квартира продается по договору купли-продажи. Юридически квартира полностью готова к продаже:два взрослых собственника,без обременений и задолженностей. 

Приглашаем вас на просмотр этой замечательной квартиры! Свяжитесь с нами, чтобы записаться на удобное время. Не упустите возможность стать обладателем комфортного жилья в современном районе!",,78.2,13.0,166.2
https://vidnoye.cian.ru/sale/flat/298528449/,https://images.cdn-cian.ru/images/kvartira-drozhzhino-novoe-shosse-2153778297-4.jpg,ЖК «Бутово парк 2»,"Московская область, м. Бульвар Дмитрия Донского, Ленинский городской округ, Дрожжино пгт, шоссе Новое, 7",Транспортом,14650000.0,143627.0,3.0,23.0,27.0,102.0,"Продается 3-4-х комнатная квартира общей площадью 102 м2. Шикарная планировка,(смотрите поэтажный план),комнаты изолированные, два с/узла, кухня 10 ,4 м2с балконом. В квартире хороший ремонт, остается встроенная кухня, шкаф-купе. Дом оснащен видеокамерами, в подъезде  консьерж. Район с развитой инфраструктурой: магазины, поликлиника, школы, сады, парк с водоемом. Квартира подходит под ипотеку. Один взрослый собственник, с момента заселения дома. Никто не прописан. Альтернатива подобрана.",,102.0,14.7,143.6
https://vidnoye.cian.ru/sale/flat/304622178/,https://images.cdn-cian.ru/images/2217816254-4.jpg,,"Московская область, м. Бульвар Дмитрия Донского, Ленинский городской округ, Новодрожжино рп, 2",Транспортом,9250000.0,146825.0,3.0,10.0,10.0,63.0,"Id 45063. В ЖК Бутово Парк 2 продаётся просторная трёхкомнатная квартира. 

Инфраструктура очень развитая: всё необходимое для комфортной жизни в шаговой доступности: школа, детские сады, поликлиника, магазины, в том числе сетевые Пятёрочка, Магнит, ВкусВилл, Ароматный мир, Ремит. Пункты выдачи: OZON, Boxberry, CDЭК, Wildberries.

Транспортная доступность: остановка автобуса пешей доступности - 3 минуты. 10 минут до ст Бутово МЦД-2 или 15 минут на автобусе до станции м. Бульвар Дмитрия Донского.

Документы: Свободная продажа. Один взрослый собственник, в собственности более 5 лет, без обременений.

Остались вопросы?  Звоните!",,63.0,9.2,146.8
https://vidnoye.cian.ru/sale/flat/312068581/,https://images.cdn-cian.ru/images/kvartira-drozhzhino-yuzhnaya-ulica-2368106811-4.jpg,ЖК «Бутово парк 2»,"Московская область, м. Бульвар Дмитрия Донского, Ленинский городской округ, Дрожжино пгт, улица Южная, 23",Транспортом,13800000.0,184492.0,3.0,10.0,20.0,74.8,"Продается современная и уютная 3-комнатная квартира в поселке городского типа Дрожжино на Южной улице, дом 23. Общая площадь квартиры составляет 74.8 квадратных метра, жилая площадь — 49.5 кв. м, просторная кухня — 13 кв. м. Квартира расположена на 10 этаже 20-этажного панельного дома, построенного в 2015 году. Высокие потолки (2.74 метра) создают ощущение простора и комфорта.

В квартире сделан качественный евроремонт, полностью готова к проживанию. Установлена современная мебель и техника, что позволяет вам сразу переехать без дополнительных затрат.

Свободная продажа!",,74.8,13.8,184.5
https://www.cian.ru/sale/flat/299783122/,https://images.cdn-cian.ru/images/kvartira-moskva-2ya-melitopolskaya-ulica-2126965352-4.jpg,,"Москва, ЮЗАО, р-н Южное Бутово, м. Бульвар Дмитрия Донского, 2-я Мелитопольская улица, 7К2",Транспортом,12100000.0,182229.0,3.0,6.0,16.0,66.4,"Панельный дом 1988 г.постройки. Расположен в 8 минутах пешком от МЦД Бутово. 5 км до МКАД. 15 минут автобусом или до метро Дмитрия Донского. Район Южное Бутово. Все комнаты изолированные. В зале и средней комнате сделан свежий ремонт. На полу паркет, натяжные потолки, новые обои, новая электропроводка. Во всей квартире поменяны окна на ПВХ, двойной стеклопакет. Заменены все радиаторы отопления на современные биметаллические. Маленькая комната, коридор,кухня и сан.узлы требуют ремонта.Большая застекленная лоджия.По планировке кухня расположена между комнатами.1 взрослый собственник. Полная стоимость в договоре. Более подробная информация по телефону или в сообщениях. Ипотека и мат.капитал подходят.Разумный торг для потенциального покупателя.Легкая альтернатива в том-же районе.Показ по",,66.4,12.1,182.2
https://vidnoye.cian.ru/sale/flat/307816392/,https://images.cdn-cian.ru/images/2329223571-4.jpg,ЖК «Видный город»,"Московская область, Видное, м. Бульвар Дмитрия Донского, улица Галины Вишневской, 8к1",Транспортом,12500000.0,170300.0,3.0,7.0,8.0,73.4,"Номер лота: вт-0415815.
Свободная продажа. Продается просторная двухуровневая квартира в доме комфорт класса! Квартира имеет два входа 7-8 этажи. В квартире 12 окон все с французскими балконами. Два санузла, большая лоджия, возможность воплотить любые фантазии. Жилой комплекс находится в 15 мин от метро Анино. Инфраструктура развитая -школа, два детских садика. Торговый центр, фитнес, МФЦ, аптека, кафе, магазины . Один взрослый собственник Содействие в получении специальных условий и преференций по ипотеке.",,73.4,12.5,170.3
https://vidnoye.cian.ru/sale/flat/310169237/,https://images.cdn-cian.ru/images/kvartira-vidnoe-galiny-vishnevskoy-ulica-2328101340-4.jpg,ЖК «Видный город»,"Московская область, Видное, м. Бульвар Дмитрия Донского, улица Галины Вишневской, 5",Транспортом,14700000.0,196000.0,3.0,1.0,9.0,75.0,"Продается просторная 3-комнатная квартира в ЖК ""Видный Город""!
  Адрес: Московская область, г. Видное, ул. имени Народной артистки СССР Галины Вишневской, д. 5.
  Квартира расположена на 1 этаже 9 этажного дома 2017 г. постройки.
  Общая площадь 75 м².
  Кухня-гостиная 30 м² — идеальное место для семейных вечеров и приема гостей.
  2 изолированные комнаты: у каждого члена семьи будет своё личное пространство.
  Просторная терраса: прекрасное место для отдыха и наслаждения свежим воздухом.
  Новая бытовая техника: всё необходимое уже установлено и готово к использованию.
  Много места для хранения вещей благодаря большим встроенным шкафам.
  Светлые стены создают ощущение простора и уюта.

  Транспортная доступность:
-Станции метро Бутово — всего 7 минут на транспорте;
-Станции метро Бульвар Дмитрия Донского и Улица Старокачаловская — 10 минут на траспорте;
-Остановка общественного транспорта — в 3-х минутах ходьбы.
  
  Развитая инфраструктура:
-Напротив дома расположен торговый центр;
-Рядом школы и детских сады;
-В непосредственной близости поликлиники и медицинские центры;
-Для прогулок и отдыха — Усадьба Суханово и красивый пирс.

  Свободна продажа, быстрый выход на сделку.
  Отличный вариант для комфортной семейной жизни!

Звоните прямо сейчас, чтобы договориться о просмотре!",,75.0,14.7,196.0
https://vidnoye.cian.ru/sale/flat/307608709/,https://images.cdn-cian.ru/images/kvartira-yuzhnaya-bitca-botanicheskaya-ulica-2275489193-4.jpg,ЖК «Южная Битца»,"Московская область, м. Бульвар Дмитрия Донского, Ленинский городской округ, пос. Битца, Южная Битца ЖК, улица Парковая, 2",Транспортом,17000000.0,214376.0,3.0,2.0,17.0,79.3,"Продам уютную 3-х комнатную квартиру общей площадью - 79.3 кв.м. в панельном доме 2020 года постройки (квартира продаётся с мебелью, таким образом, можно сразу заехать без дополнительных вложений). Дом имеет переменную этажность от 17 до 25 этажей. Квартира расположена на втором этаже, что делает её доступной и удобной для всех членов семьи. В квартире: 3 просторные изолированные комнаты, кухня - гостиная, большой коридор, раздельный санузел, лоджия. Окна выходят во двор и на улицу, на запад и восток, благодаря этому в квартире комфортно даже в жаркую погоду.
Выполнен качественный ремонт, благодаря которому квартира выглядит свежо и современно. Полностью заменена сантехника, электрика (добавлено много розеток и выключателей во всех необходимых местах), установлены кондиционеры везде, кроме спальни (всё подготовлено для установки). Крупная мебель делалась на заказ (кухня, вместительный шкаф в прихожей и функциональный стол в одной из комнат).
Вокруг дома развитая инфраструктура: продуктовые магазины, в т.ч. сетевые (Пятёрочка, Магнит, Вкус Вилл), есть кафе, пиццерии и пекарни, салоны красоты, пункты выдачи заказов (Ozon, Wildberis и т.д.); работают 2 детский сада, в сентябре открылась огромная школа, что особенно удобно для семей с детьми. В скором времени планируется открытие поликлиники.
Для малышей во дворе установлена детская площадка, где они могут безопасно играть и веселиться, также есть футбольно-баскетбольное поле и площадка с тренажерами. Выполнена концепция двор без машин. 
Транспортная доступность достаточно хорошая: до метро Аннино и Бульвар Дм. Донского курсируют маршрутки. До МКАД в час пик можно добраться на машине за 20-25 минут. В проекте открытие участка юго-восточной хорды, это сделает транспортную доступность еще лучше.",,79.3,17.0,214.4
https://vidnoye.cian.ru/sale/flat/308307825/,https://images.cdn-cian.ru/images/kvartira-vidnoe-galiny-vishnevskoy-ulica-2290322540-4.jpg,ЖК «Видный город»,"Московская область, Видное, м. Бульвар Дмитрия Донского, улица Галины Вишневской, 10к1",Транспортом,9000000.0,128940.0,3.0,1.0,8.0,69.8,"Собственник. Продажа по договору купли-продажи!  

ЖК ""Видный Город"" 3х комнатная квартира площадью 69,8 кв. м. без ремонта.
Планировка двух комнат и кухни условно свободная (имеется возможность спланировать двушку с кухней-гостиной).

Хорошие интеллигентные соседи, тихий двор. Развитая инфраструктура в пешей доступности.
Осмотр в удобное для Вас время.

ТРАНСПОРТНАЯ ДОСТУПНОСТЬ :
-Остановка общественного транспорта в 2 минутах ходьбы
-15 минут на транспорте до метро Аннино
-20 мин.на транспорте до станции МЦД Бутово
- 5 километров от МКАДа. Рядом проходит Расторгуевское шоссе, обеспечивающее выезд на Варшавскую и Симферопольскую трассы
В пешей доступности всё необходимое для комфортной жизни :
-Все современные магазины, торговый центр
-Салоны красоты, спортивные залы находятся в пешей доступности
-Просторные дворы оборудованы современными детскими и спортивными площадками
-Школа, два детских сада напротив
-МФЦ, кофейни, аптеки

Звоните!",,69.8,9.0,128.9
https://vidnoye.cian.ru/sale/flat/309247683/,https://images.cdn-cian.ru/images/kvartira-usadba-suhanovo-2310306583-4.jpg,,"Московская область, м. Бульвар Дмитрия Донского, Ленинский городской округ, д. Суханово, Усадьба Суханово ЖК, 6",Транспортом,14400000.0,174757.0,3.0,3.0,5.0,82.4,"Продается шикарная 3-х комнатная квартира с отличной планировкой, с двумя раздельными санузлами и отдельной гардеробной! В квартире выполнен очень качественный  ремонт с использованием европейских материалов. ЖК ""Усадьба Суханово"" отличное место как для семьи так и для людей любящих комфорт и экологию! Территория охраняемая: видеонаблюдение и закрытый проезд - обеспечит вашу безопасность и место для ваших машин. Квартира приобреталась за наличные средства, без использования ипотеки и отсутствие мат.капитала. Инфраструктура района развита в меру, все необходимое есть :). Оперативный просмотр, звоните уважаемые покупатели и коллеги- буду рада ответить на все интересующие просмотры!",,82.4,14.4,174.8
https://vidnoye.cian.ru/sale/flat/305535015/,https://images.cdn-cian.ru/images/kvartira-drozhzhino-yuzhnaya-ulica-2235454413-4.jpg,ЖК «Бутово парк 2»,"Московская область, м. Бульвар Дмитрия Донского, Ленинский городской округ, Дрожжино рп, улица Южная, 7",Транспортом,12370000.0,154625.0,3.0,25.0,25.0,80.0,"Продаем квартиру  3-х комнатная с большой гостинной, планировка евро -4.
Первые два взрослых собственника. В квартире никто не прописан и не зарегистрирован.
Общая площадь 80 кв.м. Комнаты 13.9, 16.1, 17.1 кв. м., 25 этаж (последний), квартира угловая, минимум соседей, тихо. 
Панорамные окна на три стороны с отличным видом. Квартира теплая, светлая. 
Кухня-гостиная 17 м., установлен хороший кухонный гарнитур со всей необходимой техникой (посудомоечная машина, варочная панель, духовой шкаф, холодильник, вытяжка). В двух комнатах есть кровати (без матрасов). 
На кухне и в двух больших комнатах (16.1 и 17.1 кв.м.) установлены кондиционеры. 
Имеются две гардеробные комнаты (в коридоре и комнате 17.1 кв.м.). В ванной установлена стиральная машина. 
Квартира продается со всей техникой и частично с мебелью,. Умный видеодомофон (приложение устанавливается на смартфон). Батареи с регуляторами температуры. 
Закрытый двор.
Непосредственно в самом доме есть все необходимое для жизни: аптеки, продуктовые магазины, кафе, парикмахерская, точки выдачи Ozon, WB, Яндекс и др. Рядом школы и детские сады.
До метро можно добраться на любом транспорте от остановки Варшавское шоссе 261. До остановки 10 минут пешком. В пути до метро 15 минут. 
Можно дойти пешком до станции МЦД-2 Бутово (25 минут пешком или 5 минут на общественном транспорте).
Вместе с квартирой можно приобрести кладовую, которая расположена в этом же подъезде на -1 этаже. Площадь кладовой 4,7 кв. м. 
Полная стоимость в ДКП. 
Возможна ипотека.",,80.0,12.4,154.6
https://vidnoye.cian.ru/sale/flat/311689415/,https://images.cdn-cian.ru/images/2359974604-4.jpg,ЖК «Видный город»,"Московская область, Видное, м. Бульвар Дмитрия Донского, бульвар Мстислава Ростроповича, 5",Транспортом,12100000.0,159211.0,3.0,7.0,8.0,76.0,"Отличная квартира. Без ремонта. Окна выходят во двор, нет шума и пыли. Комфортный этаж.",,76.0,12.1,159.2
https://www.cian.ru/sale/flat/309336517/,https://images.cdn-cian.ru/images/2313154559-4.jpg,,"Москва, ЮЗАО, р-н Южное Бутово, м. Бульвар Дмитрия Донского, 1-я Мелитопольская улица, 8",Транспортом,11000000.0,191972.0,3.0,5.0,9.0,57.3,"Код объекта: 1295479.
 Шик и гармония!

Продается притягательная 3к квартира.
Квартира с косметическим ремонтом, позволяющая сразу заселиться и проживать без дополнительных вложений.
Три раздельные комнаты, просторный коридор, аккуратная кухня.
В квартире есть вместительный балкон, на котором при желании можно разместить кабинет.
Окна квартиры выходят на восточную сторону, во двор, что наполняет жилое пространство светом, теплом и тишиной.
Идеальный средний этаж!
Располагается квартира в середине дома.

Приветливые и отзывчивые соседи.
На этаже всего 4е квартиры.

Чистый и опрятный подъезд, мусоропровод, пандус.
Сухой подвал.
Дом находится в окружении зелёных насаждений, в отдалении от шоссе и городского шума.

Двор с обилием зелёных насаждений, игровыми и спортивными площадками для детей, зонами отдыха.
У дома всегда можно найти парковочное место для личного автотранспорта.

Развитая инфраструктура - в шаговой доступности детские сады, школы, поликлиника, аптеки, зоомагазины, сетевые супермаркеты, кофейни, спортивные секции, детские развивающие центры, скверы, Бутовский лесопарк, Храм в честь иконы Божией Матери Неупиваемая чаша и прочие социальные объекты для гармоничного и комфортного проживания.

Транспортная доступность - пешком до станции МЦД-2 Бутово, всего 7 минут или до м. Скобелевская 23 минуты, автобусная остановка в 5ти минутах от дома, удобный выезд на Варшавское шоссе.

Квартира идеальна для проживания семьи с детьми или сдачу в аренду.

Оперативный показ.
Документы готовы для сделки.",,57.3,11.0,192.0
https://vidnoye.cian.ru/sale/flat/309487110/,https://images.cdn-cian.ru/images/kvartira-drozhzhino-novoe-shosse-2314819429-4.jpg,ЖК «Бутово парк 2»,"Московская область, м. Бульвар Дмитрия Донского, Ленинский городской округ, Дрожжино пгт, шоссе Новое, 4",Транспортом,15500000.0,199485.0,3.0,14.0,18.0,77.7,"Предлагается на продажу современная, просторная, уютная с хорошим ремонтом 3-х комнатная квартира. В квартире есть всё для комфортного проживания, как говорится ""Заезжай и живи!"". Все комнаты изолированы: спальня с отдельным санузлом, гостиная просторная с большим столом для гостей и детская с 4 кроватями, для большой семьи с детьми очень удобно. В квартире всё остается. Звоните приезжайте на просмотр!",,77.7,15.5,199.5
https://www.cian.ru/sale/flat/301279882/,https://images.cdn-cian.ru/images/kvartira-moskva-staronarodnaya-ulica-2156866482-4.jpg,,"Москва, ЮЗАО, р-н Южное Бутово, м. Бульвар Дмитрия Донского, Старонародная улица, 4",Транспортом,15000000.0,224888.0,3.0,14.0,14.0,66.7,"В УСЛУГАХ риелторов не нуждаюсь! 
Продам квартиру в Москве с хорошим ремонтом, с потрясающими панорамными видами (видны Москва-Сити, университет, вся Москва как на ладони) в зелёном экологически чистом районе г. Москвы, удобная система хранения (2 шкафа купе), световые решения. Рядом с домом сосновый бор, через Варшавское шоссе дубовый заповедный лес. Удобная транспортная доступность: на машине свободный выезд с Варшавского шоссе на МКАД. 
МЦД - 2 в шаговой доступности (до м. Царицыно 13 минут). До м. Бульвар Дмитрия Донского 10 -12 минут на автобусе. Район с комфортной застройкой, в связи с этим нет очередей в садики, школы и поликлинику. Инфраструктура развита: магазины, Сбербанк, фитнесс и др. Во дворе дома дет. садик, окна выходят на школу, детскую площадку и футбольное поле (зимой заливают каток).
Квартира без обременений и долгов, 2 собственника, в собственности 14 лет. Выписка до сделки. Свободная продажа. 
Многое из мебели остаётся, заезжай и живи!
Объект продаёт супруга собственника, в услугах агентств и риелторов не нуждаюсь!",,66.7,15.0,224.9
https://vidnoye.cian.ru/sale/flat/308796701/,https://images.cdn-cian.ru/images/kvartira-drozhzhino-yuzhnaya-ulica-2300811670-4.jpg,ЖК «Бутово парк 2»,"Московская область, м. Бульвар Дмитрия Донского, Ленинский городской округ, Дрожжино пгт, улица Южная, 11к2",Транспортом,12000000.0,158940.0,3.0,2.0,19.0,75.5,"Предлагается на продажу просторная 3-х комнатная квартира. Чистая, уютная квартира ждёт своих новых хозяев. На данный момент квартира под арендой, но это не мешает для просмотров и продажи. Один взрослый собственник, никто не прописан. Звоните, приходите на просмотр.",,75.5,12.0,158.9
https://vidnoye.cian.ru/sale/flat/309571934/,https://images.cdn-cian.ru/images/2316424393-4.jpg,ЖК «Восточное Бутово»,"Московская область, м. Бульвар Дмитрия Донского, Ленинский городской округ, Боброво пгт, улица Лесная, 6",Транспортом,11950000.0,181061.0,3.0,4.0,25.0,66.0,"Id 48180. Самое лучшее предложение по ЖК ""Восточное Бутово"".
Трехкомнатная квартира общей площадью 66 кв м  с дизайнерским ремонтом. 
В квартире установлен проточный водонагреватель, датчики системы нептун, которые помогут избежать затопления; коллекторный узел: обеспечивает распределение воды, на кухне и в прихожей полы - плитка с подогревом,  установлен кондиционер
Вся мебель и техника остается! Машиноместо около дома - в подарок!

В ЖК ""Восточное Бутово""  хорошая транспортная доступность, удобный выезд на Симферопольское и Варшавское шоссе, до МКАД 3 километра,  до станции МЦД-2 Бутово 10 минут, до метро Бульвар Дмитрия Донского 15 минут.

Инфраструктура
На территории ЖК расположены детские площадки, школы, детские сады, стадион, каток, спортзал, рестораны, кафе, магазины.

СВОБОДНАЯ ПРОДАЖА
БЫСТРЫЙ ВЫХОД НА СДЕЛКУ 
ОПЕРАТИВНЫЙ ПОКАЗ",,66.0,11.9,181.1
https://vidnoye.cian.ru/sale/flat/309205941/,https://images.cdn-cian.ru/images/2309404989-4.jpg,ЖК «Бутово парк»,"Московская область, м. Бульвар Дмитрия Донского, Ленинский городской округ, Бутово рп, Бутово Парк ЖК, 12",Транспортом,16500000.0,187500.0,3.0,8.0,25.0,88.0,"Номер лота: вт-0421645.
Предлагается просторная, светлая трехкомнатная квартира евро-планировки: большая кухня-гостиная (18,5 кв.м.), три изолированные комнаты, два санузла, вместительная гардеробная, балкон с панорамными окнами. Без перепланировок. В квартире выполнен качественный ремонт. Развитая инфраструктура ЖК Бутово-Парк, есть все необходимое (супермаркеты, школы, детские сады, фитнес-центр с бассейном, банки, наземные и подземные паркинги). Рядом лес для прогулок и отдыха. Все для комфортного проживания. Оперативный показ. Содействие в получении специальных условий и преференций по ипотеке.",,88.0,16.5,187.5
https://vidnoye.cian.ru/sale/flat/308454523/,https://images.cdn-cian.ru/images/kvartira-vidnoe-petrovskiy-proezd-2292948720-4.jpg,,"Московская область, Видное, м. Бульвар Дмитрия Донского, Петровский проезд, 41В",Транспортом,18100000.0,150833.0,3.0,2.0,4.0,120.0,"Продается 3-х комнатная квартира с изолированными комнатами ""Распашонка"" на 2 этаже 4-х этажного кирпичного дома. Общая площадь 120 кв.м. 

Закрытая территория. Комплекс оборудован видеокамерами, освещение всей территории в вечернее время.
Развитая инфраструктура района: в пешей доступности магазины, спортивный комплекс, больница, школа, садик, остановка автобуса.
В пешей доступности ст. Расторгуево 15 минут пешком.    
На территории проведено полное благоустройство с заменой коммуникаций. Парковка во дворе, есть зона барбекю, и выход в парк. Все для комфортной жизни! 

Квартира без ограничений, обременений, арестов, подходит под ипотеку.
Свободная продажа, полная стоимость в договоре.
Собственник - Юридическое лицо (публичная Российская компания).
Возможна Ипотека, военная ипотека.

Агентствам и агентам просьба не беспокоить!
ЗВОНИТЬ!!!    с 9,00 до 20,00
ПРОСЬБА АГЕНСТВАМ И АГЕНТАМ НЕ БЕСПОКОИТЬ !!!",,120.0,18.1,150.8
https://chekhov.cian.ru/sale/flat/308984097/,https://images.cdn-cian.ru/images/2304580589-4.jpg,,"Московская область, Чехов, м. Бульвар Дмитрия Донского, Губернский мкр, улица Земская, 10",Транспортом,9500000.0,112693.0,3.0,9.0,14.0,84.3,"Продается просторная 3-х комнатная квартира, новая, никто не жил. Ремонт  делался под себя, исключительно из качественных дорогостоящих материалов, немецкий ламинат, дорогие обои, Итальянская плитка и двери из массива дерева. Подключен и разведен по всем комнатам интернет со входами, триколор телевидение. Сантехника вся производитель страна Чехия. Две лоджии совмещенные в одну длинную, застекленные. Квартира светлая и теплая. В двух комнатах окна полуэркер, с выходом во двор и на улицу. Очень удобно по логистике, напротив дома в 5 минутах ходьбы автобусная остановка на Москву До метро Бульвар Дмитрия донского на транспорте 40 мин езды, школа и детский сад через дорогу в 3 минутах ходьбы, ТЦ, рынки ПВ, вся инфраструктура в шаговой доступности. Два взрослых собственника, быстрый выход на сделку! 

Номер объекта: #1/590711/9849",,84.3,9.5,112.7
https://vidnoye.cian.ru/sale/flat/285664400/,https://images.cdn-cian.ru/images/36/886/461/kvartira-usadba-suhanovo-1646886348-4.jpg,,"Московская область, м. Бульвар Дмитрия Донского, Ленинский городской округ, д. Суханово, Усадьба Суханово ЖК, 3",Транспортом,12500000.0,164042.0,3.0,2.0,5.0,76.2,"Евро 3-ка ( кухня-гостиная совмещённая)  2 спальни + большой утеплённый  балкон. ЖК Усадьба Суханово новый жилой комплекс в г.Видное, всего в 7 километрах от МКАД. Расположен в тихом, красивом исторически значимом месте. Рядом в шаговой доступности детский садик, магазины, Парк Усадьба Суханово с водоемами .Школа в 2.5 км.(на автобусе 1 остановка) Приобретена без ипотеки и материнского капитала. Один взрослый собственник более 5х лет. Вариант подобран. Агентствам не беспокоить!",,76.2,12.5,164.0
https://vidnoye.cian.ru/sale/flat/293872849/,https://images.cdn-cian.ru/images/kvartira-bobrovo-lesnaya-ulica-1997923620-4.jpg,,"Московская область, м. Бульвар Дмитрия Донского, Ленинский городской округ, Боброво пгт, улица Лесная, 24к1",Транспортом,13000000.0,168394.0,3.0,4.0,19.0,77.2,"Предлагается к продаже уютная трехкомнатная квартира , полностью готовая к проживанию . Ремонт делали для себя, использовали качественные материалы. Все окна во двор, отличные соседи. Во дворе школа, детсад, магазины, вся инфраструктура . В шаговой доступности лес , усадьба Суханово.",,77.2,13.0,168.4
https://vidnoye.cian.ru/sale/flat/297770979/,https://images.cdn-cian.ru/images/kvartira-butovo-park-2086330644-4.jpg,ЖК «Бутово парк»,"Московская область, м. Бульвар Дмитрия Донского, Ленинский городской округ, Бутово рп, Бутово Парк ЖК, 3",Транспортом,12900000.0,163706.0,3.0,2.0,25.0,78.8,"Уютная теплая , трёхкомнатная квартира с изолированными комнатами и большой кухней. Утепленная лоджия  которая может  быть дополнительной комнатой . Из мебели остаётся кухонный гарнитур и плита ..Окна выходят во двор на лес в котором растут лиственницы и живут белки . Агентствам просьба не беспокоить.",,78.8,12.9,163.7
https://vidnoye.cian.ru/sale/flat/308881882/,https://images.cdn-cian.ru/images/kvartira-drozhzhino-novoe-shosse-2302469975-4.jpg,ЖК «Бутово парк 2»,"Московская область, м. Бульвар Дмитрия Донского, Ленинский городской округ, Дрожжино пгт, шоссе Новое, 6к2",Транспортом,16500000.0,194118.0,3.0,14.0,19.0,85.0,"Уникальная 3-х комнатная квартира с отличной планировкой и дизайнерским ремонтом!
Модульная кухня по индивидуальному дизайн-проекту от Giulia Novards (Италия). Столешница и раковина из искусственного камня. Кухонный стол на заказ из слеба ореха с эпоксидной смолой. Встроенная техника Bosch и Neff, холодильник Samsung. Установлены фильтры очистки воды.
Объединенный санузел. Сантехника фирмы Valeroy&Boch, квариловая ванная (не желтеет). Установлен проточный водонагреватель.
В коридоре установлен огромный шкаф-купе (9 метров, глубина 60см) с системами хранения под обувь, одежду, бытовую технику и тд.
Комнаты 18+16+15м2. В двух комнатах установлен кондиционер, в одной есть вывод. 
Вся электрика и сантехника сделана под себя с нуля. Во всей квартире натяжные потолки. Установлены проходные выключатели.
Имеется арендованное парковочное место с прямым выездом на Варшавское шоссе. Любезно готовы передать.
По документам (более 5 лет ДДУ) 1 собственник, никто не прописан и по состоянию. Отличное местоположение, хорошая транспортная доступность. Инфраструктура вся рядом (сады, школы, магазины, салоны и тд.). Тихие вежливые соседи. 
Продавец адекватный. Показ оперативно по договоренности. Одобрение ипотеки бесплатно. По всем вопросам готова проконсультировать. Документы готовы к сделке. Торг .",,85.0,16.5,194.1
https://vidnoye.cian.ru/sale/flat/302840516/,https://images.cdn-cian.ru/images/kvartira-drozhzhino-yuzhnaya-ulica-2183351537-4.jpg,ЖК «Бутово парк 2»,"Московская область, м. Бульвар Дмитрия Донского, Ленинский городской округ, Дрожжино рп, улица Южная, 14",Транспортом,11300000.0,146753.0,3.0,17.0,17.0,77.0,"Продаётся шикарная 3-комнатная квартира с хорошим ремонтом, общей площадью 77 м2 на 17 этаже 17-этажного дома в ЖК Бутово парк 2"". 
Видовые характеристики завораживают!
Планировка продумана: окна кухни, гостиной и одной из спален выходят на тихий, зеленый двор из которых вы 
можете наблюдать шикарный закат, окна второй спальни на другую сторону-лес. 
Все комнаты изолированные, кухня просторная 13 м2, есть застекленная лоджия, раздельный санузел и отдельная кладовая.

В квартире выполнен качественный ремонт, состояние жилья полностью соответствует представленным фотографиям. При продаже в квартире остается часть мебели. 

Район, в котором расположена квартира, обладает развитой инфраструктурой: в шаговой доступности детские сады (один из которых во дворе дома), в 5 минутах от дома расположены две школы. На районе в пешей доступности располагаются различные магазины, кафе, бары и фитнес-центры. Так же в пешей доступности находятся озёра, пруды, парковая зона для прогулок. 
Есть своё место на парковке. 
Рядом с домом конечная остановка автобуса, следующего до метро ""Бульвар Дмитрия Донского"", 20-25 минут на автобусе и вы у метро ""Бульвар Дмитрия Донского"" или ""Улица Старокачаловская"". 
В 15 минутах езды на автобусе находится станция МЦД ""Бутово"" (D2).",,77.0,11.3,146.8
https://vidnoye.cian.ru/sale/flat/311817960/,https://images.cdn-cian.ru/images/kvartira-yuzhnaya-bitca-yuzhnyy-bulvar-2362486633-4.jpg,ЖК «Южная Битца»,"Московская область, м. Бульвар Дмитрия Донского, Ленинский городской округ, пос. Битца, Южная Битца ЖК, бульвар Южный, 6",Транспортом,16200000.0,219512.0,3.0,15.0,22.0,73.8,"Продается уютная трехкомнатная квартира (евротрешка) с хорошей планировкой в районе с удобным выездом в Москву.

Квартира включает две спальни, два санузла и просторную кухню-гостиную в современном стиле. Утепленная лоджия, окна выходят на обе стороны, открывая прекрасный вид (распашонка). Выполнен качественный ремонт. Встроенная кухня, техника и мебель входят в стоимость. Соседи тихие, подъезд чистый.

В шаговой доступности вся необходимая инфраструктура: поликлиника, школы, детские сады, магазины, торговые центры и лесопарковая зона. Рядом продуктовый и строительный рынки. До метро 5-10 минут на маршрутном такси. Отличное транспортное сообщение, включая отдельный, уже функционирующий съезд в сторону Москвы. Квартира расположена во дворе с огороженной территорией, детскими и спортивными площадками. Есть подземный паркинг, где у нас в собственности машино - место . (возможность приобретения машиноместа).

Свободная продажа, никто не прописан. Быстрый выход на сделку. Звоните, отвечу на все вопросы.",,73.8,16.2,219.5
https://vidnoye.cian.ru/sale/flat/305976386/,https://images.cdn-cian.ru/images/2290289288-4.jpg,ЖК «Южная Битца»,"Московская область, м. Бульвар Дмитрия Донского, Ленинский городской округ, пос. Битца, Южная Битца ЖК, бульвар Южный, 5",Транспортом,15100000.0,192357.0,3.0,9.0,24.0,78.5,"Код объекта: 1205717.
 Предлагаем просторную, светлую, трехкомнатную квартиру в новом доме, одного из  лучших застройщиков Москвы - ДСК. Квартира находится в доме южной стороны  проекта, что позволяет на протяжении всего дня находится в квартире, наполненной дневным светом. Удобная планировка позволяет комфортно и легко проводить время проживания для всей семьи ,а так же ваших гостей. Окна квартиры выходят на две стороны , установлены два санузла. Выполнена чистовая отделка, установлена с/техника ,закуплены межкомнатные двери. Будущим собственника , остается по своему решению выполнить отделку стен и потолков. Современный ЖК, расположен всего в 3 км от Москвы между Варшавским и Симферопольским шоссе.

""Южная Битца"" — это район, где созданы все условия и необходимая инфраструктура для комфортного проживания и отдыха всей семьи.

В комплексе сочетаются преимущества:

Окружение лесопарками
Свои 4 детских сада, 2 школы и поликлиника
Своя станция МЦД-2 (2025-2026 г.) на территории",,78.5,15.1,192.4
https://vidnoye.cian.ru/sale/flat/308250621/,https://images.cdn-cian.ru/images/kvartira-bobrovo-krymskaya-ulica-2289205457-4.jpg,,"Московская область, м. Бульвар Дмитрия Донского, Ленинский городской округ, Боброво пгт, улица Крымская, 13",Транспортом,15500000.0,209459.0,3.0,8.0,19.0,74.0,"Продается просторная и светлая 3-комнатная квартира в современном жилом комплексе 2015 года постройки.

В квартире сделан дизайнерский ремонт: стильные светлые тона, качественные материалы, продуманная планировка. Просторная кухня оборудована всей необходимой техникой. Квартира продается со всей мебелью и встроенной техникой. лоджия и балкон оборудованы в зоны комфорта.Ванна с гидромассажем .
Вся инфраструктура находится в шаговой доступности: рядом школы, детсады и магазины.
Квартира продается без обременений, возможна покупка в ипотеку. Все документы готовы к сделке. Юридически и физически свободна. Оперативный показ",,74.0,15.5,209.5
https://vidnoye.cian.ru/sale/flat/308367169/,https://images.cdn-cian.ru/images/kvartira-drozhzhino-novoe-shosse-2291367115-4.jpg,ЖК «Бутово парк 2»,"Московская область, м. Бульвар Дмитрия Донского, Ленинский городской округ, Дрожжино пгт, шоссе Новое, 8к2",Транспортом,10300000.0,151471.0,3.0,13.0,19.0,68.0,"Срочно продается евротрёшка. 
Объявление от собственника, ДКП 2016 года от застройщика.

Перепланировка из большой 2-комнатной квартиры:
- две спальни 11 и 12 метров,
- комната/кухня 19 метров,
- большой холл (со спальным местом),
- санузел 4.5 метра.

Квартира теплая, в хорошем состоянии. Подходит для семьи с двумя детьми.
Один взрослый собственник.
Альтернатива подобрана.
Торг с реальным покупателем!

Агентам вознаграждение не платим",,68.0,10.3,151.5
https://vidnoye.cian.ru/sale/flat/309686272/,https://images.cdn-cian.ru/images/kvartira-drozhzhino-yuzhnaya-ulica-2318921234-4.jpg,ЖК «Бутово парк 2»,"Московская область, м. Бульвар Дмитрия Донского, Ленинский городской округ, Дрожжино пгт, улица Южная, 9к1",Транспортом,11799000.0,151463.0,3.0,21.0,24.0,77.9,"Продается уютная, светлая и просторная трехкомнатная квартира в ЖК Бутово парк-2, расположенном в 5 км от МКАД по Варшавскому шоссе. Квартира расположена на 21-м этаже 24-этажного монолитного дома, из окон открывается панорамный вид, нет и не будет окон в окна. Общая площадь квартиры 77,9 кв.м. Функциональная планировка включает в себя просторную кухню-гостиную 22,6 кв.м., три изолированные комнаты 17,3 кв.м.(в большой комнате два окна), 13,0 кв.м. и 10,4 кв.м., два санузла и прихожую. Квартира с отделкой: на полу ламинат и плитка, стены-обои под покраску. В квартире есть вся необходимая мебель, текстиль, техника! Микрорайон с развитой инфраструктурой, в шаговой доступности школы, детские сады, поликлиника, сетевые магазины, кафе, пункты выдачи маркетплейсов, аптеки, салоны красоты и многое другое. Во дворе дома расположены детские и спортивные площадки. Много зелени, бульвары для прогулок, рядом лесопарковая зона. Из микрорайона ходят автобусы до МДЦ Бутово и м. Бульвар Дмитрия Донского. Выезд на автомобиле на Варшавское и Симферопольское шоссе. Квартира покупалась у застройщика, полная стоимость в договоре купли-продажи, никто не прописан, два взрослых собственника, без обременений и перепланировок. Свободная продажа, подходит под ипотеку, маткапитал и прочее. Оперативный просмотр! Звоните, буду рад ответить на все Ваши вопросы.",,77.9,11.8,151.5
https://vidnoye.cian.ru/sale/flat/311559523/,https://images.cdn-cian.ru/images/kvartira-zhivopisnyy-2357146555-4.jpg,,"Московская область, м. Бульвар Дмитрия Донского, Ленинский городской округ, Живописный ЖК, 2",Транспортом,14500000.0,265082.0,3.0,1.0,4.0,54.7,"Всего в 2 км от МКАД рядом с метро Аннино для ценителей природы в тихом очаровательном месте расположился жилой комплекс комфорт-класса Живописный. 
Инфраструктура активно развивается - на территории ЖК уже работает детский сад, в ближайшее время откроется сетевой продуктовый магазин, школа в пешей доступности ~10 минут. Во дворе предусмотрена детская площадка.

В ЖК есть возможность припарковать авто во дворе, также имеется подземный паркинг и кладовые помещения доступные к покупке у застройщика.

Вашему вниманию предлагается уютная светлая квартира со свежим дизайнерским ремонтом.
Планировка уникальна - 54,7 м2, формат евро-3 с 4 окнами, лоджией и видом на лес.
В данный момент завершается упаковка - квартира будет полностью оснащена встраиваемой мебелью индивидуального изготовления и новой техникой.
Уже сейчас Вы можете прийти на просмотр!

В квартире 2 изолированные комнаты 14,6 м2 и 8,1 м2, большая кухня-гостиная 20,6 м2, 2 санузла 3,4 м2 и 4,8 м2.

Квартира с эксклюзивным ремонтом от дизайнера выполнена в стилистике ваби-саби.

Напольное покрытие  - ламинат 33 класса, керамогранит в прихожей, санузлах и на балконе. Тёплые полы предусмотрены в прихожей и санузлах.
В квартире установлено 2 кондиционера.

Кухонный гарнитур изготовленный по индивидуальному заказу будет укомплектован новой техникой Weissgauff: посудомоечной машиной, встраиваемым холодильником, духовым шкафом, вытяжкой подключенной к воздуховоду.  

В санузлах предусмотрены вытяжные вентиляторы, гигиенические души, ограждение ванны и душевой кабины из калёного стекла, встраиваемая мебель. Разводка сантехники выполнена трубами Rehau, в мокрых точках установлена система защиты от протечек Neptun.

Всё наполнение остается покупателю!

1 взрослый собственник, без обременения, подходит под ипотеку. 
Быстрый выход на сделку. Оперативный показ, звоните!",,54.7,14.5,265.1
https://vidnoye.cian.ru/sale/flat/312098293/,https://images.cdn-cian.ru/images/2368674306-4.jpg,ЖК «Бутово парк 2»,"Московская область, м. Бульвар Дмитрия Донского, Ленинский городской округ, Дрожжино пгт, улица Южная, 14",Транспортом,11300000.0,150667.0,3.0,17.0,17.0,75.0,"Номер в базе: 872070. Вашему вниманию предлагается светлая и просторная 3-комнатная квартира в уютном районе Дрожжино. Всего 25 минут на автобусе  и вы на метро ""Бульвар Дмитрия Донского"" или ""Улица Старокачаловская"". Простор и комфорт  вот девиз этого дома!

Квартира общей площадью 75 м2 находится на 17 этаже 17-этажного дома 2014 года постройки. Планировка продумана до мелочей: окна кухни, гостиной и одной из спален выходят на тихий, зеленый двор, а окна второй спальни  на другую сторону дома. Все комнаты изолированные, кухня просторная  13 м2, есть застекленная лоджия, раздельный санузел и отдельная кладовая. 

В квартире выполнен качественный ремонт, состояние жилья полностью соответствует представленным фотографиям. При продаже остается часть мебели, что позволит вам сэкономить на обустройстве.

Район, в котором расположена квартира, обладает развитой инфраструктурой: в шаговой доступности детские сады, школы, магазины и фитнес-центры. Рядом с домом конечная остановка автобуса 1201, следующего до метро ""Бульвар Дмитрия Донского"", а также остановка автобуса 507, следующего до МЦД Бутово.

Мы обеспечиваем финансовую гарантию на приобретаемую квартиру в размере 25 млн. рублей, что дает вам дополнительную уверенность в безопасности сделки. 

Звоните, чтобы обсудить детали или назначить время показа. Эта квартира ждет своих новых хозяев!
Код пользователя: 91457",,75.0,11.3,150.7
https://vidnoye.cian.ru/sale/flat/308805837/,https://images.cdn-cian.ru/images/2308747387-4.jpg,ЖК «Государев дом»,"Московская область, м. Бульвар Дмитрия Донского, Ленинский городской округ, Лопатино пгт, улица Сухановская, 37",Транспортом,10990000.0,169077.0,3.0,4.0,9.0,65.0,"Id 47670. ЛУЧШЕЕ ПРЕДЛОЖЕНИЕ!
Продается просторная 3-к квартира с хорошим ремонтом. 

На территории ЖК есть аптеки, химчистки, кафе, Торговый Центр Аструм, , МФЦ, Почтовое отделение, Стоматология, Фитнес Клуб, Лента, Перекресток, Мираторг. В шаговой доступности школа и детские сады.

Транспортная доступность 15 минут:
до метро Аннино маршрутное такси 1019
до метро Бульвар Дмитрия Донского маршрутное такси 1224
до ж/д пл. Бутово МЦД, автобус 379
до ж/д пл. Расторгуево автобус 379, маршрутное такси 1019

Район быстро развивается.
Рядом есть зона отдыха и усадьба ""Суханово"".
Практически со всех сторон комплекс окружен лесными массивами, что позволит круглый год наслаждаться чистым воздухом.
В скором времени рядом с жилым комплексом будет построена линия рельсового скоростного пассажирского транспорта с остановкой ЖК Государев дом.",,65.0,11.0,169.1
https://vidnoye.cian.ru/sale/flat/265538167/,https://images.cdn-cian.ru/images/kvartira-bobrovo-krymskaya-ulica-2183216957-4.jpg,,"Московская область, м. Бульвар Дмитрия Донского, Ленинский городской округ, Боброво пгт, улица Крымская, 25",Транспортом,15500000.0,193750.0,3.0,8.0,19.0,80.0,"Продается 3 комнатная квартира общей площадью 80 кв.м. (с учетом площади лоджии) на 8 этаже 17 этажного панельного дома 2016 года постройки. Комнаты 14.8 и 18,9 кв.м. Гардеробная комната. Гостиная 19 кв.м. Кухня 12.9 кв.м. Раздельный санузел. Встроенная кухня. Современный качественный ремонт, делали для себя. Распашонка. Чистый подъезд. Консъерж. Развивающийся микрорайон с хорошей инфраструктурой: новая школа, 2 детских сада, аптеки, продуктовые магазины. Рядом с домом охраняемая парковка. 1 взрослый собственник. ДКП 2022 г.  Материнский капитал не вкладывали. Есть небольшой остаток по ипотеке Совкомбанка. Свободная продажа. Разумный торг.",,80.0,15.5,193.8
https://vidnoye.cian.ru/sale/flat/310297637/,https://images.cdn-cian.ru/images/2330568895-4.jpg,ЖК «Бутово парк 2»,"Московская область, м. Бульвар Дмитрия Донского, Ленинский городской округ, Дрожжино пгт, шоссе Новое, 6",Транспортом,11700000.0,195000.0,3.0,13.0,17.0,60.0,"Код объекта: 1316733.
 Продаётся уютная 3-комнатная квартира, в которой есть всё необходимое для комфортной жизни. 

Можно сразу заселиться и наслаждаться новым жильём без дополнительных хлопот и вложений. 
Большая часть мебели остается в квартире. Квартира идеально подойдет для семьи с детками.

Дом постройки 2018 года, в отличном состоянии, чистый ухоженный подъезд, дружные соседи следят за порядком и чистотой. 

Расположение квартиры идеально для семей с детьми: рядом государственные школы и детские сады, поликлиники. 

Отличная транспортная доступность: 5 минут на авто до МЦД Бутово (25 минут пешком), 
15 минут на авто до м. Бульвар Дмитрия Донского. 

Для автомобиля всегда много места для парковки.

Один взрослый собственник, без обременений. 
Полная стоимость в ДКП.

Мы гарантируем безопасную сделку и юридическую поддержку нашим Клиентам. Поможем одобрить ипотеку с сниженной ставкой. Не упустите свой шанс стать владельцем этой замечательной квартиры!

Звоните нам прямо сейчас, чтобы узнать больше о квартире и условиях продажи.",,60.0,11.7,195.0
https://vidnoye.cian.ru/sale/flat/307208967/,https://images.cdn-cian.ru/images/2368212095-4.jpg,ЖК «Бутово парк 2»,"Московская область, м. Бульвар Дмитрия Донского, Ленинский городской округ, Дрожжино рп, улица Южная, 23к2",Транспортом,13900000.0,149946.0,3.0,14.0,17.0,92.7,"Номер лота: вт-0420130.
Продается уютная, чистая и просторная квартира с уникальной планировкой.
Три просторные комнаты.  Большой холл, два санузла, две оборудованные гардеробные, две лоджии. В квартире выполнен качественный ремонт из дорогостоящих материалов.
 Без обременений, полная стоимость в ДКП, более 5 лет в собственности, свободная продажа.
 Развитая инфраструктура. В шаговой доступности : школа, детские сады, поликлиника, магазины, в том числе сетевые : Пятёрочка, Магнит, ВкусВилли Ароматный мир, Пункты выдачи: OZON , Boxberri, CDЭК.
 Остановка автобуса пешей доступности, 10 минут до станции Бутово МЦД-2 или 15 минут на автобусе до станции м. Бульвар Дмитрия Донского.
 Обеспечение комфортной и безопасной сделки, юридическое сопровождение. Деятельность агентства застрахована. Поможем оформить  проект договора купли-продажи, провести электронную регистрацию перехода права собственности, безопасно провести расчеты и при необходимости поможем подготовить документы для оформления.

 

 

 


 Содействие в получении специальных условий и преференций по ипотеке.",,92.7,13.9,149.9
https://vidnoye.cian.ru/sale/flat/309728137/,https://images.cdn-cian.ru/images/kvartira-vidnoe-svyatoslava-rihtera-ulica-2319611424-4.jpg,ЖК «Видный город»,"Московская область, Видное, м. Бульвар Дмитрия Донского, улица Святослава Рихтера, 3к1",Транспортом,14250000.0,229839.0,3.0,2.0,9.0,62.0,"Продается уютная 3-комнатная квартира с дизайнерским ремонтом в современном доме, расположенная по адресу: Московская область, Ленинский городской округ, Видное, улица Святослава Рихтера, 3к1. Общая площадь квартиры составляет 62 кв. м, из которых жилая площадь — 35 кв. м, а просторная кухня занимает 24 кв. м. Квартира находится на 2-м этаже 9-этажного дома, построенного в 2022 году. Высокие потолки в 2.8 метра добавляют ощущение простора, а окна, выходящие во двор, обеспечивают тишину и уют.

В квартире выполнен качественный дизайнерский ремонт. Просторная кухня позволяет воплотить любые кулинарные фантазии. В квартире есть один совмещенный санузел и уютная лоджия, где можно наслаждаться утренним кофе. Пространство организовано максимально функционально, что делает жизнь в этой квартире комфортной. 

Дом оснащен грузовым лифтом и пандусом, что делает его удобным для семей с детьми и пожилых людей. На территории есть наземная парковка, поэтому вам не придется беспокоиться о месте для автомобиля.

В непосредственной близости от дома находятся все необходимые объекты инфраструктуры: школы, детские сады и магазины. До метро ""Бульвар Дмитрия Донского"" можно добраться на машине всего за 10 минут, что делает это место комфортабельным для проживания семьей.

Квартира продается напрямую от собственника, что гарантирует прозрачность сделки. Возможна продажа в ипотеку. Все документы готовы к сделке. 

Записывайтесь на просмотр и оцените эту квартиру своими глазами. Это идеальное место для жизни, где каждая деталь продумана до мелочей. Ждем вас для знакомства с вашим будущим домом!",,62.0,14.2,229.8
https://vidnoye.cian.ru/sale/flat/310066450/,https://images.cdn-cian.ru/images/2326999726-4.jpg,ЖК «Государев дом»,"Московская область, м. Бульвар Дмитрия Донского, Ленинский городской округ, Лопатино пгт, бульвар Солнечный, 17",Транспортом,10400000.0,155689.0,3.0,9.0,9.0,66.8,"Id 4097. Продаётся уютная трёхкомнатная квартира на девятом этаже в ЖК Государев Дом.

О квартире.
Квартира полностью готова для проживания! Общая площадь 66.8 квадратных метров. Комнаты 15.1 / 14.1 / 13.7 кв м. кухня 11 квадратных метров. В квартире сделан евроремонт из качественных материалов. Окна выходят как во двор, так и на лес. 2 гардеробные большие ( одна в спальне , вторая в коридоре ).

Встроена система Умный дом- включается голосом свет, телевизоры, подогрев полов, подстветка в кухне и в зале, робот -пылесос работает от голосовых команд , тёплый пол.
На кухне кондиционер тоже включается через умный дом- голосом. 

Тепло и гидроизоляция пола и потолка по всей квартире.
В ванной все разводка немецкой фирмы Rehau. 
Ванная комната вся в гидроизоляции и хорошей мебели и сантехники. 

Мебель остается по договоренности. 

Документы.
Легко купить. Свободная продажа, быстрый выход на сделку. Звоните и записывайтесь на просмотр.",,66.8,10.4,155.7
https://vidnoye.cian.ru/sale/flat/307080552/,https://images.cdn-cian.ru/images/kvartira-drozhzhino-yuzhnaya-ulica-2262869232-4.jpg,ЖК «Бутово парк 2»,"Московская область, м. Бульвар Дмитрия Донского, Ленинский городской округ, Дрожжино рп, улица Южная, 23",Транспортом,13500000.0,185950.0,3.0,1.0,20.0,72.6,"Продаётся 3-х комнатная квартира напрямую от собственника. Тёплые и светлые комнаты без прямых солнечных лучей, что делает проживание комфортным. Планировка на об стороны (распошной вариант), комнаты изолированные. В коридоре, ванной и кухне установлены теплые полы. В квартире частично остаётся мебель. Быстрый выход на сделку.
 
Расположение: 
Остановка общественного транспорта  у соседнего дома ( конечная остановка). Автобусы к метро каждые 15 минут. 
Дорога к метро - 20-25 минут на транспорте (бульвар Дмитрия Донского ) и 15 минут до МЦД Бутово. 
Быстрый выезд на Симферопольское и Варшавское шоссе.

Инфраструктура района: 
Во дворе находятся : образовательные школы, детские сады, развивашки, поликлиника, сетевые магазины, фитнес центр, кафе, детские площадки итд  
В процессе открытия новые ТЦ  которые будут расположены через дорогу от дома.                                              Агентство и риэлторов просьба не беспокоить.",,72.6,13.5,185.9
https://vidnoye.cian.ru/sale/flat/311232417/,https://images.cdn-cian.ru/images/2349884242-4.jpg,,"Московская область, м. Бульвар Дмитрия Донского, Ленинский городской округ, Боброво пгт, улица Лесная, 18",Транспортом,12000000.0,148939.0,3.0,14.0,19.0,80.57,"Код объекта: 910868.
 Просторная 3х комнатная квартира в новом и современном ЖК ""Восточное Бутово""

 О квартире: 
-Квартира распашного типа, окна выходят на запад и восток
-высокий этаж с панорамным видом,
-выполнен дорогой и качественный ремонт
-комнаты изолированы, просторный коридор, на кухне застекленная лоджия,
-общий, закрывающийся тамбур на 4е квартиры, домофон, видеонаблюдение

Инфраструктура: 
В ЖК имеются все необходимые и социально значимые объекты инфраструктуры (школа, детские сады, спортивно-образовательные центры, сетевые магазины, аптеки и др.)

Транспортная доступность: 
До остановки общественного транспорта несколько минут ходьбы
Удобный выезд на Симферопольское и Варшавское шоссе
До ближайших 2х станций метро и 2х станций МЦД курсирует регулярные маршрутные автобусы

Документы: 
ДДУ 2017 г., 1 Взрослый собственник
Показы по договоренности",,80.6,12.0,148.9
https://vidnoye.cian.ru/sale/flat/309026850/,https://images.cdn-cian.ru/images/kvartira-drozhzhino-yuzhnaya-ulica-2305733994-4.jpg,ЖК «Бутово парк 2»,"Московская область, м. Бульвар Дмитрия Донского, Ленинский городской округ, Дрожжино пгт, шоссе Новое, 8",Транспортом,8950000.0,149167.0,3.0,22.0,25.0,60.0,"Продаётся просторная трёхкомнатная квартира в современном жилом комплексе на Южной улице в рабочем посёлке Дрожжино. Общая площадь квартиры составляет 59,8 кв.м, жилая — 34,58 кв.м, а кухня — 9,51 кв.м. Квартира расположена на 22 этаже 25-этажного панельного дома, построенного в 2018 году. Из окон открывается вид на улицу и во двор, а наличие лоджии добавляет дополнительное пространство.

Квартира без ремонта, что позволяет вам реализовать любые дизайнерские идеи и создать интерьер своей мечты. В квартире отдельный санузел и удобная планировка, которая подойдёт как для семьи, так и для тех, кто ценит простор и комфорт. 

Дом оснащён пассажирским лифтом и пандусом, что делает его удобным для всех категорий жильцов. В шаговой доступности находятся необходимые объекты инфраструктуры: школы, детские сады и магазины, поэтому можно легко планировать ежедневные дела и отдых. До метро ""Бульвар Дмитрия Донского"" можно добраться на автомобиле за 12 минут, что обеспечивает быстрый доступ к столице. Лучшее предложение!

Квартира предлагается к продаже без обременений. Продажа без альтернативы, взрослый собственник, никто не прописан. Все документы готовы к сделке и юридически проверены. Помощь в получении ипотеки, консультация, подбор недвижимости.",,60.0,8.9,149.2
https://vidnoye.cian.ru/sale/flat/311971203/,https://images.cdn-cian.ru/images/2365919765-4.jpg,ЖК «Бутово парк 2»,"Московская область, м. Бульвар Дмитрия Донского, Ленинский городской округ, Дрожжино пгт, шоссе Новое, 12к1",Транспортом,9600000.0,160535.0,3.0,25.0,25.0,59.8,"Код объекта: 1350288.
 Светлая просторная трёхкомнатная квартира в современном ЖК Бутово парк  2. Общая площадь квартиры составляет 59,8 кв.м, жилая — 34,6 кв.м, кухня — 9,5 кв.м. Квартира расположена на 25 этаже 25-этажного монолитного дома, построенного в 2017 году. Из окон открывается вид на улицу и во двор, а наличие лоджии добавляет дополнительное пространство.
Развитая инфраструктура района: школы, детские сады, игровые и спортивные площадки, сетевые магазины, маркетплейсы на первых этажах домов ЖК.
Удобный выезд на Варшавское шоссе, а также к станциям МЦД Бутово и легкого метро Бутовской линии.
Один собственник, объект без обременений, оперативные показы, быстрый выход на сделку.",,59.8,9.6,160.5
https://vidnoye.cian.ru/sale/flat/311945160/,https://images.cdn-cian.ru/images/kvartira-bobrovo-lesnaya-ulica-2365305034-4.jpg,,"Московская область, м. Бульвар Дмитрия Донского, Ленинский городской округ, Боброво пгт, улица Лесная, 22",Транспортом,16500000.0,222073.0,3.0,15.0,17.0,74.3,"Вашему вниманию предлагается отличная 3-х комнатная квартира с двумя панорамными балконами (кухня, спальня). Дом располагается в дали от Симферопольского шоссе, что позволяет не слышать гул от дороги.Квартира располагается на 15 этаже 17-ти этажного сборно-монолитного дома (не угловая). Просторная, светлая и уютная квартира. Ремонт выполнен с использованием дорогих материалов: коридор плитка Италия, ванная комната плитка Италия, сантехника Grohe, кухня Стильные кухни (варочная панель и духовка фирмы Electrolux, а также посудомоечная машина фирмы Bosh), встроенный шкаф стильные кухни, спальня Askona, межкомнатные двери фирмы Sofia, теплый пол (кухня, коридор). Квартира  полностью обустроена и остается практически вся мебель (обсуждается отдельно), распашонка окна на две стороны (лес и двор). Рядом с домом в 3-х минутах располагается автобусная остановка, откуда маршрутное такси домчит
до МЦД-2 Бутово (7 минут) и до метро Бульвар Дмитрия Донского (15 минут). 
Вдоль леса расположена параллельная парковка (платная), но это того стоит всегда будет место. Район полностью обжитой и имеется все необходимое! 
Также рядом с домом располагаются: магазины, парикмахерские, школа, садик, поликлиника, прогулочная аллея на которой расположены много детских игровых и спортивных площадок, кофейни, кафе.
Дом 2018 года постройки, один собственник.",,74.3,16.5,222.1
https://vidnoye.cian.ru/sale/flat/259455252/,https://images.cdn-cian.ru/images/91/791/111/kvartira-bobrovo-lesnaya-ulica-1111971981-4.jpg,,"Московская область, м. Бульвар Дмитрия Донского, Ленинский городской округ, Боброво пгт, улица Лесная, 18к1",Транспортом,11500000.0,149351.0,3.0,17.0,19.0,77.0,"ПРОДАЮ ОТЛИЧНУЮ СВОБОДНУЮ  3-Х КОМНАТНУЮ КВАРТИРУ С КАЧЕСТВЕННЫМ РЕМОНТОМ И ПАНОРАМНЫМ ВИДОМ ИЗ ОКОН В ОБЖИТОМ РАЙОНЕ ""ВОСТОЧНОЕ БУТОВО"". Район с развитой инфраструктурой, есть магазины, школы, детские сады, прогулочные пешеходные зоны. В соседнем доме продуктовый магазин ВЕРНЫЙ. Окна на две стороны, в доме 2 лифта: грузовой и пассажирский.  17-й этаж 17-ти этажного пан. дома 2016 г.п. Общая площадь 76,7 кв.метров, Комнаты - 18, 16 и 15 кв.метров, Кухня - 11 кв.метров, Просторный холл 12 кв.метров, Застеклённая лоджия, домофон, в подъезде и на этаже видеонаблюдение, тамбур запирается. Вид: 2-е комнаты и кухня (лоджия)- во двор, на Запад, 1-на комната- на школу, на Восток, даль, окон напротив нет! Удобное транспортное сообщение с Москвой как на личном так и на общественном транспорте. До метро Бульвар Дмитрия Донского 15 минут на маршрутке, быстрый выезд без пробок на Варшавское и Симферопольское шоссе. Один взрослый собственник.",,77.0,11.5,149.4
https://www.cian.ru/sale/flat/272845907/,https://images.cdn-cian.ru/images/88/786/821/kvartira-moskva-starobitcevskaya-ulica-1286878822-4.jpg,,"Москва, ЮЗАО, р-н Северное Бутово, м. Бульвар Дмитрия Донского, Старобитцевская улица, 21К1",Пешком,16600000.0,210127.0,3.0,1.0,14.0,79.0,"Супер квартира! Единственная на первом этаже в этом подъезде!!!
Комнат по плану 3, но по факту 4. Кладовке размером с комнату. Можно гардеробную сделать. Можно постирочную. Первый этаж разрешает законно переплпнировать мокрые точки. Окна на две стороны и на двор и на улицу(условно), пластиковые. Громадный коридор. Важно. Вытяжка на кухне начинается из потолка, а не как на других этажах(выдвигается на кухню). +0.5м к площади.

Это интересное предложение для людей занимающихся недвижимостью. Или активных, желающих приобрести коммерческую площадь по отличной цене. Если вывести это помещение из жилого фонда, то цена её возрастёт сильно. Продать, или сделать хостел, или всё, что угодно.... Было бы желание активность и знания в этой области.

Так же подходящая квартира для семьи с престарелыми членами и с инвалидами. 1й этаж просторная.... То, что нужно.

Ну для информации:
Метро, школЫ, садЫ, парк, лес(относительно), ТЦ с кинотеатров, всё рядом.
Фоток мало. Потому, что решили подшаманить ремонт, небольшой беспорядок. Лучше смотреть на месте. И желательно в солнечную погоду))). 
Собственника 3. Все взрослые адекватные люди. С нами проблем не будет. Хотим разъехаться.",,79.0,16.6,210.1
https://vidnoye.cian.ru/sale/flat/310922154/,https://images.cdn-cian.ru/images/2343241245-4.jpg,ЖК «Государев дом»,"Московская область, м. Бульвар Дмитрия Донского, Ленинский городской округ, Лопатино пгт, бульвар Солнечный, 4",Транспортом,11590000.0,158767.0,3.0,8.0,10.0,73.0,"Арт. 87315917 Продается просторная 3-х. комнатная квартира комфорт класса в ЖК Государев Дом. 
Удобная планировка квартиры с изолированными комнатами. Квартира распашонка. Кухня объединена с отапливаемой лоджией с панорамными окнами, благодаря чему кухня очень светлая и уютная. Кроме того, для большего комфорта на кухне сделаны теплые полы. 
В квартире сделан ремонт из качественных материалов, все делали для себя. 
В квартире остается кухонный гарнитур с плитой и вытяжкой, также остается гардеробная со шкафом купе. Изюминка квартиры это большая кладовая, где можно разместить все необходимое.
Развитая инфраструктура района. Жилой комплекс имеет все необходимые сетевые и частные магазины, большой ТРК ""Аструм"", фитнес-клуб, кафе, аптеки, пункты выдачи заказов, спортивные и детские площадки, зоны для прогулок. 
Во дворе есть школа, детские сады. 
Рядом с районом располагается историческая усадьба Суханово с большим прудом, где можно проводить время с семьей.
Хорошая транспортная доступность, до метро Бульвар Дмитрия Донского и Аннино, МЦД Бутово, ж/д пл. Расторгуево ходят маршрутные такси.
Комплекс расположен в 7 км от МКАД, на Расторгуевском шоссе. Уже действует съезд с ЮВХ на Симферопольское шоссе. Строится скоростная трасса  (дублер МКАД) Солнцево-Бутово-Видное, благодаря чему улучшится связь между районами и можно будет экономить свое время.  
2 взрослых собственника, полная стоимость в договоре. Материнский капитал не использовался. Квартира продается без обременений, быстрый выход на сделку.
Оперативный показ квартиры в удобное для вас время. Юридическое сопровождение сделки. Бесплатная помощь в одобрении ипотеки любого банка. 
Звоните, чтобы записаться на просмотр вашей будущей квартиры.",,73.0,11.6,158.8
https://vidnoye.cian.ru/sale/flat/302287478/,https://images.cdn-cian.ru/images/kvartira-vidnoe-petrovskiy-proezd-2173920000-4.jpg,,"Московская область, Видное, м. Бульвар Дмитрия Донского, Петровский проезд, 41В",Транспортом,21000000.0,169766.0,3.0,2.0,4.0,123.7,"Прекрасная квартира! Хорошая цена!
Квартира из трех комнат площадью 125 м в малоэтажном жилом комплексе в 15 минутах ходьбы от ст. Расторгуево. Расположена на втором этаже. Просторная гостиная с двумя окнами /29 м/, соединена небольшим проемом с кухней - столовой / 18м/ и выходом на балкон . Основная спальня 24.5 имеет свой санузел с ванной и выход на второй балкон , откуда открывается прекрасный вид. Вторая спальня или детская .25 м имеет  три окна , что дает прекрасную возможность при желании поделить на два помещения под ваши запросы. Прихожая соединена с холлом. Итак два санузла , один оборудован душевой кабиной с гидромассажем и европейской сантехникой, второй санузел имеет просторную ванну и окна для проветривания, что создает приятную расслабленную атмосферу. Квартира мебелирована , Кухня оборудована прекрасной итальянской мебелью и немецкой техникой/ газовая варочная панель и электрическая духовка/
   Квартира по ощущениям практически заменяет загородный дом без хлопот ,закрыл дверь и уехал, в отличии от дома.
      В отделке квартиры использованы высококачественные материалы, пол паркет. 
    Комплекс оборудован видеокамерами.Освещение всей территории в вечернее время, в пешей доступности магазины, спортивный комплекс , больница ,школа, садик, остановка автобуса.Рядом
        На территории проведено полное благоустройство с заменой коммуникаций!
    Парковка во дворе. Есть зона барбекю, и выход в парк , замечательные  соседи ! 
  Все для комфортной жизни! Уникальное место!",,123.7,21.0,169.8
https://vidnoye.cian.ru/sale/flat/308559248/,https://images.cdn-cian.ru/images/2318920589-4.jpg,,"Московская область, м. Бульвар Дмитрия Донского, Ленинский городской округ, Измайлово рп, 3",Транспортом,11500000.0,176110.0,3.0,5.0,5.0,65.3,"Код объекта: 1274557.
 Продается уютная трехкомнатная квартира в рабочем посёлке Измайлово.

О ДОМЕ: 
Кирпичный дом 1982 года постройки. Дом находится в отличном состоянии, подъезд чистый и ухоженный.
Общая площадь квартиры - 65.3 кв.м, 
жилая площадь — 40.4 кв.м, 
кухня — 7.5 кв.м. 
Высота потолков — 2.55 метра. 

В квартире выполнен качественный ремонт, что создает комфортную и современную атмосферу. Планировка включает три светлые комнаты и кухню, окна которых выходят во двор, что обеспечивает тишину и уют. Имеется отдельный санузел и просторная лоджия, где можно насладиться свежим воздухом.

ЛОКАЦИЯ: 
В шаговой доступности находятся школы и магазины, которые обеспечивают все необходимое для комфортной жизни. До станции метро Пражская можно добраться на автомобиле всего за 10 минут, МЦД 5 минут, что делает это предложение особенно привлекательным для тех, кто ценит активный образ жизни и удобство передвижения.

ЮРИДИЧЕСКАЯ ЧАСТЬ:
2 собственника, полная стоимость в ДКП, без обременений и долгов. 

Звоните, оперативный показ!",,65.3,11.5,176.1
https://vidnoye.cian.ru/sale/flat/311158444/,https://images.cdn-cian.ru/images/kvartira-bobrovo-lesnaya-ulica-2348383442-4.jpg,ЖК «Восточное Бутово»,"Московская область, м. Бульвар Дмитрия Донского, Ленинский городской округ, Боброво пгт, улица Лесная, 6к2",Транспортом,13700000.0,191341.0,3.0,22.0,25.0,71.6,"Предлагаем вашему вниманию просторную трехкомнатную квартиру в современном доме, расположенном в поселке городского типа Боброво, на Лесной улице. Общая площадь квартиры составляет 71,6 кв. м, жилая площадь — 41,7 кв. м, а кухня порадует вас размерами в 12,6 кв. м. Квартира находится на 22 этаже 24-этажного дома, построенного в 2023 году. Высокие потолки (2,9 метра) создают ощущение простора и света.

В квартире выполнен косметический ремонт, что позволяет вам сразу же въехать и жить комфортно. Удобная планировка включает в себя три комнаты, просторную кухню и два санузла — один совмещенный и один отдельный. Окна выходят во двор, поэтому, а значит, в квартире тихо и спокойно, что особенно важно для комфортной жизни.

Дом оснащен двумя пассажирскими и одним грузовым лифтом, что делает его удобным для проживания, особенно на высоких этажах. Также в доме есть пандус, поэтому можно легко перемещаться с колясками или велосипедами. В шаговой доступности находятся школы, детские сады и магазины, что делает квартиру идеальным выбором для семей с детьми. До метро ""Бульвар Дмитрия Донского"" можно добраться на автомобиле всего за 8 минут.

Квартира продается без посредников, поэтому вы можете быть уверены в чистоте сделки. Все документы готовы к продаже, и вы можете без проблем стать новым собственником этого прекрасного жилья.

Звоните и записывайтесь на просмотр! Мы будем рады показать вам квартиру в любое удобное для вас время.",,71.6,13.7,191.3
https://vidnoye.cian.ru/sale/flat/311249986/,https://images.cdn-cian.ru/images/2350198813-4.jpg,,"Московская область, м. Бульвар Дмитрия Донского, Ленинский городской округ, Бутово рп, Бутово Парк ЖК, 3",Транспортом,12900000.0,163706.0,3.0,2.0,25.0,78.8,"Код объекта: 1340452.
 ЛУЧШЕЕ ПРЕДЛОЖЕНИЕ В ЖК "" БУТОВО ПАРК""
УНИКАЛЬНАЯ,СОВРЕМЕННАЯ,ФУНКЦИОНАЛЬНАЯ КВАРТИРА РАСПАШОНКА!!!

УНИКАЛЬНОСТЬ КВАРТИРЫ:
-современный дизайнерский ремонт из дорогих материалов
-много функциональных зон: большая кухня, две спальни, гостиная,
два балкона с теплым полом(все комнаты изолированы).
-комфортный второй этаж
-монолитный дом, что обеспечивает идеальную t* в квартире(зимой и летом)
-само расположение дома удобное для тех, кто ценит тишину и уют:
-развитая инфраструктура района есть ВСЁ сетевые магазины, школа, детские сады, парк и т.д.
-всё необходимое для комфортной жизни находится буквально в шаговой доступности.
-наземная парковка около дома, при этом нет шума от центральных дорог.
-в пешей доступности МЦД Бутово, до центра Москвы можно добраться за 3040 минут на общественном транспорте.

Юридические аспекты:
-Свободная продажа, 1 взрослый собственник.
-Для просмотра и получения дополнительной информации свяжитесь с нами по телефону.
-Оперативные показы и быстрый выход на сделку гарантированы!!!
-Позвоните прямо сейчас и начните новую главу вашей жизни в этой уютной квартире.",,78.8,12.9,163.7
https://www.cian.ru/sale/flat/257844922/,https://images.cdn-cian.ru/images/66/208/901/kvartira-moskva-ulica-zaharinskie-dvoriki-1098026627-4.jpg,,"Москва, ЮЗАО, р-н Южное Бутово, м. Бульвар Дмитрия Донского, улица Захарьинские Дворики, 3к1",Транспортом,16800000.0,204878.0,3.0,8.0,14.0,82.0,"Аванс и задаток не принимаем без подобранной себе альтернативы.Квартира-серия П46м (была, есть и будет- Москва. ЮЗАО район Южное Бутово) в доме , где все квартиры куплены у Правительства Москвы( не приватизация) , где чисто и тихо, нет квартир по соц.найму. Квартира внутри дома ( не торцевая и не угловая). Ремонт сделан для себя с планами на будущее проживание, но необходим переезд по семейным обстоятельствам. В квартире установлены-обогреватель воды, теплый пол на кухне, мини погребок на балконе, потайные ниши в сан.узлах, большая раздвижная перегородка (Мистер Дорс) в подростковой комнате, во всех комнатах и коридоре натяжные ткан.потолки (Клипсо). Микрорайон с развитой инфраструктурой: во дворе дома школа ,2 детских садика с бассейнами, игровые и детские оборудованные площадки, 2 стадиона , 2 мин.ходьбы к двум поликлиникам (детская и взрослая), стр.магазины, супермаркеты. Рядом Ледовый дворец с тремя ледовыми зонами, спортивный клуб, 2 бассейна с морской водой.В шаговой доступности остановки общественного транспорта .Транспортная доступность: до метро (серая и оранжевая ветки)-15 мин на обществен.транспорте; до электрички (Курское направление) - 15 мин.пешком. Собственники 3 ""здоровых"" совершинолетних, без обременений. Альтернатива. Квартира продается с мебелью: подростковая. спальня, кухня+ бытовая техника и стир.машина.Агентам по предоставлению услуг на продажу, просьба не звонить. Просмотр по договоренности. Торг реальному покупателю.",,82.0,16.8,204.9
https://vidnoye.cian.ru/sale/flat/309737038/,https://images.cdn-cian.ru/images/2319772419-4.jpg,ЖК «Бутово парк 2»,"Московская область, м. Бульвар Дмитрия Донского, Ленинский городской округ, Дрожжино рп, улица Южная, 14",Транспортом,11300000.0,151475.0,3.0,17.0,17.0,74.6,"Id 44184. Продаётся трехкомнатная квартира уже в развитом ЖК!

Идеальная распашная планировка с тремя изолированными комнатами.

Два взрослых собственника, полная стоимость в договоре, без обременений, 
никто не прописан, свободная продажа, квартира покупалась у застройщика.

В квартире выполнен качественный ремонт от собственника!

Общая площадь квартиры с учетом лоджии 79,1 кв.м.

В шаговой доступности: школа, детский сад, поликлиника, необходимые магазины, детские площадки.
Выезд на Варшавское и Симферопольское шоссе.
Автобусы до: МДЦ Бутово, м. Бульвар Дмитрия Донского, м. Аннино, м. Академика Янгеля, м. Пражская в 10-20 минутах езды.

Оперативный показ.

Дополнительные вопросы по телефону!",,74.6,11.3,151.5
https://vidnoye.cian.ru/sale/flat/308424911/,https://images.cdn-cian.ru/images/kvartira-butovo-park-2292465508-4.jpg,ЖК «Бутово парк»,"Московская область, м. Бульвар Дмитрия Донского, Ленинский городской округ, Бутово рп, Бутово Парк ЖК, 20к2",Транспортом,13500000.0,177632.0,3.0,12.0,25.0,76.0,"В современном жилом комплексе Бутово парк. Удобное расположение на 12 этаже 25-этажного дома. Общая площадь — 76 кв. м, кухня — 13.8 кв. м. Комнаты 11.9, 15.8, 18.9.Окна выходят на две стороны: во двор и на улицу, что дает много естественного света.
Агенства просьба не беспокоить,без покупателя, есть свой агент. 
Квартира с качественным евроремонтом: современная отделка, функциональная планировка. Просторная кухня оборудована всей необходимой техникой фирмы Siemens. Есть балкон и лоджия, с тёплым остеклением,где можно устроить уютное место для отдыха.

Дом в отличном состоянии: оборудован двумя грузовыми и одним пассажирским лифтами, вход в подьезд без единой ступеньки, подъезде видеонаблюдение и бдительный консьерж. Наземная парковка позволяет вам всегда найти место для автомобиля. Территория ухожена, регулярно проводятся все необходимые работы по обслуживанию.

Район с развитой инфраструктурой: в шаговой доступности школы, детские сады, магазины,фитнес. До станции мцд Бутово — всего 18 минут пешком. 
Чистая продажа от собственника, возможна ипотека. Все документы готовы к сделке, обременений нет.в квартире никто не прописан. Идеальный вариант для семей, которые ищут комфорт и удобство в одном из лучших районов Подмосковья.Рядом лес. 

Записывайтесь на просмотр и приходите оценить все преимущества этой квартиры",,76.0,13.5,177.6
https://vidnoye.cian.ru/sale/flat/307081085/,https://images.cdn-cian.ru/images/2262875991-4.jpg,ЖК «Видный город»,"Московская область, Видное, м. Бульвар Дмитрия Донского, бульвар Мстислава Ростроповича, 4к1",Транспортом,8499000.0,140712.0,3.0,3.0,8.0,60.4,"Id 379624. Пpoдaетcя  светлая , просторная треxкомнатная кваpтирa с oбщeй площaдью 60,4 м²  без учета лоджии, в совpeмeннoм  ЖK ""Bидный гoрод"", с уникальной архитектурой европейского стиля. 
Квартира -распашонка , окна выходят на две стороны,  что создаёт комфортную прохладу летом. 

Кваpтиpa бeз peмонтa, с хoрошей планировкой: три жилых комнаты (гостиная в 16,1м², и две спальни 10,2 м² и 11,2 м²), в которые можно попасть из просторного (8,4 м²) коридора, а также кухня и раздельный санузел. Отличная очень просторная  эркерная лоджия  Установлены трёхкамерные стеклопакеты, радиаторы, залита стяжка пола.
ЖК находится в 5 км от МКАД и имеет отличную транспортную доступность. Имеется  свой торговый центр.  В паре минут пешком расположена остановка общественного транспорта, от которой можно добраться до станций метро Аннино, Бульвар Дмитрия Донского, Бутово и железнодорожной станции Расторгуево.
""Видный город"" расположен неподалеку от старинной усадьбы Суханово, Расторгуевского парка, Булатниковского пруда с пляжной зоной. Зеленый массив расположен всего в минуте ходьбы от домов. Район уже обжитой: есть своя поликлиника,  магазины, аптеки, кафе, пвз различных онлайн-площадок и пр. Также неподалеку есть два детских сада, две школы, стадион с футбольным полем, баскетбольными площадками и дорожками для пробежек. На территории расположены детские и спортивные площадки. Двор закрытый , благоустроен. Уже растут деревья и кустарники ,посажены клумбы. 
 У квартиры 1 взрослый  собственник, квартира без обременений, и маткапитала, никто не прописан , полная стоимость в договоре. Свободная продажа.   Подходит под ипотеку любого банка. Одобрение с преференциями банков партнёров бесплатно для покупателей этой квартиры.  Юридическое сопровождение сделки . 
Отличный вариант для молодой семьи. Приезжайте , смотрите и вам не захочется отсюда уезжать!.",,60.4,8.5,140.7
https://vidnoye.cian.ru/sale/flat/309571065/,https://images.cdn-cian.ru/images/kvartira-drozhzhino-yuzhnaya-ulica-2316420749-4.jpg,ЖК «Бутово парк 2»,"Московская область, м. Бульвар Дмитрия Донского, Ленинский городской округ, Дрожжино рп, улица Южная, 19",Транспортом,13000000.0,171053.0,3.0,5.0,19.0,76.0,"В продаже 3-комнатная квартира. Сделан хороший ремонт, теплые полы, 2 бойлера, корпусная мебель фирмы Стильные кухни, натяжные тканевые потолки. В подъезде и на этаже видеонаблюдение. Хорошие соседи, проживают все собственники. Дверь МОПа закрывается. Квартира покупалась у застройщика. Автобусы до метро и МЦД.",,76.0,13.0,171.1
https://vidnoye.cian.ru/sale/flat/305385638/,https://images.cdn-cian.ru/images/2231878869-4.jpg,ЖК «Восточное Бутово»,"Московская область, м. Бульвар Дмитрия Донского, Ленинский городской округ, Боброво пгт, улица Крымская, 13",Транспортом,10300000.0,130051.0,3.0,17.0,19.0,79.2,"Продаётся светлая 3-х комнатная квартира  по адресу: Московская область, деревня Боброво, ул. Крымская, дом 13, Дом серии П-44Т 2016 года постройки. Квартира в собственности. Квартира без ремонта, но со всей комплектацией от застройщика: установлена ванная, есть выключатели, две лоджии застеклены. Общая площадь квартиры 79.2 кв.м., три изолированные комнаты: 11.1 кв.м., 13.9 кв.м., 18.9 кв.м. просторная кухня 13 кв.м.. В ЖК развитая инфраструктура: детские сады, школа, поликлиника. На территории ЖК Восточное Бутово фитнесс клуб, ледовый каток, продуктовые магазины (Пятерочка, Верный, Вкусвилл, Магнит и т.д.), прогулочная аллея, недалеко от дома находится лес с оборудованной зоной отдыха с беседками. Остановка общественного транспорта находится в двух минутах от дома. До метро Бульвар Дмитрия Донского 15 минут на общественном транспорте, до МЦД Бутово можно доехать за 20 минут. Полная стоимость в договоре. Свободная продажа. Показ по предварительной договоренности.  Звоните!",,79.2,10.3,130.1
https://vidnoye.cian.ru/sale/flat/286252211/,https://images.cdn-cian.ru/images/kvartira-bobrovo-krymskaya-ulica-2135598809-4.jpg,ЖК «Восточное Бутово»,"Московская область, м. Бульвар Дмитрия Донского, Ленинский городской округ, Боброво пгт, улица Крымская, 15",Транспортом,11999999.0,151515.0,3.0,6.0,19.0,79.2,"Собственник, квартире сделан косметический ремонт , все готово для новых жильцов, которые хотят сделать ремонт по своему желанию.Отличный тёплый дом, грамотная планировка, большие балконы, которые можно превратить в продолжение комнат, раздельный санузел. Распашонка, окна выходят на детские площадки.",,79.2,12.0,151.5
https://vidnoye.cian.ru/sale/flat/311501086/,https://images.cdn-cian.ru/images/2355963199-4.jpg,ЖК «Видный город»,"Московская область, Видное, м. Бульвар Дмитрия Донского, бульвар Мстислава Ростроповича, 4к1",Транспортом,8750000.0,144628.0,3.0,4.0,8.0,60.5,"Id 49346. Трехкомнатная квартира общей площадью 64 м² (вместе с лоджией)
Квартира наполнена большим количеством естественного света
Распашонка на две стороны 


ЖК ВИДНЫЙ ГОРОД - это светский пригород, расположенный в 5 км от МКАД
По Варшавскому шоссе.
ПОБЕДИТЕЛЬ ПРЕМИИ URBAN AWARDS
Практически со всех сторон комплекс окружен лесными массивами


Хорошая транспортная доступность: до ближайших станции м.Бульвар Дмитрия Донского и м.Аннино 10-15 минут на общественном транспорте. 5 км от МКАД по Варшавскому шоссе. В шаговой доступности остановки автобусов до ж/д станций Расторгуево (5 минут до станции, Павелецкое направление) и Бутово (Курское направление)

СВОБОДНАЯ ПРОДАЖА
БЫСТРЫЙ ВЫХОД НА СДЕЛКУ
ОПЕРАТИВНЫЙ ПОКАЗ",,60.5,8.8,144.6
https://vidnoye.cian.ru/sale/flat/310422023/,https://images.cdn-cian.ru/images/kvartira-bobrovo-lesnaya-ulica-2340683652-4.jpg,,"Московская область, м. Бульвар Дмитрия Донского, Ленинский городской округ, Боброво пгт, улица Лесная, 24к1",Транспортом,14000000.0,187919.0,3.0,10.0,17.0,74.5,"Продается просторная трёшка с хорошим дорогим ремонтом!
Один собственник (я).В квартире никто не прописан. 
по документам: ДКП ,никаких обременений,залогов ,мат.капиталов и тд
Почти вся мебель остается,заезжай и
живи)все фото соответствуют реальности.
Прекрасное расположение дома (в центре района),рядом 3 садика,2 школы,поликлиника.
Озон,Валдберис,Яндекс Маркет,пятерочка,верный,вкус вилл,додо,все рядом с домом.

свободная продажа.
быстрый выход на сделку!",,74.5,14.0,187.9
https://vidnoye.cian.ru/sale/flat/310728210/,https://images.cdn-cian.ru/images/2339164940-4.jpg,,"Московская область, м. Бульвар Дмитрия Донского, Ленинский городской округ, Боброво пгт, улица Крымская, 17к1",Транспортом,11500000.0,151715.0,3.0,13.0,17.0,75.8,"Арт. 552970  Продается большая, светлая квартира  со свежим ремонтом. В квартире никто не зарегистрирован, без обременений, полная стоимость в договоре.  Хороший район с развитой инфраструктурой, рядом магазины, детский сад.
Объект  552970

Номер объекта: #1/552970/16438",,75.8,11.5,151.7
https://vidnoye.cian.ru/sale/flat/310036699/,https://images.cdn-cian.ru/images/kvartira-novodrozhzhino-2325845121-4.jpg,,"Московская область, м. Бульвар Дмитрия Донского, Ленинский городской округ, Новодрожжино рп, 2",Транспортом,9500000.0,148438.0,3.0,10.0,10.0,64.0,"Уютная светлая трёшка, инфраструктура обжитая магазины, школа, детский сад всё рядом, дом в 2020 году утеплен и косметический ремонт сделан, в квартире тоже косметический ремонт",,64.0,9.5,148.4
https://vidnoye.cian.ru/sale/flat/296251308/,https://images.cdn-cian.ru/images/kvartira-drozhzhino-yuzhnaya-ulica-2057747021-4.jpg,ЖК «Бутово парк 2»,"Московская область, м. Бульвар Дмитрия Донского, Ленинский городской округ, Дрожжино рп, улица Южная, 9",Транспортом,12300000.0,163564.0,3.0,10.0,19.0,75.2,"Продается квартира с хорошим , свежим ремонтом с использованием качественных материалов,  в районе с развитой инфраструктурой . Отличная планировка, кондиционер, дорогая входная дверь, кладовка(возможно переоборудовать под второй санузел). Школа, детский сад , детская поликлиника, магазины ""Пятерочка"", ""Магнит"", зона отдыха-  в шаговой доступности. Удобное транспортное сообщение.",,75.2,12.3,163.6
https://vidnoye.cian.ru/sale/flat/311160555/,https://images.cdn-cian.ru/images/kvartira-butovo-park-2348444570-4.jpg,,"Московская область, м. Бульвар Дмитрия Донского, Ленинский городской округ, Бутово пгт, Бутово Парк ЖК, 23к1",Транспортом,17999999.0,201568.0,3.0,18.0,22.0,89.3,"Продается квартира с полом из массива дуба от премиального производителя Coswick, которое не только придает интерьеру роскошный вид, но и обладает множеством преимуществ, которые сделают вашу жизнь комфортнее и уютнее.
Натуральность и экологичность
Прочность и долговечность
Эстетическая привлекательность
Комфорт и тепло
Премиальная плитка и керамогранит Porcelanosa. 
Просторная ванная компании Balteco, оснащенной сантехникой Damixa. 
Размер ванной чаши 1,8м на 1,2м позволит вам и вашим детям наслаждаться водными процедурами в полном комфорте, не испытывая дискомфорта и тесноты.  
Защита от протечек воды Neptun, которая обеспечит вам спокойствие и комфорт. 
Дизайнерские обои Roberto Cavalli
Электрика ABB с розетками и выключателями Legrand, светотехникой Philips. 

Высококачественная варочная панель Siemens
Держатель винных бокалов и полка для вин
Объединенная кухонная зона и гостиная комната: Такое решение позволяет вам наслаждаться готовкой и общением с близкими одновременно. Это идеальное место для семейных ужинов и вечеринок с друзьями.
Дизайнерская фактурная штукатурка.
Кухня итальянского производства компании Lube
Ищете идеальное место для кулинарных шедевров и уютных семейных ужинов? Представляем вашему вниманию квартиру с кухней итальянского производства компании Lube, которая сочетает в себе современный дизайн и передовые технологии. Отсутствие фурнитуры в виде ручек: Инновационное решение без ручек придает кухне современный и минималистичный вид. Это не только эстетично, но и практично, так как упрощает уход за поверхностью.

Из окон открывается вид на  МГУ и Москва Сити. 

Квартира продаётся вместе с машиноместом 112 на подземном паркинге. При покупке обоих лотов скидка 100 000 рублей

Собственник. Агентов без конкретных предложений о покупке прошу не беспокоить.",,89.3,18.0,201.6
https://vidnoye.cian.ru/sale/flat/311773168/,https://images.cdn-cian.ru/images/2361691188-4.jpg,,"Московская область, м. Бульвар Дмитрия Донского, Ленинский городской округ, Бутово пгт, Бутово Парк ЖК, 20к2",Транспортом,13500000.0,177632.0,3.0,12.0,25.0,76.0,"Номер в базе: 4322066. Отличная трехкомнатная квартира площадью 76 квадратных метров в живописном районе Бутово-Парк! Тип планировки ""Распашонка"" - из окон открывается потрясающий вид на ухоженный двор, улицу, парк и лес, создающий атмосферу спокойствия и уюта. Во дворе дома находятся детская и спортивная площадки, где ваши дети смогут безопасно играть и развиваться. 
В шаговой доступности расположены школа, детский сад, торговый центр и фитнес-центр, что делает этот район идеальным для семейной жизни.  Станции метро ""Улица Скобелевская"", ""Бульвар Адмирала Ушакова"", ""Бульвар Дмитрия Донского"" и ""Улица Старокачаловская"" находятся в непосредственной близости, что обеспечивает удобный доступ к любой точке города. 

Не упустите возможность стать владельцем этой замечательной квартиры, которая сочетает в себе комфорт, качество и близость к природе!  

Звоните прямо сейчас, чтобы записаться на просмотр и увидеть всё своими глазами! И самое главное: покупая эту квартиру через агентство недвижимости ""Этажи"", Вы получаете полную юридическую защиту и никаких рисков. Мы поможем вам получить ипотеку во всех ведущих банках с преференциями от 0,3%, а также экономить на страховых взносах 20-30% ежегодно. Кроме того, гарантийный сертификат до 25 миллионов рублей. Не упустите возможность приобрести эту квартиру и обеспечить себе и своей семье комфортное жилье в тихом и зеленом районе. Свяжитесь с нами сегодня, и мы поможем вам осуществить вашу мечту! 



Код пользователя: 171440",,76.0,13.5,177.6
https://vidnoye.cian.ru/sale/flat/305964196/,https://images.cdn-cian.ru/images/kvartira-drozhzhino-yuzhnaya-ulica-2242836679-4.jpg,ЖК «Бутово парк 2»,"Московская область, м. Бульвар Дмитрия Донского, Ленинский городской округ, Дрожжино пгт, улица Южная, 3к1",Транспортом,16700000.0,189773.0,3.0,19.0,26.0,88.0,"ПОМОЩЬ В ПРОДАЖЕ НЕ ТРЕБУЕТСЯ!
Продается просторная 3-комнатная квартира в новом доме по адресу: Московская область, Ленинский городской округ, рабочий посёлок Дрожжино, Южная улица, 3к1. Квартира расположена на 19-м этаже 26-этажного панельного дома, построенного в 2022 году. Общая площадь квартиры составляет 88 кв. м, жилая площадь — 47.5 кв. м, площадь кухни — 21.3 кв. м. Высота потолков — 2.6 метра. Окна выходят как на улицу, так и во двор.

Квартира с евроремонтом, поэтому можно сразу заехать и жить без дополнительных вложений. В квартире есть совмещенный и отдельный санузлы, что удобно для большой семьи или гостей. Просторная кухня станет отличным местом для семейных обедов и ужинов. В квартире также есть вся необходимая мебель и техника, что избавит вас от лишних хлопот.

Дом оснащен всеми необходимыми удобствами: один пассажирский лифт и два грузовых, что позволяет быстро и удобно добираться до квартиры. Дом в отличном состоянии, так как построен в 2022 году. Имеется парковка, поэтому можно не беспокоиться о том, где оставить автомобиль.

Рядом с домом находятся школы и детские сады, поэтому ваши дети смогут быстро и безопасно добираться до учебных заведений. В шаговой доступности расположены магазины, что удобно для ежедневных покупок. До метро ""Бульвар Дмитрия Донского"" можно доехать на автомобиле за 11 минут, поэтому транспортная доступность на высоком уровне.

Квартира продается от собственника, поэтому возможна покупка в ипотеку. Все документы готовы к сделке, собственность без обременений. Звоните,так же могу скинуть видео если тут не загрузится",,88.0,16.7,189.8
https://vidnoye.cian.ru/sale/flat/299414115/,https://images.cdn-cian.ru/images/2201804987-4.jpg,ЖК «Государев дом»,"Московская область, м. Бульвар Дмитрия Донского, Ленинский городской округ, Лопатино пгт, улица Сухановская, 8",Транспортом,11490000.0,174620.0,3.0,3.0,10.0,65.8,"Арт. 68062548 СРОЧНАЯ ПРОДАЖА!!!
ЖК ""Государев дом"" — масштабный жилой комплекс, расположенный в 5 км от МКАД на границе с г. Видное, недалеко от станции метро ""Бульвар Дмитрия Донского"". Практически со всех сторон объект окружен водоемами и лесными массивами, что позволяет круглый год наслаждаться чистым воздухом.На территории 80 га создан гармоничный ансамбль из девятиэтажных жилых домов со стильными фасадами, благоустроенными дворами и всем необходимым для комфортной жизни. Среди социальных объектов - две школы на 2 200 учащихся, одна из которых уже открыла свои двери, и четыре детских сада на 800 мест, два из них уже работают. Жители комплекса могут воспользоваться и услугами торгового центра ""Аструм-Видное"", а также многочисленных предприятий коммерческой инфраструктуры. На первых этажах домов распахнули свои двери многочисленные магазины, кафе, пекарни, аптеки, салоны красоты, пункты доставки товаров. Для автомобилей предусмотрены наземные паркинги. 
Продается 3-х комнатная квартира Светлая, уютная квартира с дизайнерским ремонтом. Общая площадь - 65.88кв.мО доме:2016 года постройки. Чистый подъезд, приличные соседи. Во дворе детские площадки и зоны отдыха. Два детских сада, две школы, детская поликлиника в 3х минутах ходьбы. Транспортная доступность: Метро ""Бульвар Дмитрия Донского "" Маршрутка 1224к (18 минут в пути) Остановка ""ЖК Государев дом"" ЖК ""Государев дом"" всего в 5 км от МКАД. Автовладельцы могут добраться до комплекса по Варшавскому шоссе или по трассе М4-Дон. В среднем дорога на автомобиле от МКАД занимает 10 минут. Удобный выезд на трассу Солнцево-Бутово-Видное. Показ по предварительной договоренности. Юридическое сопровождение и гарантия безопасности сделки. 
ИПОТЕКА от 12,9% БЕСПЛАТНАЯ КОНСУЛЬТАЦИЯ ПО ВСЕМ ВОПРОСАМ НЕДВИЖИМОСТИ.
 Видео сделано в режиме 360 градусов (вы можете смотреть во все стороны с помощью мышки на экране компьютера или при вращении телефона, а также рассмотреть пол и потолок). К сожалению, не все гаджеты могут корректно отображать данный режим. С помощью компьютера Вы сможете увидеть все детали дома во всех ракурсах.",,65.8,11.5,174.6
https://vidnoye.cian.ru/sale/flat/311962937/,https://images.cdn-cian.ru/images/kvartira-bobrovo-krymskaya-ulica-2365739885-4.jpg,,"Московская область, м. Бульвар Дмитрия Донского, Ленинский городской округ, Боброво пгт, улица Крымская, 25",Транспортом,17800000.0,238926.0,3.0,12.0,16.0,74.5,"Продаём квартиру с дизайнерский ремонтом. В квартире сделана перепланировка, убрана одна лоджия, убран коридор соединены с комнатой, за счёт чего существенно расширена гостиная. В прихожей, туалете, на кухне и на лоджие - тёплые полы. В комнате с лодкой на стене также имеется застекленая лоджия.",,74.5,17.8,238.9
https://vidnoye.cian.ru/sale/flat/312051418/,https://images.cdn-cian.ru/images/2367669033-4.jpg,ЖК «Видный город»,"Московская область, Видное, м. Бульвар Дмитрия Донского, улица Святослава Рихтера, 5к1",Транспортом,12300000.0,130851.0,3.0,6.0,8.0,94.0,"Код объекта: 1350486.
 Продаётся просторная трёхкомнатная квартира в городе Видное, по адресу: Московская область, Ленинский городской округ, улица Святослава Рихтера, дом 5, корпус 1.

Квартира расположена на шестом этаже восьмиэтажного кирпично-монолитного дома 2020 года постройки. Общая площадь квартиры составляет 94 квадратных метра, из которых 64 — жилая площадь. Площадь кухни — 16 кв. м, а три комнаты имеют площадь 20, 22 и 22 кв. м соответственно. Высота потолков — 3,5 метра. В квартире нет отделки, что даёт новым владельцам возможность воплотить свои дизайнерские идеи.

В доме установлены пассажирский и грузовой лифты, отопление центральное, перекрытия выполнены из железобетонных плит. Окна квартиры выходят на улицу, открывая вид на окружающую застройку.

Мы гарантируем безопасную сделку и юридическую поддержку нашим клиентам. Поможем одобрить ипотеку с сниженной ставкой.

Не упустите свой шанс стать обладателем этой замечательной квартиры!",,94.0,12.3,130.9
https://vidnoye.cian.ru/sale/flat/301020198/,https://images.cdn-cian.ru/images/kvartira-drozhzhino-yuzhnaya-ulica-2151694710-4.jpg,ЖК «Бутово парк 2»,"Московская область, м. Бульвар Дмитрия Донского, Ленинский городской округ, Дрожжино рп, улица Южная, 25",Транспортом,13410000.0,181216.0,3.0,17.0,17.0,74.0,"Продается квартира в ЖК Бутово Парк 2 (в собственности более 5 лет). У района отличная транспортная доступность. Тип дома п44-т. Ремонт сделан под себя качественно и продуманно, разводка воды и электричества, водяной полотенцесушитель. Идеальная планировка для большой семьи или для тех, кто любит простор.  Две утепленные лоджии с теплым полом, на одной расположено полноценное рабочее место, на другой помещается тренажер. Отличное расположение дома:  окна во двор (на школу) и на лес/остановку. До автобусной остановки 2 минуты пешком. 
В районе есть вся необходимая инфраструктура: школы, детские сады, поликлиника, большое количество детских площадок, пункты выдачи OZON, Boxberry, СДЭК, Wildberries. МАГАЗИНЫ: Пятерочка, Магнит, Вкусвилл. Квартира расположена на последнем этаже, от чего одни только плюсы: минимум соседей, только снизу и по одной стене сбоку. 
В квартире прописан один взрослый собственник (дети не прописаны). 
АГЕНТАМ И РИЕЛТОРАМ ПРОСЬБА НЕ БЕСПОКОИТЬ!!!!!!!!!!!!!!!!!!!",,74.0,13.4,181.2
https://vidnoye.cian.ru/sale/flat/304170060/,https://images.cdn-cian.ru/images/kvartira-drozhzhino-novoe-shosse-2209635531-4.jpg,ЖК «Бутово парк 2»,"Московская область, м. Бульвар Дмитрия Донского, Ленинский городской округ, Дрожжино рп, шоссе Новое, 5",Транспортом,15200000.0,154158.0,3.0,22.0,25.0,98.6,"3-х комнатная квартира
Московская область, Ленинский район, д. Дрожжино, ул. Новое шоссе, дом 5 (ЖК Бутово парк 2)
22/25П, 2014 г.п., типовая серия КОПЭ.
98.6/60.1/ кухня 11 кв.м
Квартира с хорошей планировкой, все комнаты изолированные 14-17.3-27 кв.м,  кладовая- гардеробная 4.8 кв.м, холл 12.5 кв.м,  два с/у, две застекленные лоджии, панорамный вид.
Достойная входная группа, чистый подъезд.

В пешей доступности школа, детский сад, поликлиника, детские и спортивные площадки, магазины. Д2 ""Бутово"" 3 остановки на автобусе, до метро Лесопарковая ходит маршрутка.

Прямая продажа, один собственник",,98.6,15.2,154.2
https://vidnoye.cian.ru/sale/flat/297277453/,https://images.cdn-cian.ru/images/kvartira-butovo-park-2077601873-4.jpg,,"Московская область, м. Бульвар Дмитрия Донского, Ленинский городской округ, Бутово рп, Бутово Парк ЖК, 23к2",Транспортом,22400000.0,248889.0,3.0,18.0,22.0,90.0,"Отличный вариант! Лучшая квартира района, бизнес-класс! 

Вашему вниманию предлагается солнечная квартира с потрясающими панорамными видами. 

Планировка функциональна и продумана до мелочей. В передней части квартиры расположены: просторная прихожая, гостевой санузел, кладовая и роскошная кухня-гостиная. В приватной части  3 изолированные спальни (взрослая мастер-спальня с собственным санузлом и гардеробной). Любую из детских спален можно легко трансформировать в кабинет. Высокие потолки. По факту квартира четырехкомнатная - пять (5) окон. 

Весь ремонт выполнен из самых качественных натуральных материалов, в светлых кремовых тонах, в классическом стиле. Произведена звукоизоляция пола и стен, граничащих с соседями. Есть система приточно-вытяжной вентиляции, индивидуальный тепловой пункт (ИТП). Что дает возможность не подстраиваться под городской — а иметь индивидуальный режим отопления и нагрева воды. В отделке квартиры и мебели использованы натуральное дерево, гранит. Мебель, текстиль, техника идеально сочетаются. Система кондиционирования предусмотрена в каждой комнате. 

Закрытая территория дома снабжена:
+ круглосуточное видео-наблюдение
+ охрана
+ пропускная система
+ наземные парковки у подъездов и на территории комплекса возле дома
+ подземный паркинг (подземные парковки)
+ входные группы на уровне земли (без ступеней, подходит для маломобильных групп населения и людей с маленькими детьми = пандус)

Дом граничит с лесным массивом (лес смешанный и сосны), есть отдельные выходы к лесу для прогулок, занятия спортом на свежем воздухе. 

В непосредственной близости от дома находятся магазины, школы, детские сады, фитнес-центры, кафе и рестораны, МФЦ. 

Один взрослый собственник, быстрый выход на сделку. Оперативный показ, без комиссии для покупателя.",,90.0,22.4,248.9
https://vidnoye.cian.ru/sale/flat/311663609/,https://images.cdn-cian.ru/images/2359444217-4.jpg,,"Московская область, м. Бульвар Дмитрия Донского, Ленинский городской округ, Боброво пгт, улица Лесная, 18",Транспортом,14700000.0,195739.0,3.0,7.0,17.0,75.1,"Номер в базе: 1788699. Вашему вниманию 3к квартира с качественным дизайнерским ремонтом общей площадью 75,1 м² в тихом экологичном районе в окружение Бутовского лесопарка!

О ДОМЕ
Застройщик МОРТОН
ЖК ""Восточное Бутово""
Серия  Град 1М
Год - постройки  2017 год 
Тип дома  панельный/монолитный


ОБ ОБЪЕКТЕ
77,1 м² общая площадь 
11 м² кухня
17,7 м² комната
15,6 м² комната
14,4 м² комната
2,7 м² ванна
1,1 м² санузел 
4,0 м² балкон (2,0 м² к общей площади)

В квартире выполнен качественный дорогостоящий ремонт. 
Входная дверь итальянского производства с перекодировкой замков. Итальянские межкомнатные двери с магнитными замками и скрытыми петлями, во всех комнатах итальянские обои и итальянские потолочные люстры, на полу ламинат 33 класса с имитацией под паркетную доску. Трубы отопления в комнатах убраны в короба, радиаторы заменены. Потолки оштукатуренные, выровненные, окрашенные. В большой комнате установлен кондиционер.
В кухне вся техника немецкого производства BOSCH и Korting, кухонный гарнитур из массива, столешница искусственный камень, установлен кондиционер, посудомоечная машина.
В санузле инсталляция GEBIRIT, стены выложены испанской плиткой.
Балкон с выходом из кухни, на стенах плитка под сколотый камень, на полу тоже плитка.
Вид из одной комнаты на лес, остальные окна выходят во двор на детскую площадку и школу.
Мебель и техника  после продажи остается по согласованию с собственником.

О ЛОКАЦИИ
Жилой комплекс располагается в прекрасном, тихом месте с ухоженной благоустроенной территорией и развитой инфраструктурой. Рядом в шаговой доступности школы и детские сады, магазины, медицинские центры, магазины для животных, ветеринарная клиника, салоны красоты, фитнес-клуб, школа танцев, множество разнообразных детских площадок, пешеходная аллея с детскими площадками, столами для тенниса, спортивными тренажерами, так есть поле для волейбола, баскетбола и футбола. 
В 15 минутах езды от дома находится Усадьба Суханово. К усадьбе прилегает живописный парк с липовой аллеей, елями, искусственно созданными прудами. Посетить территорию могут все желающие, вход бесплатный, по близости  еще расположена Свято-Екатерининская пустынь.

ТРАНСПОРТНАЯ ДОСТУПНОСТЬ
Хорошая транспортная доступность. Рядом с домом автобусная остановка. До метро ул. Старокачаловская или МЦД  2 Бутово на автобусе 20-25 минут, на автомобиле 15-20 минут.
До МКАД 7 км, 10-15 минут. Быстрый и удобный выезд на Симферопольское шоссе.

О ДОКУМЕНТАХ
1 взрослый собственник
Приобреталась по ДДУ
Перепланировок не было
Полная стоимость в ДКП

Звоните и организуем оперативный показ в удобное время. При необходимости поможем оформить ипотеку с пониженной процентной ставкой.
Код пользователя: 148522",,75.1,14.7,195.7
https://vidnoye.cian.ru/sale/flat/310332311/,https://images.cdn-cian.ru/images/kvartira-bobrovo-lesnaya-ulica-2331218836-4.jpg,,"Московская область, м. Бульвар Дмитрия Донского, Ленинский городской округ, Боброво пгт, улица Лесная, 22к2",Транспортом,14500000.0,181250.0,3.0,4.0,17.0,80.0,"Продаётся трёхкомнатная кваpтира нa 4 этажe в coвpeменном микрopайоне.
Кваpтирa oчень светлая, уютнaя , 72,2 кв.м бeз учeта лoджии.
В квартире сделан качественный ремонт, есть бойлер на случай отключения горячей воды.
 Удобный коpидop, квapтиpа - рacпaшoнкa, лoджия застеклена (установлены новые стеклопакеты).
Квартира находится в середине дома (не угловая), зимой тепло, летом не жарко. 
Хорошие  культурные соседи.
Динамично-развивающийся район со своей инфраструктурой. 
Несколько детских садов, две школы в 2 минутах ходьбы от дома. 
Рядом сетевые магазины, кафе, аптеки, ПВЗ (Озон, WВ, Яндекс и т.д..) и всё это в непосредственной близости от дома.
 Отличный вариант для молодой семьи. 
Один взрослый собственник.
Быстрый выход на сделку.
Прямая продажа. 
Подходит под ипотеку и материнский капитал.",,80.0,14.5,181.2
https://vidnoye.cian.ru/sale/flat/310874257/,https://images.cdn-cian.ru/images/2342272261-4.jpg,ЖК «Бутово парк 2»,"Московская область, м. Бульвар Дмитрия Донского, Ленинский городской округ, Дрожжино пгт, шоссе Новое, 2",Транспортом,15200000.0,180952.0,3.0,13.0,25.0,84.0,"Код объекта: 1332120.
 Продаётся уютная трёхкомнатная квартира с шикарнейшим ремонтом!

В ЖК ""Бутово Парк 2"" есть всё необходимое для комфортной жизни!

О КВАРТИРЕ: квартира очень светлая, так как окна выходят как в открытый двор, так и на улицу, присутствует вся необходимая мебель и гарнитура которую собственник с радостью оставит новым счастливым обладателям жилья (по договорённости), сделан хороший ремонт, комфортная планировка и приятная для глаза цветовая гамма квартиры! В данной квартире нет ничего лишнего, дополнительные моменты декора которые отлично сочетаются с жильём! Квартира оборудована 2 мощными сплит-системами (охлаждение-обогрев). Кухня сделана на заказ от компании Стильные кухни. Все техника Bosch. Встроены индукционная плита, посудомоечная машина (полноразмерная), микроволновая печь, полноразмерный духовой шкаф. Кухонная мойка оборудована интегрированным измельчителем Bone Crasher. Имеется система очистки воды до состояния питьевой с подачей через один кран с проточной водой. 
В одной комнате выполнено зонирование лоджии алюминиевым профилем с крупноформатным панорамным остеклением. Диван раскладной-двуспальный с системой хранения. Сделан на заказ от мебельной фабрики Moon. В двух комнатах установлены римские шторы с затемнением блэкаут. Зоны окон обследованы с тепловизором  не продуваются. Батареи греют сильно. Можно регулировать их нагрев вручную. В прихожей установлен вместительный шкаф IKEA, в дальней комнате  гардеробная IKEA. Установлена металлическая дверь полностью из стали 3 мм в двумя замками Cisa.

О ДОМЕ: панельный дом отличного качества 2020-го года постройки, в наличии один пассажирский лифт и один грузовой, отопление которое отлично прогревает все комнаты, железобетонный тип перекрытия. Двери в подъезде и лифтовом холле оборудованы видеодомофоном с управлением через приложение на телефоне с открыванием через Face ID (распознавание лица). Первый этаж с лифтами расположен на одном уровне с улицей. Реализована программа доступная среда. Удобный проход с детскими колясками. В доме 2 лифта (грузовой и пассажирский). Выход из подъезда на две стороны  на улицу и во двор. Двор закрытый  без машин. Доступ к двум калиткам по ключ-карте или через приложение. Во дворе  детская площадка с горками, качелями и песочницей, зона отдыха. В доме расположен продуктовый магазин Вкус Вилл, аптека.

О ЛОКАЦИИ: хорошо развита инфраструктура, в пешей доступности продуктовые магазины, аптеки, тренажерный зал, торговый центр, школы и сады, парк, озеро и остановки общественного транспорта!

О РАСПОЛОЖЕНИИ: вокруг находится густой лес который будет гарантировать для вас свежий воздух, тишину и отличное место для прогулок! Автобусная остановка расположена через дорогу. Быстро и без проблем можно добраться до метро!

О СДЕЛКЕ: на квартире нет никаких обременений , все документы готовы к быстрому выходу на сделку, один собственник, никто не прописан, полная стоимость в договоре, свободная продажа!

Все документы готовы к сделки!

Звоните в любое",,84.0,15.2,181.0
https://vidnoye.cian.ru/sale/flat/307387274/,https://images.cdn-cian.ru/images/kvartira-usadba-suhanovo-2269893138-4.jpg,,"Московская область, м. Бульвар Дмитрия Донского, Ленинский городской округ, д. Суханово, Усадьба Суханово ЖК, 2",Транспортом,16700000.0,190857.0,3.0,2.0,5.0,87.5,"Продается трехкомнатная квартира в ЖК ""Усадьба Суханово"" с грамотной планировкой в экологически чистом районе!

 Расположение: Уютный природный район с развитой инфраструктурой и красивыми природными пейзажами. На территории ЖК есть детский сад, магазины, ПВЗ, недалеко расположены частные и муниципальные школы, рестораны и кафе, премиальный фитнес клуб. В шаговой доступности усадьба конца XVIII в — идеальное место для прогулок, утренних пробежек и отдыха на свежем воздухе, на территории есть теннисные корты и живописные озера. Двор огорожен, есть джетская площадка и система видеонаблюдения.

 Характеристики квартиры:
- Находится на втором этаже.
- Кухня и гостиная всегда наполнены светом благодаря расположению на южной стороне.
- Качественный современный ремонт.

 Включено в продажу:
- Полностью меблирована, что позволяет вам сразу заселиться и жить комфортно.
- Вся встроенная техника от премиум-брендов NEFF, MIELE.
- Текстиль: все шторы и текстиль также остаются.

Завершается строительство новой скоростной дороги неподалеку, что позволит быстро и комфортно добираться до Москвы или МКАД, СВХ.",,87.5,16.7,190.9
https://vidnoye.cian.ru/sale/flat/309000136/,https://images.cdn-cian.ru/images/2304843864-4.jpg,ЖК «Бутово парк 2»,"Московская область, м. Бульвар Дмитрия Донского, Ленинский городской округ, Дрожжино пгт, шоссе Новое, 8к1",Транспортом,11350000.0,151333.0,3.0,15.0,17.0,75.0,"Номер в базе: 3813542. Продается великолепная трехкомнатная квартира, которая станет идеальным местом для комфортной жизни вашей семьи! 
О квартире:
- Удобная планировка ""распашонка"" — три изолированные комнаты, просторная кухня с выходом на балкон, а также раздельный санузел, что обеспечит вам максимальный комфорт и приватность.
- В квартире только что завершен качественный ремонт, выполненный с использованием современных материалов. Вы сможете наслаждаться свежим и стильным интерьером, не тратя время на дополнительные вложения.
- Окна квартиры выходят на северо-восток и юго-запад, что обеспечивает отличное естественное освещение в течение всего дня.
Документы:
- Один взрослый собственник, собственность более 5 лет, прописанных нет, обременений и долгов нет. Это гарантирует вам безопасную и быструю сделку!
Инфраструктура района:
Район с развитой инфраструктурой порадует вас своим удобством! В шаговой доступности находятся: школа, детский сад, поликлиника, магазины, кафе, аптеки, а также торговые и фитнес-центры. Для активного отдыха вы найдете лесопарки, детские и спортивные площадки, где ваши дети смогут весело проводить время.
Транспортная доступность:
- Удобные выезды на Варшавское и Симферопольское шоссе обеспечат вам легкий доступ к другим районам города.
- Остановка общественного транспорта всего в 3 минутах пешком от дома.
- Автобусы до МДЦ Бутово, м. Бульвар Дмитрия Донского, м. Аннино, м. Академика Янгеля и м. Пражская всего в 10-20 минутах езды.
Код пользователя: 82035",,75.0,11.3,151.3
https://vidnoye.cian.ru/sale/flat/307890645/,https://images.cdn-cian.ru/images/kvartira-bobrovo-lesnaya-ulica-2282500465-4.jpg,ЖК «Восточное Бутово»,"Московская область, м. Бульвар Дмитрия Донского, Ленинский городской округ, Боброво пгт, улица Лесная, 2",Транспортом,16100000.0,185057.0,3.0,5.0,16.0,87.0,"Уютная Евро четверка в новостройке ПИК. Три комнаты и кухня-гостиная. В квартире останется дизайнерская кухня.(Фурнитура Blum). В квартире два санузла и есть место для гардеробной. Планировка очень удачная.

Квартира находится в быстро развивающимся районе ЖК Восточное Бутово, Московской области. Удобные закрытые дворы. Наличие платной парковке. В районе в шаговой доступности сады, школы, поликлиника для детей и взрослых и вся инфраструктура. 

Есть автобусы до метро (20 минут до Бульвара Дмитрия Донского) и до МЦД (15 минут до МЦД Бутово).

В 2025 году планируется сдача дороги Солнцево-Бутово-Видное. 

Квартира находиться в обременении (ипотека). Все вопросы по поводу продажи обсудим с реальным покупателем.",,87.0,16.1,185.1
https://vidnoye.cian.ru/sale/flat/310761706/,https://images.cdn-cian.ru/images/2339805192-4.jpg,,"Московская область, м. Бульвар Дмитрия Донского, Ленинский городской округ, Боброво пгт, улица Лесная, 18к1",Транспортом,14990000.0,194675.0,3.0,15.0,17.0,77.0,"Срочная продажа !!!
Ипотека в Сбербанке . Перевод долга под 5,5 %.
Продаем 3-х комнатную квартиру с дизайнерским ремонтом . Квартира меблирована , имеется все для достойного проживания . Рассмотрим все предложения !! Поможем с ипотекой ( если нужно будет одобрение ). 
1 собственник , свободная продажа ,  документы готовы к сделке . 
Показ оперативный . 
Звоните !!!",,77.0,15.0,194.7
https://vidnoye.cian.ru/sale/flat/303204038/,https://images.cdn-cian.ru/images/kvartira-vidnoe-svyatoslava-rihtera-ulica-2189923384-4.jpg,ЖК «Видный город»,"Московская область, Видное, м. Бульвар Дмитрия Донского, улица Святослава Рихтера, 5к2",Транспортом,10000000.0,147929.0,3.0,4.0,8.0,67.6,"Продается трехкомнатная квартира, без ремонта. Общая площадь 67,6 кв.м  без учета лоджии, два французских балкона, 4 этаж.  
Удобная планировка, окна выходят на сторону леса и во двор. Площадь комнат: 17.3, 11, 12.,кухня 10.1 кв.м.  Один собственник, ипотека выплачена, мат. капитал при покупке не использовался.  В шаговой доступности школа, детский садик, ТЦ, магазины, фитнес клуб, МФЦ.
Так же имеется кладовое помещение площадью 4 кв.м в этом же доме, цокольный этаж, продаются отдельно после продажи квартиры.",,67.6,10.0,147.9
https://vidnoye.cian.ru/sale/flat/310636044/,https://images.cdn-cian.ru/images/2340382374-4.jpg,ЖК «Бутово парк 2»,"Московская область, м. Бульвар Дмитрия Донского, Ленинский городской округ, Дрожжино пгт, шоссе Новое, 2",Транспортом,10590000.0,158060.0,3.0,1.0,25.0,67.0,"ОН 22413. Продам 3х комнатную квартиру в новом доме на первом этаже. Особенность этой квартиры - высокие потолки более 5 метров и толстые монолитные стены, что позволяет сделать перепланировку с устройством второго этажа (антресолей). Ремонт от застройщика, по состоянию - требуется косметика или дизайн проект по вашему желанию. Все комнаты изолированные, просторный холл -12 кв.м, два санузла, один санузел используется как кладовка, но можно полностью восстановить его функционал. Кухня-столовая 12 кв.м с мебелью, посудомоечной машиной. Отдельный тамбур на две квартиры, хорошие соседи. Закрытый благоустроенный двор без машин с детской и спортивной площадками. Развитая инфраструктура: в этом доме ""Аптека"", магазин ""ВкусВилл"", "" Четыре лапы"". В шаговой доступности школа, детский сад, поликлиника, сетевые магазины, торговый комплекс. Большой зеленый массив ""Бутовский лесопарк"". Хорошая транспортная доступность: остановка автобуса в 5 минутах ходьбы, до метро Щербинка - 6 минут, Бутово - 7 минут, бульвар Дмитрия Донского - 12 минут. Один собственник. Полная стоимость в договоре.",,67.0,10.6,158.1
https://vidnoye.cian.ru/sale/flat/306666853/,https://images.cdn-cian.ru/images/kvartira-bobrovo-lesnaya-ulica-2255503694-4.jpg,ЖК «Восточное Бутово»,"Московская область, м. Бульвар Дмитрия Донского, Ленинский городской округ, Боброво пгт, улица Лесная, 18к1",Транспортом,16000000.0,205128.0,3.0,14.0,17.0,78.0,"Продается уютная трехкомнатная квартира с евроремонтом и повышенной шумоизоляцией в современном жилом комплексе по адресу: Московская область, Ленинский городской округ, рабочий посёлок Боброво, Лесная улица, 18к1. Общая площадь квартиры составляет 78 кв. м, жилая площадь — 48 кв. м, площадь кухни — 10,8 кв. м, просторный коридор - 15 кв. м с большим встроенным шкафом. В ванной, туалете, холле, лоджии и на кухне тёплые полы. Каждая комната и кухня оборудованы кондиционерами. В сантехшкафу установлен бойлер объёмом 100 л. Утеплённая лоджия с качественной отделкой и двойными стеклопакетами. 
Окна на две стороны, во двор и на школу. В доме 2 лифта: грузовой и пассажирский.
Жилой комплекс располагается в прекрасном, тихом месте с ухоженной благоустроенной территорией и развитой инфраструктурой. Рядом в шаговой доступности школы и детские сады, магазины, медицинские центры, магазины для животных, ветеринарная клиника, салоны красоты, фитнес-клуб, школа танцев, множество разнообразных детских площадок, пешеходная аллея с детскими площадками, столами для тенниса, спортивными тренажерами, футбольное поле.
Хорошая транспортная доступность. Рядом с домом автобусная остановка. До метро Бульвар Дмитрия Донского или МЦД 2 Бутово на автобусе 20-25 минут, на автомобиле 15-20 минут.
До МКАД 7 км, 10-15 минут. Быстрый и удобный выезд на Симферопольское шоссе.  Уважаемые риэлторы, в ""пoмoщи"" агентов в прoдаже, пpодвижeнии и т.п. и т.д. не нуждаемся!!! Приводите только реальных покупателей!",,78.0,16.0,205.1
https://vidnoye.cian.ru/sale/flat/306391181/,https://images.cdn-cian.ru/images/kvartira-bobrovo-krymskaya-ulica-2250852587-4.jpg,,"Московская область, м. Бульвар Дмитрия Донского, Ленинский городской округ, Боброво пгт, улица Крымская, 9к1",Транспортом,12200000.0,150990.0,3.0,14.0,19.0,80.8,"Предлагается к продаже  просторная трехкомнатная квартира в хорошем состоянии, встроенная кухня с импортной встроенной техникой Bosch, Ariston и т.д. (варочная панель, духовка, микроволновая печь, посудомоечная машина, двухкамерный холодильник), квартира имеет 2 застекленные лоджии, одна из которых имеет качественную отделку, подсветку и встроенный обогрев полов, установлен кондиционер, зона санузла полностью отремонтирована (инженерная сантехника FAR, Rehau и т.д.,), один собственник, более 5 лет, зарегистрирован 1 человек (собственник) свободная продажа, полная стоимость.",,80.8,12.2,151.0
https://vidnoye.cian.ru/sale/flat/305392313/,https://images.cdn-cian.ru/images/2250957144-4.jpg,ЖК «Государев дом»,"Московская область, м. Бульвар Дмитрия Донского, Ленинский городской округ, Лопатино пгт, бульвар Солнечный, 4",Транспортом,11590000.0,158767.0,3.0,8.0,10.0,73.0,"Все комнаты изолированные, окна  во двор и на улицу. Есть гардеробная и кладовая, кухня объединена с отапливаемой лоджией, панорамные окна. Качественный ремонт под себя. Теплые полы на кухне. Остается кухонный гарнитур с плитой и вытяжкой и гардеробная.
2 взрослых собственника, без обременений, полная стоимость в договоре. 
Развитая инфраструктура: рядом детский сад и школа, парковки, аптеки, химчистки, кафе, фитнес клуб и т.п. 
ТЦ Аструм, МФЦ, почтовое отделение, супермаркеты Лента, Перекресток, Мираторг, Пятерочка, Верный, Вкусвилл. 
Рядом лес и усадьба ""Суханово"". 
Транспортная доступность: маршрутные такси и автобусы до метро Аннино и м. Бульвар Дмитрия, МЦД Бутово, ж/д пл. Расторгуево.",,73.0,11.6,158.8
https://vidnoye.cian.ru/sale/flat/312056331/,https://images.cdn-cian.ru/images/2367763000-4.jpg,ЖК «Государев дом»,"Московская область, м. Бульвар Дмитрия Донского, Ленинский городской округ, Лопатино пгт, бульвар Солнечный, 4",Транспортом,11590000.0,158767.0,3.0,8.0,9.0,73.0,"Id 49590. Все комнаты изолированные, окна  во двор и на улицу. Есть гардеробная и кладовая, кухня объединена с отапливаемой лоджией, панорамные окна. Качественный ремонт под себя. Теплые полы на кухне. Остается кухонный гарнитур с плитой и вытяжкой и гардеробная.
2 взрослых собственника, без обременений, полная стоимость в договоре. 
Развитая инфраструктура: рядом детский сад и школа, парковки, аптеки, химчистки, кафе, фитнес клуб и т.п. 
ТЦ Аструм, МФЦ, почтовое отделение, супермаркеты Лента, Перекресток, Мираторг, Пятерочка, Верный, Вкусвилл. 
Рядом лес и усадьба ""Суханово"". 
Транспортная доступность: маршрутные такси и автобусы до метро Аннино и м. Бульвар Дмитрия, МЦД Бутово, ж/д пл. Расторгуево.",,73.0,11.6,158.8
https://vidnoye.cian.ru/sale/flat/310473853/,https://images.cdn-cian.ru/images/2334134532-4.jpg,ЖК «Государев дом»,"Московская область, м. Бульвар Дмитрия Донского, Ленинский городской округ, Лопатино пгт, улица Сухановская, 37",Транспортом,11500000.0,175038.0,3.0,4.0,9.0,65.7,"Id 48765. !СОВЕРШЕННО НОВАЯ! 3 комнатная квартира 65.7 м²!

Квартира только после ремонта, никто не проживал
Новое оборудование и мебель. Готовое к использованию.
Мебель и техника вся остаётся


Особенности квартиры:

Дизайнерский ремонт, выполненный в светлых, гармоничных и уютных тонах, создающих атмосферу спокойствия и комфорта. В каждом помещении продуманы детали, подчеркивающие стиль и элегантность интерьера.

Просторная кухня, оснащённая новой встроенной техникой:

Плита и духовой шкаф 
Холодильник с большой вместимостью,
Посудомоечная машина, которая облегчит повседневную жизнь,
Микроволновая печь и кухонная вытяжка

В спальне установлен туалетный столик , выполненный в тёплых, расслабляющих тонах, создающих атмосферу уюта. спальни с акцентом на стиль и комфорт, 

Просторная гардеробная комната

Вся мебель и техника новые — всё делалось для себя с максимальным вниманием к качеству и удобству.

Квартира в безупречном состоянии  сделана с вниманием к каждой мелочи и готова к проживанию с первого дня. Идеальный вариант для тех, кто ценит качество и комфорт.

Отличная транспортная доступность:
до метро Аннино маршрутное такси 1019
до метро Бульвар Дмитрия Донского маршрутное такси 1224
до ж/д пл. Бутово МЦД, автобус 379
до ж/д пл. Расторгуево автобус 379, маршрутное такси 1019

ПО ДОКУМЕНТАМ: без обременений, 1 собственник, полная сумма в договоре, мат.капитал не использовался
БЕСПЛАТНАЯ помощь в одобрении ипотеки любого банка
ЮРИДИЧЕСКОЕ сопровождение сделки",,65.7,11.5,175.0
https://vidnoye.cian.ru/sale/flat/308254232/,https://images.cdn-cian.ru/images/2289236391-4.jpg,ЖК «Государев дом»,"Московская область, м. Бульвар Дмитрия Донского, Ленинский городской округ, Лопатино пгт, бульвар Солнечный, 7",Транспортом,14000000.0,200000.0,3.0,7.0,9.0,70.0,"Id 25073. Продается уютная 3-комнатная квартира с дизайнерским ремонтом!
- Совмещенный санузел с новой раковиной, душевой кабиной и встроенной стиральной машиной.
- Кухня под ключ с всей необходимой техникой для комфортного приготовления пищи.
- Просторная утепленная лоджия с панорамным остеклением, где можно наслаждаться прекрасными видами.
Все комнаты изолированы, высота потолков составляет 2,7 метра, что создает ощущение простора. Из окон открывается живописный вид на озелененный двор и тихий частный сектор.

Инфраструктура:
В шаговой доступности находятся:
- 3 детских сада
- МБОУ Лопатинская средняя общеобразовательная школа
- Супермаркеты (Лента, Пятерочка) и магазины стройматериалов
- Торговый центр Аструм

Для активного отдыха всего в 15 минутах находится Расторгуевский парк и водоем.

Локация:
Всего 5 километров от МКАД по Каширскому или Расторгуевскому шоссе и трассе М-4. 

Дополнительно:
В квартире проведена новая электропроводка, чистый подъезд и хорошие соседи. Во дворе оборудована детская площадка, посажены клумбы и деревья.

Быстрый выход на сделку! Показ в удобное для вас время!

Не упустите возможность стать владельцем этой замечательной квартиры! Звоните прямо сейчас!",,70.0,14.0,200.0
https://vidnoye.cian.ru/sale/flat/305764917/,https://images.cdn-cian.ru/images/kvartira-butovo-park-2-2239633714-4.jpg,,"Московская область, м. Бульвар Дмитрия Донского, Ленинский городской округ, Дрожжино пгт, Бутово Парк 2 тер.",Транспортом,16000000.0,175824.0,3.0,9.0,17.0,91.0,"чистая квартира, окна во двор и стадион. не на проезжей части, дома тихо. соседи приличные. магазины и остановки в шаговой доступности.",,91.0,16.0,175.8
https://vidnoye.cian.ru/sale/flat/308116522/,https://images.cdn-cian.ru/images/2286757169-4.jpg,ЖК «Бутово парк 2»,"Московская область, м. Бульвар Дмитрия Донского, Ленинский городской округ, Дрожжино пгт, шоссе Новое, 7",Транспортом,15000000.0,151976.0,3.0,13.0,25.0,98.7,"Арт. 74861590 Продается просторная, светлая и уютная 4-комнатная квартира (по тех. документации 3-я) с приятным видом на тихий двор. Прекрасный вариант для семьи, не требующий больших вложений. 

Общая площадь квартиры 102 кв.м. (с учетом лоджии и балкона). Функциональная планировка: просторные изолированные комнаты, 2 санузла, утепленные балкон и лоджия, просторная кухня, предусмотрена гардеробная. В квартире выполнен качественный ремонт с заменой всех коммуникаций. Состояние хорошее, частично требуется косметический ремонт. Без перепланировок! Продажа со встроенной мебелью и техникой. 

Располагается она на среднем 13 этаже. Для удобства в доме установлено 3 современных лифта. Небольшое количество квартир на этаже, приятные и дружные соседи. На первом этаже консьерж. Безопасность в доме обеспечивает круглосуточное видеонаблюдение. Видеодомофон. 

ЖК расположен в экологичном районе: вблизи Бутовского лесопарка, благоустроенного Дрожжинского пруда с зонами отдыха. Хорошо развита инфраструктура: школы, детские сады, детские и спорт.площадки, поликлиники и клиники, аптеки, продуктовые, кафешки, салоны красоты, пункты выдачи и т.д. находятся в шаговой доступности.

Остановка общественного транспорта в 5 минутах от дома. До метро Бульвар Дмитрия Донского, метро Аннино можно доехать за ~17-30 минут на общественном транспорте. До МЦД Бутово — за 12-15 мнут. Удобные выезды на Варшавское и Симферопольское шоссе. Можно быстро добрать до Москвы на автомобиле. 

Более 5 лет в собственности. Полная стоимость в ДКП. Без обременений. Никто не прописан! 
Подходит под ипотеку! 
Альтернатива на квартиру в Москве. 

Звоните! Показы по договоренности.",,98.7,15.0,152.0
https://vidnoye.cian.ru/sale/flat/310027713/,https://images.cdn-cian.ru/images/kvartira-drozhzhino-novoe-shosse-2325738316-4.jpg,ЖК «Бутово парк 2»,"Московская область, м. Бульвар Дмитрия Донского, Ленинский городской округ, Дрожжино пгт, шоссе Новое, 2",Транспортом,15500000.0,184524.0,3.0,13.0,25.0,84.0,"При заключении договора до 31.12.2024 г. - СКИДКА!!!
Продается светлая и теплая 3 комнатная квартира (распашная) с просторной кухней-гостиной и  двумя санузлами. Квартира оборудована 2 мощными сплит-системами (охлаждение-обогрев). Кухня сделана на заказ от компании Стильные кухни. Все техника Bosch. Встроены индукционная плита, посудомоечная машина (полноразмерная), микроволновая печь, полноразмерный духовой шкаф. Кухонная мойка оборудована интегрированным измельчителем Bone Crasher. Имеется система очистки воды до состояния питьевой с подачей через один кран с проточной водой. 
В одной комнате выполнено зонирование лоджии алюминиевым профилем с крупноформатным панорамным остеклением. Диван раскладной-двуспальный с системой хранения. Сделан на заказ от мебельной фабрики Moon. В двух комнатах установлены римские шторы с затемнением блэкаут. Зоны окон обследованы с тепловизором  не продуваются. Батареи греют сильно. Можно регулировать их нагрев вручную. В прихожей установлен вместительный шкаф IKEA, в дальней комнате  гардеробная IKEA.
Большую часть мебели и бытовую технику оставляем. Цена вместе с ней обсуждается.
Установлена металлическая дверь полностью из стали 3 мм в двумя замками Cisa. Двери в подъезде и лифтовом холле оборудованы видеодомофоном с управлением через приложение на телефоне с открыванием через Face ID (распознавание лица). Первый этаж с лифтами расположен на одном уровне с улицей. Реализована программа доступная среда. Удобный проход с детскими колясками. В доме 2 лифта (грузовой и пассажирский). Выход из подъезда на две стороны  на улицу и во двор. Двор закрытый  без машин. Доступ к двум калиткам по ключ-карте или через приложение. Во дворе  детская площадка с горками, качелями и песочницей, зона отдыха. В доме расположен продуктовый магазин Вкус Вилл, аптека. В районе развитая инфраструктура  в пешей доступности детские сады, школы, поликлиника. Много продуктовых магазинов и мест общественного питания  кафе. Автобусная остановка расположена через дорогу. Маршрут до метро Бульвар Дмитрия Донского. Ехать минут 20. В пешей доступности остановка на Варшавском шоссе  автобусы до МЦД Бутово (минут 10), Бульвар Дмитрия Донского, Аннино, Лесопарковая и т.д. Удобно добираться до аэропортов Домодедово и Внуково.
Продажа напрямую от собственника. Квартира готова к продаже. В квартире никто не прописан (постоянной регистрации никогда не было), все счета оплачены, долгов за коммунальные услуги нет",,84.0,15.5,184.5
https://vidnoye.cian.ru/sale/flat/304227546/,https://images.cdn-cian.ru/images/2278531016-4.jpg,ЖК «Южная Битца»,"Московская область, м. Бульвар Дмитрия Донского, Ленинский городской округ, пос. Битца, Южная Битца ЖК, бульвар Южный",Транспортом,14990000.0,196461.0,3.0,19.0,24.0,76.3,"Продается 3-х комнатная квартира 76,3 кв.м. Семейный жилой район класса Комфорт Плюс. Квартира сдается с отделкой White box. 
Квартира с предчистовой отделкой (White box). Вам не придётся заниматься черновыми трудоёмкими работами, а чистовую отделку и дизайн сделаете по своему вкусу.
1 Собственник. Свободная продажа. ПЕРЕУСТУПКА от физ.лица. Можно без первоначального взноса. 
Инфраструктура:
Внутренняя инфраструктура ЖК Южная Битца будет включать четыре детских сада, две школы, супермаркеты, кафе, пекарни, аптеки и другие предприятия сферы услуг на первых этажах.
Для жителей района Южная Битца доступна развитая инфраструктура ближайших московский районов Чертаново, Южное, Бирюлево Западное, Северное Бутово и Южное Бутово, где работают множество образовательных и медицинских учреждений, торгово-развлекательные центры, кафе, рестораны, спорткомплексы, кинотеатры, парки.
В 2,5 км от комплекса находится гипермаркет Леруа Мерлен, в 3,2 км - ТРЦ Шелковый путь, в 11 км - ТРЦ Мега Теплый стан. Недалеко работают ещё несколько крупных торговых центров, а также супермаркеты Магнит, Дикси, Пятерочка, Ярче! и магазин МясновЪ. Примерно десять минут на транспорте займет дорога до бассейна Олимп и спортивного клуба Спорт вариант.
Близость крупных магистралей не отражается на экологии: рядом с ЖК Южная Битца находятся Лесопарковая зона Подольского лесничества и Бутовский лесопарк. Воздух здесь всегда свежий и чистый. Из окон зданий комплекса открываются живописные виды на ближайшие лесные просторы.",,76.3,15.0,196.5
,,,,,14053556.649402391,182255.86852589643,—,—,—,76.85719665271967,Средние значения,251,76.9,14.1,182.3
,,,,,19432761.85714286,247754.04761904763,—,—,—,77.23333333333333,Средние значения,21,77.2,19.4,247.8
,,,,,13562411.826086957,176275.6,—,—,—,76.82656108597284,Средние значения,230,76.8,13.6,176.3
,,,,,13543095.603896104,178369.7857142857,—,—,—,75.5945945945946,Средние значения,154,75.6,13.5,178.4
,,,,,14863979.340206185,188425.52577319587,—,—,—,78.91065934065934,Средние значения,97,78.9,14.9,188.4
