card_url,image_url,В ЖК,Адрес,От метро,"Цена, ₽","Цена за м², ₽",Комнат,Этаж,Этажность,Площадь,description,Количество,"Площадь, м²","Цена, млн. ₽","Цена за м², тыс. ₽"
https://vidnoye.cian.ru/sale/flat/304792679/,https://images.cdn-cian.ru/images/2370345428-4.jpg,ЖК «Южная Битца»,"Московская область, м. Бульвар Дмитрия Донского, Ленинский городской округ, пос. Битца, Южная Битца ЖК, 10",Транспортом,13467671.0,219701.0,2.0,17.0,22.0,61.3,"Максимальные скидки при 100% оплате.
Прямая продажа от застройщика! Семейный жилой район класса Комфорт Плюс
Продаётся 2-к квартира номер 111 общей площадью 61.3 кв.м. на 17-м этаже 22 этажного дома. Отделка Whitebox.

Особенности:
- Квартира доступна к покупке в Trade-In.
- Распашная
- Раздельный санузел
- Гостевой санузел
- Большая кухня
- Ниша под шкаф
- Гардеробная
- Лоджия

Квартира с предчистовой отделкой (White box). Вам не придётся заниматься черновыми трудоёмкими работами, а чистовую отделку и дизайн сделаете по своему вкусу.

Расположение комплекса: 
Сочетание свободного перемещения по внутреннней территории без машин и ощущения абсолютной безопасности благодаря надежным ограждениям - вот что отличает ЖК Южная Битца. На территории комплекса созданы все условия как для активного образа жизни, так и для спокойного времяпрепровождения. Свободно перемещайтесь по внутренней территории в безбарьерной среде! 
Продуманное зонирование во дворах позволяет отделить тихие зоны для родителей со спящими младенцами и тех, кто хочет почитать на свежем воздухе, от шумных игровых зон. Игровые зоны учитывают возраст детей. Площадки для детей старшего возраста вынесены за пределы дворов. Ощущение уютного дома должно начинаться с подъезда. Мы постарались предусмотреть все нюансы, чтобы наши лифты отвечали самым строгим современным требованиям. А наличие кладовых позволит вам поддерживать идеальный порядок и уют в вашей квартире!

Транспортная доступность:
В 3 км от МКАД в нескольких минутах езды до трех станций метро: Аннино, Бульвар Дмитрия Донского, улица Старокочаловская и станции МЦД2 - жд Бутово. Открылся участок (10й) ЮВХ и вместе с ним съезд на МКАД от ЖК.

Внутренняя инфраструктура:
Для жителей жилого района ""Южная Битца"" доступна развитая инфраструктура близлежащих московских районов Чертаново, Южное, Бирюлёво Западное, Северное Бутово и Южное Бутово. Множество образовательных учреждений, объекты здравоохранения, торговые и развлекательные центры, кинотеатры, кафе, рестораны, парки.
 
Цены указаны с учетом скидки. Продам 2-комнатную квартиру рядом с метро Бульвар Дмитрия Донского.",,61.3,13.5,219.7
https://podolsk.cian.ru/sale/flat/308892636/,https://images.cdn-cian.ru/images/kvartira-podolsk-prospekt-lenina-2302753725-4.jpg,,"Московская область, Подольск, мкр. Красная горка, м. Бульвар Дмитрия Донского, проспект Ленина, 8",Транспортом,8700000.0,135725.0,,,,,"КВАРТИРА ЮРИДИЧЕСКИ И ФИЗИЧЕСКИ СВОБОДНА. РЕАЛИЗАЦИЯ НЕПРОФИЛЬНЫХ АКТИВОВ ПАО СОВКОМБАНК
Адрес: г. Подольск, пр-кт. Ленина, дом. 8
Кадастровый номер: 50:55:0010204:142
Продажа квартиры в кирпичном доме 2011 года постройки. Квартира в хорошем жилом состоянии, с изолированной планировкой, лоджией, окнами во двор.
В шаговой доступности различные объекты: школа, поликлиника, ресторан и кафе, горнолыжный комплекс Красная горка, Парк культуры и отдыха им. в. Талалихина и р. Пахра, церкви, магазины (Дикси, Пятерочка, Ремит и т.д.), ТЦ, остановки общественного транспорта и др. 10 минут до центра города, 15 минут на авто до Железнодорожной станции Подольск (МЦД-2), ходят автобусы на Москву.
Подробности на фото и по телефону.
Прямая продажа актива. НЕ ТОРГИ! Продается 2-комнатная квартира рядом с метро Бульвар Дмитрия Донского.",,nan,8.7,135.7
https://vidnoye.cian.ru/sale/flat/304792580/,https://images.cdn-cian.ru/images/2370345111-4.jpg,ЖК «Южная Битца»,"Московская область, м. Бульвар Дмитрия Донского, Ленинский городской округ, пос. Битца, Южная Битца ЖК, 10",Транспортом,14107643.0,238708.0,2.0,14.0,22.0,59.1,"Максимальные скидки при 100% оплате.
Прямая продажа от застройщика! Семейный жилой район класса Комфорт Плюс
Продаётся 2-к квартира номер 398 общей площадью 59.1 кв.м. на 14-м этаже 22 этажного дома. Чистовая отделка.

Особенности:
- Квартира доступна к покупке в Trade-In.
- Линейная
- Раздельный санузел
- Гостевой санузел
- Большая кухня
- Гардеробная
- Лоджия

Квартира с чистовой отделкой. Раскройте свою индивидуальность в создании своего уникального проекта, а трудоемкий ремонт мы возьмем на себя! Вы идете в ногу со временем и предпочитаете современные, универсальные дизайнерские решения? Или вы любитель строгой лаконичной классики? Тогда наши интерьеры придутся вам по душе! Выбирайте то, что ближе лично Вам и реализуйте свои задумки вместе с нами!

Расположение комплекса: 
Сочетание свободного перемещения по внутреннней территории без машин и ощущения абсолютной безопасности благодаря надежным ограждениям - вот что отличает ЖК Южная Битца. На территории комплекса созданы все условия как для активного образа жизни, так и для спокойного времяпрепровождения. Свободно перемещайтесь по внутренней территории в безбарьерной среде! 
Продуманное зонирование во дворах позволяет отделить тихие зоны для родителей со спящими младенцами и тех, кто хочет почитать на свежем воздухе, от шумных игровых зон. Игровые зоны учитывают возраст детей. Площадки для детей старшего возраста вынесены за пределы дворов. Ощущение уютного дома должно начинаться с подъезда. Мы постарались предусмотреть все нюансы, чтобы наши лифты отвечали самым строгим современным требованиям. А наличие кладовых позволит вам поддерживать идеальный порядок и уют в вашей квартире!

Транспортная доступность:
В 3 км от МКАД в нескольких минутах езды до трех станций метро: Аннино, Бульвар Дмитрия Донского, улица Старокочаловская и станции МЦД2 - жд Бутово. Открылся участок (10й) ЮВХ и вместе с ним съезд на МКАД от ЖК.

Внутренняя инфраструктура:
Для жителей жилого района ""Южная Битца"" доступна развитая инфраструктура близлежащих московских районов Чертаново, Южное, Бирюлёво Западное, Северное Бутово и Южное Бутово. Множество образовательных учреждений, объекты здравоохранения, торговые и развлекательные центры, кинотеатры, кафе, рестораны, парки.
 
Цены указаны с учетом скидки. 2-комнатная квартира рядом с метро Бульвар Дмитрия Донского.",,59.1,14.1,238.7
https://vidnoye.cian.ru/sale/flat/305160272/,https://images.cdn-cian.ru/images/2227626714-4.jpg,,"Московская область, м. Бульвар Дмитрия Донского, Ленинский городской округ, Боброво пгт, улица Крымская, 19",Транспортом,9400000.0,152104.0,2.0,10.0,17.0,61.8,"Номер в базе: 980193. Продается видовая двухкомнатная квартира со свежим ремонтом.

О КВАРТИРЕ: планировка  распашонка. Комнаты 18 и 14 кв.м. Кухня 12,8 кв.м. В холле вместительный шкаф. Санузел раздельный с ванной, раковиной и стиральной машиной. В квартире имеется застекленная лоджия и балкон.

Квартира теплая и уютная. На окнах  двухкамерные стеклопакеты.

Высота потолков 2,64 м.

Пол - ламинат.

Благодаря высокому этажу  шикарные виды из окон.

Только что окончен ремонт.

О ДОМЕ: 

Застройщик  ПИК. Серия П44Т. Год постройки 2016. Дом панельный. УК ""ПИК-Комфорт"" - все управляется из приложения.

Подъезд с домофоном. Консьержа нет  нет лишних расходов. В доме 2 современных лифта. Мусоропровод в доме закрыт - нет грызунов и насекомых. 

ИНФРАСТРУКТУРА: 
Рядом есть все, что нужно для жизни  Пятерочка, ВкусВилл и Верный, аптеки, кофейни, пекарни, доставки WB и Ozon. 

Детские сады, школы.

ТРАНСПОРТНАЯ ДОСТУПНОСТЬ: 

6 мин на машине до ст.м. ""Бутово"", 10 мин. на машине до ст. м. ""Бульвар Дмитрия Донского"", 10 мин. на машине до ст. м. ""Улица Старокачаловская"".

ДОКУМЕНТЫ: общая совместная собственность супругов. Никто не прописан. ДДУ 2015 г. Свободная продажа.

ДОПОЛНИТЕЛЬНЫЕ БЕСПЛАТНЫЕ УСЛУГИ: одобрение ипотеки, сопровождение сделки под ключ. 
Код пользователя: 107329 Купить 2-комнатную квартиру рядом с метро Бульвар Дмитрия Донского.",,61.8,9.4,152.1
https://vidnoye.cian.ru/sale/flat/304792585/,https://images.cdn-cian.ru/images/2370345162-4.jpg,ЖК «Южная Битца»,"Московская область, м. Бульвар Дмитрия Донского, Ленинский городской округ, пос. Битца, Южная Битца ЖК, 10",Транспортом,14573514.0,244933.0,2.0,22.0,22.0,59.5,"Максимальные скидки при 100% оплате.
Прямая продажа от застройщика! Семейный жилой район класса Комфорт Плюс
Продаётся 2-к квартира номер 432 общей площадью 59.5 кв.м. на 22-м этаже 22 этажного дома. Чистовая отделка.

Особенности:
- Квартира доступна к покупке в Trade-In.
- Распашная
- Раздельный санузел
- Гостевой санузел
- Большая кухня
- Ниша под шкаф
- Гардеробная
- Лоджия

Квартира с чистовой отделкой. Раскройте свою индивидуальность в создании своего уникального проекта, а трудоемкий ремонт мы возьмем на себя! Вы идете в ногу со временем и предпочитаете современные, универсальные дизайнерские решения? Или вы любитель строгой лаконичной классики? Тогда наши интерьеры придутся вам по душе! Выбирайте то, что ближе лично Вам и реализуйте свои задумки вместе с нами!

Расположение комплекса: 
Сочетание свободного перемещения по внутреннней территории без машин и ощущения абсолютной безопасности благодаря надежным ограждениям - вот что отличает ЖК Южная Битца. На территории комплекса созданы все условия как для активного образа жизни, так и для спокойного времяпрепровождения. Свободно перемещайтесь по внутренней территории в безбарьерной среде! 
Продуманное зонирование во дворах позволяет отделить тихие зоны для родителей со спящими младенцами и тех, кто хочет почитать на свежем воздухе, от шумных игровых зон. Игровые зоны учитывают возраст детей. Площадки для детей старшего возраста вынесены за пределы дворов. Ощущение уютного дома должно начинаться с подъезда. Мы постарались предусмотреть все нюансы, чтобы наши лифты отвечали самым строгим современным требованиям. А наличие кладовых позволит вам поддерживать идеальный порядок и уют в вашей квартире!

Транспортная доступность:
В 3 км от МКАД в нескольких минутах езды до трех станций метро: Аннино, Бульвар Дмитрия Донского, улица Старокочаловская и станции МЦД2 - жд Бутово. Открылся участок (10й) ЮВХ и вместе с ним съезд на МКАД от ЖК.

Внутренняя инфраструктура:
Для жителей жилого района ""Южная Битца"" доступна развитая инфраструктура близлежащих московских районов Чертаново, Южное, Бирюлёво Западное, Северное Бутово и Южное Бутово. Множество образовательных учреждений, объекты здравоохранения, торговые и развлекательные центры, кинотеатры, кафе, рестораны, парки.
 
Цены указаны с учетом скидки. Продажа.",,59.5,14.6,244.9
https://vidnoye.cian.ru/sale/flat/309765178/,https://images.cdn-cian.ru/images/2320346341-4.jpg,,"Московская область, м. Бульвар Дмитрия Донского, Ленинский городской округ, Боброво пгт, улица Крымская, 25",Транспортом,9800000.0,168966.0,2.0,9.0,17.0,58.0,"ПО ДАННОЙ КВАРТИРЕ ВОЗМОЖЕН ПЕРЕНОС ИПОТЕЧНОЙ СТАВКИ 9,5%!!! 

Для наших покупателей доступна ипотека со сниженной ставкой от 14,99% годовых.

О КВАРТИРЕ:

Просторная двухкомнатная квартира.                                                                                        Две изолированные комнаты, просторный коридор, большая кухня, раздельный санузел. Планировка распашонка. Комнаты 18 и 14 кв.м. Кухня 12,8 кв.м. В квартире имеется застекленная лоджия и балкон.

О ДОМЕ: 

Застройщик ПИК. Серия П44Т. Год постройки 2016. Дом панельный. УК ""ПИК-Комфорт"" - все управляется из приложения.

Дом типовой серии П-44Т — довольно удачная инженерная разработка. В этих зданиях установлена повышенная звуко- и теплоизоляция, соблюдены мировые стандарты по капитальности и огнестойкости, есть современная система безопасности.

Дом расположен вдали от шумных дорог у леса.

Подъезд с домофоном. Есть консьерж. В доме 2 современных лифта. Мусоропровод в доме закрыт - нет грызунов и насекомых. 

ИНФРАСТРУКТУРА: 

Рядом есть все, что нужно для жизни Пятерочка, ВкусВилл и Верный, аптеки, кофейни, пекарни, доставки WB и Ozon. 

Рядом

- 2 сада (1 логопедический во дворе), 

- две школы в шаговой доступности. 

- поликлиника. 

- детские развивающие кружки, все в районе есть.

ТРАНСПОРТНАЯ ДОСТУПНОСТЬ: 

- 6 мин на машине до ст.м. ""Бутово"", 
- 10 мин. на машине до ст. м. ""Бульвар Дмитрия Донского"", 
- 10 мин. на машине до ст. м. ""Улица Старокачаловская"".

ДОКУМЕНТЫ: 

общая совместная собственность. ДДУ 2016 г. 
Быстрый выход на сделку!",,58.0,9.8,169.0
https://vidnoye.cian.ru/sale/flat/306575519/,https://images.cdn-cian.ru/images/2370344895-4.jpg,ЖК «Южная Битца»,"Московская область, м. Бульвар Дмитрия Донского, Ленинский городской округ, пос. Битца, Южная Битца ЖК, бульвар Южный",Транспортом,13535160.0,227100.0,2.0,16.0,24.0,59.6,"Максимальные скидки при 100% оплате.
Корпус сдан! Прямая продажа от застройщика! Семейный жилой район класса Комфорт Плюс
Продаётся 2-к квартира номер 336 в сданном корпусе общей площадью 59.6 кв.м. на 16-м этаже 24 этажного дома.

Особенности:
- Квартира доступна к покупке в Trade-In.
- Раздельный санузел
- Большая кухня
- Ниша под шкаф
- Гардеробная
- Панорамное остекление лоджии
- Лоджия

Расположение комплекса: 
Сочетание свободного перемещения по внутреннней территории без машин и ощущения абсолютной безопасности благодаря надежным ограждениям - вот что отличает ЖК Южная Битца. На территории комплекса созданы все условия как для активного образа жизни, так и для спокойного времяпрепровождения. Свободно перемещайтесь по внутренней территории в безбарьерной среде! 
Продуманное зонирование во дворах позволяет отделить тихие зоны для родителей со спящими младенцами и тех, кто хочет почитать на свежем воздухе, от шумных игровых зон. Игровые зоны учитывают возраст детей. Площадки для детей старшего возраста вынесены за пределы дворов. Ощущение уютного дома должно начинаться с подъезда. Мы постарались предусмотреть все нюансы, чтобы наши лифты отвечали самым строгим современным требованиям. А наличие кладовых позволит вам поддерживать идеальный порядок и уют в вашей квартире!

Транспортная доступность:
В 3 км от МКАД в нескольких минутах езды до трех станций метро: Аннино, Бульвар Дмитрия Донского, улица Старокочаловская и станции МЦД2 - жд Бутово. Открылся участок (10й) ЮВХ и вместе с ним съезд на МКАД от ЖК.

Внутренняя инфраструктура:
Для жителей жилого района ""Южная Битца"" доступна развитая инфраструктура близлежащих московских районов Чертаново, Южное, Бирюлёво Западное, Северное Бутово и Южное Бутово. Множество образовательных учреждений, объекты здравоохранения, торговые и развлекательные центры, кинотеатры, кафе, рестораны, парки.
 
Цены указаны с учетом скидки.",,59.6,13.5,227.1
https://vidnoye.cian.ru/sale/flat/307339211/,https://images.cdn-cian.ru/images/2268456482-4.jpg,,"Московская область, м. Бульвар Дмитрия Донского, Ленинский городской округ, Бутово рп, Бутово Парк ЖК, 4",Транспортом,9850000.0,171902.0,2.0,2.0,25.0,57.3,"Номер в базе: 2467646. Продается великолепная двухкомнатная квартира с современной и функциональной планировкой, которая станет идеальным местом для комфортной жизни! 

Эта уютная квартира расположена на южной стороне, что обеспечивает прекрасный вид на ухоженный двор и наполняет пространство светом и теплом. Высокие потолки (2.7 метра) создают атмосферу простора и свободы, а совмещенный санузел, оборудованный всей необходимой сантехникой, добавляет удобства. Кухня предлагает достаточно места для установки техники и мебели по Вашему вкусу, что позволит Вам создать идеальное пространство для кулинарных экспериментов.

Застекленный балкон станет вашим личным уголком для отдыха, где Вы сможете наслаждаться чашечкой кофе или читать книгу на свежем воздухе. Две светлые жилые комнаты обеспечат комфорт и уют для всей семьи.

В подъезде всегда чистота и порядок, а заботливый консьерж добавляет дополнительный уровень безопасности. Ухоженная территория вокруг дома радует глаз: палисадники и цветочные клумбы создают приятную атмосферу. Для активных жителей во дворе предусмотрены детская и спортивные площадки, а также удобная наземная парковка, что решает вопрос с местом для вашего автомобиля. Пандус и мусоропровод делают жизнь еще более комфортной и удобной.

Жилой комплекс ""Бутово Парк"" расположен в отличном районе с развитой инфраструктурой. Рядом находятся школы и детские сады, что особенно удобно для семей с детьми. В шаговой доступности расположены магазины, где вы сможете приобрести все необходимое. Прекрасная транспортная доступность позволит Вам быстро добраться до ближайших остановок общественного транспорта.

Квартира принадлежит одному взрослому собственнику, без обременений и долгов, нет зарегистрированных, покупали по ДДУ за наличные. Ипотека возможна! Не упустите шанс стать владельцем этого замечательного жилья. Если у Вас остались вопросы или Вы хотите организовать показ, звоните прямо сейчас! Мы с удовольствием ответим на все ваши вопросы и поможем сделать правильный выбор!

Код пользователя: 43495",,57.3,9.8,171.9
https://vidnoye.cian.ru/sale/flat/304792760/,https://images.cdn-cian.ru/images/2370344851-4.jpg,ЖК «Южная Битца»,"Московская область, м. Бульвар Дмитрия Донского, Ленинский городской округ, пос. Битца, Южная Битца ЖК, бульвар Южный",Транспортом,13193550.0,227475.0,2.0,20.0,24.0,58.0,"Максимальные скидки при 100% оплате.
Корпус сдан! Прямая продажа от застройщика! Семейный жилой район класса Комфорт Плюс
Продаётся 2-к квартира номер 444 в сданном корпусе общей площадью 58 кв.м. на 20-м этаже 24 этажного дома.

Особенности:
- Квартира доступна к покупке в Trade-In.
- Раздельный санузел
- Большая кухня
- Ниша под шкаф
- Гардеробная
- Панорамное остекление лоджии
- Лоджия

Расположение комплекса: 
Сочетание свободного перемещения по внутреннней территории без машин и ощущения абсолютной безопасности благодаря надежным ограждениям - вот что отличает ЖК Южная Битца. На территории комплекса созданы все условия как для активного образа жизни, так и для спокойного времяпрепровождения. Свободно перемещайтесь по внутренней территории в безбарьерной среде! 
Продуманное зонирование во дворах позволяет отделить тихие зоны для родителей со спящими младенцами и тех, кто хочет почитать на свежем воздухе, от шумных игровых зон. Игровые зоны учитывают возраст детей. Площадки для детей старшего возраста вынесены за пределы дворов. Ощущение уютного дома должно начинаться с подъезда. Мы постарались предусмотреть все нюансы, чтобы наши лифты отвечали самым строгим современным требованиям. А наличие кладовых позволит вам поддерживать идеальный порядок и уют в вашей квартире!

Транспортная доступность:
В 3 км от МКАД в нескольких минутах езды до трех станций метро: Аннино, Бульвар Дмитрия Донского, улица Старокочаловская и станции МЦД2 - жд Бутово. Открылся участок (10й) ЮВХ и вместе с ним съезд на МКАД от ЖК.

Внутренняя инфраструктура:
Для жителей жилого района ""Южная Битца"" доступна развитая инфраструктура близлежащих московских районов Чертаново, Южное, Бирюлёво Западное, Северное Бутово и Южное Бутово. Множество образовательных учреждений, объекты здравоохранения, торговые и развлекательные центры, кинотеатры, кафе, рестораны, парки.
 
Цены указаны с учетом скидки.",,58.0,13.2,227.5
https://www.cian.ru/sale/flat/307204483/,https://images.cdn-cian.ru/images/2265350528-4.jpg,ЖК «Столичные поляны»,"Москва, ЮЗАО, р-н Южное Бутово, м. Бульвар Дмитрия Донского, улица Поляны, 5Ак1",Транспортом,23000000.0,250000.0,2.0,11.0,33.0,92.0,"Номер в базе: 2334036. Продается великолепная евротрешка в престижном жилом комплексе ""Столичные поляны""! 

- ремонт выполнен на 80% с использованием современных материалов
- предусмотрены два санузла, один из которых оборудован подсобным помещением с раковиной, стиральной машиной и бойлером.  
-окна выходят на внутренний двор 
-стильный встроенный кухонный гарнитур от фабрики ""Стильные кухни""

Транспортная доступность — еще одно неоспоримое преимущество! Всего 10 минут пешком до метро и 20 минут до МЦД2, а также удобные автобусные маршруты, включая 523. В шаговой доступности находятся детские сады, школы и детская поликлиника через дорогу, а взрослая — всего в 10 минутах.

Любители природы оценят близость к Битцевскому лесу и парку, где можно приятно провести время на свежем воздухе. 

Не упустите возможность стать обладателем этой замечательной квартиры! Звоните и записывайтесь на просмотр, чтобы оценить все преимущества жизни в ""Столичных полях""!

Код пользователя: 160378",,92.0,23.0,250.0
https://vidnoye.cian.ru/sale/flat/304792622/,https://images.cdn-cian.ru/images/2370345303-4.jpg,ЖК «Южная Битца»,"Московская область, м. Бульвар Дмитрия Донского, Ленинский городской округ, пос. Битца, Южная Битца ЖК, 10",Транспортом,14763210.0,210903.0,2.0,1.0,22.0,70.0,"Максимальные скидки при 100% оплате.
Прямая продажа от застройщика! Семейный жилой район класса Комфорт Плюс
Продаётся 2-к квартира номер 433 общей площадью 70 кв.м. на 1-м этаже 22 этажного дома. Отделка Whitebox.

Особенности:
- Квартира доступна к покупке в Trade-In.
- Распашная
- Гостевой санузел
- Увеличенная высота потолков
- Дополнительный вход
- Большая кухня
- Ниша под шкаф
- Гардеробная
- Терраса

Квартира с предчистовой отделкой (White box). Вам не придётся заниматься черновыми трудоёмкими работами, а чистовую отделку и дизайн сделаете по своему вкусу.

Расположение комплекса: 
Сочетание свободного перемещения по внутреннней территории без машин и ощущения абсолютной безопасности благодаря надежным ограждениям - вот что отличает ЖК Южная Битца. На территории комплекса созданы все условия как для активного образа жизни, так и для спокойного времяпрепровождения. Свободно перемещайтесь по внутренней территории в безбарьерной среде! 
Продуманное зонирование во дворах позволяет отделить тихие зоны для родителей со спящими младенцами и тех, кто хочет почитать на свежем воздухе, от шумных игровых зон. Игровые зоны учитывают возраст детей. Площадки для детей старшего возраста вынесены за пределы дворов. Ощущение уютного дома должно начинаться с подъезда. Мы постарались предусмотреть все нюансы, чтобы наши лифты отвечали самым строгим современным требованиям. А наличие кладовых позволит вам поддерживать идеальный порядок и уют в вашей квартире!

Транспортная доступность:
В 3 км от МКАД в нескольких минутах езды до трех станций метро: Аннино, Бульвар Дмитрия Донского, улица Старокочаловская и станции МЦД2 - жд Бутово. Открылся участок (10й) ЮВХ и вместе с ним съезд на МКАД от ЖК.

Внутренняя инфраструктура:
Для жителей жилого района ""Южная Битца"" доступна развитая инфраструктура близлежащих московских районов Чертаново, Южное, Бирюлёво Западное, Северное Бутово и Южное Бутово. Множество образовательных учреждений, объекты здравоохранения, торговые и развлекательные центры, кинотеатры, кафе, рестораны, парки.
 
Цены указаны с учетом скидки.",,70.0,14.8,210.9
https://vidnoye.cian.ru/sale/flat/311739443/,https://images.cdn-cian.ru/images/2360975464-4.jpg,,"Московская область, м. Бульвар Дмитрия Донского, Ленинский городской округ, Боброво пгт, улица Крымская, 21к1",Транспортом,9750000.0,161960.0,,,,,"Номер в базе: 4318843. Вашему вниманию предлагается светлая, уютная и теплая 2-комнатная квартира по адресу: Московская область, посёлок Боброво, Крымская улица, 21к1. Квартира находится на 16 этаже 17-этажного панельного дома (серии П44Т), построенного в 2015 году. 
Общая площадь составляет : 60.2 кв. м,
 жилая площадь — 33.2 кв. м,
 площадь кухни — 12.9 кв. м.
 высота потолков — 2.74 метра.
Квартира имеет одну лоджию и один балкон, окна выходят как на улицу, так и во двор, поэтому можно наслаждаться разными видами
 В квартире сделан евроремонт с использованием качественных и дорогих материалов. Кухня полностью оборудована современной техникой и мебелью: качественный гарнитур, столешница из искусственного камня LG. Вместительная мойка из гранита Blancо со смесителем в тон. Фартук из испанской плитки-кабанчик. Также установлен фильтр питьевой воды. На полу керамогранит с установленным теплым полом. Кухня достаточно просторная и может использоваться, как кухня-гостинная. В комнатах паркетная доска. В спальне есть вместительная гардеробная со светом. Отдельный санузел и ванная оборудованы всем необходимым. Плитка в обоих помещениях kerama marazzi. Немецкие смесители и унитаз Am.Pm. . Балкон утеплен под зимнее использование. Имеется проточный водонагреватель. Имеются выводы под кондиционеры. В каждую комнату и на кухню выведены тв антенны и интернет. Дом находится в отличном состоянии, есть как пассажирский, так и грузовой лифт. На территории дома есть наземная парковка, поэтому всегда найдётся место для вашего автомобиля. Для удобства маломобильных граждан предусмотрен пандус. Район обладает развитой инфраструктурой: есть школы и детские сады, магазины и пвз, а также все необходимое для комфортной жизни. До станции метро ""Бульвар Дмитрия Донского"" можно добраться на автомобиле всего за 9 минут, до платформы ""Бутово"" МЦД-2 - за 5 минут. 
Обременений нет. Один взрослый собственник. Готовы к оперативному выходу на сделку.
Код пользователя: 124403",,nan,9.8,162.0
https://vidnoye.cian.ru/sale/flat/307961891/,https://images.cdn-cian.ru/images/2370345507-4.jpg,ЖК «Южная Битца»,"Московская область, м. Бульвар Дмитрия Донского, Ленинский городской округ, пос. Битца, Южная Битца ЖК, 10",Транспортом,12917788.0,221195.0,2.0,5.0,22.0,58.4,"Максимальные скидки при 100% оплате.
Прямая продажа от застройщика! Семейный жилой район класса Комфорт Плюс
Продаётся 2-к квартира номер 274 общей площадью 58.4 кв.м. на 5-м этаже 22 этажного дома. Отделка Whitebox.

Особенности:
- Квартира доступна к покупке в Trade-In.
- Линейная
- Раздельный санузел
- Гостевой санузел
- Большая кухня
- Гардеробная
- Лоджия

Квартира с предчистовой отделкой (White box). Вам не придётся заниматься черновыми трудоёмкими работами, а чистовую отделку и дизайн сделаете по своему вкусу.

Расположение комплекса: 
Сочетание свободного перемещения по внутреннней территории без машин и ощущения абсолютной безопасности благодаря надежным ограждениям - вот что отличает ЖК Южная Битца. На территории комплекса созданы все условия как для активного образа жизни, так и для спокойного времяпрепровождения. Свободно перемещайтесь по внутренней территории в безбарьерной среде! 
Продуманное зонирование во дворах позволяет отделить тихие зоны для родителей со спящими младенцами и тех, кто хочет почитать на свежем воздухе, от шумных игровых зон. Игровые зоны учитывают возраст детей. Площадки для детей старшего возраста вынесены за пределы дворов. Ощущение уютного дома должно начинаться с подъезда. Мы постарались предусмотреть все нюансы, чтобы наши лифты отвечали самым строгим современным требованиям. А наличие кладовых позволит вам поддерживать идеальный порядок и уют в вашей квартире!

Транспортная доступность:
В 3 км от МКАД в нескольких минутах езды до трех станций метро: Аннино, Бульвар Дмитрия Донского, улица Старокочаловская и станции МЦД2 - жд Бутово. Открылся участок (10й) ЮВХ и вместе с ним съезд на МКАД от ЖК.

Внутренняя инфраструктура:
Для жителей жилого района ""Южная Битца"" доступна развитая инфраструктура близлежащих московских районов Чертаново, Южное, Бирюлёво Западное, Северное Бутово и Южное Бутово. Множество образовательных учреждений, объекты здравоохранения, торговые и развлекательные центры, кинотеатры, кафе, рестораны, парки.
 
Цены указаны с учетом скидки.",,58.4,12.9,221.2
https://vidnoye.cian.ru/sale/flat/308101147/,https://images.cdn-cian.ru/images/2313504785-4.jpg,,"Московская область, м. Бульвар Дмитрия Донского, Ленинский городской округ, Бутово рп, Бутово Парк ЖК, 9",Транспортом,10500000.0,166667.0,2.0,12.0,17.0,63.0,"Свободная продажа. 1 собственник более 10 лет. Без обременений. Никто не зарегистрирован. Быстрый выход на сделку.
*2 лоджии
*Раздельный санузел
*Возможно зонирование
КОМНАТЫ:
Раздельные. Обе комнаты с лоджиями.
КУХНЯ:
13 кв.м. Эркерное окно - больше света и больше площадь. Кухонный гарнитур, бытовая техника
САНУЗЕЛ:
Санузел раздельный. Позволяет всем членам семьи не зависеть друг от друга.
КОРИДОР:
Здесь разместится большой шкаф-купе. Комфортно одеваться и обуваться не мешая друг другу.
ТРАНСПОРТ
D2 Бутово 15 мин пешком
Удобный и быстрый выезд на личном транспорте на ЮВХ, Варшавское и Симферопольское шоссе
ИНФРАСТРУКТУРА
Школа, Детские сады
Поликлиника
Бутовский лесопарк
Магнит, Мираторг, ВкусВилл
ЯндексМаркет, СДЭК
Много кафе, пекарен",,63.0,10.5,166.7
https://vidnoye.cian.ru/sale/flat/308767750/,https://images.cdn-cian.ru/images/2370344910-4.jpg,ЖК «Южная Битца»,"Московская область, м. Бульвар Дмитрия Донского, Ленинский городской округ, пос. Битца, Южная Битца ЖК, бульвар Южный, 4",Транспортом,16153800.0,247000.0,2.0,3.0,20.0,65.4,"Максимальные скидки при 100% оплате.
Корпус сдан! Прямая продажа от застройщика! Семейный жилой район класса Комфорт Плюс
Продаётся 2-к квартира номер 1203 в сданном корпусе общей площадью 65.4 кв.м. на 3-м этаже 20 этажного дома.

Особенности:
- Квартира доступна к покупке в Trade-In.
- Гостевой санузел
- Большая кухня

Расположение комплекса: 
Сочетание свободного перемещения по внутреннней территории без машин и ощущения абсолютной безопасности благодаря надежным ограждениям - вот что отличает ЖК Южная Битца. На территории комплекса созданы все условия как для активного образа жизни, так и для спокойного времяпрепровождения. Свободно перемещайтесь по внутренней территории в безбарьерной среде! 
Продуманное зонирование во дворах позволяет отделить тихие зоны для родителей со спящими младенцами и тех, кто хочет почитать на свежем воздухе, от шумных игровых зон. Игровые зоны учитывают возраст детей. Площадки для детей старшего возраста вынесены за пределы дворов. Ощущение уютного дома должно начинаться с подъезда. Мы постарались предусмотреть все нюансы, чтобы наши лифты отвечали самым строгим современным требованиям. А наличие кладовых позволит вам поддерживать идеальный порядок и уют в вашей квартире!

Транспортная доступность:
В 3 км от МКАД в нескольких минутах езды до трех станций метро: Аннино, Бульвар Дмитрия Донского, улица Старокочаловская и станции МЦД2 - жд Бутово. Открылся участок (10й) ЮВХ и вместе с ним съезд на МКАД от ЖК.

Внутренняя инфраструктура:
Для жителей жилого района ""Южная Битца"" доступна развитая инфраструктура близлежащих московских районов Чертаново, Южное, Бирюлёво Западное, Северное Бутово и Южное Бутово. Множество образовательных учреждений, объекты здравоохранения, торговые и развлекательные центры, кинотеатры, кафе, рестораны, парки.
 
Цены указаны с учетом скидки.",,65.4,16.2,247.0
https://vidnoye.cian.ru/sale/flat/311812681/,https://images.cdn-cian.ru/images/2362375929-4.jpg,ЖК «Бутово парк 2»,"Московская область, м. Бульвар Дмитрия Донского, Ленинский городской округ, Дрожжино пгт, улица Южная, 5",Транспортом,10900000.0,181667.0,,,,,"Номер в базе: 912044. Евро-3 квартира с большой кухней-гостиной .
 Данный жилой комплекс очень близко расположен к Москве.

К 2034 году планируется открытие станции  метро ""Дрожжино""!

Просторная гостиная с кухней, обеденной зоной, а также местом отдыха , с возможностью воспользоваться дополнительным спальным местом при приеме гостей.
При необходимости, зонировав кухню перегородкой ( стекло/ дерево ), вы получите третью комнату с полноценной спальней и отдельной кухней , с сохранением пространства вокруг. Два санузла.
Вся мебель, техника, декор, что на фото, остаются покупателю.
Дом расположен на границе с Москвой в 5,5 км к югу от МКАД по Варшавскому шоссе, поэтому все преимущества общественного транспорта Москвы в свободном доступе. До МЦД ""Бутово"" можно добраться на автобусе за 10 минут, до метро ""Бульвар Дмитрия Донского"" за 20 минут. Удобный выезд на Симферопольское и Варшавское шоссе на личном транспорте.
Дом 2021 года, район уже заселен и в округе множество объектов инфраструктуры, сады, школы, социальные объекты, развитая транспортная доступность, дополнительные парковки, развлекательные заведения, рестораны, кафе, магазины, всё, что необходимо для комфортной жизни в современном благоустроенном районе. 
Собственник. Без обременений. Быстрый выход на сделку. 
Оперативный показ, звоните.
Код пользователя: 155258",,nan,10.9,181.7
https://vidnoye.cian.ru/sale/flat/305793103/,https://images.cdn-cian.ru/images/2370344888-4.jpg,ЖК «Южная Битца»,"Московская область, м. Бульвар Дмитрия Донского, Ленинский городской округ, пос. Битца, Южная Битца ЖК, бульвар Южный",Транспортом,14518778.0,278138.0,2.0,8.0,24.0,52.2,"Максимальные скидки при 100% оплате.
Корпус сдан! Прямая продажа от застройщика! Семейный жилой район класса Комфорт Плюс
Продаётся 2-к квартира номер 210 в сданном корпусе общей площадью 52.2 кв.м. на 8-м этаже 24 этажного дома.

Особенности:
- Квартира доступна к покупке в Trade-In.
- Линейная
- Раздельный санузел
- Большая кухня
- Гардеробная
- Панорамное остекление лоджии
- Лоджия

Расположение комплекса: 
Сочетание свободного перемещения по внутреннней территории без машин и ощущения абсолютной безопасности благодаря надежным ограждениям - вот что отличает ЖК Южная Битца. На территории комплекса созданы все условия как для активного образа жизни, так и для спокойного времяпрепровождения. Свободно перемещайтесь по внутренней территории в безбарьерной среде! 
Продуманное зонирование во дворах позволяет отделить тихие зоны для родителей со спящими младенцами и тех, кто хочет почитать на свежем воздухе, от шумных игровых зон. Игровые зоны учитывают возраст детей. Площадки для детей старшего возраста вынесены за пределы дворов. Ощущение уютного дома должно начинаться с подъезда. Мы постарались предусмотреть все нюансы, чтобы наши лифты отвечали самым строгим современным требованиям. А наличие кладовых позволит вам поддерживать идеальный порядок и уют в вашей квартире!

Транспортная доступность:
В 3 км от МКАД в нескольких минутах езды до трех станций метро: Аннино, Бульвар Дмитрия Донского, улица Старокочаловская и станции МЦД2 - жд Бутово. Открылся участок (10й) ЮВХ и вместе с ним съезд на МКАД от ЖК.

Внутренняя инфраструктура:
Для жителей жилого района ""Южная Битца"" доступна развитая инфраструктура близлежащих московских районов Чертаново, Южное, Бирюлёво Западное, Северное Бутово и Южное Бутово. Множество образовательных учреждений, объекты здравоохранения, торговые и развлекательные центры, кинотеатры, кафе, рестораны, парки.
 
Цены указаны с учетом скидки.",,52.2,14.5,278.1
https://www.cian.ru/sale/flat/310316239/,https://images.cdn-cian.ru/images/2330912795-4.jpg,ЖК «Эталон-Сити»,"Москва, ЮЗАО, р-н Южное Бутово, м. Бульвар Дмитрия Донского, Старокрымская улица, 17",Транспортом,22500000.0,312500.0,2.0,21.0,23.0,72.0,"Id 7258. Вашему вниманию представлена просторная,уютная квартира в ЖК бизнес-класса ""Эталон-Сити"".
Распашонка,прекрасный панорамный вид на лес и во двор.
Выполнен дизайнерский ремонт из дорогостоящих.импортных материалов. Квартира укомплектована всей необходимой мебелью и бытовой техникой,не требует никаких дополнительных вложений. Есть гардеробная,которую можно переделать во второй санузел.
 В доме подземный паркинг. На огороженной территории-гостевая парковка. Комплекс с закрытым двором и системой контроля доступа,видеонаблюдением и консьержем в каждом подъезде. 
Вся необходимая инфраструктура- детский сад,школа,спорткомплекс с бассейном,детские секции, частные школы и садики,медцентры,кафе,салоны красоты, магазины и пункты выдачи в шаговой доступности. До метро Улица Скобелевская-13 минут пешком.
Свободная продажа. Первичные документы-один взрослый собственник по ДДУ, без обременений и без использования мат.капитала. Выписка возможна до сделки.
Помощь в одобрении ипотеки с преференциями от ведущих банков! Агентство гарантирует безопасную сделку и юридическое сопровождение покупателю!",,72.0,22.5,312.5
https://vidnoye.cian.ru/sale/flat/304792578/,https://images.cdn-cian.ru/images/2370345099-4.jpg,ЖК «Южная Битца»,"Московская область, м. Бульвар Дмитрия Донского, Ленинский городской округ, пос. Битца, Южная Битца ЖК, 10",Транспортом,13814620.0,217211.0,2.0,1.0,22.0,63.6,"Максимальные скидки при 100% оплате.
Прямая продажа от застройщика! Семейный жилой район класса Комфорт Плюс
Продаётся 2-к квартира номер 260 общей площадью 63.6 кв.м. на 1-м этаже 22 этажного дома. Отделка Whitebox.

Особенности:
- Квартира доступна к покупке в Trade-In.
- Распашная
- Раздельный санузел
- Гостевой санузел
- Большая ванная
- Увеличенная высота потолков
- Дополнительный вход
- Большая кухня
- Ниша под шкаф
- Гардеробная
- Терраса

Квартира с предчистовой отделкой (White box). Вам не придётся заниматься черновыми трудоёмкими работами, а чистовую отделку и дизайн сделаете по своему вкусу.

Расположение комплекса: 
Сочетание свободного перемещения по внутреннней территории без машин и ощущения абсолютной безопасности благодаря надежным ограждениям - вот что отличает ЖК Южная Битца. На территории комплекса созданы все условия как для активного образа жизни, так и для спокойного времяпрепровождения. Свободно перемещайтесь по внутренней территории в безбарьерной среде! 
Продуманное зонирование во дворах позволяет отделить тихие зоны для родителей со спящими младенцами и тех, кто хочет почитать на свежем воздухе, от шумных игровых зон. Игровые зоны учитывают возраст детей. Площадки для детей старшего возраста вынесены за пределы дворов. Ощущение уютного дома должно начинаться с подъезда. Мы постарались предусмотреть все нюансы, чтобы наши лифты отвечали самым строгим современным требованиям. А наличие кладовых позволит вам поддерживать идеальный порядок и уют в вашей квартире!

Транспортная доступность:
В 3 км от МКАД в нескольких минутах езды до трех станций метро: Аннино, Бульвар Дмитрия Донского, улица Старокочаловская и станции МЦД2 - жд Бутово. Открылся участок (10й) ЮВХ и вместе с ним съезд на МКАД от ЖК.

Внутренняя инфраструктура:
Для жителей жилого района ""Южная Битца"" доступна развитая инфраструктура близлежащих московских районов Чертаново, Южное, Бирюлёво Западное, Северное Бутово и Южное Бутово. Множество образовательных учреждений, объекты здравоохранения, торговые и развлекательные центры, кинотеатры, кафе, рестораны, парки.
 
Цены указаны с учетом скидки.",,63.6,13.8,217.2
https://vidnoye.cian.ru/sale/flat/310608230/,https://images.cdn-cian.ru/images/kvartira-butovo-park-2336550943-4.jpg,ЖК «Бутово парк»,"Московская область, м. Бульвар Дмитрия Донского, Ленинский городской округ, Бутово рп, Бутово Парк ЖК, 18",Транспортом,8800000.0,225641.0,,,,,"Вашему вниманию предлагается 2-шка с ремонтом. Отличное расположение. Быстрый выход на сделку и оперативный показ , это не все плюсы) Документы готовы к сделке. 1 взрослый собственник . Никто не прописан. Полная стоимость в договоре . Менее 5 лет (ДКП ) . Причина продажи : перевели работать в МО , навсегда, поэтому переезд в МО. Свободная продажа.
Инфраструктура  на 5+: 2 торговых центра (не считая магазинов ), школы, дет.сады. Транспорт рядом с домом на все направления. Также МЦД и диаметры. Мебель и техника ,ванна с джакузи,большая лоджия ( утеплена и застеклена).  Есть подземный паркинг ( машиноместо примерно 950 т стоит). 
Звоните , покажем , обсудим , договоримся.",,nan,8.8,225.6
https://vidnoye.cian.ru/sale/flat/304792756/,https://images.cdn-cian.ru/images/2370344844-4.jpg,ЖК «Южная Битца»,"Московская область, м. Бульвар Дмитрия Донского, Ленинский городской округ, пос. Битца, Южная Битца ЖК, бульвар Южный",Транспортом,14763068.0,279075.0,2.0,19.0,24.0,52.9,"Максимальные скидки при 100% оплате.
Корпус сдан! Прямая продажа от застройщика! Семейный жилой район класса Комфорт Плюс
Продаётся 2-к квартира номер 254 в сданном корпусе общей площадью 52.9 кв.м. на 19-м этаже 24 этажного дома.

Особенности:
- Квартира доступна к покупке в Trade-In.
- Линейная
- Раздельный санузел
- Большая кухня
- Гардеробная
- Панорамное остекление лоджии
- Лоджия

Расположение комплекса: 
Сочетание свободного перемещения по внутреннней территории без машин и ощущения абсолютной безопасности благодаря надежным ограждениям - вот что отличает ЖК Южная Битца. На территории комплекса созданы все условия как для активного образа жизни, так и для спокойного времяпрепровождения. Свободно перемещайтесь по внутренней территории в безбарьерной среде! 
Продуманное зонирование во дворах позволяет отделить тихие зоны для родителей со спящими младенцами и тех, кто хочет почитать на свежем воздухе, от шумных игровых зон. Игровые зоны учитывают возраст детей. Площадки для детей старшего возраста вынесены за пределы дворов. Ощущение уютного дома должно начинаться с подъезда. Мы постарались предусмотреть все нюансы, чтобы наши лифты отвечали самым строгим современным требованиям. А наличие кладовых позволит вам поддерживать идеальный порядок и уют в вашей квартире!

Транспортная доступность:
В 3 км от МКАД в нескольких минутах езды до трех станций метро: Аннино, Бульвар Дмитрия Донского, улица Старокочаловская и станции МЦД2 - жд Бутово. Открылся участок (10й) ЮВХ и вместе с ним съезд на МКАД от ЖК.

Внутренняя инфраструктура:
Для жителей жилого района ""Южная Битца"" доступна развитая инфраструктура близлежащих московских районов Чертаново, Южное, Бирюлёво Западное, Северное Бутово и Южное Бутово. Множество образовательных учреждений, объекты здравоохранения, торговые и развлекательные центры, кинотеатры, кафе, рестораны, парки.
 
Цены указаны с учетом скидки.",,52.9,14.8,279.1
https://vidnoye.cian.ru/sale/flat/307415474/,https://images.cdn-cian.ru/images/kvartira-vidnoe-galiny-vishnevskoy-ulica-2270532511-4.jpg,ЖК «Видный город»,"Московская область, Видное, м. Бульвар Дмитрия Донского, улица Галины Вишневской, 10к1",Транспортом,8900000.0,185417.0,,,,,"Рады предложить Вашему вниманию евро 2х- комнатную квартиру в ЖК комфорт-класса с авторской архитектурой ""Видный Город"", спроектированным одним из лучших архитекторов Максимом Атаянцем.
В квартире функциональный евро ремонт. 
Гостиная объединена с кухней, что делает пространство гостиной  больше и комфортней для проживания.
Вся мебель и техника остается будущим владельцам. Вам нужно только заехать и жить в свое удовольствие!

Территория вокруг дома благоустроена, оснащена разнообразием детских площадок и спортивных комплексов. Концепция ЖК - ""Двор без машин"".
Развитая инфраструктура, в шаговой доступности супермаркет МИРАТОРГ, КАРУСЕЛЬ. На территории ЖК магазины с фермерскими продуктами, кафе, рестораны. Напротив ЖК несколько школ и детских садов.
На территории ЖК открытые/закрытые паркинги.
В шаговой доступности от комплекса остановка общественного транспорта до метро Аннино, Бульвар Дмитрия Донского, МЦД-2 Бутово. Можно доехать за 15-20 минут.

Полная стоимость в договоре. 
Квартира в собственности более 5 лет.
Приходите на просмотр и покупайте эту уютную квартиру!

ТОРГ уместен!",,nan,8.9,185.4
https://vidnoye.cian.ru/sale/flat/310313773/,https://images.cdn-cian.ru/images/2330859015-4.jpg,ЖК «Живописный»,"Московская область, м. Бульвар Дмитрия Донского, Ленинский городской округ, Живописный ЖК, 4к2",Транспортом,11213008.0,163455.0,2.0,4.0,4.0,68.6,"Продаётся 2-комнатная квартира в сданном доме (Корпус 4.2), срок сдачи: III-кв. 2023, общей площадью 68.6 кв.м., на 4 этаже. Для ценителей природы и красоты всего в 2 км от МКАД в удивительно тихом и очаровательном месте расположился новый проект комфорт-класса ""Живописный"". Жилой комплекс представляет собой превосходное единство дизайна, функциональности и удобства. 
Настоящий природный оазис получил свое благозвучное название за первозданную красоту места, в котором находится. Близость архитектурных и культурных памятников дополняет образ окружающего пространства. 
Гармоничный ансамбль появится на территории 21 га. В комплексе запланирована развитая социальная и торгово-развлекательная инфраструктура. 
ЖК ""Живописный представляет собой комплекс малоэтажных (4 этажа) домов, расположенных на территории 21 га. Жителям будут доступны машино-места в подземном паркинге, объекты социальной инфраструктуры и завораживающие виды. В ближайшей перспективе - расширение местной дорожной сети и запуск новых маршрутов до ж/д станций и станций метро. 
Особую прелесть комплексу придает близость зеленых массивов. В пешей доступности находятся Бутовский лесопарк, загородный клуб ""Завидное"", имение ""Спасское"". Это располагает к приятным прогулкам и спокойному отдыху жителей комплекса. Любителям красивых исторических мест можно прогуляться по усадьбе ""Троицкое на Обитце"" конца XVIII - начала XIX веков.",,68.6,11.2,163.5
https://vidnoye.cian.ru/sale/flat/309802007/,https://images.cdn-cian.ru/images/2320957623-4.jpg,,"Московская область, м. Бульвар Дмитрия Донского, Ленинский городской округ, Боброво пгт, улица Крымская, 15",Транспортом,9200000.0,181818.0,,,,,"Номер в базе: 928306. Светлая, просторная 2-комнатная квартира в ЖК Восточное Бутово.


ДОКУМЕНТЫ:
- 1 взрослый собственник
- ДКП более 5 лет 
- Без обременений и перепланировок
- Полная стоимость в договоре 


О ДОМЕ:
Панельный, типовая серия П44Т, 2015 года постройки.
Чистый подъезд, приличные соседи, консьерж, всегда свободная парковка на территории дома.


О КВАРТИРЕ:
Квартира расположена на 2 этаже 17 этажного дома. Две изолированные комнаты. Площадь комнат 18.9кв.м и 11.4кв.метра. Просторная кухня площадью 9.8кв. метров. Санузел раздельный. Окна выходят во двор. Солнечная сторона - в квартире всегда солнечно и тепло. Лоджия застеклена. Квартира продается с мебелью.


О ЛОКАЦИИ:
Дом расположен в месте с развитой транспортной доступностью, в 2 минутах от дома находится остановка общественного транспорта. До метро Бульвар Дмитрия Донского и МЦД Бутово 15 минут на общественном транспорте. Удобный выезд Симферопольское и Расторгуевское шоссе.  До МКАДА 15 минут на машине. Благоустроенный двор, окружающий район обладает развитой инфраструктурой: школы, детские сады, поликлиника, магазины с товарами повседневного спроса, аптеки. Экология местности благоприятная, в пешей доступности находится Бутовский лесопарк. 




Звоните, готова организовать оперативный показ.




Код пользователя: 124374",,nan,9.2,181.8
https://vidnoye.cian.ru/sale/flat/310323514/,https://images.cdn-cian.ru/images/2331060963-4.jpg,ЖК «Живописный»,"Московская область, м. Бульвар Дмитрия Донского, Ленинский городской округ, Живописный ЖК, 3",Транспортом,10109961.0,172231.0,2.0,1.0,4.0,58.7,"Продаётся 2-комнатная квартира в сданном доме (Корпус 3), срок сдачи: IV-кв. 2023, общей площадью 58.7 кв.м., на 1 этаже. Для ценителей природы и красоты всего в 2 км от МКАД в удивительно тихом и очаровательном месте расположился новый проект комфорт-класса ""Живописный"". Жилой комплекс представляет собой превосходное единство дизайна, функциональности и удобства. 
Настоящий природный оазис получил свое благозвучное название за первозданную красоту места, в котором находится. Близость архитектурных и культурных памятников дополняет образ окружающего пространства. 
Гармоничный ансамбль появится на территории 21 га. В комплексе запланирована развитая социальная и торгово-развлекательная инфраструктура. 
ЖК ""Живописный представляет собой комплекс малоэтажных (4 этажа) домов, расположенных на территории 21 га. Жителям будут доступны машино-места в подземном паркинге, объекты социальной инфраструктуры и завораживающие виды. В ближайшей перспективе - расширение местной дорожной сети и запуск новых маршрутов до ж/д станций и станций метро. 
Особую прелесть комплексу придает близость зеленых массивов. В пешей доступности находятся Бутовский лесопарк, загородный клуб ""Завидное"", имение ""Спасское"". Это располагает к приятным прогулкам и спокойному отдыху жителей комплекса. Любителям красивых исторических мест можно прогуляться по усадьбе ""Троицкое на Обитце"" конца XVIII - начала XIX веков.",,58.7,10.1,172.2
https://vidnoye.cian.ru/sale/flat/312134597/,https://images.cdn-cian.ru/images/kvartira-drozhzhino-yuzhnaya-ulica-2369515580-4.jpg,ЖК «Бутово парк 2»,"Московская область, м. Бульвар Дмитрия Донского, Ленинский городской округ, Дрожжино пгт, улица Южная, 13",Транспортом,9930000.0,169454.0,,,,,"Продается квартира уникальная по всем характеристикам:
   Видовые характреристики
•	Отличный вид из окон на две стороны света 
•	Высокий 20 этаж . 
•	Квартира распашного типа (т.е.  у Вас два вида на разные стороны света и планировка с удаленными друг от друга комнатами). 
   Площадь
•	Квартира евроформата (т.е. по своей планировке 3-х комнатаная, где две просторные комнаты в одной из которых лоджия /кабинет и большая кухня-гостиная.
   Инфраструктура
•	Развитая инфраструктура: детские сады, школы, социальные объекты, развитая транспортная доступность, дополнительные парковки, развлекательные заведения, рестораны, кафе, магазины, всё, что необходимо для комфортной жизни в современном благоустроенном районе. 
  Транспортная доступность
•	ЖК Бутово парк 2 всего в 6 км от Москвы по Варшавскому шоссе, поэтому все преимущества общественного транспорта Москвы в свободном доступе. До МЦД ""Бутово"" можно добраться на автобусе за 10 минут, до метро ""Бульвар Дмитрия Донского"" за 20 минут. Удобный выезд на Симферопольское и Варшавское шоссе, вы сможете добраться на личном или общественном транспорте примерно за 35 минут 
Дополнительная, важная информация
•	Один взрослый Собственник. Без обременений. Преференции от банка и собственника для Покупателя. Звоните!",,nan,9.9,169.5
https://vidnoye.cian.ru/sale/flat/310323526/,https://images.cdn-cian.ru/images/2331061017-4.jpg,ЖК «Живописный»,"Московская область, м. Бульвар Дмитрия Донского, Ленинский городской округ, Живописный ЖК, 3",Транспортом,13404072.0,185395.0,2.0,4.0,4.0,72.3,"Продаётся 2-комнатная квартира в сданном доме (Корпус 3), срок сдачи: IV-кв. 2023, общей площадью 72.3 кв.м., на 4 этаже. Для ценителей природы и красоты всего в 2 км от МКАД в удивительно тихом и очаровательном месте расположился новый проект комфорт-класса ""Живописный"". Жилой комплекс представляет собой превосходное единство дизайна, функциональности и удобства. 
Настоящий природный оазис получил свое благозвучное название за первозданную красоту места, в котором находится. Близость архитектурных и культурных памятников дополняет образ окружающего пространства. 
Гармоничный ансамбль появится на территории 21 га. В комплексе запланирована развитая социальная и торгово-развлекательная инфраструктура. 
ЖК ""Живописный представляет собой комплекс малоэтажных (4 этажа) домов, расположенных на территории 21 га. Жителям будут доступны машино-места в подземном паркинге, объекты социальной инфраструктуры и завораживающие виды. В ближайшей перспективе - расширение местной дорожной сети и запуск новых маршрутов до ж/д станций и станций метро. 
Особую прелесть комплексу придает близость зеленых массивов. В пешей доступности находятся Бутовский лесопарк, загородный клуб ""Завидное"", имение ""Спасское"". Это располагает к приятным прогулкам и спокойному отдыху жителей комплекса. Любителям красивых исторических мест можно прогуляться по усадьбе ""Троицкое на Обитце"" конца XVIII - начала XIX веков.",,72.3,13.4,185.4
https://vidnoye.cian.ru/sale/flat/309461169/,https://images.cdn-cian.ru/images/kvartira-drozhzhino-yuzhnaya-ulica-2369752169-4.jpg,ЖК «Бутово парк 2»,"Московская область, м. Бульвар Дмитрия Донского, Ленинский городской округ, Дрожжино рп, улица Южная, 13",Транспортом,9990000.0,170478.0,,,,,"В продаже - 2-х комнатная квартира, отличный вариант, по всем характеристикам и ремонту!
   Видовые характеристики
•    Отличный вид из окон на две стороны света - квартира распашного типа (на разные стороны света). 
•    Высокий 20-й этаж . 
   Площадь
•    Квартира евро формата  2-е просторные комнаты в одной из которых просторная лоджия - кабинет и большая кухня-гостиная (т.е. в наличии 3-и просторные комнаты для отдыха и досуга)
   Инфраструктура
•    Развитая инфраструктура: детские сады, школы, социальные объекты, развитая транспортная доступность, дополнительные парковки, развлекательные заведения, рестораны, кафе, магазины, всё, что необходимо для комфортной жизни в современном благоустроенном районе. 
   Транспортная доступность
•    ЖК ""Бутово парк 2"", всего в 6 км от Москвы по Варшавскому шоссе, все преимущества общественного транспорта Москвы в свободном доступе. До МЦД ""Бутово"" можно добраться на автобусе за 10 - 15 минут, до метро ""Бульвар Дмитрия Донского"" за 20-25 минут. Удобный выезд на Симферопольское и Варшавское шоссе, вы сможете добраться до нужного места на личном, или общественном транспорте в считанные минуты.
   Дополнительная, важная информация
•    Один взрослый Собственник. Без обременений.  Звоните! Оперативный показ",,nan,10.0,170.5
https://vidnoye.cian.ru/sale/flat/310608230/,https://images.cdn-cian.ru/images/kvartira-butovo-park-2336550943-4.jpg,ЖК «Бутово парк»,"Московская область, м. Бульвар Дмитрия Донского, Ленинский городской округ, Бутово рп, Бутово Парк ЖК, 18",Транспортом,8800000.0,225641.0,,,,,"Вашему вниманию предлагается 2-шка с ремонтом. Отличное расположение. Быстрый выход на сделку и оперативный показ , это не все плюсы) Документы готовы к сделке. 1 взрослый собственник . Никто не прописан. Полная стоимость в договоре . Менее 5 лет (ДКП ) . Причина продажи : перевели работать в МО , навсегда, поэтому переезд в МО. Свободная продажа.
Инфраструктура  на 5+: 2 торговых центра (не считая магазинов ), школы, дет.сады. Транспорт рядом с домом на все направления. Также МЦД и диаметры. Мебель и техника ,ванна с джакузи,большая лоджия ( утеплена и застеклена).  Есть подземный паркинг ( машиноместо примерно 950 т стоит). 
Звоните , покажем , обсудим , договоримся.",,nan,8.8,225.6
https://www.cian.ru/sale/flat/309772486/,https://images.cdn-cian.ru/images/2320414149-4.jpg,,"Москва, ЮЗАО, р-н Северное Бутово, м. Бульвар Дмитрия Донского, улица Знаменские Садки, 7К2",Пешком,12800000.0,240150.0,2.0,9.0,17.0,53.3,"Номер лота: вт-0422009.
Лучшая квартира по соотношению цена-качество в данном районе!
1 взрослый собственник. Без обременений. Быстрый выход на сделку, показ оперативно.
Достойный метраж, удачная планировка. Очень тихо, тепло зимой и не жарко летом.  
Красивый панорамный вид.
Окна выходят во двор. Просторная кухня, раздельный санузел. 
Тихие, дружелюбные соседи. Чистый ухоженный подъезд. 
В доме два лифта: пассажирский и грузовой. 
Дом в хорошем состоянии, регулярно проводятся необходимые ремонтные работы. 
Развитая инфраструктура: во дворе находятся школы, детские сады, клиники и магазины.
Отличная транспортная доступность: в пешей доступности метро Бульвар Дмитрия Донского, метро Улица Старокачаловская.
Рядом с домом находятся остановки общественного транспорта, быстрый выезд на МКАД И Варшавское шоссе. 
Один взрослый собственник. Полная стоимость в договоре купли-продажи.
 Содействие в получении специальных условий и преференций по ипотеке.",,53.3,12.8,240.2
https://vidnoye.cian.ru/sale/flat/304792756/,https://images.cdn-cian.ru/images/2370344844-4.jpg,ЖК «Южная Битца»,"Московская область, м. Бульвар Дмитрия Донского, Ленинский городской округ, пос. Битца, Южная Битца ЖК, бульвар Южный",Транспортом,14763068.0,279075.0,2.0,19.0,24.0,52.9,"Максимальные скидки при 100% оплате.
Корпус сдан! Прямая продажа от застройщика! Семейный жилой район класса Комфорт Плюс
Продаётся 2-к квартира номер 254 в сданном корпусе общей площадью 52.9 кв.м. на 19-м этаже 24 этажного дома.

Особенности:
- Квартира доступна к покупке в Trade-In.
- Линейная
- Раздельный санузел
- Большая кухня
- Гардеробная
- Панорамное остекление лоджии
- Лоджия

Расположение комплекса: 
Сочетание свободного перемещения по внутреннней территории без машин и ощущения абсолютной безопасности благодаря надежным ограждениям - вот что отличает ЖК Южная Битца. На территории комплекса созданы все условия как для активного образа жизни, так и для спокойного времяпрепровождения. Свободно перемещайтесь по внутренней территории в безбарьерной среде! 
Продуманное зонирование во дворах позволяет отделить тихие зоны для родителей со спящими младенцами и тех, кто хочет почитать на свежем воздухе, от шумных игровых зон. Игровые зоны учитывают возраст детей. Площадки для детей старшего возраста вынесены за пределы дворов. Ощущение уютного дома должно начинаться с подъезда. Мы постарались предусмотреть все нюансы, чтобы наши лифты отвечали самым строгим современным требованиям. А наличие кладовых позволит вам поддерживать идеальный порядок и уют в вашей квартире!

Транспортная доступность:
В 3 км от МКАД в нескольких минутах езды до трех станций метро: Аннино, Бульвар Дмитрия Донского, улица Старокочаловская и станции МЦД2 - жд Бутово. Открылся участок (10й) ЮВХ и вместе с ним съезд на МКАД от ЖК.

Внутренняя инфраструктура:
Для жителей жилого района ""Южная Битца"" доступна развитая инфраструктура близлежащих московских районов Чертаново, Южное, Бирюлёво Западное, Северное Бутово и Южное Бутово. Множество образовательных учреждений, объекты здравоохранения, торговые и развлекательные центры, кинотеатры, кафе, рестораны, парки.
 
Цены указаны с учетом скидки.",,52.9,14.8,279.1
https://vidnoye.cian.ru/sale/flat/310358666/,https://images.cdn-cian.ru/images/2335981443-4.jpg,ЖК «Южная Битца»,"Московская область, м. Бульвар Дмитрия Донского, Ленинский городской округ, пос. Битца, Южная Битца ЖК, улица Парковая, 1",Транспортом,11400000.0,200704.0,,,,,"Номер в базе: 906174. Светлая, просторная 2-комнатная квартира в ЖК Южная Битца.


ДОКУМЕНТЫ:
- 1 взрослый собственник 
- ДДУ более 2 лет 
- Без обременений и перепланировок
- Полная стоимость в договоре 


О ДОМЕ:
Панельный,  2020 года постройки. Серия дома П44Т.
Чистый подъезд, приличные соседи, закрытые дворы, охраняемая территория, наземный и подземный паркинг.


О КВАРТИРЕ:
Квартира расположена на 3 этаже 24 этажного дома. Две изолированные комнаты площадью 13,4кв метра и 16,8кв метров. Просторная кухня с лоджией площадью 9,4кв.метра. Два санузла. Застеленная лоджия. Окна выходят на улицу. Красивый вид на Бутовский лесопарк. Квартира продается частично с мебелью.  


О ЛОКАЦИИ:
Дом расположен в месте с развитой транспортной доступностью. В пешей доступности находится остановка общественного транспорта. До метро Аннино 10 минут на маршрутке. Удобный выезд на Варшавское шоссе. До МКАДА 5 минут на машине. Благоустроенный двор, окружающий район обладает развитой инфраструктурой. На территории комплекса есть детский сад, поликлиника. Экология местности благоприятная. ЖК расположен в окружении Бутовского лесопарка.




Звоните, готова организовать оперативный показ.




Код пользователя: 124374",,nan,11.4,200.7
https://www.cian.ru/sale/flat/311369712/,https://images.cdn-cian.ru/images/kvartira-moskva-ulica-grina-2352999197-4.jpg,,"Москва, ЮЗАО, р-н Северное Бутово, м. Бульвар Дмитрия Донского, улица Грина, 1К4",Пешком,13899000.0,259794.0,2.0,14.0,17.0,53.5,"за квартиру внесен задаток. 
Уникальное предложение с видом на парк в живописном районе Бутово. 

О КВАРТИРЕ

Квартира площадью 53.5 кв.м.:
-функциональная кухня 10 кв.м;
-большая комната 18.7 кв.м;
-спальная комната 14.3 кв.м;
-просторный холл 5.7 кв.м;
-ванная 2.9 кв.м;
-уборная 1 кв.м.

В квартире сделан качественный ремонт.
Установлена надежная входная дверь.
Установлена качественная кухня со встроенной техникой. СВЧ, холодильник, стиральная машина.
Вся мебель остается новым собственникам.

Свободная продажа.
Быстрый выход на сделку.
Полная сумма в договоре.
Один взрослый собственник.
Без материнского капитала.
Обременение нет.

О ЛОКАЦИИ

Улица Грина является одной из главных улиц района Бутово и проходит через его центральную часть.
Инфраструктура: в районе расположены магазины, школы, детские сады, спортивные объекты и другие учреждения, что делает его привлекательным для жизни и проживания.
Зеленые зоны: в районе есть парки, скверы и зоны отдыха, где жители могут насладиться природой и провести время на свежем воздухе.
Безопасность: район по Улице Грина отличается спокойной обстановкой и хорошей безопасностью, что делает его привлекательным для семей с детьми. На улице Грина располагается большое количество жилых многоэтажных домов, торговых центров, школ, детских садов и другой инфраструктуры. Здесь также можно найти парки и скверы, где жители могут отдохнуть и провести время на природе.

В квартале есть все необходимое для развития и обучения, занятий спортом и прогулок, развлечений и заботы о здоровье всех членов семьи.

ЗВОНИТЕ! Один взрослый собственник. Никто не прописан. Без обременений.",,53.5,13.9,259.8
https://vidnoye.cian.ru/sale/flat/310313773/,https://images.cdn-cian.ru/images/2330859015-4.jpg,ЖК «Живописный»,"Московская область, м. Бульвар Дмитрия Донского, Ленинский городской округ, Живописный ЖК, 4к2",Транспортом,11213008.0,163455.0,2.0,4.0,4.0,68.6,"Продаётся 2-комнатная квартира в сданном доме (Корпус 4.2), срок сдачи: III-кв. 2023, общей площадью 68.6 кв.м., на 4 этаже. Для ценителей природы и красоты всего в 2 км от МКАД в удивительно тихом и очаровательном месте расположился новый проект комфорт-класса ""Живописный"". Жилой комплекс представляет собой превосходное единство дизайна, функциональности и удобства. 
Настоящий природный оазис получил свое благозвучное название за первозданную красоту места, в котором находится. Близость архитектурных и культурных памятников дополняет образ окружающего пространства. 
Гармоничный ансамбль появится на территории 21 га. В комплексе запланирована развитая социальная и торгово-развлекательная инфраструктура. 
ЖК ""Живописный представляет собой комплекс малоэтажных (4 этажа) домов, расположенных на территории 21 га. Жителям будут доступны машино-места в подземном паркинге, объекты социальной инфраструктуры и завораживающие виды. В ближайшей перспективе - расширение местной дорожной сети и запуск новых маршрутов до ж/д станций и станций метро. 
Особую прелесть комплексу придает близость зеленых массивов. В пешей доступности находятся Бутовский лесопарк, загородный клуб ""Завидное"", имение ""Спасское"". Это располагает к приятным прогулкам и спокойному отдыху жителей комплекса. Любителям красивых исторических мест можно прогуляться по усадьбе ""Троицкое на Обитце"" конца XVIII - начала XIX веков.",,68.6,11.2,163.5
https://vidnoye.cian.ru/sale/flat/309461169/,https://images.cdn-cian.ru/images/kvartira-drozhzhino-yuzhnaya-ulica-2369752169-4.jpg,ЖК «Бутово парк 2»,"Московская область, м. Бульвар Дмитрия Донского, Ленинский городской округ, Дрожжино рп, улица Южная, 13",Транспортом,9990000.0,170478.0,,,,,"В продаже - 2-х комнатная квартира, отличный вариант, по всем характеристикам и ремонту!
   Видовые характеристики
•    Отличный вид из окон на две стороны света - квартира распашного типа (на разные стороны света). 
•    Высокий 20-й этаж . 
   Площадь
•    Квартира евро формата  2-е просторные комнаты в одной из которых просторная лоджия - кабинет и большая кухня-гостиная (т.е. в наличии 3-и просторные комнаты для отдыха и досуга)
   Инфраструктура
•    Развитая инфраструктура: детские сады, школы, социальные объекты, развитая транспортная доступность, дополнительные парковки, развлекательные заведения, рестораны, кафе, магазины, всё, что необходимо для комфортной жизни в современном благоустроенном районе. 
   Транспортная доступность
•    ЖК ""Бутово парк 2"", всего в 6 км от Москвы по Варшавскому шоссе, все преимущества общественного транспорта Москвы в свободном доступе. До МЦД ""Бутово"" можно добраться на автобусе за 10 - 15 минут, до метро ""Бульвар Дмитрия Донского"" за 20-25 минут. Удобный выезд на Симферопольское и Варшавское шоссе, вы сможете добраться до нужного места на личном, или общественном транспорте в считанные минуты.
   Дополнительная, важная информация
•    Один взрослый Собственник. Без обременений.  Звоните! Оперативный показ",,nan,10.0,170.5
https://vidnoye.cian.ru/sale/flat/310914877/,https://images.cdn-cian.ru/images/2343117916-4.jpg,ЖК «Видный город»,"Московская область, Видное, м. Бульвар Дмитрия Донского, бульвар Мстислава Ростроповича, 5",Транспортом,7125000.0,154891.0,2.0,5.0,8.0,46.0,"Продается квартира общей площадью 46 кв.м., расположенная по адресу: Московская область, Ленинский городской округ, город Видное, территория ЖК ""Видный город"", бульвар имени народного артиста СССР Мстислава Ростроповича, дом 5. 

Количество комнат: 2
Этаж/этажность: 5/8
Тип дома: монолит
Год постройки: 2020
Общая площадь: 46  кв. м
Жилая площадь: 26 кв. м
Площадь кухни: 10 кв. м
Балкон: есть
Санузел: раздельный
Ремонт: требуется косметический ремонт
Транспортная доступность  хорошая, расстояние до МКАД  6,7 км, до Расторгуевского шоссе —0,4 км. Остановка общественного транспорта рядом с домом-  до станции МЦД ""Битца"", метро ""Анино"" или ""Бульвар Дмитрия Донского ""- 15-20 минут, автобус до ж/д станций Расторгуево (Павелецкое направление) и Бутово (Курское направление). 
ЖК ""Видный город"" расположен в экологически чистом районе - рядом находится лес. Развитая инфраструктура. Вблизи от объекта имеются парк, сквер, а также организации - школа, детский сад, отделения банка, предприятия службы быта, торговые предприятия, аптеки, поликлиника.
Способ продажи: прямая продажа покупка за счет собственных/кредитных средств
Сделка может быть зарегистрирована с использованием сервиса электронной регистрации.
Данное предложение не является публичной офертой.",,46.0,7.1,154.9
https://vidnoye.cian.ru/sale/flat/310323514/,https://images.cdn-cian.ru/images/2331060963-4.jpg,ЖК «Живописный»,"Московская область, м. Бульвар Дмитрия Донского, Ленинский городской округ, Живописный ЖК, 3",Транспортом,10109961.0,172231.0,2.0,1.0,4.0,58.7,"Продаётся 2-комнатная квартира в сданном доме (Корпус 3), срок сдачи: IV-кв. 2023, общей площадью 58.7 кв.м., на 1 этаже. Для ценителей природы и красоты всего в 2 км от МКАД в удивительно тихом и очаровательном месте расположился новый проект комфорт-класса ""Живописный"". Жилой комплекс представляет собой превосходное единство дизайна, функциональности и удобства. 
Настоящий природный оазис получил свое благозвучное название за первозданную красоту места, в котором находится. Близость архитектурных и культурных памятников дополняет образ окружающего пространства. 
Гармоничный ансамбль появится на территории 21 га. В комплексе запланирована развитая социальная и торгово-развлекательная инфраструктура. 
ЖК ""Живописный представляет собой комплекс малоэтажных (4 этажа) домов, расположенных на территории 21 га. Жителям будут доступны машино-места в подземном паркинге, объекты социальной инфраструктуры и завораживающие виды. В ближайшей перспективе - расширение местной дорожной сети и запуск новых маршрутов до ж/д станций и станций метро. 
Особую прелесть комплексу придает близость зеленых массивов. В пешей доступности находятся Бутовский лесопарк, загородный клуб ""Завидное"", имение ""Спасское"". Это располагает к приятным прогулкам и спокойному отдыху жителей комплекса. Любителям красивых исторических мест можно прогуляться по усадьбе ""Троицкое на Обитце"" конца XVIII - начала XIX веков.",,58.7,10.1,172.2
https://vidnoye.cian.ru/sale/flat/307415474/,https://images.cdn-cian.ru/images/kvartira-vidnoe-galiny-vishnevskoy-ulica-2270532511-4.jpg,ЖК «Видный город»,"Московская область, Видное, м. Бульвар Дмитрия Донского, улица Галины Вишневской, 10к1",Транспортом,8900000.0,185417.0,,,,,"Рады предложить Вашему вниманию евро 2х- комнатную квартиру в ЖК комфорт-класса с авторской архитектурой ""Видный Город"", спроектированным одним из лучших архитекторов Максимом Атаянцем.
В квартире функциональный евро ремонт. 
Гостиная объединена с кухней, что делает пространство гостиной  больше и комфортней для проживания.
Вся мебель и техника остается будущим владельцам. Вам нужно только заехать и жить в свое удовольствие!

Территория вокруг дома благоустроена, оснащена разнообразием детских площадок и спортивных комплексов. Концепция ЖК - ""Двор без машин"".
Развитая инфраструктура, в шаговой доступности супермаркет МИРАТОРГ, КАРУСЕЛЬ. На территории ЖК магазины с фермерскими продуктами, кафе, рестораны. Напротив ЖК несколько школ и детских садов.
На территории ЖК открытые/закрытые паркинги.
В шаговой доступности от комплекса остановка общественного транспорта до метро Аннино, Бульвар Дмитрия Донского, МЦД-2 Бутово. Можно доехать за 15-20 минут.

Полная стоимость в договоре. 
Квартира в собственности более 5 лет.
Приходите на просмотр и покупайте эту уютную квартиру!

ТОРГ уместен!",,nan,8.9,185.4
https://podolsk.cian.ru/sale/flat/309290120/,https://images.cdn-cian.ru/images/2314915278-4.jpg,,"Московская область, Подольск, мкр. Красная горка, м. Бульвар Дмитрия Донского, улица Некрасова, 2",Транспортом,9950000.0,142143.0,2.0,4.0,12.0,70.0,"Арт. 78177430 Предлагается к продаже замечательная двухкомнатная квартира в современном доме . Большие и светлые комнаты  . Просторная ,уютная, современная  кухня со встроенной посудомойкой машинной. Во дворе детские площадки, большое количество мест для парковки. Рядом с домом  развитая инфраструктура ,Школа, Детские сады продуктовые магазины , аптеки, сетевые магазины, поликлиника и все, что необходимо в повседневной деятельности в пешей доступности.. Остановка общественного транспорта в 3 минутах ходьбы от дома. Удобное транспортное сообщение с Москвой и по городу на личном и общественном транспорте. Прямые автобусы до Москвы. До МЦД станции Подольск 10 минут на автобусе. Быстрый выезд без пробок на Варшавское шоссе.

Один взрослый собственник. Свободная продажа.

 Подготовлен комплект документов для сделки.

Для приобретения данной квартиры в ипотеку оформите заявку в нашем офисе. Банки партнеры Сбербанк, ВТБ, Газпромбанк, Альфа банк, Дельта Кредит. Покупая квартиру с компанией Семь Высоток, вы получаете: безопасность сделки, максимально выгодную ставку по ипотечному кредитованию, а также гарантийный сертификат юридической чистоты объекта недвижимости сроком на 3 года. Все наши сделки застрахованы.
Данный объект вы можете приобрети в ипотеку по ставке 10.5% годовых от банка ВТБ! Для получения подробной информации позвоните нашему эксперту по номеру указанному в объявлении.",,70.0,9.9,142.1
https://vidnoye.cian.ru/sale/flat/310323526/,https://images.cdn-cian.ru/images/2331061017-4.jpg,ЖК «Живописный»,"Московская область, м. Бульвар Дмитрия Донского, Ленинский городской округ, Живописный ЖК, 3",Транспортом,13404072.0,185395.0,2.0,4.0,4.0,72.3,"Продаётся 2-комнатная квартира в сданном доме (Корпус 3), срок сдачи: IV-кв. 2023, общей площадью 72.3 кв.м., на 4 этаже. Для ценителей природы и красоты всего в 2 км от МКАД в удивительно тихом и очаровательном месте расположился новый проект комфорт-класса ""Живописный"". Жилой комплекс представляет собой превосходное единство дизайна, функциональности и удобства. 
Настоящий природный оазис получил свое благозвучное название за первозданную красоту места, в котором находится. Близость архитектурных и культурных памятников дополняет образ окружающего пространства. 
Гармоничный ансамбль появится на территории 21 га. В комплексе запланирована развитая социальная и торгово-развлекательная инфраструктура. 
ЖК ""Живописный представляет собой комплекс малоэтажных (4 этажа) домов, расположенных на территории 21 га. Жителям будут доступны машино-места в подземном паркинге, объекты социальной инфраструктуры и завораживающие виды. В ближайшей перспективе - расширение местной дорожной сети и запуск новых маршрутов до ж/д станций и станций метро. 
Особую прелесть комплексу придает близость зеленых массивов. В пешей доступности находятся Бутовский лесопарк, загородный клуб ""Завидное"", имение ""Спасское"". Это располагает к приятным прогулкам и спокойному отдыху жителей комплекса. Любителям красивых исторических мест можно прогуляться по усадьбе ""Троицкое на Обитце"" конца XVIII - начала XIX веков.",,72.3,13.4,185.4
https://vidnoye.cian.ru/sale/flat/309802007/,https://images.cdn-cian.ru/images/2320957623-4.jpg,,"Московская область, м. Бульвар Дмитрия Донского, Ленинский городской округ, Боброво пгт, улица Крымская, 15",Транспортом,9200000.0,181818.0,,,,,"Номер в базе: 928306. Светлая, просторная 2-комнатная квартира в ЖК Восточное Бутово.


ДОКУМЕНТЫ:
- 1 взрослый собственник
- ДКП более 5 лет 
- Без обременений и перепланировок
- Полная стоимость в договоре 


О ДОМЕ:
Панельный, типовая серия П44Т, 2015 года постройки.
Чистый подъезд, приличные соседи, консьерж, всегда свободная парковка на территории дома.


О КВАРТИРЕ:
Квартира расположена на 2 этаже 17 этажного дома. Две изолированные комнаты. Площадь комнат 18.9кв.м и 11.4кв.метра. Просторная кухня площадью 9.8кв. метров. Санузел раздельный. Окна выходят во двор. Солнечная сторона - в квартире всегда солнечно и тепло. Лоджия застеклена. Квартира продается с мебелью.


О ЛОКАЦИИ:
Дом расположен в месте с развитой транспортной доступностью, в 2 минутах от дома находится остановка общественного транспорта. До метро Бульвар Дмитрия Донского и МЦД Бутово 15 минут на общественном транспорте. Удобный выезд Симферопольское и Расторгуевское шоссе.  До МКАДА 15 минут на машине. Благоустроенный двор, окружающий район обладает развитой инфраструктурой: школы, детские сады, поликлиника, магазины с товарами повседневного спроса, аптеки. Экология местности благоприятная, в пешей доступности находится Бутовский лесопарк. 




Звоните, готова организовать оперативный показ.




Код пользователя: 124374",,nan,9.2,181.8
https://www.cian.ru/sale/flat/312032581/,https://images.cdn-cian.ru/images/kvartira-moskva-ratnaya-ulica-2367237300-4.jpg,,"Москва, ЮЗАО, р-н Северное Бутово, м. Бульвар Дмитрия Донского, Ратная улица, 16К2",Пешком,14500000.0,284872.0,2.0,2.0,14.0,50.9,"Продается просторная квартира в хорошем состояние, в стоимость входит кухонный гарнитур, два взрослых собственника, более 5-ти лет в собственности, приватизация, в пешей доступности от метро, район с развитой инфраструктурой",,50.9,14.5,284.9
https://vidnoye.cian.ru/sale/flat/310323527/,https://images.cdn-cian.ru/images/2331061011-4.jpg,ЖК «Живописный»,"Московская область, м. Бульвар Дмитрия Донского, Ленинский городской округ, Живописный ЖК, 3",Транспортом,11300769.0,194171.0,2.0,2.0,4.0,58.2,"Продаётся 2-комнатная квартира в сданном доме (Корпус 3), срок сдачи: IV-кв. 2023, общей площадью 58.2 кв.м., на 2 этаже. Для ценителей природы и красоты всего в 2 км от МКАД в удивительно тихом и очаровательном месте расположился новый проект комфорт-класса ""Живописный"". Жилой комплекс представляет собой превосходное единство дизайна, функциональности и удобства. 
Настоящий природный оазис получил свое благозвучное название за первозданную красоту места, в котором находится. Близость архитектурных и культурных памятников дополняет образ окружающего пространства. 
Гармоничный ансамбль появится на территории 21 га. В комплексе запланирована развитая социальная и торгово-развлекательная инфраструктура. 
ЖК ""Живописный представляет собой комплекс малоэтажных (4 этажа) домов, расположенных на территории 21 га. Жителям будут доступны машино-места в подземном паркинге, объекты социальной инфраструктуры и завораживающие виды. В ближайшей перспективе - расширение местной дорожной сети и запуск новых маршрутов до ж/д станций и станций метро. 
Особую прелесть комплексу придает близость зеленых массивов. В пешей доступности находятся Бутовский лесопарк, загородный клуб ""Завидное"", имение ""Спасское"". Это располагает к приятным прогулкам и спокойному отдыху жителей комплекса. Любителям красивых исторических мест можно прогуляться по усадьбе ""Троицкое на Обитце"" конца XVIII - начала XIX веков.",,58.2,11.3,194.2
https://vidnoye.cian.ru/sale/flat/312134597/,https://images.cdn-cian.ru/images/kvartira-drozhzhino-yuzhnaya-ulica-2369515580-4.jpg,ЖК «Бутово парк 2»,"Московская область, м. Бульвар Дмитрия Донского, Ленинский городской округ, Дрожжино пгт, улица Южная, 13",Транспортом,9930000.0,169454.0,,,,,"Продается квартира уникальная по всем характеристикам:
   Видовые характреристики
•	Отличный вид из окон на две стороны света 
•	Высокий 20 этаж . 
•	Квартира распашного типа (т.е.  у Вас два вида на разные стороны света и планировка с удаленными друг от друга комнатами). 
   Площадь
•	Квартира евроформата (т.е. по своей планировке 3-х комнатаная, где две просторные комнаты в одной из которых лоджия /кабинет и большая кухня-гостиная.
   Инфраструктура
•	Развитая инфраструктура: детские сады, школы, социальные объекты, развитая транспортная доступность, дополнительные парковки, развлекательные заведения, рестораны, кафе, магазины, всё, что необходимо для комфортной жизни в современном благоустроенном районе. 
  Транспортная доступность
•	ЖК Бутово парк 2 всего в 6 км от Москвы по Варшавскому шоссе, поэтому все преимущества общественного транспорта Москвы в свободном доступе. До МЦД ""Бутово"" можно добраться на автобусе за 10 минут, до метро ""Бульвар Дмитрия Донского"" за 20 минут. Удобный выезд на Симферопольское и Варшавское шоссе, вы сможете добраться на личном или общественном транспорте примерно за 35 минут 
Дополнительная, важная информация
•	Один взрослый Собственник. Без обременений. Преференции от банка и собственника для Покупателя. Звоните!",,nan,9.9,169.5
https://vidnoye.cian.ru/sale/flat/312051012/,https://images.cdn-cian.ru/images/kvartira-drozhzhino-novoe-shosse-2367661813-4.jpg,ЖК «Бутово парк 2»,"Московская область, м. Бульвар Дмитрия Донского, Ленинский городской округ, Дрожжино пгт, шоссе Новое, 7",Транспортом,8200000.0,136667.0,2.0,25.0,25.0,60.0,"Предлагается к продаже 2-х комнатная квартира в ЖК Бутова Парк-2. Вся мебель и техника остается в квартире.
Хорошая транспортная доступность до ст.метро Аннино, Бульвар Дмитрия Донского, остановка общественного транспорта в шаговой доступности. Удобный выезд на Варшавское шоссе. 
15 минут пешком до МЦД Бутово, 25 минут пешком до ст м Скобелевская.
Рядом расположены магазины, аптеки, кафе, поликлиника .Во дворе  школа и детский сад. Локация дома позволяет обучение школьника в московской школе 1355.",,60.0,8.2,136.7
https://vidnoye.cian.ru/sale/flat/310313771/,https://images.cdn-cian.ru/images/2330858906-4.jpg,ЖК «Живописный»,"Московская область, м. Бульвар Дмитрия Донского, Ленинский городской округ, Живописный ЖК, 3",Транспортом,13552388.0,185395.0,2.0,4.0,4.0,73.1,"Продаётся 2-комнатная квартира в сданном доме (Корпус 3), срок сдачи: IV-кв. 2023, общей площадью 73.1 кв.м., на 4 этаже. Для ценителей природы и красоты всего в 2 км от МКАД в удивительно тихом и очаровательном месте расположился новый проект комфорт-класса ""Живописный"". Жилой комплекс представляет собой превосходное единство дизайна, функциональности и удобства. 
Настоящий природный оазис получил свое благозвучное название за первозданную красоту места, в котором находится. Близость архитектурных и культурных памятников дополняет образ окружающего пространства. 
Гармоничный ансамбль появится на территории 21 га. В комплексе запланирована развитая социальная и торгово-развлекательная инфраструктура. 
ЖК ""Живописный представляет собой комплекс малоэтажных (4 этажа) домов, расположенных на территории 21 га. Жителям будут доступны машино-места в подземном паркинге, объекты социальной инфраструктуры и завораживающие виды. В ближайшей перспективе - расширение местной дорожной сети и запуск новых маршрутов до ж/д станций и станций метро. 
Особую прелесть комплексу придает близость зеленых массивов. В пешей доступности находятся Бутовский лесопарк, загородный клуб ""Завидное"", имение ""Спасское"". Это располагает к приятным прогулкам и спокойному отдыху жителей комплекса. Любителям красивых исторических мест можно прогуляться по усадьбе ""Троицкое на Обитце"" конца XVIII - начала XIX веков.",,73.1,13.6,185.4
https://vidnoye.cian.ru/sale/flat/311315403/,https://images.cdn-cian.ru/images/2351814291-4.jpg,ЖК «Бутово парк 2»,"Московская область, м. Бульвар Дмитрия Донского, Ленинский городской округ, Дрожжино рп, улица Южная, 7",Транспортом,10900000.0,160767.0,2.0,9.0,15.0,67.8,"Код объекта: 1218196.
 Квартира расположена в новом быстро развивающемся  районе города, на 9-м этаже с видом во двор, уютная,светлая квартира,ждет своих новоселов!.
Площадь квартиры составляет 67,8 квадратных метров. 
В квартире две спальни, просторная гостиная объединенная с кухней. 
Квартира  формата двухкомнатная. 
Прекрасный вариант для проживание с семьей.


УДОБНАЯ И ФУНКЦИОНАЛЬНАЯ ПЛАНИРОВКА:
Комнаты изолированы 13,2 м2 и 15,1 м2
Кухня-гостиная  15 м2
Просторная прихожая 6,4 м2
Ванная комната и гостевой с/у (два туалета и душевая кабина).
В квартире остается кухня  и стеллажи в техническом помещении ,в дар новым владельцам.
Кухня: Фасады - МДФ в двух вариантах окраски матовый/глянец. Корпуса шкафов Egger. Фурнитура Blum. Столешница и фартук из бесшовного акрилового камня SAMSUNG. 
 

ТРАНСПОРТНАЯ ДОСТУПНОСТЬ :
2-3 минуты пешком до автобусной остановки;
25 минут до ст. МЦД Бутово (пешком);
15 минут до станции метро Бульвар Дмитрия Донского и Анино (транспортом);

ИНФРАСТРУКТУРА И БЛАГОУСТРОЙСТВО -
Во дворе дома детская игровая площадка, детские садики, школы, поликлиника,парковая зона, рыбалка.
В пешей доступности торговые центр, продуктовые сетевые магазины, бытовые сервисы, фитнес-центр.
современный ремонт, мебель и бытовая техника. Чисто, уютно и светло. Также доступна парковка для жильцов.
Парковка платная с личным парковочным местом и бесплатная около дома, места свободные для парковки есть всегда.

Свободная продажа, обременений нет.
Срочная продажа.",,67.8,10.9,160.8
https://vidnoye.cian.ru/sale/flat/309922834/,https://images.cdn-cian.ru/images/2333038625-4.jpg,,"Московская область, м. Бульвар Дмитрия Донского, Ленинский городской округ, Боброво пгт, улица Лесная, 26",Транспортом,5900000.0,162534.0,2.0,1.0,18.0,36.3,"Арт. 74923567. Пpодаётся уютная 2х комнатнaя кваpтирa в ЖК ""Восточное Бутово""!

ЖК ""Восточное Бутово"" расположен в 5 км от МКАД по Симферопольскому шоссе, в Ленинском районе Московской области.

Окружениe:

Вce нe oбxодимое рядoм: магазины, аптеки, супермаркeты, шкoлы и дoшколные учрежeдeния, поликлиника,Бутовский лесопарк.

Транспoртнaя доступноcть:

Дo м. Бульвар Дмитрия Донского 10 минут на авто, МЦД2 Бутово 7 минутна авто, 10 минут на общественном транспорте, м. Улица Старокачаловская 10 минут на авто.

Дo центpа гoродa на машине 50-55 минут.

О доме:

Панельный дом с железобетонными перекрытиями. Дом введен в эксплуатацию в 2018 году.

О квартире:
Квартира очень светлая и уютная.

Общая 36,3м2.
Кухня- 9,2м2.
Комнаты- 9,4м2. и 8,8м2.

В квартире выполнен качественный ремонт.

Вся мебель и встроенная техника отстается для комфортного проживания.

 

О документах: 1 собственник, ДКП.
Материнский капитал не использовался. Без обременений.
Свободная продажа.
Готовы максимально быстро выйти на сделку.",,36.3,5.9,162.5
https://vidnoye.cian.ru/sale/flat/310323534/,https://images.cdn-cian.ru/images/2331061058-4.jpg,ЖК «Живописный»,"Московская область, м. Бульвар Дмитрия Донского, Ленинский городской округ, Живописный ЖК, 3",Транспортом,12310240.0,185395.0,2.0,4.0,4.0,66.4,"Продаётся 2-комнатная квартира в сданном доме (Корпус 3), срок сдачи: IV-кв. 2023, общей площадью 66.4 кв.м., на 4 этаже. Для ценителей природы и красоты всего в 2 км от МКАД в удивительно тихом и очаровательном месте расположился новый проект комфорт-класса ""Живописный"". Жилой комплекс представляет собой превосходное единство дизайна, функциональности и удобства. 
Настоящий природный оазис получил свое благозвучное название за первозданную красоту места, в котором находится. Близость архитектурных и культурных памятников дополняет образ окружающего пространства. 
Гармоничный ансамбль появится на территории 21 га. В комплексе запланирована развитая социальная и торгово-развлекательная инфраструктура. 
ЖК ""Живописный представляет собой комплекс малоэтажных (4 этажа) домов, расположенных на территории 21 га. Жителям будут доступны машино-места в подземном паркинге, объекты социальной инфраструктуры и завораживающие виды. В ближайшей перспективе - расширение местной дорожной сети и запуск новых маршрутов до ж/д станций и станций метро. 
Особую прелесть комплексу придает близость зеленых массивов. В пешей доступности находятся Бутовский лесопарк, загородный клуб ""Завидное"", имение ""Спасское"". Это располагает к приятным прогулкам и спокойному отдыху жителей комплекса. Любителям красивых исторических мест можно прогуляться по усадьбе ""Троицкое на Обитце"" конца XVIII - начала XIX веков.",,66.4,12.3,185.4
https://www.cian.ru/sale/flat/311628287/,https://images.cdn-cian.ru/images/kvartira-moskva-ulica-polyany-2358707507-4.jpg,ЖК «Эталон-Сити»,"Москва, ЮЗАО, р-н Южное Бутово, м. Бульвар Дмитрия Донского, улица Поляны, 5",Транспортом,16500000.0,300000.0,2.0,25.0,31.0,55.0,"Продается светлая и уютная квартира формата 2Е (евродвушка). Квартира чистая, аккуратная, с хорошим ремонтом (делали для себя и качественных материалов).
Просторная кухня-гостиная. Современный кухонный гарнитур с встроенной техникой (варочная панель, духовой шкаф, посудомоечная машина, встроенный холодильник) - все практически новое.
Большой совмещённый санузел. Установлена качественная сантехника.
Современный жилой комплекс 2018 года постройки с подземным паркингом. Есть возможность купить сразу с квартирой хорошее и удобное машино-место. 
Вся развитая инфраструктура рядом с домом. Бутовский лесопарк для прогулок.
Один взрослый собственник. СВОБОДНАЯ ПРОДАЖА!!!",,55.0,16.5,300.0
https://www.cian.ru/sale/flat/312186161/,https://images.cdn-cian.ru/images/kvartira-moskva-bulvar-dmitriya-donskogo-2370638850-4.jpg,,"Москва, ЮЗАО, р-н Северное Бутово, м. Бульвар Дмитрия Донского, бульвар Дмитрия Донского, 16",Пешком,16000000.0,276339.0,2.0,7.0,15.0,57.9,"Продается 2-х комнатная квартира!

Находится по адресу: Москва, бульвар Дмитрия Донского дом 16, на 7м этаже/15ти этажного, панельного дома. Общая площадь (без учета лоджии): 57.9 кв. м./кухня: 10.8/жилая: 30.9; Квартира с хорошим ремонтом, в светлых тонах; Укомплектована всем необходимым для жизни; Сантехника и электрика в отличном состоянии и прослужит многие годы; Вся инфраструктура и общественный транспорт в шаговой доступности; Всегда есть где припарковать автомобиль. Один взрослый собственник, свободная продажа, без обременений, в собственности более 10-ти лет. Звоните! Отвечу на ваши вопросы и организую показ.",,57.9,16.0,276.3
https://chekhov.cian.ru/sale/flat/308454649/,https://images.cdn-cian.ru/images/2292978832-4.jpg,,"Московская область, Чехов, м. Бульвар Дмитрия Донского, улица Маркова, 13",Транспортом,4700000.0,106095.0,2.0,4.0,5.0,44.3,"Арт. 75471538 Продается уютная 2-комнатная квартира с ремонтом в городе Чехов на Улице Маркова, д.13. Площадь квартиры 44,3кв.м., расположена на 4 этаже 5-ти этажного дома. 

Квартира полностью готова как к проживанию, так и для сдачи в аренду.
Новым владельцам остается вся необходимая мебель и современная техника: стиральная машина, газовая плита, телевизор, чайник, 2 новых дивана, комод, кухня и т.д.   
Санузел совмещенный, с новым ремонтом и современной сантехникой. 

Район обустроенный: в пешей доступности школы, детские сады, магазины, автобусная остановка. До ЖД станции ""Чехов"" 20 минут общественным транспортом, 5 минут до ТЦ ""Карнавал"". До ближайшей станции метро Аннино можно доехать от Карнавала за 50 минут общественным транспортом, который подается каждые 20 минут. 

Квартира готова к сделке.
Для покупателей помощь в одобрении ипотеки и проведении сделки - юридическая безопасность гарантирована. 

Оперативный показ. Ключи на руках.",,44.3,4.7,106.1
https://www.cian.ru/sale/flat/307061501/,https://images.cdn-cian.ru/images/kvartira-moskva-koktebelskaya-ulica-2262529268-4.jpg,,"Москва, ЮЗАО, р-н Северное Бутово, м. Бульвар Дмитрия Донского, Коктебельская улица, 4К2",Пешком,14700000.0,262970.0,2.0,9.0,17.0,55.9,"Окна на две стороны во двор, угловая. Дом П-44, 1990 г.п. Общая площадь 55,9, жилая 31,8, 1 лоджия. Комнаты изолированные 17, 8 + 14, кухня 10,1. Электроплита, 2 лифта грузовой и пассажирский. Пешком от метро 8 мин., в 5 мин. пешком от дома все магазины, поликлиника, школы, детские сады. Свободная парковка, всегда можно найти место. 1 собственник по приватизации, без отказов от приватизации, без обременений, квартира  всегда в одной семье, первичная продажа. Альтернатива. Собственник. Посредник не нужен. На звонки отвечаю не всегда сразу , можете оставить сообщение - перезвоню.",,55.9,14.7,263.0
https://vidnoye.cian.ru/sale/flat/311810717/,https://images.cdn-cian.ru/images/kvartira-drozhzhino-yuzhnaya-ulica-2362310311-4.jpg,ЖК «Бутово парк 2»,"Московская область, м. Бульвар Дмитрия Донского, Ленинский городской округ, Дрожжино пгт, улица Южная, 7",Транспортом,9595000.0,178346.0,2.0,9.0,15.0,53.8,"Продается 2к уютная светлая  квартира с большой кухней- гостиной -19,6кв.м ( Евро-трехкомнатная). Общая площадь квартиры- 53,8 кв. м. Окна  выходят на сторону  Щербинки; живописный, панорамный вид из окна. Придомовая  территория ( двор) закрытая,  что обеспечивает дополнительную безопасность. Подъезды большие, светлые, современные, с видеонаблюдением подъезда и на этажах.  Свободная продажа, 1 собственник, никто не прописан, покупали  у застройщика, без обременений.  Готовность к быстрому выходу на сделку.  Благоустроенный уютный район, рядом есть все необходимое для проживания:  школы, детские сады, поликлиники, кафе , магазины , фитнес-клуб и т.д. также рядом Лесопарковая зона для прогулок, живописные места. До метро Бульвар Дмитрия Донского 15-20 минут на маршрутном такси или автобусе . Также возможен обмен на 3х комнатную квартиру с кухней от 10 кв.м. и общей площадью от 58 кв.м. с доплатой . Агентов просьба не беспокоить.",,53.8,9.6,178.3
https://www.cian.ru/sale/flat/299544167/,https://images.cdn-cian.ru/images/2317450427-4.jpg,ЖК «Гринада»,"Москва, ЮЗАО, р-н Северное Бутово, м. Бульвар Дмитрия Донского, Феодосийская улица, 7к3",Пешком,21500000.0,358333.0,2.0,5.0,12.0,60.0,"Код объекта: 1034633.
 Срочно. Быстрый выход на сделку.

ЖК ""Гринада"" граничит с лесопарковой полосой, присуща некая камерность, создающая эффект проживания загородом.

Стильный, дорогой ремонт.
Квартира 60м2 формат 3Е (евро-трех комнатная):
-18 м2 просторная кухня-гостиная с панорамными окнами в пол, здесь же предусмотрен кабинет; 
-12.3 м2 детская комната;
-19 м2 мастер спальная  с гардеробной  и ванной комнатой;
-две ванных комнаты в квартире;
-гардеробная при входе добавляет эргономичность;
-система вентиляции и кондиционирования;
 

ИНФРАСТРУКТУРА РЕШАЕТ ВСЕ НЕОБХОДИМЫЕ ДЛЯ ЖИЗНИ И РАБОТЫ ЗАДАЧИ :
-спортивные центры
-торговые центры
-детские сады
-образовательные школы
-магазины, поликлиники, салоны красоты, фитнес-центры, медицинский центр и т.д.
-две станции метро: Старокачаловская -пешком 12 минут, Бульвар Дмитрия Донского - пешком 14 минут, и станция МЦД2 Бутово- 25 минут. 

БЛАГОУСТРОЙСТВО ТЕРРИТОРИИ :
-территория двора озеленена
-внутреннее декоративное освещение
-подходит для перемещения маломобильной категории граждан, детских колясок
-спортивные площадки
-детская площадка
-тихая зона

БЕЗОПАСНОСТЬ:
-территория комплекса находится под охраной ЧОП
-круглосуточное видеонаблюдение 
-парковка на территории ЖК

Свободная продажа.
Полная цена в договоре.",,60.0,21.5,358.3
https://vidnoye.cian.ru/sale/flat/310533589/,https://images.cdn-cian.ru/images/kvartira-drozhzhino-novoe-shosse-2335220716-4.jpg,,"Московская область, м. Бульвар Дмитрия Донского, Ленинский городской округ, Дрожжино рп, шоссе Новое, 2к3",Транспортом,10500000.0,156483.0,2.0,7.0,25.0,67.1,"Просторная двушка + гардеробная (3я комната). ДКП от застройщика (без маткапиталов и военных ипотек). С чистейшими документами, в отличии от подавляющего большинства других предложений (без маткапитала, без военной ипотеке, НЕ наследство, собственник не в разводе, дкп от застройщика) - т.е. отсутствие юридических рисков! 
Без каких либо долгов и обременений. Низкий этаж - гарантия тепла в квартире, без завоздушиваний, как на высоких этажах в этих домах и можно ходить пешком, иногда. 
Собственник гр. РФ. 
Квартире 1 год. Все в идеальном состоянии как в момент покупки. 2 комнаты + большая чистая гардеробная которую можно превратить в 3-ю комнату, просторный коридор, 2 санузла. Распологается в торце коридора! Моющиеся белые обои, под покраску, натяжные потолки. Полы ламинат. Остаётся Новая Кухня. Тихо именно в этой локации, очень тепло зимой (закрываем термостаты). 3 грузовых лифта. Домофоны на входе и на этаже, закрытый чистый тамбур. Полная инфраструктура в 5 минутах. Детский сад в 50 м, + 3 школы. 25 мин пешком до МЦД Бутово или Щербинка. Удобный выезд на Варшавское и Симферопольское. Район чистый, зелёный, без ""грязных"" промзон. В 2025 начнется строительство Линии Рельсового Транспорта  (Мск-Бутово-Щербинка-Видное).",,67.1,10.5,156.5
https://www.cian.ru/sale/flat/308952282/,https://images.cdn-cian.ru/images/kvartira-moskva-varshavskoe-shosse-2318347156-4.jpg,ЖК «Лесопарковый»,"Москва, ЮАО, р-н Чертаново Южное, м. Бульвар Дмитрия Донского, Варшавское шоссе, 168",Транспортом,10860000.0,271500.0,2.0,2.0,23.0,40.0,"Продажа апартаментов от 19 до 44 м2 в жилом комплексе бизнес-класса Лесопарковый. 
2 минуты ходьбы от метро Лесопарковая.
В районе  большое количество высших учебных заведений. 
Бутовская линия метро. 

Апартаменты реализуются в состоянии White box. По желанию покупателей возможно выполнить дизайнерскую отделку и меблировку в сопровождении профессионального строителя и дизайнера.
Окна выходят во внутренний благоустроенный двор. 

Собственность, комплекс заселен. 

Жилой квартал Лесопарковый расположен на территории 5 га.  В отделке фасадов использованы современные материалы, которые прекрасно сочетаются  с  окружающим природным ландшафтом Битцевского лесопарка. Фасад отделан  клинкерной плиткой с вкраплениями стемалита и декоративными  панелями. 

Дом оборудованы лифтами Kone высококачественной  инженерией.
В дизайнерских входных группах размещена стойка ресепшн и лаунж-зона, предусмотрены комнаты для хранения колясок, велосипедов и зимнего снаряжения.

Охраняемый двор представляет собой парк с аллеями,  беседками и площадками для йоги, зелёными холмами и альпийскими лугами. На территории реализован проект комплексного освещения и архитектурной подсветки фасадов.

В комплексе развитая  инфраструктура: кофейни, кафе, магазины, пункты выдачи товаров Ozon и Wildberries, салоны красоты и барбершопы, банк, аптеки и клиники, собственные школа и детский сад.

Подземный паркинг, есть возможность аренды м/м.

Комплекс граничит с Битцевским лесопарком и имеет отличную транспортную доступность: прямой доступ на МКАД обеспечивает удобный маршрут в любой район Москвы и пригорода, в непосредственной близости проходит Варшавское шоссе и метро Лесопарковая.",,40.0,10.9,271.5
https://vidnoye.cian.ru/sale/flat/306022806/,https://images.cdn-cian.ru/images/kvartira-zhivopisnyy-2244170573-4.jpg,ЖК «Живописный»,"Московская область, м. Бульвар Дмитрия Донского, Ленинский городской округ, Живописный ЖК, 4к1",Транспортом,8500000.0,213033.0,2.0,2.0,4.0,39.9,"Свежая квартира в ЖК Живописном. Светлый евроремонт. Спокойное место. ЖК начинает обживаться. Детский сад уже построен. Дороги как внутридомовые так и подъездые в отличном состоянии. Рядом лес и красивое место для рыбалки и отдыха ""Завидное"".
Прямая продажа. Один собственник (без детей и прочих юридических заморочек).",,39.9,8.5,213.0
https://www.cian.ru/sale/flat/310887501/,https://images.cdn-cian.ru/images/2342499918-4.jpg,,"Москва, ЮЗАО, р-н Северное Бутово, м. Бульвар Дмитрия Донского, улица Грина, 13",Пешком,15700000.0,270690.0,2.0,9.0,17.0,58.0,"Северное Бутово. Метро не более 9 минут пешком. Чистый подъезд, два лифта. Комнаты изолированные, санузел раздельный, кухня отдельная, остекленный балкон. Ремонт в хорошем состоянии, можно заехать и сразу жить. Рядом вя инфраструктура- магазины, фитнес, салоны красоты, рестораны и подобное. Парковка свободная во дворе.",,58.0,15.7,270.7
https://vidnoye.cian.ru/sale/flat/304288735/,https://images.cdn-cian.ru/images/kvartira-butovo-park-2211605941-4.jpg,,"Московская область, м. Бульвар Дмитрия Донского, Ленинский городской округ, Бутово рп, Бутово Парк ЖК, 6",Транспортом,12500000.0,206612.0,2.0,8.0,21.0,60.5,"Продаётся уютная двухкомнатная квартира площадью 60,5 квадратных метров в ЖК ""Бутово Парк"", расположенная на восьмом этаже 21-этажного панельного дома 2014 года постройки (Мортон).

Жилая площадь составляет 32 квадратных метра. Большая функциональная кухня площадью 16 квадратных метров. 

Окна выходят на благоустроенный двор, наличие лоджии позволит наслаждаться свежим воздухом без необходимости покидать пределы своего жилища.

Рядом расположены школа, детский сад, поликлиника, торговый центр, фитнес-центр и лес. Для активного отдыха и занятий спортом во дворе оборудованы детская и спортивная площадки. Круглосуточная ветеринарная клиника  и площадка для выгула и дрессировки собак также находятся на территории ЖК. Чистый благоустроенный подъезд с консьержем, пандусом.

В пешей доступности станция МЦД2.",,60.5,12.5,206.6
https://www.cian.ru/sale/flat/311489724/,https://images.cdn-cian.ru/images/2355648189-4.jpg,,"Москва, ЮЗАО, р-н Северное Бутово, м. Бульвар Дмитрия Донского, улица Грина, 1К6",Пешком,17000000.0,283333.0,2.0,7.0,17.0,60.0,"Лот  72934 Продается 2-х комнатная квартира с хорошим качественным ремонтом, делали для себя.
Полностью новый санузел, дорогая сантехника. Чугунная ванна и инсталляция Roca, смесители wasserkraft, grohe. Столешница из искусственного камня.
Балконные двери панорамные, двухкамерные стеклопакеты. Балкон отапливается электрическим теплым полом. На кухне вертикальная батарея.
Новым собственникам оставим в подарок новый кухонный гарнитур со встроенной плитой и вытяжкой ariston.
Комнаты изолированы, распашонка. В спальне и гостиной инженерная доска. Также есть вместительная кладовка с выведенными розетками для зарядки бытовой техники. 
Въезд во двор через шлагбаум. Есть система видеонаблюдения.
Двор после масштабной московской реновации 2024 года, новые общественные зоны, беседки, новые детские площадки. Около подъезда уличный тренажерный зал, спортивная и work out площадка, настольный теннис. За домом детский сад, с доступными по прописке местами. Построили культурно-досуговый центр для детей и взрослых. Большая парковка, всегда есть свободные места. В шаговой доступности парк и площадка для собак. 
Полная стоимость в договоре. Свободная продажа. Звоните, с удовольствием покажем нашу квартиру.",,60.0,17.0,283.3
https://vidnoye.cian.ru/sale/flat/307360971/,https://images.cdn-cian.ru/images/2301552607-4.jpg,ЖК «Государев дом»,"Московская область, м. Бульвар Дмитрия Донского, Ленинский городской округ, Лопатино пгт, улица Сухановская, 13",Транспортом,8600000.0,172000.0,2.0,5.0,9.0,50.0,"Арт. 73826051 3Е квартира с евроремонтом!

Продается светлая, уютная, просторная 3Е квартира (2 изолированные комнаты и большая кухня-гостиная) с удобной планировкой, просторным коридором и гардеробной, в ЖК ""Государев дом"" на 5 этаже 9-ти этажного нового дома по ул. Сухановская, д.13. В кухне-гостиной  увеличенное окно, выполнен свежий, современный евроремонт с гидроизоляцией по всему полу из качественных материалов, есть вывод под кондиционер. В доме один грузопассажирский лифт, большая входная зона с дополнительным выходом из подъезда. Благоустроенный двор с детскими площадками и зонами отдыха.  Для автовладельцев предусмотрены парковочные места у дома. 

Данный Жилой комплекс это проект комплексного освоения территории с собственной инфраструктурой. Здесь царит АТМОСФЕРА загородного жилья с полным доступом городских возможностей.

ЭКОЛОГИЧЕСКИ ЧИСТЫЙ РАЙОН с лесопарками и водоемами. К началу 2026 закончат строительство новой дороги для более удобного и быстрого выезда на МКАД и Варшавское шоссе.

ПЕШАЯ ДОСТУПНОСТЬ: На первых этажах комплекса находятся кафе, пекарни, магазины, аптеки, пункты выдачи маркетплейсов и студии красоты. 2 школы, 4 детских сада, медицинские центры, поликлиника, пункт полиции, крупный торговый центр ""Аструм-Видное"".

ТРАНСПОРТНАЯ ДОСТУПНОСТЬ: Выезд на МКАД (5 км), В 2х минутах от дома находится остановка общественного транспорта, до ближайших станций метро Бульвар Дмитрия Донского, Аннино, Бутово (15-20 мин).

ЛЕГКО КУПИТЬ:
Один взрослый собственник!
Полная цена в ДКП!
Без обременений и мат. капитала!
Никто не зарегистрирован!

БОНУСЫ:
- Бесплатная помощь в одобрении ипотеки по ставке 14.75%!
- Бесплатное юридическое сопровождение на всех этапах сделки!

Звоните и записывайтесь на показ прямо сейчас!",,50.0,8.6,172.0
https://www.cian.ru/sale/flat/306126036/,https://images.cdn-cian.ru/images/kvartira-moskva-ulica-grina-2246071356-4.jpg,,"Москва, ЮЗАО, р-н Северное Бутово, м. Бульвар Дмитрия Донского, улица Грина, 1К2",Пешком,13300000.0,246296.0,2.0,2.0,17.0,54.0,"СВОБОДНАЯ ПРОДАЖА! Продается светлая и уютная 2-х комнатная квартира (54/32/9,5) на 2-м из 17-ти этажей панельного дома 1995 года постройки типовой серии П3/16 в одном из экологически благоприятных районов Москвы  Северное Бутово в ЮЗО, окруженном лесными массивами.
Очень уютная квартира линейной планировки с окнами во двор. Косметический ремонт, функциональная планировка: просторная кухня с удобной мебелью и необходимой бытовой техникой, 2 изолированные комнаты, балкон, большой коридор со встроенным шкафом, светлая ванная, раздельный санузел. 
Тамбур на 4 квартиры. Чистый ухоженный подъезд, пассажирский и грузовой лифты, тихие и интеллигентные соседи. 
Дом расположен вдали от улицы, в тихом зеленом (летом) и благоустроенном дворе с достаточным количеством парковочных мест, в пешей доступности от м. Старокачаловская и м. Дмитрия Донского (10-12 мин.). Недалеко от дома Ботанический сад ВИЛАР, Салтыковский пруд - отличные места для прогулок и отдыха. 
Развитая инфраструктура: супермаркеты, ТЦ, детские сады и школы, современные детские и спортивные площадки, Храм Дмитрия Донского и т.д. 
БЕЗ ОБРЕМЕНЕНИЙ, БЕЗ ПЕРЕПЛАНИРОВОК. В квартире с момента постройки дома проживала одна семья. Никто не зарегистрирован. Один взрослый собственник с 1996 года, ДКП. Полная стоимость в договоре. Разумный торг. Оперативный показ.",,54.0,13.3,246.3
https://vidnoye.cian.ru/sale/flat/311107051/,https://images.cdn-cian.ru/images/2347280247-4.jpg,,"Московская область, м. Бульвар Дмитрия Донского, Ленинский городской округ, Новодрожжино пгт, 9к2",Транспортом,8000000.0,152672.0,2.0,3.0,9.0,52.4,"Номер лота: вт-0422889.
На самом удобном 3 этаже продаётся квартира распашной планировки, не требует вложений совсем, в отличном состоянии. 
Две изолированные комнаты 18 и 13 кв.м., кухня 8,1 кв.м., раздельный санузел, лоджия застеклена, выход из спальни, просторный коридор с системой хранения. Все окна пластиковые, поменяли трубы, грамотная разводка всех коммуникаций, дом без газа, плита и духовка электрические. 
Год постройки дома 1994. 
В шаговой доступности школа  1456, детский сад  26 Лукоморье, пруд, мемориальный комплекс Бутово с зонами прогулочными, есть, где выгулять собаку и любого другого любимца; сетевые магазины, почта, банки, сфера услуг, всё есть. До МКАД на авто 7 минут, на общественном транспорте 15 минут, автобусные остановки в 3 минутах пешком. До ст. МЦД Бутово пешком 18 минут.
Подходит под ипотеку и другие взаиморасчеты. Чистая история - приватизация 2007 года. Эксклюзивное право продажи.


 Содействие в получении специальных условий и преференций по ипотеке.",,52.4,8.0,152.7
https://vidnoye.cian.ru/sale/flat/311146184/,https://images.cdn-cian.ru/images/2348100356-4.jpg,ЖК «Бутово парк 2»,"Московская область, м. Бульвар Дмитрия Донского, Ленинский городской округ, Дрожжино пгт, шоссе Новое, 2",Транспортом,8600000.0,134585.0,2.0,8.0,25.0,63.9,"Код объекта: 1327096.
 ЛУЧШЕЕ ПРЕДЛОЖЕНИЕ! Самая выгодная цена в локации! 

Всем доброго дня! Меня зовут Микаель, я эксперт в сфере недвижимости.

Фото квартиры по запросу. В квартире местами нужен косметический ремонт, хорошая планировка (распашонка), два санузла, большая площадь. Отделка есть, просто местами нужны доработки (не глобальные). 

Район находится в 5.5 км от МКАД отсюда до метро 15-20 минут на автобусе. Недавно открылась станция Мцд Бутово, до нее можно доехать за 10 минут, остановка рядом с домом. 

Для вашего удобства: Школы, детские сады, магазины, кафе, торговый центр с отличным фитнес залом. Район радует своей инфраструктурой. 

Для наших покупателей:
- оперативное одобрение ипотеки в ведущих банках России 
- преференция по ипотечной ставке 
- полное юридическое сопровождение сделки! 
Остались вопросы? Звоните!",,63.9,8.6,134.6
https://vidnoye.cian.ru/sale/flat/311420871/,https://images.cdn-cian.ru/images/2354284108-4.jpg,ЖК «Бутово парк»,"Московская область, м. Бульвар Дмитрия Донского, Ленинский городской округ, Бутово пгт, Бутово Парк ЖК, 14",Транспортом,10000000.0,163934.0,2.0,22.0,25.0,61.0,"Код объекта: 1344352.
 Правовой сертификат и Титульное страхование в подарок, а это означает, что квартира проверена двумя крупнейшими компаниями на рынке недвижимости. Продается 2-х комнатная квартира, общей площадью 61 кв.м. в Жилом Комплексе Бутово-Парк1, на 22-ом этаже 25-ти этажного дома. Изолированные комнаты, просторная и уютная кухня, позволяющая собираться всей семье,  раздельный санузел, лоджия. В квартире отсутствуют перепланировки, обременения, очень быстрый выход на сделку, оперативные показы, 1 собственник взрослый, ДКП 2022 года, полная стоимость в договоре.",,61.0,10.0,163.9
https://www.cian.ru/sale/flat/311676190/,https://images.cdn-cian.ru/images/2359647771-4.jpg,,"Москва, ЮЗАО, р-н Северное Бутово, м. Бульвар Дмитрия Донского, бульвар Дмитрия Донского, 9К4",Пешком,14000000.0,250447.0,2.0,2.0,17.0,55.9,"Надоело тратить драгоценное время на дорогу до метро?  Тогда эта квартира то, что Вам нужно, ведь она находится в 1 минуте ходьбы от м Бульвар Дмитрия Донского. Вас порадует своей чистотой подъезд, а   комфортный 2 этаж позволит избежать ежедневных поездок в лифте.  
Большие  комнаты позволят разместить мебель и системы хранения без ущерба ""потери"" пространства. 
Квартира без ремонта, что даёт возможность оформить все по своему вкусу и стилю.
Для комфортной жизни в доступной локации школы, детские сады, ТЦ, аптеки, фестивальная площадка, которая является местом притяжения района. 
В квартире проживают первые и единственные собственники, что гарантирует юридическую чистоту. 
Эта квартира — хороший выбор для тех, кто ищет уютное жильё в спальном районе Москвы с развитой инфраструктурой.
Звоните и записывайтесь на просмотр, чтобы убедиться лично, что квартира подходит именно Вам.",,55.9,14.0,250.4
https://www.cian.ru/sale/flat/308771834/,https://images.cdn-cian.ru/images/kvartira-moskva-feodosiyskaya-ulica-2300310446-4.jpg,ЖК «Гринада»,"Москва, ЮЗАО, р-н Северное Бутово, м. Бульвар Дмитрия Донского, Феодосийская улица, 7к3",Пешком,15000000.0,250000.0,2.0,1.0,20.0,60.0,"ЖК ""Гранада"". 
Отличная двухкомнатная квартира на 1 этаже с окнами во внутренний двор дома. Дизайнерский ремонт, 2 спальни, гардеробная комната, кухня-гостиная.
Рядом с жилым комплексом парк, храм. До метро можно добраться за 10-15 минут пешком.
Удобная транспортная развязка, рядом остановка общественного транспорта. Во дворе школа, дет/сад, магазины, аптека, кафе.
На территории ЖК имеются охрана и видеонаблюдение.

Документы: 3 взрослых собственника, продается свободной.
Звоните.",,60.0,15.0,250.0
https://www.cian.ru/sale/flat/311542158/,https://images.cdn-cian.ru/images/kvartira-moskva-ulica-polyany-2356672533-4.jpg,ЖК «Эталон-Сити»,"Москва, ЮЗАО, р-н Южное Бутово, м. Бульвар Дмитрия Донского, улица Поляны, 5",Транспортом,14700000.0,270718.0,2.0,9.0,31.0,54.3,"Продается 2-комн.квартира оптимального метража и планировки в комплексе Эталон Сити Башни Токио (корпус 3). Комнаты изолированные, большая прихожая, есть лоджия. Остаются мебель и частично техника. Инфраструктура комплекса и всего района хорошо развита: большой парк с прудами и зонами отдыха, магазины разных форматов, фитнес, школа, детский сад, развивающие центры для детей и взрослых - все в шаговой доступности. Огороженная территория с ландшафтным дизайном, уютные места для отдыха внутри комплекса, современные детские площадки для разных возрастов. Много парковочных мест + подземный паркинг. Однородный социальный состав жителей. 12 минут пешком от станции метро Улица Скобелевская. 1 взрослый собственник, полная стоимость в ДКП. Свободная продажа. Быстрый выход на сделку. Звоните, покажем оперативно и в удобное для Вас время. Эксклюзивный договор АН МАЯК.",,54.3,14.7,270.7
https://www.cian.ru/sale/flat/303833969/,https://images.cdn-cian.ru/images/kvartira-moskva-koktebelskaya-ulica-2206582456-4.jpg,,"Москва, ЮЗАО, р-н Северное Бутово, м. Бульвар Дмитрия Донского, Коктебельская улица, 4К4",Пешком,13800000.0,272189.0,2.0,14.0,17.0,50.7,"Продается 2-ком квартира в 10 минутах пешком от метро Бульвар Дмитрия Донского. Тихий, зеленый район с развитой инфраструктурой: рядом школы, детсады, поликлиника, торговые центры, магазины, есть места для парковки. В квартире изолированные комнаты, раздельный санузел в красивом кафеле, балкон, из окон прекрасный вид на город, подключен скоростной интернет.  
Альтернатива подобрана! Полная стоимость в договоре, 2 взрослых собственника, без обременений, без долгов.",,50.7,13.8,272.2
https://vidnoye.cian.ru/sale/flat/311638097/,https://images.cdn-cian.ru/images/kvartira-bulatnikovo-2358932958-4.jpg,ЖК «Булатниково»,"Московская область, м. Бульвар Дмитрия Донского, Ленинский городской округ, д. Жабкино, Булатниково мкр, 4",Транспортом,6350000.0,132292.0,2.0,2.0,4.0,48.0,"Продается уютная двухкомнатная квартира в новом доме в микрорайоне Булатниково, Ленинский городской округ, Московская область. Свободная продажа, никто не прописан. Общая площадь квартиры составляет 48 кв. м, расположена на 2 этаже 4-этажного дома, построенного в 2023 году. Прекрасный вариант для тех, кто ищет современное жилье вдали от городской суеты.

Квартира без отделки, что дает вам возможность воплотить свои дизайнерские идеи и создать пространство своей мечты. Кухня площадью 9,8 кв. м позволит комфортно разместить всю необходимую мебель и технику. Из окон открывается вид на тихий двор, а наличие балкона станет приятным бонусом для любителей свежего воздуха. В квартире есть один отдельный санузел.

Дом оснащен грузовым лифтом и наземной парковкой, поэтому можно легко организовать переезд и парковку автомобиля. Новостройка гарантирует современные коммуникации и свежий внешний вид здания.

Рядом с домом находятся все необходимые объекты инфраструктуры: детские сады, школы, магазины и медицинские учреждения. До станции метро ""Битца"" можно дойти пешком за 24 минуты, что делает поездки в город удобными и быстрыми.

Условия сделки прозрачны и просты: продажа по договору купли-продажи, без обременений. Ипотека возможна, что позволяет сделать покупку доступной для вас.

Записывайтесь на просмотр, чтобы оценить все преимущества этой квартиры и представить, как она станет вашим новым домом. Мы будем рады ответить на все ваши вопросы и помочь с оформлением сделки.",,48.0,6.3,132.3
https://vidnoye.cian.ru/sale/flat/291361937/,https://images.cdn-cian.ru/images/kvartira-vidnoe-olginskaya-ulica-2186486111-4.jpg,,"Московская область, Видное, м. Бульвар Дмитрия Донского, Ольгинская улица, 46к5",Транспортом,5400000.0,116379.0,2.0,1.0,2.0,46.4,"Продается двухкомнатная квартира в экологически чистом районе, г. Видное. ул. Ольгинская дом 46 корпус 5. Дом кирпичный, двухэтажный, Железобетонные перекрытия. Квартира расположена на первом этаже. Общая площадь 46,4 кв м. В квартире установлены стеклопакеты, на полу линолеум, газ на кухне. Комнаты смежные, окна на две стороны (можно изолировать), совмещенный санузел. В шаговой доступности общеобразовательные школы, продовольственные магазины. В 10 минут на машине до МКАД. Рядом автобусная остановка. Район спокойный, невысокая застройка. Обременений нет. Перепланировок нет. Свободная продажа.",,46.4,5.4,116.4
https://www.cian.ru/sale/flat/303404702/,https://images.cdn-cian.ru/images/kvartira-moskva-ulica-grina-2193545219-4.jpg,,"Москва, ЮЗАО, р-н Северное Бутово, м. Бульвар Дмитрия Донского, улица Грина, 3К2",Пешком,16000000.0,289331.0,2.0,17.0,17.0,55.3,"Продается двухкомнатная квартира в районе со сложившейся инфраструктурой. Для жизни есть всё в пешей доступности. До метро 350 м. Прекрасное место для детей: детские сады (с местами), школы, спортивные секции и кружки, множество площадок.
Для прогулок: рядом Бутовский лесопарк и парки поймы реки Битца.
В квартире был произведен полный ремонт с заменой окон, батарей, полов (паркетная доска - ПВХ ламинат - плитка), стены оштукатурены, в санузлах полная замена коммуникаций, оптимизирована электрика, в коридоре и санузлах натяжные потолки.
Два собственника, ДКП 2012 г. В услугах риелторов не нуждаемся. Если не ответим, перезвоним.",,55.3,16.0,289.3
https://www.cian.ru/sale/flat/302294341/,https://images.cdn-cian.ru/images/2190065114-4.jpg,,"Москва, ЮЗАО, р-н Северное Бутово, м. Бульвар Дмитрия Донского, Старокачаловская улица, 4",Пешком,24900000.0,254601.0,2.0,7.0,21.0,97.8,"Номер лота: вт-0417337.
Монолит , жилищный комплекс по цене панельного дома. самое выгодное предложение, конструкция квартиры позволяет выполнить переоборудование на евро трех комнатную квартиру( гостиную кухню и 2 изолированные комнаты, 2 санузла и гардероб. Запишитесь на смотр либо пообщайтесь с риэлтором заранее до осмотра по поводу переоборудования и возможностей данного объекта. Состояние квартиры жилое, все что на фото останется покупателю. На территории комплекса расположено множество маркетплейсов, аптеки, магазины, терские и оздоровительные центры,  школа синяя птица расположена на территории комплекса . Имеются парковки и паркинги, охрана , огороженная территория. Свободная продажа. В данный момент 1 комната проходная ( можно изолировать) , 1 изолированная. 1 санузел и зозблок( можно вернуть и сделать 2 санузлом), большой 2 холл - есть зона где можно организовать гардероб. Вход в кухню можно сделать со стороны коридора и изолировать гостиную. В квартире не плохая база - натуральный паркет и деревянные окна со стеклопакетами( возможна покраска людей расцветки) . В доме консьерж и приличные соседи. Содействие в получении специальных условий и преференций по ипотеке.",,97.8,24.9,254.6
https://vidnoye.cian.ru/sale/flat/309582830/,https://images.cdn-cian.ru/images/2316623415-4.jpg,ЖК «Бутово парк 2»,"Московская область, м. Бульвар Дмитрия Донского, Ленинский городской округ, Дрожжино рп, улица Южная, 9",Транспортом,7900000.0,185012.0,2.0,6.0,17.0,42.7,"Арт. 80003056 Продаю 2-комнатную квартиру по адресу Моcкoвcкaя область, Ленинский гоpодcкой округ, pабочий посёлок Дpoжжинo, ул. Южная,д.9, этаж 6/17. Общая площадь  42,70 кв. м, жилaя  16,50 + 8,5 кв.м, c/у раздельный, лоджия, окна на южную сторону, посудомоечная машина, кондиционер. Строился в 2016г. Панельный дом, в котором находится детская поликлиника и кафе. Транспортные логистика очень удобная, рядом остановка МЦД Бутово и Метро Дм.Донского с прямым выездом на Варшавское шоссе. Бесплатная парковка во дворе. Рядом с домом 2 платные парковки. Инфраструктура развитая, прекрасный зелёный район, всё в пешей доступности: в 70 метрах 2 школы, детский сад, торговые центры, поликлиники и т. д. Рядои с домом пекарня и кафе, салоны красоты, waldberries, ozon, янднкс-Доставка, фитнес зал.
В квартире остается вся бытовая техника и мебель, т.к. сделана под индивидуальный заказ отличного качества, КРОМЕ  ХОЛОДИЛЬНИКА, СТИРАЛЬНОЙ МАШИНЫ, ТЕЛЕВИЗОРА И МИКРОВОЛНОВКИ. Состояние замечательное, квартира с отделкой.",,42.7,7.9,185.0
https://vidnoye.cian.ru/sale/flat/311080028/,https://images.cdn-cian.ru/images/kvartira-lopatino-suhanovskaya-ulica-2346809931-4.jpg,ЖК «Государев дом»,"Московская область, м. Бульвар Дмитрия Донского, Ленинский городской округ, Лопатино пгт, улица Сухановская, 13",Транспортом,7000000.0,155211.0,2.0,7.0,9.0,45.1,"Продаётся двух комнатная квартира, общей площадью 45 м.кв. 
Новый дом, 2018 года постройки.
Очень функциональная планировка, распашонка, окна выходят на две стороны дома.
Квартира состоит из двух просторных,изолированных комнат (из одной выход на лоджию), гардеробной и просторной кухни.
Квартира оборудована всей необходимой мебелью и техникой.
В шаговой доступности вся необходимая инфраструктура,школа, детские сады, сетевые магазины, спорт клубы и многое другое.
В 2-х минутах ходьбы находятся остановки общественного транспорта, каждые 5 мин. ходят маршруты до ст.метро Анино, Бульвар Дмитрия Донского, МЦД Бутово. На авто, 8 км. до МКАД.
 Свободная продажа, без обременений, два взрослых собственника, документы готовы к сделке.",,45.1,7.0,155.2
https://vidnoye.cian.ru/sale/flat/302362659/,https://images.cdn-cian.ru/images/kvartira-vidnoe-galiny-vishnevskoy-ulica-2175186201-4.jpg,ЖК «Видный город»,"Московская область, Видное, м. Бульвар Дмитрия Донского, улица Галины Вишневской, 8к1",Транспортом,7400000.0,136029.0,2.0,7.0,8.0,54.4,"Продаётся двухуровневая квартира в монолитно-кирпичном доме комфорт-класса, квартира расположена на 2х этажах на 7 и 8.Общая высота квартиры 5,77 метров, высота каждого этажа 2,7 метров, вы сможете воплотить любые дизайнерские решения! Двор без машин!
Преимущества перед другими подобными квартирами: 
		квартира имеет два балкона (одна лоджия 3,1 метра, второй балкон маленький, вообще по задумке для кондиционера, но многие используют как балкон.
		Лоджия 3,1 метра застекленная! Это огромное преимущество, так как если при постройке лоджия не застеклена, то в этом ЖК по правилам вы ее не имеете права застеклить, так как это испортит вид дома.
		ФРАНЦУЗСКИЕ ОКНА (высокое окно от пола)
		Дом комфорт-класса
              Уже установлены новые двери на двух этажах (железные двери torex)
		Теплая квартира (не угловая)
Возможно сделать евро трёшку с лестницей с общей площадью 54,4 кв м.      
ЧИСТЕЙШИЕ ДОКУМЕНТЫ!ДДУ без мат капиталов и прочего!никто не прописан!Свободная продажа, документы на руках, один взрослый собственник, без обременений, быстрый выход на сделку, полная стоимость в договоре
Объект актуален, просмотр доступен
Если не удалось дозвонится пишите в сообщения на циан",,54.4,7.4,136.0
https://vidnoye.cian.ru/sale/flat/297759551/,https://images.cdn-cian.ru/images/kvartira-drozhzhino-novoe-shosse-2085816742-4.jpg,ЖК «Бутово парк 2»,"Московская область, м. Бульвар Дмитрия Донского, Ленинский городской округ, Дрожжино рп, шоссе Новое, 3к2",Транспортом,9200000.0,156729.0,2.0,8.0,27.0,58.7,"Вашему вниманию предлагается уютная и теплая квартира с прозрачной историей и хорошей аурой, с очень удобной планировкой: комнаты раздельные 15.8м с полуэркером и 11.7м соответственно, вместительная прихожая. современная кухня 11.4м, застекленная лоджия ( при желании можно сделать как кабинет. либо игровую зону для детей). Окна выходят на юго-восток, так что квартира светлая. По расположению на этаже самое лучшее: далеко от зоны лифтов и лестницы (шума нет), большой закрытый тамбур, хорошие соседи, чистый подъезд. Дом расположен  с краю общей застройки ЖК Бутово парк 2, это большой ПЛЮС: менее населенная часть, много парковочных мест для авто, дом ""Свечка"" из серии КОПЭ, всего один подъезд; рядом благоустроенный двор, пешие и велодорожки вокруг Дрожжинского пруда и р. Гвоздянки; две школы на выбор: 2 и 1355, д/сад26 ""Лукоморье"". Квартира подходит под ипотеку любого банка, 1 взр. собственник, полная стоимость в ДКП, БЕЗ ОБРЕМЕНЕНИЙ, ДОЛГОВ. маткапитал не использовался, свободная продажа. Звоните уважаемые клиенты и коллеги, все покажем и расскажем, торг обсуждается после просмотра.",,58.7,9.2,156.7
https://www.cian.ru/sale/flat/311663637/,https://images.cdn-cian.ru/images/2359444754-4.jpg,ЖК «Столичные поляны»,"Москва, ЮЗАО, р-н Южное Бутово, м. Бульвар Дмитрия Донского, улица Поляны, 5Ак1",Транспортом,17700000.0,266566.0,2.0,9.0,33.0,66.4,"Номер в базе: 4295829. Вашему вниманию предлагается евро-трёхкомнатная квартира в ЖК ""Столичные Поляны"".

Прописка МОСКВА! Подходит под ипотеку ОТ 14,99%!

Отличная планировка - распашонка! Две просторные изолированные комнаты по 18.4 и 12.7 кв.м., можно сделать мастер-спальню с санузлом. Просторная кухня-гостиная 19,1 кв.м. Два санузла. Есть балкон.
Квартира находится на комфортном 9ом этаже 17тиэтажного дома.

Транспортная доступность:
-10 минут пешком до метро ""Скобелевская"";
-Удобный выезд на 35-й километр МКАД (6 минут на машине, 3 километра).

Об инфраструктуре:
Развитая собственная инфраструктура жилого комплекса, есть все розничные магазины, кафе, рестораны. Фитнес-клуб с бассейном в соседнем здании. Школа и детский сад через дорогу.
Концепция ""Двор без машин"" - закрытый двор только для жителей дома! Облагороженный двор с детской площадкой, подземный и наземный паркинги. 

Юридическая часть:
Легко купить! 1 собственник, первый с момента приобретения квартиры.
Квартира без обременений и перепланировок, юридически и физически свободна! Укажем полную стоимость в ДКП.
Готовы к быстрой сделке!

Звоните, оперативно отвечу на все ваши вопросы и организую показ!
Сделку сопровождает агентство ""ЭТАЖИ"".
-Помощь в одобрении ипотеки среди 30 банков-партнёров в режиме одного окна по ставкам с преференциями;
-Полное юридическое сопровождение сделки;
-Финансовая гарантия на приобретаемый объект до 25 000 000 руб.
Код пользователя: 133839",,66.4,17.7,266.6
https://vidnoye.cian.ru/sale/flat/311548824/,https://images.cdn-cian.ru/images/kvartira-bobrovo-krymskaya-ulica-2356790516-4.jpg,ЖК «Восточное Бутово»,"Московская область, м. Бульвар Дмитрия Донского, Ленинский городской округ, Боброво пгт, улица Крымская, 17к1",Транспортом,8700000.0,140777.0,2.0,5.0,17.0,61.8,"Самая удачная серия панельных домов П-44Т (2016 год постройки). Прекрасная планировка, кухня с эркером, две огромные лоджии. 
Площадь квартиры по ОКС =58,1, а по факту с учетом лоджий =66,7 . В объявлении указана площадь с учетом коэффициента по ДДУ застройщика.
О локации - добираться от метро Бульвар дмитрия Донского очень удобно, автобус идёт всего 15 мин и ходит очень часто. 
Квартира требует небольшого косметического ремонта: частичной замены обоев и линолеума.
Никто не прописан, обременений нет. Один собственник, приобретал по ДДУ, более 5 лет.
 Звоните.",,61.8,8.7,140.8
https://www.cian.ru/sale/flat/311981678/,https://images.cdn-cian.ru/images/kvartira-moskva-varshavskoe-shosse-2366183243-4.jpg,ЖК «Зеленая Вертикаль»,"Москва, ЮАО, р-н Чертаново Южное, м. Бульвар Дмитрия Донского, Варшавское шоссе, 170Ек7",Транспортом,18000000.0,300000.0,2.0,2.0,19.0,60.0,"Всем доброго времени суток! Представляем вашему вниманию квартиру в новом доме 2022 г постройки, от метро 3 мин., ЖК ""Зеленая Вертикаль"" В пешей доступности магазины: Лента, Пятерочка, пекарня, Свежая рыба, Овощи фрукты, кафе бары. 

Две комнаты, спальня, детская,  кухня/гостиная. И все это для покупателя, которому останется только разложить свои вещи по шкафам.

В комплексе новая школа с техническим уклоном и д/садом. ЖК окружен Битцевским лесом. Летом 2023г.  по программе города прошла масштабная реконструкция лесополосы в парковую зону с велодорожками, прогулочными зонами с городским освещением, местами для отдыха горожан, мангальные зоны, детскими площадками и шикарным скейт парком. Летом 2023 г сдана вторая очередь. 

В ЖК отличная Управляющая компания. 

Озеленена территория ЖК и облагорожена дизайнерским ландшафтом. В ЖК детские площадки. 

Приглашаем всех желающих приобрести квартиру, сэкономив время и деньги на ремонт и обстановку. Показ в любое время.",,60.0,18.0,300.0
https://vidnoye.cian.ru/sale/flat/309342459/,https://images.cdn-cian.ru/images/2312071365-4.jpg,ЖК «Южная Битца»,"Московская область, м. Бульвар Дмитрия Донского, Ленинский городской округ, пос. Битца, Южная Битца ЖК, бульвар Южный, 4",Транспортом,8700000.0,205674.0,2.0,15.0,22.0,42.3,"Номер лота: вт-0421749.
Продается квартира в ЖК""Южная битца"" с чистовой отделкой.
Удобная функциональная планировка - кухня-гостиная, два санузла, просторный холл, застеклённый балкон, панорамный вид на лес. 
Дом комфорт класса, подъезд на две стороны, закрытый внутренний двор без машин с прогулочной зоной и детскими площадками. Круглосуточное видеонаблюдение. На этаже 4 квартиры.
Развитая инфраструктура района - действующие детские сады, школа, магазины и кафе, благоустроенные дворы. Подземный паркинг.
Транспортная доступность: удобный выезд на МКАД, 7 минут на транспорте до станций Аннино, Бульвар Дмитрия Донского, улица Старокачаловская и МЦД2 - жд Бутово и Битца. На 2025 год запланировано открытие новой станции МЦД в пешей доступности от ЖК, дополнительно идет строительство развязки с с Юго-Восточной хордой (2025 год)

 Содействие в получении специальных условий и преференций по ипотеке.",,42.3,8.7,205.7
https://vidnoye.cian.ru/sale/flat/302081152/,https://images.cdn-cian.ru/images/2300892005-4.jpg,,"Московская область, м. Бульвар Дмитрия Донского, Ленинский городской округ, Боброво пгт, улица Крымская, 3",Транспортом,10500000.0,181661.0,2.0,18.0,25.0,57.8,"Арт. 75573867 Свободная продажа! Ипотека под 15%! 1 Собственник!
Продается евро 3 ком. квартира, в новом , активно развивающемся районе на 18-ом этаже 25 этажного дома.
Площадь: 57,8м2
Жилая площадь: 23,1м2
Кухня: 20м2
В 15 минутах езды станция метро Аннино и МЦД Бутово. Остановка общественного транспорта сразу у подъезда! Квартира очень просторная, светлая и уютная! 2 сан узла Современная , качественная мебель и техника остается будущим жильцам! Чистые, сквозные подъезды,  закрытый облагороженный двор без машин! Видеонаблюдение, вход на территорию по электронному ключу! Соседи очень интеллигентные и тихие. Вся необходимая инфраструктура в шаговой доступности:
Поликлиники
Магазины
Аптеки
Wildberries
Кафе-
Садики
Школы
По документам все прозрачно, любые проверки! Документы готовы к сделке! Более 5 лет в собственности. Полная стоимость в ДКП. Один взрослый собственник!",,57.8,10.5,181.7
https://vidnoye.cian.ru/sale/flat/308243581/,https://images.cdn-cian.ru/images/kvartira-drozhzhino-novoe-shosse-2301427089-4.jpg,ЖК «Бутово парк 2»,"Московская область, м. Бульвар Дмитрия Донского, Ленинский городской округ, Дрожжино пгт, шоссе Новое, 9",Транспортом,8650000.0,169608.0,2.0,12.0,14.0,51.0,"В собственности более 8 лет. Один взрослый собственник. Без обременений. Прямая, СРОЧНАЯ продажа. Готовы к сделке!  В квартире выполнен ЕВРО ремонт. Отличное состояние. Продаётся со всей, имеющейся мебелью. Лоджия. Санузел раздельный. Дом серии П-44 Т. Чистый подъезд. Консьерж. Рядом школа (1 минута пешком), магазины, остановка городского транспорта.",,51.0,8.7,169.6
https://vidnoye.cian.ru/sale/flat/310724376/,https://images.cdn-cian.ru/images/2339092213-4.jpg,ЖК «Восточное Бутово»,"Московская область, м. Бульвар Дмитрия Донского, Ленинский городской округ, Боброво пгт, улица Крымская, 13",Транспортом,8700000.0,170923.0,2.0,13.0,17.0,50.9,"Продается уютная 2-комнатная квартира в современном доме, расположенном в поселке городского типа Боброво, по адресу: Крымская улица, 13, жилой комплекс Восточное Бутово. Общая площадь квартиры составляет 50.8 кв. м, жилая площадь   30.4 кв. м, кухня   9.2 кв. м. Квартира находится на 13 этаже 17-этажного дома, построенного в 2015 году. Высота потолков   2.8 метра. Окна выходят на южную сторону, в квартире светло в любое время года.

В квартире выполнен косметический ремонт, что позволяет вам сразу заехать и жить с комфортом. Комнаты светлые и просторные, в кухне есть вся необходимая техника, в спальне большая двуспальная кровать и шкаф во всю стену, в гостиной раскладной диван. Есть раздельный санузел и балкон   идеальное место для утреннего кофе или вечернего отдыха.

В доме есть пассажирский и грузовой лифты, что удобно для подъема как людей, так и крупногабаритных вещей. Во дворе расположена большая наземная парковка, поэтому вам не придется беспокоиться о месте для автомобиля. В доме есть пандус и мусоропровод, что делает проживание в нем еще более комфортным.

Рядом с домом находятся школы, детские сады и магазины   все необходимое для удобной жизни, непосредственно у дома располагается строительный магазин Петрович, в 8 минутах езды большой торговый центр Аструм с сетевыми магазинами Перекресток, Карусель, Детский мир и множеством других. 

Транспортная доступность : до станции метро Бульвар Дмитрия Донского на автомобиле за 9 минут, до МЦД-2 Бутово - 7 минут. Непосредственно у дома расположена автобусная остановка, на автобусе до метро можно добраться за 15 минут.

Один взрослый собственник, полная стоимость в договоре.

Приглашаем вас на просмотр. Звоните и записывайтесь на удобное для вас время. Не упустите возможность стать владельцем прекрасного жилья в комфортном районе!",,50.9,8.7,170.9
https://vidnoye.cian.ru/sale/flat/308092821/,https://images.cdn-cian.ru/images/2297794854-4.jpg,ЖК «Бутово парк 2»,"Московская область, м. Бульвар Дмитрия Донского, Ленинский городской округ, Дрожжино пгт, шоссе Новое, 10к2",Транспортом,8800000.0,145695.0,2.0,4.0,20.0,60.4,"Id 47220. Продаётся двухкомнатная квартира уже в развитом ЖК!

Идеальная планировка, распашонка, окна выходят на улицу и двор!

Полная стоимость в ДКП, в собственности более 5 лет, без обременений, покупалась у застройщика за наличные денежные средства!

В шаговой доступности: школа, детский сад, поликлиника, необходимые магазины.
Выезд на Варшавское и Симферопольское шоссе.
Автобусы до: МДЦ Бутово, м. Бульвар Дмитрия Донского, м. Аннино, м. Академика Янгеля, м. Пражская в 10-20 минутах езды.

Оперативный показ, быстрый выход на сделку!

Дополнительные вопросы по телефону!",,60.4,8.8,145.7
https://vidnoye.cian.ru/sale/flat/309855845/,https://images.cdn-cian.ru/images/2322453197-4.jpg,,"Московская область, м. Бульвар Дмитрия Донского, Ленинский городской округ, Дрожжино пгт, улица Южная, 16",Транспортом,8800000.0,159710.0,2.0,1.0,17.0,55.1,"Арт. 80821387 Продается двухкомнатная квартира пo адрecу: Московская область, д. Дpoжжинo, ул. Южная 16

Данную кваpтиpу можно приобреcти по cтавке 14,75% на весь срок!

В квартире 2 комнаты, просторная гостиная с кухней, коридор и совмещенный санузел.
Высота потолков 3,7м ,что позволит организовать дополнительное пространство.

Общая площадь 55,1м2
1/17 этаж панельный дома

Ремонт от застройщика:
Санузел совмещенный, в кафеле, новая ванная, раковина
Установлены счетчики горячей/холодной воды
Поклеены обои, на полу ламинат
Окна пластиковые стеклопакеты
В квартире всегда комфортная температура, тепло, светло, уютно

Чистый подъезд, без посторонних запахов, приятные соседи, видеонаблюдение. Из окна открывается живописный вид во двор. Во дворе оборудована детская/спортивная площадка, есть парковочные места.

Лeгкo купить:
oдин собствeнник
бeз долгов и oбрeменений
пoдхoдит пoд ипотеку
быстpый выход нa cдeлку
показ в удобнoe для Вас врeмя

Месторасположение:
Удобная транспортная развязка (Варшавское шоссе, Симферопольское шоссе),
10 минут до МЦД Бутово,
Остановки общественного транспорта: Варшавское шоссе дом 261
Инфраструктура:
Детский сад  22
Школа  2
Магазины Пятерочка, Магнит, Вкус Вилл
Ресторан Чайхона Бутово,
Южная поликлиника
Спортивные залы Нуга, ТМ Gym
Бутовский парк
Дрожжинский пруд, река Гвоздянка.

Звоните ПРЯМО СЕЙЧАС, пока ВАШУ будущую квартиру не купил кто-то другой.",,55.1,8.8,159.7
https://vidnoye.cian.ru/sale/flat/309888100/,https://images.cdn-cian.ru/images/2322999729-4.jpg,,"Московская область, м. Бульвар Дмитрия Донского, Ленинский городской округ, Лопатино пгт, улица Сухановская, 1",Транспортом,8850000.0,165979.0,2.0,9.0,9.0,53.32,"Продаем просторную, светлую квартиру в ЖК ""Государев дом""!  
  
Двухкомнатная квартира с выполненным евроремонтом и мебелью, что позволит быстро заехать не тратя силы на ремонт.  
  
Сам комплекс с красивой европейской архитектурой, расположенный в 5 км от МКАД на границе с г. Видное. В шаговой доступности от комплекса остановка общественного транспорта до метро Аннино, Бульвар Дмитрия Донского, МЦД-2 Бутово. Для автомобилей предусмотрены наземные паркинги.  
  
Практически со всех сторон объект окружен водоемами и лесными массивами, что позволяет круглый год наслаждаться чистым воздухом.  
  
Благоустроенная инфраструктура: В шаговой доступности множество магазинов, школа, детский сад, заведения, площадка для выгула собак, ТЦ ""Аструм-Видное"".   
В ближайшее время состоится открытие многопрофильной поликлиники.  
Территория вокруг дома благоустроена, оснащена разнообразием детских площадок и спортивных комплексов.  
  
Два взрослых собственника, полная сумма в договоре.",,53.3,8.8,166.0
https://vidnoye.cian.ru/sale/flat/309405675/,https://images.cdn-cian.ru/images/2313153362-4.jpg,ЖК «Видный город»,"Московская область, Видное, м. Бульвар Дмитрия Донского, бульвар Мстислава Ростроповича, 3к2",Транспортом,8800000.0,141935.0,2.0,2.0,8.0,62.0,"Id 48071. Продается  светлая , просторная двухкомнатная квартира с общей площадью 60 м²  (58 м² без учета лоджии) в современном ЖK ""Видный город"", с уникальной архитектурой европейского стиля. 
Квартира -распашонка , окна выходят на две стороны,  что создаёт комфортную прохладу летом. 

Квартира бeз peмонтa, с хoрошей планировкой: двк жилые комнаты (гостиная 20,1 м², спальня 12 м² , кухня 12,1 ванная 5,1 м² ).

ЖК находится в 5 км от МКАД и имеет отличную транспортную доступность. Имеется  свой торговый центр.  В паре минут пешком расположена остановка общественного транспорта, от которой можно добраться до станций метро Аннино, Бульвар Дмитрия Донского, Бутово и железнодорожной станции Расторгуево.
""Видный город"" расположен неподалеку от старинной усадьбы Суханово, Расторгуевского парка, Булатниковского пруда с пляжной зоной. Зеленый массив расположен всего в минуте ходьбы от домов. Район уже обжитой: есть своя поликлиника,  магазины, аптеки, кафе, пвз различных онлайн-площадок и пр. Также неподалеку есть два детских сада, две школы, стадион с футбольным полем, баскетбольными площадками и дорожками для пробежек. На территории расположены детские и спортивные площадки. Двор закрытый , благоустроен. Уже растут деревья и кустарники ,посажены клумбы. 

 1 взрослый  собственник
 Без обременений
 Материнский капитал не закладывался
 Полная стоимость в договоре. 
 Свободная продажа.   Подходит под ипотеку любого банка. 
 Одобрение банков бесплатное!
 Юридическое сопровождение сделки .",,62.0,8.8,141.9
https://vidnoye.cian.ru/sale/flat/304431555/,https://images.cdn-cian.ru/images/kvartira-lopatino-suhanovskaya-ulica-2214259729-4.jpg,ЖК «Государев дом»,"Московская область, м. Бульвар Дмитрия Донского, Ленинский городской округ, Лопатино пгт, улица Сухановская, 8",Транспортом,8900000.0,164207.0,2.0,2.0,9.0,54.2,"Продаётся двухкомнатная квартира, площадью 54,2 кв м в ЖК ""Государев дом"". Готова к заселению. Качественный современный ремонт. Дом расположен у лесного массива.
   В ЖК развитая инфраструктура: МФЦ, детские сады и современная школа, магазины, спорт.клубы, кафе и рестораны, бытовые услуги. Зелёные бульвары для прогулок, детские площадки, площадки для выгула собак.
   Хорошая транспортная доступность до Москвы: в шаговой доступности от комплекса остановка общественного транспорта до метро Аннино, Бульвар Дмитрия Донского, МЦД-2 Бутово.",,54.2,8.9,164.2
https://vidnoye.cian.ru/sale/flat/309997917/,https://images.cdn-cian.ru/images/2325192296-4.jpg,ЖК «Государев дом»,"Московская область, м. Бульвар Дмитрия Донского, Ленинский городской округ, Лопатино пгт, бульвар Солнечный, 2",Транспортом,8995000.0,176373.0,2.0,9.0,9.0,51.0,"Id 48449. Общая площадь 50м²
 
Без обременении
Свободная продажа
Один собственник
Полная стоимость в дкп

Застройщик: ГРАНЕЛЬ
До метро на серую ветку Аннино, на транспорте 15-17мин
До МЦД2 бутово, на транспорте 10 мин
От квартиры до общественной остановки 3-5 мин
В комплексе:

• Школа (самая большая, в ленинском городском округе)
• Три детских сада
• Образовательные центры для детей
• Торговый цент
• МФЦ
• Все необходимые популярные маркеты; пункты доставок и прочее

БЕСПЛАТНАЯ помощь в одобрении ипотеки любого банка
ЮРИДИЧЕСКОЕ сопровождение сделки",,51.0,9.0,176.4
https://vidnoye.cian.ru/sale/flat/308957894/,https://images.cdn-cian.ru/images/kvartira-drozhzhino-yuzhnaya-ulica-2304069411-4.jpg,ЖК «Бутово парк 2»,"Московская область, м. Бульвар Дмитрия Донского, Ленинский городской округ, Дрожжино рп, улица Южная, 19",Транспортом,8900000.0,164815.0,2.0,2.0,19.0,54.0,"Продается уютная двухкомнатная квартира по принципу заезжай и живи

Квартира оформлена в дизайнерском стиле, что придаёт ей особую изысканность и уют. Она полностью меблирована и оснащена всей необходимой импортной техникой, что позволяет вам сразу же въехать и начать комфортную жизнь. Планировка удобная и функциональная, есть отдельный санузел. Кухня от известного дизайнера с посудомоечной машиной и фильтром для воды

Дом в хорошем состоянии, оборудован как пассажирским, так и грузовым лифтом, что удобно для переезда и ежедневных нужд. Парковка наземная, поэтому всегда найдется место для вашего автомобиля.

В шаговой доступности от дома находятся школы, детские сады и магазины, что делает проживание здесь удобным и комфортным. До метро ""Бульвар Дмитрия Донского"" всего 12 минут на автомобиле, что позволяет быстро добраться до центра Москвы.

Квартира продается, все документы готовы к сделке. Возможна ипотека. Обременений нет, 1 взрослый собственник более 5 лет, основание ДДУ, первые руки",,54.0,8.9,164.8
https://vidnoye.cian.ru/sale/flat/311585947/,https://images.cdn-cian.ru/images/2357810847-4.jpg,,"Московская область, м. Бульвар Дмитрия Донского, Ленинский городской округ, Боброво пгт, улица Лесная, 14",Транспортом,9000000.0,166667.0,2.0,2.0,25.0,54.0,"Код объекта: 1346363.
 Продаётся уютная двухкомнатная квартира в посёлке городского типа Боброво, по адресу: ул. Лесная, д. 14.

Квартира расположена на втором этаже 25-этажного панельного дома. Общая площадь составляет 54 кв. м., из которых 20,8 кв. м. — жилая площадь, а 20,9 кв. м. занимает кухня. Две комнаты площадью 11 кв. м. каждая. В квартире выполнен ремонт от Застройщика

В доме установлены пассажирский и грузовой лифты, имеется наземная парковка. Отопление центральное. Окна выходят на во двор.

Эта квартира — отличный выбор для тех, кто ценит комфорт и уют. Просторная кухня станет любимым местом для семейных ужинов и дружеских посиделок, а две светлые комнаты позволят вам создать уютное пространство для отдыха и работы.

Расположение квартиры также является её преимуществом. В шаговой доступности от дома есть всё необходимое для комфортной жизни: магазины, школы, детские сады и другие объекты инфраструктуры.

Мы гарантируем безопасную сделку и юридическую поддержку нашим Клиентам. Поможем одобрить ипотеку с пониженной ставкой.",,54.0,9.0,166.7
https://vidnoye.cian.ru/sale/flat/310224113/,https://images.cdn-cian.ru/images/kvartira-lopatino-suhanovskaya-ulica-2329247225-4.jpg,ЖК «Государев дом»,"Московская область, м. Бульвар Дмитрия Донского, Ленинский городской округ, Лопатино пгт, улица Сухановская, 15",Транспортом,9000000.0,168539.0,2.0,7.0,9.0,53.4,"Уважаемые покупатели, вашему вниманию предлагается светлая и просторная 2-х комнатная квартира, расположенная по адресу: Россия, Московская область, Ленинский городской округ, рабочий посёлок Лопатино, Сухановская улица, д. 15. ЖК Государев дом! Новый, современный жилой комплекс с хорошей инфраструктурой. Квартира после качественного ремонта, с использованием качественных строительных материалов. Кухня встроенная, вся бытовая техника новая в отличном состоянии, ПОСУДОМОЕЧНАЯ машина 60 см. Варочная панель, духовой шкаф. Функциональная планировка: квартира распашная с большой гостиной совмещенной с кухней; Имеется большая ГАРДЕРОБНАЯ КОМНАТА! панорамные окнами; уютная спальня. Произведен современный и качественный ремонт в светлых тонах. Множество мест хранения. Зарегистрированных НЕТ ! Один взрослый собственник! Полная стоимость в договоре ! Территория вокруг дома благоустроена и оснащена прогулочными аллеями, спортивными и детскими площадками. Большая парковка вокруг дома. 

Район с отличной инфраструктурой: в пешей доступности от дома - детские сады, школы, сетевые магазины, аптеки, кафе, торговый центр Аструм с большим разнообразием магазинов, фитнес, бассейн, пункты выдачи ведущих маркетплейсов.

15 минут пешком до усадьбы Суханово через живописную лесопарковую зону с различными оборудованными местами для прогулок и отдыха. 

Комфортная транспортная доступность: в шаговой доступности от дома расположена остановка общественного транспорта, откуда за ~10 минут можно добраться до станций метро: бульвар Дмитрия Донского, Анино; 
~15 минут до МЦД Бутово и ж/д станция Расторгуево. 

Удобный выезд на Симферопольское, Варшавское и Каширское шоссе.",,53.4,9.0,168.5
https://podolsk.cian.ru/sale/flat/310466181/,https://images.cdn-cian.ru/images/2333972260-4.jpg,,"Московская область, Подольск, мкр. Красная горка, м. Бульвар Дмитрия Донского, Красная Горка мкр, улица Садовая, 5",Транспортом,9100000.0,136024.0,2.0,11.0,14.0,66.9,"ПРОДАЕТСЯ  2-комнатная квартира  ЖК ""Красная горка"" в уже сданном доме.
общей площадью 66.9 кв.м.,  , без отделки, с очень грамотной планировкой из которой можно сделать евро 3-х комнатную квартиру.
ЖК ""Красная горка""расположен на Садовой улице , неподалеку от центральной части Подольска. Благодаря такому удачному расположению дома путь до основных объектов города займет всего 10 минут на общественном транспорте. Если захотите отправиться в столицу, станция МЦД-2 ""Силикатная"" находится 10 минутах езды на автомобиле. 

ИНФРОСТРУКТУРА: 
 В 5 минутах ходьбы от ЖК ""Красная горка"" расположены школа и детский сад. Рядом с домом есть все сервисы бытовых услуг для комфортной жизни: магазины и кафе, пункты выдачи онлайн-заказов, аптеки и медицинские центры. До парка культуры и отдыха имени В. Талалихина или музея-заповедника ""Подолье"" дорога на автомобиле займёт около 5 минут. Поблизости находится горнолыжный комплекс Красная Горка, спортивный комплекс Подолье, санаторий с бассейном Ерино.

ТРАНСПОРТНАЯ ДОСТУПНОСТЬ:
Удобное транспортное сообщение . В 300 метрах автобусная остановка. 3 остановки до центра Подольска. 10 минут до станций МЦД Подольск или Силикатная, 30-35 минут в будни на городских автобусах до станции метро Бульвар Дм. Донского. А более 20 маршрутов общественного транспорта позволят без суеты добраться в любую необходимую локацию. 
 
Быстрый выход на сделку, просмотр в любое удобное время, передача ключей в день сделки!



Арт. 84330755",,66.9,9.1,136.0
https://vidnoye.cian.ru/sale/flat/310859905/,https://images.cdn-cian.ru/images/kvartira-drozhzhino-2341857169-4.jpg,ЖК «Бутово парк 2»,"Московская область, м. Бульвар Дмитрия Донского, Ленинский городской округ, Дрожжино пгт, улица Южная, 11к2",Транспортом,9200000.0,161404.0,2.0,17.0,17.0,57.0,"Продается уютная 2-комнатная квартира в рабочем поселке Дрожжино, Московская область. Квартира расположена на последнем, 17 этаже современного дома. Общая площадь составляет 57 кв. м, из которых 35 кв. м — жилая и 11 кв. м отведено под просторную кухню. 

В квартире сделан  ремонт , поэтому можно сразу заехать и жить без дополнительных вложений. Удобная планировка включает в себя совмещенный санузел, а также балкон с видом во двор. Квартира продается с частичной мебелью и техникой, что позволит сэкономить время и деньги на обустройство. 

Дом оборудован двумя лифтами: пассажирским и грузовым, что делает переезд и жизнь в доме удобными. На территории есть наземная парковка, поэтому можно спокойно оставить свой автомобиль. 

В шаговой доступности находятся школы и детские сады, что отлично подойдет для семей с детьми. Также рядом есть магазины, где можно купить все необходимое для комфортной жизни. До метро ""Бульвар Дмитрия Донского"" можно добраться на автомобиле за 12 минут, что делает квартиру удобной для тех, кто ценит транспортную доступность.

Квартира продается по договору купли-продажи. Возможна ипотека. Все документы готовы к сделке, Два взрослых собственника .

Приглашаем на просмотр! Звоните и записывайтесь на удобное для вас время, чтобы оценить все преимущества этой квартиры.",,57.0,9.2,161.4
https://vidnoye.cian.ru/sale/flat/303945208/,https://images.cdn-cian.ru/images/kvartira-lopatino-solnechnyy-bulvar-2205425445-4.jpg,ЖК «Государев дом»,"Московская область, м. Бульвар Дмитрия Донского, Ленинский городской округ, Лопатино пгт, бульвар Солнечный, 17",Транспортом,9200000.0,176923.0,2.0,5.0,10.0,52.0,"ЖК Государев дом. Новый дом . Продается шикарная , просторная , двухкомнатная квартира с новым ЕВРО РЕМОНТОМ . Квартира продается со всей качественной , дорогой мебелью и бытовой техникой .  Никто не прописан . Один взрослый собственник .
Срочно !!! Звоните ! На все вопросы отвечу по телефону . Показ оперативный .",,52.0,9.2,176.9
https://vidnoye.cian.ru/sale/flat/311366729/,https://images.cdn-cian.ru/images/kvartira-drozhzhino-novoe-shosse-2352947884-4.jpg,,"Московская область, м. Бульвар Дмитрия Донского, Ленинский городской округ, Дрожжино пгт, шоссе Новое, 10к2",Транспортом,9200000.0,152824.0,2.0,5.0,17.0,60.2,"продается уютная квартира , первичные документы, был использован мат. капитал . альтернатива подобрана",,60.2,9.2,152.8
https://vidnoye.cian.ru/sale/flat/297759551/,https://images.cdn-cian.ru/images/kvartira-drozhzhino-novoe-shosse-2085816742-4.jpg,ЖК «Бутово парк 2»,"Московская область, м. Бульвар Дмитрия Донского, Ленинский городской округ, Дрожжино рп, шоссе Новое, 3к2",Транспортом,9200000.0,156729.0,2.0,8.0,27.0,58.7,"Вашему вниманию предлагается уютная и теплая квартира с прозрачной историей и хорошей аурой, с очень удобной планировкой: комнаты раздельные 15.8м с полуэркером и 11.7м соответственно, вместительная прихожая. современная кухня 11.4м, застекленная лоджия ( при желании можно сделать как кабинет. либо игровую зону для детей). Окна выходят на юго-восток, так что квартира светлая. По расположению на этаже самое лучшее: далеко от зоны лифтов и лестницы (шума нет), большой закрытый тамбур, хорошие соседи, чистый подъезд. Дом расположен  с краю общей застройки ЖК Бутово парк 2, это большой ПЛЮС: менее населенная часть, много парковочных мест для авто, дом ""Свечка"" из серии КОПЭ, всего один подъезд; рядом благоустроенный двор, пешие и велодорожки вокруг Дрожжинского пруда и р. Гвоздянки; две школы на выбор: 2 и 1355, д/сад26 ""Лукоморье"". Квартира подходит под ипотеку любого банка, 1 взр. собственник, полная стоимость в ДКП, БЕЗ ОБРЕМЕНЕНИЙ, ДОЛГОВ. маткапитал не использовался, свободная продажа. Звоните уважаемые клиенты и коллеги, все покажем и расскажем, торг обсуждается после просмотра.",,58.7,9.2,156.7
https://vidnoye.cian.ru/sale/flat/306861118/,https://images.cdn-cian.ru/images/2259153114-4.jpg,ЖК «Видный город»,"Московская область, Видное, м. Бульвар Дмитрия Донского, улица Галины Вишневской, 10к2",Транспортом,9300000.0,206208.0,2.0,1.0,9.0,45.1,"Номер лота: вт-0419877.
Продается двухкомнатная квартира (распашонка) с современным ремонтом класса ""Комфорт"" в спокойных, пастельных тонах, из качественных и долговечных материалов. Полностью меблирована и оснащена техникой. Общая площадь квартиры 45,1 м2. Дом клубный, повышенной комфортности, с закрытым двором и развитой инфраструктурой.  В шаговой доступности спортивные и детские площадки, детский сад и школа, стадион, прекрасный парк с красивым водоемом в Усадьбе Суханово.  В 15-ти минутах езды станция метро Аннино, Бульвар Дмитрия Донского, Царицыно, в 10-ти минутах станция Расторгуево и МЦД Бутово. Звоните, все подробности по телефону. Содействие в получении специальных условий и преференций по ипотеке.",,45.1,9.3,206.2
https://www.cian.ru/sale/flat/303526634/,https://images.cdn-cian.ru/images/kvartira-moskva-2ya-melitopolskaya-ulica-2195953798-4.jpg,,"Москва, ЮЗАО, р-н Южное Бутово, м. Бульвар Дмитрия Донского, 2-я Мелитопольская улица, 17",Транспортом,9300000.0,174484.0,2.0,1.0,17.0,53.3,"Вашему вниманию представляем двухкомнатную квартиру в районе Южное Бутово.

Квартира удобной планировки: две изолированные комнаты, просторная кухня со встроенным кухонным гарнитуром и подогревом пола, раздельный санузел, балкон. Во дворе детская и спортивная площадка, а также площадка для выгула собак.

Богатая инфраструктура района. В шаговой доступности есть все необходимое для комфортной жизни: детские сады, школы, поликлиники, аптеки, почта, салоны красоты, спортивные клубы, стоматологии, продуктовые магазины, супермаркеты, бытовые услуги и многое другое. А также рядом есть лесопарковая зона для прогулок и отдыха на свежем воздухе. 

Транспортная доступность: 10 минут пешком до станции МЦД ""Бутово"". Удобный выезд на МКАД, рядом Варшавское и Симферопольское шоссе. 

Свободная продажа, в собственности более 10 лет. Без обременений.
На дополнительные вопросы ответим по телефону. Звоните и записывайтесь на показы!",,53.3,9.3,174.5
https://vidnoye.cian.ru/sale/flat/304376886/,https://images.cdn-cian.ru/images/kvartira-butovo-park-2213213305-4.jpg,,"Московская область, м. Бульвар Дмитрия Донского, Ленинский городской округ, Бутово рп, Бутово Парк ЖК, 7",Транспортом,9250000.0,180664.0,2.0,16.0,17.0,51.2,"Свободная продажа двухкомнатной квартиры.

требует косметического ремонта. Отличный вариант для семьи с детьми.
Оптимальный этаж, отличные видовые характеристики.
Свежий дом и развитая инфраструктура.

Тихий двор, удобная транспортная доступность!
Подходит под ипотеку.
Один взрослый собственник.

Запись на просмотр по звонку!",,51.2,9.2,180.7
https://vidnoye.cian.ru/sale/flat/309540977/,https://images.cdn-cian.ru/images/2318562416-4.jpg,ЖК «Видный город»,"Московская область, Видное, м. Бульвар Дмитрия Донского, улица Галины Вишневской, 10к1",Транспортом,9295000.0,202065.0,2.0,4.0,8.0,46.0,"Код объекта: 1296476.
 Продаётся уютная 2-комнатная квартира в ЖК ""Видный город""! Если вы ищете идеальное место для семейной красивой счастливой жизни, то эта квартира — отличный выбор. Квартира находится в живописном районе Подмосковья, в новом кирпично-монолитном доме. Дом оснащён пассажирским и грузовым лифтами, на территории есть наземная парковка. Квартира расположена на 4 этаже восьмиэтажного дома. Окна выходят на две стороны: на улицу и во двор, что позволяет наслаждаться красивыми видами каждый день. Общая площадь квартиры составляет 46 кв. м, из которых жилая — 23 кв. м. Кухня-гостиная  площадью 13 кв. м станет отличным местом для семейных ужинов и дружеских посиделок. Высота потолков — 3 метра. В квартире выполнен дизайнерский ремонт, который создаёт уютную атмосферу и подчёркивает стиль жилья. Благодаря качественным материалам и продуманному дизайну, квартира выглядит современно и стильно. Установлены камеры наружного наблюдения и внутри подъезда. Также возле дома есть личная парковка, где всегда найдётся место для вашего автомобиля. Мы гарантируем безопасную сделку и юридическую поддержку нашим Клиентам. Поможем одобрить ипотеку со сниженной ставкой. Не упустите свой шанс стать обладателем этой прекрасной квартиры! Звоните нам прямо сейчас, чтобы узнать больше о квартире и договориться о просмотре. Мы уверены, что вам понравится эта квартира!",,46.0,9.3,202.1
https://vidnoye.cian.ru/sale/flat/304565437/,https://images.cdn-cian.ru/images/2259295964-4.jpg,ЖК «Бутово парк 2»,"Московская область, м. Бульвар Дмитрия Донского, Ленинский городской округ, Дрожжино пгт, улица Южная, 9к1",Транспортом,9300000.0,182711.0,2.0,7.0,25.0,50.9,"Id 45025. Продаётся двухкомнатная квартира уже в развитом ЖК!

В квартире выполнен качественный ремонт!

В шаговой доступности: школа, детский сад, поликлиника, необходимые магазины, детские площадки.
Выезд на Варшавское и Симферопольское шоссе.
Автобусы до: МДЦ Бутово, м. Бульвар Дмитрия Донского, м. Аннино, м. Академика Янгеля, м. Пражская в 10-20 минутах езды.

Оперативный показ, быстрый выход на сделку!

Дополнительные вопросы по телефону!",,50.9,9.3,182.7
https://vidnoye.cian.ru/sale/flat/306954576/,https://images.cdn-cian.ru/images/2260744318-4.jpg,,"Московская область, м. Бульвар Дмитрия Донского, Ленинский городской округ, Боброво пгт, улица Крымская, 5",Транспортом,9400000.0,174397.0,2.0,3.0,16.0,53.9,"Предлагается к продаже отличная квартира  евро формата с большой кухней - гостиной 20 кв. м. и двумя изолированными спальнями. Квартира светлая и уютная, отлично подойдет для проживания  большой и дружной семьи.Кроме того можно рассматривать и как выгодную инвестицию - большой спрос на аренду в данном районе, ценник от 55000 руб и выше. Окна выходят во двор на восточную сторону. В квартире имеется два санузла - один полностью оснащенный, другой гостевой. Продается полностью укомплектованная мебелью и бытовой техникой, так что после приобретения можно сразу заселяться!Закрытая территория двора предусматривает безопасность для жителей, на входных дверях кодовые замки и домофоны.Во дворе оборудованные детские и спортивные площадки.Развитая инфраструктура - имеются детские сады, школа, сетевые продуктовые магазины, аптеки, салоны красоты, парикмахерские,кафе и прочее. Отличная транспортная доступность -  всего 15-20 минут в пути и вы в метро!Автобусная остановка находится рядом с домом , ходит как городской так и коммерческий транспорт.Удобный выезд на Варшавское шоссе, кроме того строится развязка на скоростном Симферопольском шоссе, которая гораздо улучшит транспортную доступность.Торг возможен Звоните! Отвечу на все ваши вопросы и организую просмотр в удобное для вас время!Не упускайте замечательный шанс!",,53.9,9.4,174.4
https://vidnoye.cian.ru/sale/flat/309510089/,https://images.cdn-cian.ru/images/2315254426-4.jpg,ЖК «Государев дом»,"Московская область, м. Бульвар Дмитрия Донского, Ленинский городской округ, Лопатино пгт, бульвар Солнечный, 15",Транспортом,9500000.0,163793.0,2.0,4.0,9.0,58.0,"Id 48137. Продается 2х комнатная квартира в центре жилого комплекса Государев Дом.

ВОЗМОЖЕН ТОРГ ПОСЛЕ ПРОСМОТРА!

2 изолированные спальни, укомплектованная квартира, готовая к заселению!

Квартира куплена от застройщика. ПОЛНАЯ СУММА В ДОГОВОРЕ,  1 ВЗРОСЛЫЙ СОБСТВЕННИК.

Эта квартира подходит и для ипотеки.
Приобретая квартиру с нашим агентством недвижимости, вы получите:
- Быстрый выход на сделку.
- Полное юридическое сопровождение сделки.
- Одобрение объекта под ипотеку.

ШКОЛА, ДЕТСКИЙ САД РЯДОМ С ДОМОМ.
На территории ЖК есть аптеки, Стоматология, химчистки, кафе, Торговый Центр Аструм, , МФЦ, Почтовое отделение, Детский мир, игровой центр с батутами, детские спортивные кружки, Фитнес Клуб, Лента, Перекресток, Мираторг. 1000 мелочей, верный, Wildberries, Ozon.

транспортная доступность 15 минут, ОСТАНОВКА РЯДОМ С ДОМОМ.
до метро Аннино маршрутное такси 1019
до метро Бульвар Дмитрия Донского маршрутное такси 1224
до ж/д пл. Бутово МЦД, автобус 379
до ж/д пл. Расторгуево автобус 379, маршрутное такси 1019

Район быстро развивается.
Рядом есть зона отдыха и усадьба ""Суханово"".
Практически со всех сторон комплекс окружен лесными массивами, что позволит круглый год наслаждаться чистым воздухом.
В скором времени рядом с жилым комплексом будет построена линия рельсового скоростного пассажирского транспорта с остановкой ЖК Государев дом.",,58.0,9.5,163.8
https://vidnoye.cian.ru/sale/flat/311654759/,https://images.cdn-cian.ru/images/kvartira-lopatino-suhanovskaya-ulica-2359227897-4.jpg,ЖК «Государев дом»,"Московская область, м. Бульвар Дмитрия Донского, Ленинский городской округ, Лопатино пгт, улица Сухановская, 19",Транспортом,9500000.0,177570.0,2.0,9.0,9.0,53.5,"Светлая и просторная 2-х комнатная квартира в ЖК Государев дом. Новый, современный жилой комплекс с хорошей инфраструктурой. Последний этаж 9-ти этажного дома, никакого шума сверху. Функциональная планировка: окна на 2 стороны (распашная), гостиная комната, спальня, изолированная кухня, совмещенный санузел с ванной, кладовая. Современный и качественный ремонт в светлых тонах. 
О ДОМЕ: панельный дом отличного качества 2017 года постройки, грузовой лифт. Территория вокруг дома благоустроена и оснащена прогулочными аллеями, спортивными и детскими площадками. Большая парковка вокруг дома. 
О ЛОКАЦИИ: район с отличной инфраструктурой: в пешей доступности от дома - детские сады, школы, сетевые магазины, аптеки, кафе, торговый центр Аструм с большим разнообразием магазинов, фитнес, бассейн, пункты выдачи ведущих маркетплейсов. 15 минут пешком до Усадьбы Суханово через живописную лесопарковую зону с различными оборудованными местами для прогулок и отдыха. Комфортная транспортная доступность: в шаговой доступности от дома расположена остановка общественного транспорта, откуда за ~10 минут можно добраться до станций метро: бульвар Дмитрия Донского, Анино; ~15 минут до МЦД Бутово и ж/д станция Расторгуево. Удобный выезд на Симферопольское, Варшавское и Каширское шоссе.",,53.5,9.5,177.6
https://vidnoye.cian.ru/sale/flat/300550926/,https://images.cdn-cian.ru/images/2142261854-4.jpg,ЖК «Восточное Бутово»,"Московская область, м. Бульвар Дмитрия Донского, Ленинский городской округ, Боброво пгт, улица Крымская, 19к1",Транспортом,9500000.0,150555.0,2.0,11.0,17.0,63.1,"Id 42903. Продается уютная евро 3 комнатная квартира в ЖК ""Восточное Бутово"".
2 санузла( раздельный и совмещенный), просторная прихожая. 

также есть отдельная комнатка, можно использовать как кладовую либо как не большая гардеробная. квартира частично укомплектованная. продается в таком виде как на фото, никто не проживает. на этаже так же есть общая кладовка под замком, где можно хранить личные вещи. 

Рядом с домом расположены все необходимые объекты инфраструктуры: детский сад Бобренок, Бутовская средняя общеобразовательная школа 1, Видновская районная клиническая больница, поликлиника, сетевые магазины, супермаркеты Верный, Пятёрочка и ВкусВилл, магазин с доставкой полезных продуктов. торговый центр,  фитнес центры, салоны красоты.

Практически со всех сторон комплекс окружен лесными массивами, что позволит круглый год наслаждаться чистым воздухом.

Удобный выезд на МКАД, Варшавское и Симферопольское шоссе

15 минут на транспорте до станции метро ""Бульвар Дмитрия Донского"" или до станции МЦД ""Бутово"".

Один собственник,
Без обременений.
Полная сумма.
никто не прописан.
Полное юридическое сопровождение.
Быстрый выход на сделку! звоните

Транспортная доступность: От м. Аннино, м. Бульвар Дмитрия Донского ( серая ветка метро) - 15-20 минут на маршрутке.
до МЦД Бутово 15 минут,
Бутово-Царицыно 15 минут
до Курского вокзала 40 минут",,63.1,9.5,150.6
https://vidnoye.cian.ru/sale/flat/305883290/,https://images.cdn-cian.ru/images/kvartira-suhanovo-park-2241762843-4.jpg,,"Московская область, м. Бульвар Дмитрия Донского, Ленинский городской округ, д. Суханово, Суханово Парк ЖК, 1",Транспортом,9600000.0,152381.0,2.0,5.0,5.0,63.0,"Жилье премиум класса в одном из лучших поселков ближнего Подмосковья -""Суханово Парк дом 1"". 

К 2027 году будет открыто МЦД-5
А так же к 2027 году Суханово, Битца,
Булатникова и др. районы войдут в состав г. Москвы. 

Вашему вниманию предлагается видовые 2-х  комнатные апартаменты под чистовой ремонт со строительным материалом. Все коммуникации разведены ( теплые полы, электроэнергия, отопление от газового котла, водоснабжение и кондиционеры ), стены оштукатурены готовы под отделку. Планировка апартаментов( Кухня - столовая, гостиная, санузел) распашонка ( окна выходят на две стороны севера восток  и севера запад) всегда обеспечен приток свежего воздуха и отличная освещенность. К территории примыкает хвойный лес. Охраняемая территория, видеонаблюдение, патрулирование. Собственная школа и детский сад Гулливер. Развитая инфраструктура: магазины, ателье, салоны красоты, кафе , аптека, пекарня, детские и спортивные площадки, футбольное поле, каток, теннисные корты, площадки для пляжного волейбола, прогулочные зоны, закрытый сосновый участок леса, фонтаны. На территории поселка находится озеро с пляжной зоной, беседками и часовней. Один взрослый собственник, никто не зарегистрирован, быстрый выход на сделку, ипотека возможна.",,63.0,9.6,152.4
https://vidnoye.cian.ru/sale/flat/301083400/,https://images.cdn-cian.ru/images/kvartira-lopatino-suhanovskaya-ulica-2152972643-4.jpg,ЖК «Государев дом»,"Московская область, м. Бульвар Дмитрия Донского, Ленинский городской округ, Лопатино пгт, улица Сухановская, 29",Транспортом,9650000.0,189216.0,2.0,8.0,10.0,51.0,"ОДНО ИЗ ЛУЧШИХ ПРЕДЛОЖЕНИЙ РАЙОНА!!!
ЖК Государев дом! Новый, современный жилой комплекс с хорошей инфраструктурой. Квартира после качественного ремонта, делали для себя с использованием качественных строительных материалов. Кухня встроенная, вся бытовая техника новая в отличном состоянии, ПОСУДОМОЕЧНАЯ машина 60 см. Варочная панель, духовой шкаф, кофемашина. На полу дорогая плитка. Натяжной потолок, качественные люстры. Дизайнерские скругленные стены! Большая прихожая, установлен ВИДЕОдомофон. Имеется большая ГАРДЕРОБНАЯ КОМНАТА! Комнаты изолированные, уложен дорогой ламинат. Вся мебель остается новому собственнику. САНУЗЕЛ изолирован в плитке до потолка ЕВРОстандарт. Установлен нагреватель горячей воды на период отключения. Окна ПВХ, дорогая металлическая дверь, хорошие соседи. Очень чистый подъезд. Просмотр в удобное для вас время, ТОРГ.",,51.0,9.7,189.2
https://vidnoye.cian.ru/sale/flat/311745358/,https://images.cdn-cian.ru/images/2361117524-4.jpg,ЖК «Государев дом»,"Московская область, м. Бульвар Дмитрия Донского, Ленинский городской округ, Лопатино пгт, бульвар Солнечный, 17",Транспортом,9700000.0,183019.0,2.0,5.0,9.0,53.0,"Id 49491. Общая площадь 53м²

Без обременении
Свободная продажа
Один собственник
Полная стоимость в дкп

Застройщик: ГРАНЕЛЬ
До метро на серую ветку Аннино, на транспорте 15-17мин
До МЦД2 бутово, на транспорте 10 мин
От квартиры до общественной остановки 3-5 мин
В комплексе:

• Школа (самая большая, в ленинском городском округе)
• Три детских сада
• Образовательные центры для детей
• Торговый цент
• МФЦ
• Все необходимые популярные маркеты; пункты доставок и прочее

БЕСПЛАТНАЯ помощь в одобрении ипотеки любого банка
ЮРИДИЧЕСКОЕ сопровождение сделки",,53.0,9.7,183.0
https://vidnoye.cian.ru/sale/flat/311314648/,https://images.cdn-cian.ru/images/kvartira-drozhzhino-yuzhnaya-ulica-2351787106-4.jpg,ЖК «Бутово парк 2»,"Московская область, м. Бульвар Дмитрия Донского, Ленинский городской округ, Дрожжино пгт, улица Южная, 19к1",Транспортом,9700000.0,166667.0,2.0,4.0,20.0,58.2,"Продается уютная, чистая двухкомнатная  квартира 58 кв.м. в мкр. Бутово-Парк 2, на ул. Южной, 19к1. Квартира расположена на 4-м этаже 20-ти этажного  дома 2015 года постройки. Планировка квартиры очень функциональна,  комнаты 17  и 14 кв.м., изолированные, расположены распашонкой, большая из них с выходом на  лоджию, кухня  12 кв.м., с/узел раздельный, также имеется отдельная гардеробная и небольшая кладовка. Квартира очень теплая, в хорошем жилом состоянии. В квартире остается встроенная мебель, наполнение гардеробной, остальное - по договоренности. Тихие, спокойные соседи, чистый подъезд . Просторный уютный двор, где в шаговой доступности расположены детские образовательные и торговые учреждения.   Две минуты пешей доступности от дома до остановки регулярного общественного транспорта, который за 20 мин. доставит вас до метро Бульвар Дмитрия Донского, а также до ближайших станций МЦД - Щербинка и Бутово. Бутово-Парк 2 это быстроразвивающийся микрорайон, формирующий собственную инфраструктуру. Один совершеннолетний собственник, документы первичные, более 5 лет, юридически свободна, продажа свободная, подходит под ипотеку.",,58.2,9.7,166.7
https://vidnoye.cian.ru/sale/flat/309778428/,https://images.cdn-cian.ru/images/kvartira-drozhzhino-novoe-shosse-2320539052-4.jpg,ЖК «Бутово парк 2»,"Московская область, м. Бульвар Дмитрия Донского, Ленинский городской округ, Дрожжино пгт, шоссе Новое, 2",Транспортом,8900000.0,139280.0,2.0,8.0,15.0,63.9,"СРОЧНАЯ ПРОДАЖА! Продается 2-х комнатная квартира на 8-ом этаже в 15-ти этажном панельном доме 2019 года постройки по адресу: Московская обл., г.о. Ленинский, р.п. Дрожжино, ш. Новое, д. 2, ЖК Бутово Парк 2.

Отличная планировка, шикарный вид из окон, распашонка. Два окна выходят во двор. Одно на Варшавское шоссе. Площадь квартиры  63,9 м2. Два санузла. В квартире требуется косметический ремонт на кухне, в прихожей и в большом санузле. Кухонный гарнитур отсутствует. 

Благоустроенный большой двор с детскими и спортивными площадками с круглосуточной системой видеонаблюдения по всему его периметру. Парковка имеет достаточное количество мест для личного транспорта прямо возле подъезда. 
Очень удобное местоположение. Новый современный район с развитой инфраструктурой. Рядом поликлиника, школы, детские сады, магазины, банки, аптеки, фитнес-центры, салоны красоты и т.д.
Удобное транспортное сообщение: остановка общественного транспорта рядом с домом, до МЦД2 Щербинка и Бутово 15 мин транспортом.

В собственности у 1 взрослого с 2020 года на основании договора купли-продажи.
Цена: 8 900 000 руб. Торг возможен. Свободная продажа.",,63.9,8.9,139.3
https://vidnoye.cian.ru/sale/flat/310718812/,https://images.cdn-cian.ru/images/2338995482-4.jpg,,"Московская область, м. Бульвар Дмитрия Донского, Ленинский городской округ, Боброво пгт, улица Крымская, 21к1",Транспортом,8500000.0,163462.0,2.0,3.0,17.0,52.0,"Код объекта: 1327125.
 ЖК ""Восточное Бутово"" расположен всего в пяти километрах от МКАД по Симферопольскому шоссе. Это экологически благоприятное место по соседству с Бутовским лесопарком. Высота домов и расстояние между ними в ""Восточном Бутово"" подобраны так, чтобы в каждой квартире было светло. На первых этажах — магазины и кафе. Во дворах-парках много зелени, есть скамейки, столы и детские площадки. Сквозь весь жилой квартал проходит пешеходный бульвар где можно гулять с детьми и вечерами наслаждаться чистым воздухом. 

Школы и детские садики в пешей доступности. До метро Бульвар Дмитрия Донского 15 минут на транспорте, недавно открылась станция МЦД Бутово, можно доехать за 10 минут, рядом с домом общественная остановка. В начале района открылся торговый центр. 

НАШИМ ПОКУПАТЕЛЯМ:
 - помощь в одобрении ипотеки
 - 30 банков-партнёров
 - выгода по процентной ставке (комфортный ежемесячный платёж)
 - одобрение 95%
 - полное юридическое сопровождение сделки. 
ЗВОНИТЕ!",,52.0,8.5,163.5
https://vidnoye.cian.ru/sale/flat/306030880/,https://images.cdn-cian.ru/images/kvartira-bobrovo-lesnaya-ulica-2244301838-4.jpg,ЖК «Восточное Бутово»,"Московская область, м. Бульвар Дмитрия Донского, Ленинский городской округ, Боброво пгт, улица Лесная, 8",Транспортом,8990000.0,138949.0,2.0,25.0,25.0,64.7,"Пpoдaжa от cобcтвенника! Без комиcсии!
ЖК Восточнoе Бутoво зaстрoйщика ПИК

Пpодается пpоcторнaя 2-x кoмнaтнaя видовая квартира площадью 64,7 кв.м., на 25 этаже 26-ти этaжнoгo домa.

В экoлогически чистoм районе, oкpуженнoм c oдной cтoроны Бутовским лecопаркoм, а с другой соврeмeнным жилым кoмплeксом.

Квартира продается в чистовой отделке от застройщика, вам остается только выбрать мебель.

Внушительные размеры квартиры позволяют расположить все необходимое.

В квартире правильная планировка:

•Гардеробная комната 

•1 большая ванная комната

•1 гостевой санузел

•2 спальни, с большими окнами

•Полноценная кухня с фартуком и полом в плитке

Из всех окон открывается живописный вид на лес.

В доме просторный дизайнерский парадный холл с выделенными зонами колясочных и велопаркинга.
Центральный rесерtiоn с постом охраны, круглосуточным дежурством и видеонаблюдением.
Несколько современных скоростных бесшумных лифтов.

В шаговой доступности магазины вкусвилл, магнит, пятерочка. На первом этаже аптека и пекарня, пвз озон. Сады, шкoлы, фитнес.

Уютный, современный двор с зелеными насаждениями, закрытой детской площадкой и большим количеством парковочных мест.

Удобное расположение. 5 км от МКАД по Симферопольскому шоссе.
Станция МЦД Бутово транспортом
м. Бульвар Дмитрия Донского транспортом
м. Аннино транспортом

Полная инфраструктура для комфортного проживания, через дорогу Бутовский лесопарк.

Квартира продается без обременений, один взрослый собственник. Оперативный показ, возможна ипотека, полная стоимость в договоре.

Риелторы, я не против Вас, можете предлагать клиентам мой объект, но без дублирования объявления. Комиссию пусть оплачивает покупатель.

Показ по предварительному согласованию времени.

Пишите, звоните с 9:00 до 21:00 по мск отвечу на все интересующие вопросы. К диалогу по торгу открыта.",,64.7,9.0,138.9
https://vidnoye.cian.ru/sale/flat/311373895/,https://images.cdn-cian.ru/images/2353134902-4.jpg,,"Московская область, м. Бульвар Дмитрия Донского, Ленинский городской округ, д. Суханово, Усадьба Суханово ЖК, 2",Транспортом,10900000.0,171654.0,2.0,4.0,5.0,63.5,"id:1939. 
Эта прекрасная квартира на четвёртом этаже пятиэтажного монолитно-кирпичного дома - идеальный вариант для тех, кто ценит комфорт и качество. Общая площадь квартиры составляет 63,5 квадратных метра, из которых 36 приходятся на жилую площадь. В квартире есть две комнаты, что делает её отличным выбором для семьи или тех, кто хочет иметь личное пространство для работы или отдыха. Кухня площадью 12 квадратных метров станет любимым местом для приготовления вкусных блюд и семейных ужинов. Монолитно-кирпичный материал стен обеспечивает отличную шумо- и теплоизоляцию, создавая уютную атмосферу в квартире. Цена в 10 900 000 рублей делает это предложение особенно привлекательным. Не упустите возможность стать владельцем этой замечательной квартиры и наслаждаться комфортом и уютом каждый день!",,63.5,10.9,171.7
https://vidnoye.cian.ru/sale/flat/293247417/,https://images.cdn-cian.ru/images/2023588982-4.jpg,,"Московская область, м. Бульвар Дмитрия Донского, Ленинский городской округ, Бутово рп, Бутово Парк ЖК, 29",Транспортом,10450000.0,179862.0,2.0,10.0,25.0,58.1,"Светлая и уютная квартира на 10-ом этаже 25-ти этажного монолитного дома 2013 года постройки с отличным видом на лесопарковую зону. 

Дом расположен в обжитом и сложившемся районе, вся необходимая инфраструктура в пешей доступности: детские сады, детские площадки, школа, спортплощадки, различные зоны отдыха, поликлиника, аптеки, ТРЦ, супермаркеты, кафе, кинотеатр, фитнес, пункты выдачи и т.п.

Развитая транспортная доступность: в 1.6 км. станция Второго Диаметра Бутово, несколько маршрутов общественного транспорта да различных станций метрополитена (Улица Скобелевская, Старокачаловская, Дмитрия Донского, Анино)  около 20 минут, удобный выезд на автомобиле на Варшавское и Симферопольское шоссе, до МКАДа около 4 км. 

В квартире выполнен качественный ремонт, две изолированные комнаты - большая детская и спальня с выходом лоджию, просторная кухня, гардероб, раздельный санузел.

Один взрослый собственник, более 5 лет, полная стоимость, без обременений, свободная продажа.",,58.1,10.4,179.9
https://vidnoye.cian.ru/sale/flat/310859905/,https://images.cdn-cian.ru/images/kvartira-drozhzhino-2341857169-4.jpg,ЖК «Бутово парк 2»,"Московская область, м. Бульвар Дмитрия Донского, Ленинский городской округ, Дрожжино пгт, улица Южная, 11к2",Транспортом,9200000.0,161404.0,2.0,17.0,17.0,57.0,"Продается уютная 2-комнатная квартира в рабочем поселке Дрожжино, Московская область. Квартира расположена на последнем, 17 этаже современного дома. Общая площадь составляет 57 кв. м, из которых 35 кв. м — жилая и 11 кв. м отведено под просторную кухню. 

В квартире сделан  ремонт , поэтому можно сразу заехать и жить без дополнительных вложений. Удобная планировка включает в себя совмещенный санузел, а также балкон с видом во двор. Квартира продается с частичной мебелью и техникой, что позволит сэкономить время и деньги на обустройство. 

Дом оборудован двумя лифтами: пассажирским и грузовым, что делает переезд и жизнь в доме удобными. На территории есть наземная парковка, поэтому можно спокойно оставить свой автомобиль. 

В шаговой доступности находятся школы и детские сады, что отлично подойдет для семей с детьми. Также рядом есть магазины, где можно купить все необходимое для комфортной жизни. До метро ""Бульвар Дмитрия Донского"" можно добраться на автомобиле за 12 минут, что делает квартиру удобной для тех, кто ценит транспортную доступность.

Квартира продается по договору купли-продажи. Возможна ипотека. Все документы готовы к сделке, Два взрослых собственника .

Приглашаем на просмотр! Звоните и записывайтесь на удобное для вас время, чтобы оценить все преимущества этой квартиры.",,57.0,9.2,161.4
https://www.cian.ru/sale/flat/309497595/,https://images.cdn-cian.ru/images/kvartira-moskva-ulica-polyany-2357827932-4.jpg,ЖК «Столичные поляны»,"Москва, ЮЗАО, р-н Южное Бутово, м. Бульвар Дмитрия Донского, улица Поляны, 5Ак1",Транспортом,17700000.0,266566.0,2.0,9.0,17.0,66.4,"СРОЧНО ПРОДАМ! 
Просторная и светлая евротрешка. Распашонка. Отличное расположение. Окна на 3 стороны, ни одного вида на дорогу, тишина.

1 СОБСТВЕННИК с момента постройки и сдачи дома.

Большая кухня-гостинная (19 кв м) позволяет не только готовить, но и устраивать семейные обеды. 2 изолированные спальни. В одной из спален выделенная гардеробная и балкон. 2 санузла удобно для семьи.

Юридически свободна. Мгновенный выход на сделку.

Для семьи идеальный вариант. Детская площадка благоустроена внутри дома, без доступа машин. Квартира в идеальном состоянии, чистая, светлая. Ничего не меняли в цвете стен, обои под покраску чтобы новый собственник сделал все под себя. Все самое необходимое в шаговой доступности  магазины, дет. сады, школы, поликлиника.

Дом в отличном состоянии, 3 лифта, есть подземный паркинг.
До станции метро ""Улица Скобелевская"" всего 10 минут пешком.

Квартира продается от собственника, поэтому дополнительные комиссии исключены.",,66.4,17.7,266.6
https://vidnoye.cian.ru/sale/flat/307966610/,https://images.cdn-cian.ru/images/kvartira-bulatnikovo-2283796730-4.jpg,ЖК «Булатниково»,"Московская область, м. Бульвар Дмитрия Донского, Ленинский городской округ, д. Жабкино, Булатниково мкр, 8",Транспортом,6800000.0,142259.0,2.0,2.0,4.0,47.8,"Светлая двухкомнатная квартира без отделки 47,8 кв. м. в современном ЖК Булатниково вблизи деревни Жабкино в 2,5 км от МКАД к югу от Москвы. Выгодное расположение дома номер 8 в ЖК в самом удалённой и уединённой части микрорайона.  Квартира расположена на 2-м этаже в торце 4-х этажного дома, благодаря чему окна выходят на две стороны с видом на лесопарковую зону Бутовского парка, расположенную вдоль реки Битца.
В СТОИМОСТЬ ТАКЖЕ ВХОДИТ КЛАДОВАЯ 5,8 кв. м., расположенная в цокольном этаже дома, куда спускается лифт.
Свободная продажа, один взрослый собственник, отсутствуют прописанные в квартире. Возможна ипотека.
Малоэтажная застройка комфорт-класса с функциональной планировкой. Дом введён в эксплуатацию в 2023 году. Современный двор, оборудованы безопасные детские площадки. Наличие свободных парковочных мест.
Развитая инфраструктура: магазины, аптеки, школы, детские сады, банк в комфортной доступности.
Отличная транспортная доступность личным и общественным транспортном. В ближайшем окружении несколько станций метро: Улица Дмитрия Донского, Улица Старокачаловская, в 20 минутах пешей доступности станция МЦД Битца. Удобный выезд на Симферопольское, Варшавское и Расторгуевское шоссе.
Для покупателя бесплатное сопровождение сделки.",,47.8,6.8,142.3
https://www.cian.ru/sale/flat/310975381/,https://images.cdn-cian.ru/images/kvartira-moskva-1ya-melitopolskaya-ulica-2344368067-4.jpg,,"Москва, ЮЗАО, р-н Южное Бутово, м. Бульвар Дмитрия Донского, 1-я Мелитопольская улица, 8",Транспортом,10500000.0,214286.0,2.0,3.0,9.0,49.0,"Продается уютная двухкомнатная квартира в Москве на 1-й Мелитопольской улице. Общая площадь составляет 49 кв. м, жилая площадь — 35 кв. м, кухня — 6.5 кв. м. Квартира расположена на 3-м этаже 9-этажного панельного дома, построенного в 1979 году. Высота потолков — 2.7 метра. До станции метро Бутово всего 7 минут пешком, что делает эту квартиру особенно удобной для жителей столицы.

В квартире выполнен косметический ремонт, поэтому можно переехать без необходимости дополнительных вложений. Приятным дополнением станет лоджия, где можно обустроить зону отдыха или хранение сезонных вещей. Окна выходят во двор, поэтому в квартире всегда тихо и спокойно. Санузел совмещенный, что экономит пространство и делает его более функциональным.

Дом в хорошем состоянии, с пассажирским лифтом и мусоропроводом, что особенно удобно для семей с маленькими детьми или пожилых людей. Во дворе есть парковочные места, поэтому можно не беспокоиться о месте для автомобиля.

Рядом с домом находятся все необходимые для комфортной жизни объекты инфраструктуры: школы, детские сады, магазины. Это отличный район для семей с детьми — все в шаговой доступности, поэтому можно сэкономить время на повседневных делах.

Квартира продается без обременений, что значительно упрощает процесс покупки. Возможна ипотека. Документы готовы к сделке, свободная продажа, поэтому оформление пройдет быстро и без лишних задержек.

Приглашаем вас на просмотр, чтобы лично оценить все преимущества этой квартиры. Записывайтесь на удобное время, будем рады ответить на все ваши вопросы и помочь с выбором нового дома!",,49.0,10.5,214.3
https://vidnoye.cian.ru/sale/flat/304376886/,https://images.cdn-cian.ru/images/kvartira-butovo-park-2213213305-4.jpg,,"Московская область, м. Бульвар Дмитрия Донского, Ленинский городской округ, Бутово рп, Бутово Парк ЖК, 7",Транспортом,9250000.0,180664.0,2.0,16.0,17.0,51.2,"Свободная продажа двухкомнатной квартиры.

требует косметического ремонта. Отличный вариант для семьи с детьми.
Оптимальный этаж, отличные видовые характеристики.
Свежий дом и развитая инфраструктура.

Тихий двор, удобная транспортная доступность!
Подходит под ипотеку.
Один взрослый собственник.

Запись на просмотр по звонку!",,51.2,9.2,180.7
https://vidnoye.cian.ru/sale/flat/216260995/,https://images.cdn-cian.ru/images/kvartira-bobrovo-krymskaya-ulica-2251506887-4.jpg,,"Московская область, м. Бульвар Дмитрия Донского, Ленинский городской округ, Боброво пгт, улица Крымская, 11к1",Транспортом,8500000.0,146552.0,2.0,2.0,17.0,58.0,"Продается квартира с интересной планировкой в новом доме с удивительно большой кухней-гостиной 15м², двумя лоджиями, раздельным санузлом, раковиной в туалете, просторной прихожей, а ещё с бдительной и чистоплотной консьержкой, школой и детским садом у дома, полностью развитой инфраструктурой в обжитом районе рядом с Москвой. Дополнительным плюсом является строящаяся дорога, которая улучшит транспортную доступность до Москвы. Альтернативная продажа, уже подобрана.",,58.0,8.5,146.6
https://www.cian.ru/sale/flat/312144221/,https://images.cdn-cian.ru/images/dolya-v-kvartire-moskva-ratnaya-ulica-2369715604-4.jpg,,"Москва, ЮЗАО, р-н Северное Бутово, м. Бульвар Дмитрия Донского, Ратная улица, 16К1",Пешком,3600000.0,68966.0,,,,,"продается 1/2 доля в двухкомнатной квартире. В пользовании изолированная комната площадью 12,5 метров + лоджия 3 метра. Санузел раздельный. Кухня 8 метров. Сособственник проживает.",,nan,3.6,69.0
https://vidnoye.cian.ru/sale/flat/306948323/,https://images.cdn-cian.ru/images/2359232901-4.jpg,ЖК «Бутово парк 2»,"Московская область, м. Бульвар Дмитрия Донского, Ленинский городской округ, Дрожжино рп, улица Южная, 9",Транспортом,7800000.0,136842.0,2.0,7.0,17.0,57.0,"Id 46434. В ЖК Бутово Парк 2 продаётся просторная двухкомнатная квартира в бетоне!
Отличный вариант для тех, кто хочет создать квартиру полностью под себя!

Инфраструктура очень развитая: всё необходимое для комфортной жизни в шаговой доступности: школа, детские сады, поликлиника, магазины, в том числе сетевые Пятёрочка, Магнит, ВкусВилл, Ароматный мир, Ремит. Пункты выдачи: OZON, Boxberry, CDЭК, Wildberries.

Транспортная доступность: остановка автобуса пешей доступности - 3 минуты. 10 минут до ст Бутово МЦД-2 или 15 минут на автобусе до станции м. Бульвар Дмитрия Донского.

Документы: в собственности более 5 лет, 1 собственник, без обременений.

Остались вопросы?  Звоните!",,57.0,7.8,136.8
https://www.cian.ru/sale/flat/308365476/,https://images.cdn-cian.ru/images/kvartira-moskva-koktebelskaya-ulica-2291318873-4.jpg,,"Москва, ЮЗАО, р-н Северное Бутово, м. Бульвар Дмитрия Донского, Коктебельская улица, 4К1",Пешком,15200000.0,292308.0,2.0,10.0,17.0,52.0,"Вашему вниманию предлагается чудесная квартира в отличном состоянии в пешей доступности от станции метро Бульвар Дмитрия Донского

Удачное расположение дома, окна выходят на достаточно тихую улицу с живописным видом на лес, поля Ботанического сада ВИЛАР (выращивание лекарственных растений), т.е. застройка практически исключена.

Качественные пластиковые стеклопакеты на всех окнах. Во всех комнатах установлены натяжные потолки, дубовая паркетная доска, в кухне  ламинат. Во всех комнатах и кухне установлены кондиционеры Mitsubishi Electric. В кухне установлен качественный современный кухонный гарнитур (массив), бытовая техника Bosch, AEG, Vestfrost (духовой шкаф c микроволновкой, индукционная варочная панель, вытяжка, холодильник (двухкамерный с нижней морозилкой и двумя компрессорами). Высококачественная входная железная дверь. Квартира продается с мебелью и техникой, и полностью готова к проживанию.

Чистый подъезд. Дружелюбные соседи. Хорошо обустроенная придомовая территория с детскими площадками и зелеными насаждениями. В пешей доступности детские сады, школы, аптеки, торговые центры. Живописнейшие обустроенные лесопарковые зоны с прудами и речкой, которые отлично подойдут для семейного отдыха.

Свободная продажа. Один взрослый собственник, без обременений, без долгов.",,52.0,15.2,292.3
https://vidnoye.cian.ru/sale/flat/311585947/,https://images.cdn-cian.ru/images/2357810847-4.jpg,,"Московская область, м. Бульвар Дмитрия Донского, Ленинский городской округ, Боброво пгт, улица Лесная, 14",Транспортом,9000000.0,166667.0,2.0,2.0,25.0,54.0,"Код объекта: 1346363.
 Продаётся уютная двухкомнатная квартира в посёлке городского типа Боброво, по адресу: ул. Лесная, д. 14.

Квартира расположена на втором этаже 25-этажного панельного дома. Общая площадь составляет 54 кв. м., из которых 20,8 кв. м. — жилая площадь, а 20,9 кв. м. занимает кухня. Две комнаты площадью 11 кв. м. каждая. В квартире выполнен ремонт от Застройщика

В доме установлены пассажирский и грузовой лифты, имеется наземная парковка. Отопление центральное. Окна выходят на во двор.

Эта квартира — отличный выбор для тех, кто ценит комфорт и уют. Просторная кухня станет любимым местом для семейных ужинов и дружеских посиделок, а две светлые комнаты позволят вам создать уютное пространство для отдыха и работы.

Расположение квартиры также является её преимуществом. В шаговой доступности от дома есть всё необходимое для комфортной жизни: магазины, школы, детские сады и другие объекты инфраструктуры.

Мы гарантируем безопасную сделку и юридическую поддержку нашим Клиентам. Поможем одобрить ипотеку с пониженной ставкой.",,54.0,9.0,166.7
https://vidnoye.cian.ru/sale/flat/305187517/,https://images.cdn-cian.ru/images/kvartira-butovo-park-2-2336051060-4.jpg,,"Московская область, м. Бульвар Дмитрия Донского, Ленинский городской округ, Дрожжино пгт, Бутово Парк 2 тер., 12.1",Транспортом,7600000.0,164859.0,2.0,25.0,25.0,46.1,"Продается 2-х комнатная квартира на 25-ом этаже в 25-ти этажном панельном доме 2017 года постройки по адресу: Московская обл., г.о. Ленинский, р.п. Дрожжино, ш. Новое, д. 14. ЖК Бутово Парк 2.

Отличная планировка, шикарный вид из окон, распашонка. Площадь квартиры с учетом площади лоджии 46,1 м2. Площадь квартиры без учета лоджии 44,1 м2. В квартире сделана следующая предчистовая отделка - все стены идеально выведены в уровень и все углы 90 градусов.

Благоустроенный большой двор с детскими и спортивными площадками с круглосуточной системой видеонаблюдения по всему его периметру. Парковка имеет достаточное количество мест для личного транспорта.
Очень удобное местоположение. Новый современный район с развитой инфраструктурой. Рядом поликлиника, школы, детские сады, магазины, банки, аптеки, фитнес-центры, салоны красоты и т.д.
Удобное транспортное сообщение: остановка общественного транспорта рядом с домом, до МЦД2 Щербинка и Бутово 15 мин транспортом.

В собственности у 1 взрослого с 2018 года на основании договора участия в долевом строительстве. При продаже в договоре будет указана полная стоимость. Никто не прописан.
Цена: 7 600 000 руб. Торг возможен. Свободная продажа.",,46.1,7.6,164.9
https://www.cian.ru/sale/flat/299699821/,https://images.cdn-cian.ru/images/2125240500-4.jpg,ЖК «Эталон-Сити»,"Москва, ЮЗАО, р-н Южное Бутово, м. Бульвар Дмитрия Донского, улица Поляны, 5",Транспортом,18900000.0,295313.0,2.0,15.0,31.0,64.0,"Id 37466. Продаётся просторная евро-3х комнатная квартира в жилом комплексе ""Эталон-Сити"".

О комплексе:
""Эталон Сити"" - современный и уютный жилой комплекс, расположенный в сердце ""Бутово"". Рядом с ним находится прекрасный лесопарк, а также в шаговой доступности школы, салоны красоты, фитнес клуб, магазины, кафе и рестораны. Территория ограждена и охраняется. Есть подземный паркинг. Это оптимальное место для комфортной и стильной жизни.

Транспортная доступность:
В пешей доступности (2 минуты) находится остановка общественного транспорта.
До метро Бульвар Дмитрия Донского 9 минут на автобусе.
До метро Улица Скобелевская 8 минут на автобусе.
До МЦД Бутово 12 минут на автобусе.
До МКАДа 4км на машине.

Оперативный показ.
Остались вопросы? - звоните!",,64.0,18.9,295.3
https://vidnoye.cian.ru/sale/flat/312056410/,https://images.cdn-cian.ru/images/kvartira-yuzhnaya-bitca-parkovaya-ulica-2367771761-4.jpg,ЖК «Южная Битца»,"Московская область, м. Бульвар Дмитрия Донского, Ленинский городской округ, пос. Битца, Южная Битца ЖК, улица Парковая, 1",Транспортом,13000000.0,196970.0,2.0,24.0,24.0,66.0,"ЖК комфорт-класса ""Южная Битца"". Продается 2-х комнатная квартира. 24-х этажный панельный дом 2020 года постройки. В квартире выполнен современный дизайнерский ремонт в стиле ""LOFT"" с использованием качественных материалов. Всё делалось ДЛЯ СЕБЯ, С ДУШОЙ, НА долгие годы. Просторная кухня укомплектована импортной бытовой техникой высочайшего качества, а также установлен кухонный остров со встроенным винным шкафом. Большие панорамные окна с лучшими видами гармонично дополняют этот проект. На данный момент ремонт в квартире полностью закончен, осталось установить только межкомнатные двери. Цена на квартиру немного выше рынка, но ТОЧНО НИЖЕ ЧЕМ ОНА СТОИТ НА САМОМ ДЕЛЕ. АТМОСФЕРНАЯ КВАРТИРА. Побывав там раз, покидать её не хочется. АНАЛОГОВ В ЭТОЙ ЛОКАЦИИ - НЕТ. Единственная в своём роде. Чтобы принять решение по покупке этой квартиры в ней обязательно нужно побывать, равнодушным она вас не оставит.

ИНФРАСТРУКТУРА: внутренняя инфраструктура ЖК ""Южная Битца"" будет включать четыре детских сада на 250 мест, две школы на 1550 и 1150 мест, а также Торговый центр, поликлиника. В пешей доступности: кафе, пекарни, аптеки и другие предприятия сферы услуг на первых этажах.

ТРАНСПОРТНАЯ ДОСТУПНОСТЬ: комплекс расположен в 3 км от МКАД, в нескольких минутах езды до трех станций метро: Аннино, Бульвар Дмитрия Донского, улица
Старокочаловская и станции МЦД2 - Бутово. Открытие новой Бирюлевской линии метро до 2028 года, которая будет находиться в непосредственной близости от микрорайона.

Свободная продажа, обременений нет, 1 взрослый собственник, документы в порядке.

Быстрый выход на сделку.

Снижение % ставки ипотечным клиентам.

Помощь в одобрении ипотеки.

Звоните, отвечу на все вопросы, организую показ!",,66.0,13.0,197.0
https://vidnoye.cian.ru/sale/flat/312136861/,https://images.cdn-cian.ru/images/2369592316-4.jpg,,"Московская область, м. Бульвар Дмитрия Донского, Ленинский городской округ, Боброво пгт, улица Крымская, 25",Транспортом,10299000.0,166113.0,2.0,9.0,17.0,62.0,"Предлагаем вашему вниманию уютную двухкомнатную квартиру-распашонку общей площадью 62 квадратных метра, расположенную в одном из самых удобных и комфортных районов города.
окна выходят на две стороны, что обеспечивает отличную вентиляцию и естественное освещение.
один балкон утеплен, что позволяет использовать его в любое время года.
квартира свободна от обременений, два собственника, свободная продажа,никто не прописан
В окрестностях квартиры развита инфраструктура: в шаговой доступности находятся супермаркеты ""Пятерочка"", ""Вкусвилл"", в доме находятся два минимаркета, рядом расположены детские сады и школы
Эта квартира - отличный выбор для тех, кто ценит комфорт, удобство и хорошую транспортную доступность. Не упустите возможность стать обладателем этого замечательного жилья! Звоните для записи на просмотр!
Сниженная ипотечная ставка для клиентов от банков-партнеров ""Азбуки Жилья"". Обмен вашей квартиры или другой недвижимости. Звоните.",,62.0,10.3,166.1
https://vidnoye.cian.ru/sale/flat/308266257/,https://images.cdn-cian.ru/images/2289441918-4.jpg,ЖК «Бутово парк 2»,"Московская область, м. Бульвар Дмитрия Донского, Ленинский городской округ, Дрожжино пгт, шоссе Новое, 8к1",Транспортом,8500000.0,152603.0,2.0,1.0,17.0,55.7,"Продается большая двухкомнатная квартира 58 кв. м. в современном районе. 

О КВАРТИРЕ:
Общая площадь: 57,6 кв.м.
Кухня 12 кв.м.
Комнаты: 15 и 17 кв.м.
Функциональная планировка, окна выходят  на разные стороны дома.
Большая лоджия, застеклена, выход с кухни. 
Ремонт сделан в светлых тонах.
В квартире остается кухонный гарнитур со встроенной техникой.
В комнатах: шкаф купе, детская кровать, стол. 

ИНФРАСТРУКТУРА И ЛОКАЦИЯ:
Дом находится в районе с развитой инфраструктурой: в пешей доступности  школы и детские сады, салоны красоты, продуктовые супермаркеты, , кафе и закусочные, аптеки, заправки и автосервисы. 
Много разных магазинов, супермаркетов, пункты выдачи всех маркетплейсов, салоны красоты, кафе, поликлиника, школа, детский сад. 
Дом  находится в Ленинском районе Московской области, в 6 км от МКАД, вблизи дер. Дрожжино.
До метро Анино, Бульвар Дмитрия Донского 15 мин., на общественном транспорте по выделенной полосе. 
Остановка общественного транспорта в 3 минутах от дома.
До МЦД-2 можно дойти пешком 35 мин.  
-Удобный выезд на Варшавское и Симферопольское шоссе.

Полная стоимость в ДКП.
Прописанных нет.
Свободная продажа. 



Номер объекта: #1/538640/11244",,55.7,8.5,152.6
https://www.cian.ru/sale/flat/310059926/,https://images.cdn-cian.ru/images/kvartira-moskva-starobitcevskaya-ulica-2326220965-4.jpg,,"Москва, ЮЗАО, р-н Северное Бутово, м. Бульвар Дмитрия Донского, Старобитцевская улица, 19К2",Пешком,14500000.0,244519.0,2.0,15.0,22.0,59.3,"ПРОСТОРНАЯ 2-КОМНАТНАЯ КВАРТИРА ВОЗЛЕ МЕТРО 
риэлтеров и агенства просьба не беспокоить!

- 2 взрослых собственника
- Без перепланировок
- Квартира подходит под ипотеку
- Полная стоимость в договоре

В квартире остается вся мебель и встроенная техника (кроме телевизора). Посудомоечная машина AEG, Варочная панель AEG, духовой шкаф Bosch. Общая площадь квартиры - 59,3 кв.м, жилая площадь — 33,2 кв.м, площадь кухни - 10,1 кв.м. Квартира распашонка.

За 10 минут пешком можно добраться до станции метро Бульвар Дмитрия Донского. 
Рядом удобные транспортные развязки на Варшавское и Симферопольское шоссе, выезд на МКАД.

Дом расположен в месте с развитой транспортной доступностью. Окружающий район обладает развитой инфраструктурой. В 5 минутах ходьбы находится протяженная парковая зона с ручьем и прудом. Много детских, спортивных площадок. Магазины, кафе, пункты выдачи заказов, поликлиники, школы, детские сады, фитнес клубы, аптеки, салоны красоты.
Недалеко находятся Бутовский и Битцевский лесопарки.

Оперативный показ.",,59.3,14.5,244.5
https://vidnoye.cian.ru/sale/flat/294270218/,https://images.cdn-cian.ru/images/kvartira-suhanovo-park-2012684883-4.jpg,,"Московская область, м. Бульвар Дмитрия Донского, Ленинский городской округ, д. Суханово, Суханово Парк ЖК, 1",Транспортом,20000000.0,250000.0,2.0,3.0,6.0,80.0,"РОМАН. Продается отличная квартира с дизайнерским евроремонтом и мебелью в монолитно-кирпичном доме 2014 года постройки в жилом комплексе премиум класса Суханово Парк, премия Лучший жилой комплекс 2012 года. Свежий ремонт с использованием только дорогих, качественных материалов. Отличная планировка квартиры: гостиная с панорамным остеклением 30 м2, спальня 15 м2, просторная кухня 14 м2, большой санузел 8 кв.м., оборудованная гардеробная комната 6 м2, высокие потолки- 3,20м. Квартира укомплектована современной мебелью и бытовой техникой. Красивый ухоженный подъезд, лифт, колясочная. Благоустроенный зеленый двор, огороженная и охраняемая территория двора (въезд и вход по приглашениям). Жилой комплекс Суханово Парк возведен в Ленинском районе Московской области, в 5 километрах от столицы. Площадь участка составляет почти 48 гектаров. Выполнено устройство дорожек для прогулок, газонов, фонтанов, отрытой автостоянки и установка спортивных и детских игровых площадок. Красивая и ухоженная территория, здания расположены в окружении многолетнего соснового леса, в непосредственной близости протекает река, на огороженной и охраняемой территории имеется собственное озеро с благоустроенной пляжной зоной отдыха. В жилом комплексе имеется обширная сеть объектов социально-коммерческого предназначения: детский сад, балетная школа, многофункциональный торговый комплекс, автомойка, медицинский центр, СПА-центр, русская баня, зоогостиница, церковь, школа верховой езды, летний театр и кафе. Удобная транспортная доступность - до метро Бульвар Дмитрия Донского 15 минут на выделенных маршрутках 1224к и до МЦД Бутово автобус 379 с заездом в жилой комплекс. Возможен подъезд по двум шоссе: Варшавскому и Каширскому. Квартира готова к продаже. Свободная продажа. Собственность более 9 лет. Право собственности: ДДУ, год вступления: 2014. Один взрослый собственник. Звоните в любой момент - покажем оперативно. Смотрите Фото.",,80.0,20.0,250.0
https://vidnoye.cian.ru/sale/flat/311853757/,https://images.cdn-cian.ru/images/kvartira-yuzhnaya-bitca-yuzhnyy-bulvar-2363099020-4.jpg,ЖК «Южная Битца»,"Московская область, м. Бульвар Дмитрия Донского, Ленинский городской округ, пос. Битца, Южная Битца ЖК, бульвар Южный, 6",Транспортом,12700000.0,198438.0,2.0,6.0,24.0,64.0,"В продаже светлая ""евротрёшка"", с эргономичной линейной планировкой, в новом, комфортабельном ЖК "" Южная Битца"", в 3 км. от Москвы. Огороженная территория дома, двор без машин, с благоустроенными зонами отдыха, детскими и спортивными площадками. Презентабельная входная группа. На первом этаже расположена колясочная. Квартира расположена на комфортном шестом этаже. Все комнаты изолированы. Одна из комнат с выходом на лоджию, с отделкой и панорамным остеклением. Другая-с двумя окнами, как и кухня-гостиная, площадью 19 кв. м., которую, при наличии двух окон легко изолировать. В квартире два сан.узла, в противоположных концах коридора. Один сан.узел с душевой, другой с ванной и небольшим окном. Ремонт от застройщика, в светлых тонах. Вся инфраструктура в шаговой доступности. В активной фазе строительства 3 дет.сада, 2 школы, поликлиника, зоны активного отдыха. Рядом Бутовский лесопарк и ботанический сад ""Вилар"". Отличная транспортная доступность. До метро "" Бульвар Дмитрия Донского "" И МЦД ""Битца"" 10 минут транспортом. В 2025 году планируется открытие МЦД-2 в шаговой доступности от ЖК. Также строится развязка, соединяющая с Юго-Восточной хордой. Один взрослый собственник. Покупалась у застройщика по ДДУ. Без каких-либо обременений. Никто не прописан. Никто не проживал. Свободная продажа. Полная стоимость в договоре.",,64.0,12.7,198.4
https://vidnoye.cian.ru/sale/flat/307047344/,https://images.cdn-cian.ru/images/kvartira-yuzhnaya-bitca-yuzhnyy-bulvar-2262295257-4.jpg,ЖК «Южная Битца»,"Московская область, м. Бульвар Дмитрия Донского, Ленинский городской округ, пос. Битца, Южная Битца ЖК, бульвар Южный, 4",Транспортом,11600000.0,266055.0,2.0,23.0,23.0,43.6,"Продается стильная  евро-двушка  с современным дизайнерским ремонтом в Бутово жк Южная Битца.
Квартира располагается на высоком этаже, откуда из окон открываются красивые виды. 
В квартире выполнен дорогой, качественный ремонт. После ремонта никто не жил! Установлен хороший кухонный гарнитур, вся техника фирмы Kuppersberg. Установлен кондиционер. 

Планировка квартиры: Кухня - гостиная, спальня с выходом на балкон, совмещённый санузел, прихожая, гардеробная. 

Закрытый двор без машин. Красивая, зелёная и ухоженная территория. Спортивная и детская площадки. Рядом находится двухуровневый подземный паркинг. 
На территории комплекса есть магазины, аптеки, кофейни, салоны красоты, пункты выдачи и другое.
Так же рядом с домом функционирует уже один садик, второй на этапе сдачи (облагораживают территорию), третий - идет строительство. Также заканчивается строительство школы - в 5 минутах остановка общественного транспорта (м. Аннино и м. Бульвар Дмитрия Донского).
К концу года планируется открытие участка хорды и к 2025 году строительство МЦД в шаговой доступности от дома.
Район активно развивается и процветает.
1 взрослый собственник. Никто не прописан. Документы чистые и  готовы к Сделке.",,43.6,11.6,266.1
https://vidnoye.cian.ru/sale/flat/312199177/,https://images.cdn-cian.ru/images/kvartira-drozhzhino-yuzhnaya-ulica-2370953538-4.jpg,ЖК «Бутово парк 2»,"Московская область, м. Бульвар Дмитрия Донского, Ленинский городской округ, Дрожжино пгт, улица Южная, 25",Транспортом,9500000.0,182692.0,2.0,5.0,19.0,52.0,"Продается уютная 2-комнатная квартира в поселке городского типа Дрожжино, Московская область, на Южной улице, дом 25. Общая площадь квартиры составляет 52 кв. м, жилая площадь — 31 кв. м, а кухня порадует вас просторными 10 кв. м. Квартира расположена на 5-м этаже 19-этажного панельного дома, построенного в 2015 году. Высота потолков — 2.74 метра, что добавляет пространства и света.

В квартире сделан качественный евроремонт. Обставлена современная мебелью и оснащена всей необходимой техникой для комфортного проживания. Планировка продумана до мелочей: просторная гостиная, уютная спальня и функциональная кухня. Санузел раздельный, что добавляет удобства. Окна квартиры выходят во двор, поэтому шум города не будет вас беспокоить. Есть один балкон, где можно насладиться утренним кофе или вечерним отдыхом.

Дом в отличном состоянии: оснащен пассажирским и грузовым лифтами, а также пандусом для удобства передвижения. На территории дома предусмотрена наземная парковка, что решает вопрос с местом для вашего автомобиля.

Рядом с домом находятся школы и детские сады, что особенно удобно для семей с детьми. В шаговой доступности расположены магазины, где можно купить все необходимое. До метро ""Бульвар Дмитрия Донского"" можно добраться на автомобиле всего за 12 минут, что обеспечивает удобное транспортное сообщение с Москвой.

Продажа квартиры осуществляется без посредников, от собственника. Возможна покупка в ипотеку. Документы готовы к сделке, без обременений. Прекрасный вариант для тех, кто ищет комфортное жилье в спокойном районе.

Звоните и записывайтесь на просмотр! Не упустите возможность стать владельцем этой замечательной квартиры.",,52.0,9.5,182.7
https://vidnoye.cian.ru/sale/flat/310761477/,https://images.cdn-cian.ru/images/kvartira-butovo-park-2339802866-4.jpg,,"Московская область, м. Бульвар Дмитрия Донского, Ленинский городской округ, Бутово рп, Бутово Парк ЖК, 23к2",Транспортом,12500000.0,201613.0,2.0,17.0,22.0,62.0,"Продается просторная, стильная  квартира с качественным ремонтом  и потрясающим видом на лесной массив. Функциональная  планировка формата евродвухкомнатная: кухня-гостиная с кабинетом, спальня, гардеробная, совмещенный санузел. Ремонт выполнен по индивидуальному проекту, перепланировка узаконена. В квартире остается кухонная мебель с техникой , полностью укомплектованная спальня, встроенные шкафы в  прихожей и гардеробной комнате. Санузел оборудован современной сантехникой и мебелью, остается стиральная машинка и бойлер. 
Монолитно-кирпичный дом с подземным паркингом, огороженной и охраняемой территорией. Есть место в подземном паркинге, стоимость оговаривается отдельно.
ЖК Бутово-Парк современный район московской области с развитой инфраструктурой и отличной транспортной доступностью. Рядом с домом школа и детский сад, спортивный комплекс с бассейном, детская и взрослая поликлиника, магазины, салоны красоты, кафе, медицинский центры.
До метро ""Бульвар Дмитрия Донского"" 10 минут на автобусе, до станции МЦД ""Бутово"" 15 минут пешком. Прямое сообщение с городами Видное, Подольск, мкр. Щербинка, Бутово, Суханово.
В собственности более 10 лет, один взрослый собственник, свободная продажа.",,62.0,12.5,201.6
https://vidnoye.cian.ru/sale/flat/301980698/,https://images.cdn-cian.ru/images/kvartira-lopatino-solnechnyy-bulvar-2168713017-4.jpg,ЖК «Государев дом»,"Московская область, м. Бульвар Дмитрия Донского, Ленинский городской округ, Лопатино пгт, бульвар Солнечный, 10",Транспортом,8500000.0,170341.0,2.0,2.0,9.0,49.9,"Продаётся двухкомнатная квартира, общей площадью 50 квадратных метров, по адресу: МО, Ленинский район, р.п. Лопатино. Солнечный бульвар 10.
Светлая, просторная квартира ждёт своих любящих хозяев! 
Раздельный санузел.
Кухня с гостиной площадью 24м2. 
Изолированная спальная комната. 
В квартире выполнен качественный ремонт, с использованием дорогостоящих материалов.
В квартире остается все самое необходимо важное, чтобы заехать и жить!
Развитая инфраструктура: школа, сады, ТЦ, МФЦ, магазины в шаговой доступности: верный, лента, перекресток.
Удобная транспортная доступность. Маршрутки ходят до метро Анино, Бульвар Дмитрия Донского, также есть возможность доехать до платформы Расторгуево и станции Бутово D2.",,49.9,8.5,170.3
https://vidnoye.cian.ru/sale/flat/311433399/,https://images.cdn-cian.ru/images/2354541739-4.jpg,,"Московская область, м. Бульвар Дмитрия Донского, Ленинский городской округ, Лопатино пгт, улица Сухановская, 6",Транспортом,9150000.0,156143.0,2.0,4.0,9.0,58.6,"Номер в базе: 1902376. Продам 2-комнатную квартиру 58,6 кв.м. в  доме комфорт класса в современном в ЖК ""Государев Дом"" 

О КВАРТИРЕ:
- Просторная светлая уютная, готовая к проживанию квартира на 4 этаже 10-ти этажного дома
- В квартире сделан качественный ремонт, полностью меблирована, есть гардеробная. 
- Все комнаты изолированы, преимущество квартиры- просторная кухня 13 кв.м. 
- Квартира продается со всей мебелью и техникой (кроме TV), заезжай и живи 

О ДОМЕ:
- Дом 2016 года постройки
- Комплекс отличается продуманной  инфраструктурой, красивыми фасадами зданий в одном стиле, и благоустроенной территорией, достаточное количество парковочных мест 

ИНФРАСТРУКТУРА:
- ЖК расположен всего в 5 км от МКАД, на границе с г. Видное
- Торговый центр, сетевые магазины, фитнес центры, салоны красоты, непродовольственные магазины, аптеки, школа, детские сады, различные частные магазины, кафе. 
- Дом рядом с лесом, что позволит круглый год наслаждаться чистым воздухом.
Хорошая транспортная доступность: до ближайших станции м.Бульвар Дмитрия Донского и м.Аннино 10-15 минут на общественном транспорте. 4 км от МКАД по Варшавскому шоссе. В шаговой доступности остановки автобусов до ж/д станции Расторгуево (5 минут до станции, Павелецкое направление) и Бутово (Курское направление)

О СДЕЛКЕ:
- Один взрослый собственник. 
- Полная стоимость в договоре. 
- Материнский капитал не использовался

Полное юридическое сопровождение сделки, помощь в одобрении ипотеки на выгодных для Вас условиях. Постпродажное обслуживание.
Звоните оперативно организую показ!
Код пользователя: 154690",,58.6,9.2,156.1
https://vidnoye.cian.ru/sale/flat/309855845/,https://images.cdn-cian.ru/images/2322453197-4.jpg,,"Московская область, м. Бульвар Дмитрия Донского, Ленинский городской округ, Дрожжино пгт, улица Южная, 16",Транспортом,8800000.0,159710.0,2.0,1.0,17.0,55.1,"Арт. 80821387 Продается двухкомнатная квартира пo адрecу: Московская область, д. Дpoжжинo, ул. Южная 16

Данную кваpтиpу можно приобреcти по cтавке 14,75% на весь срок!

В квартире 2 комнаты, просторная гостиная с кухней, коридор и совмещенный санузел.
Высота потолков 3,7м ,что позволит организовать дополнительное пространство.

Общая площадь 55,1м2
1/17 этаж панельный дома

Ремонт от застройщика:
Санузел совмещенный, в кафеле, новая ванная, раковина
Установлены счетчики горячей/холодной воды
Поклеены обои, на полу ламинат
Окна пластиковые стеклопакеты
В квартире всегда комфортная температура, тепло, светло, уютно

Чистый подъезд, без посторонних запахов, приятные соседи, видеонаблюдение. Из окна открывается живописный вид во двор. Во дворе оборудована детская/спортивная площадка, есть парковочные места.

Лeгкo купить:
oдин собствeнник
бeз долгов и oбрeменений
пoдхoдит пoд ипотеку
быстpый выход нa cдeлку
показ в удобнoe для Вас врeмя

Месторасположение:
Удобная транспортная развязка (Варшавское шоссе, Симферопольское шоссе),
10 минут до МЦД Бутово,
Остановки общественного транспорта: Варшавское шоссе дом 261
Инфраструктура:
Детский сад  22
Школа  2
Магазины Пятерочка, Магнит, Вкус Вилл
Ресторан Чайхона Бутово,
Южная поликлиника
Спортивные залы Нуга, ТМ Gym
Бутовский парк
Дрожжинский пруд, река Гвоздянка.

Звоните ПРЯМО СЕЙЧАС, пока ВАШУ будущую квартиру не купил кто-то другой.",,55.1,8.8,159.7
https://vidnoye.cian.ru/sale/flat/304675426/,https://images.cdn-cian.ru/images/kvartira-vidnoe-galiny-vishnevskoy-ulica-2218795245-4.jpg,ЖК «Видный город»,"Московская область, Видное, м. Бульвар Дмитрия Донского, улица Галины Вишневской, 1к1",Транспортом,6900000.0,163507.0,2.0,6.0,8.0,42.2,"Вашему вниманию предлагается эксклюзивная двухкомнатная квартира с французскими окнами в пол, с потолками 3,2 м в новом ЖК Видный город.
Дом Комфорт класса с уникальной архитектурой и развитой инфраструктурой, рядом детские сады, школы и торговые центры. Дом расположен близко к автобусной остановке. Дворы просторные, много прогулочных зон. В подъезде помещение для консьержа и колясочные помещения с общим доступом для всех жильцов.
Собственность получена. Юридически свободна. Свободная продажа.",,42.2,6.9,163.5
https://www.cian.ru/sale/flat/304997034/,https://images.cdn-cian.ru/images/2313509401-4.jpg,,"Москва, ЮЗАО, р-н Северное Бутово, м. Бульвар Дмитрия Донского, улица Грина, 9",Пешком,14950000.0,296040.0,2.0,12.0,17.0,50.5,"Продaeтcя светлaя и тёплая 2-комнатная квaртиpа oбщей плoщадью 50,5м2 в зелёнoм рaйoнe Mocквы, в пешей доступности от метpo ""Бульвap Дмитpия Дoнскогo""/""Улица Cтaрокачaловcкaя"".

Тoлько плюcы:

- дo мeтpo 5-10 минут пeшкoм,

- глубoкo во двopах, тиxo и зелено, никaкoгo шумa от дoрог,

- всегдa есть пaркoвочныe места,

- современный дом, серия П-44,

- отремонтированный подъезд,

- прозрачная история квартиры, один собственник с момента постройки,

- возможность сделать ремонт на свой вкус!

Кухня 8,5м2, изолированные комнаты 12м2 и 18м2, раздельный санузел, застекленный балкон из комнаты. Окна во двор. Ухоженный подъезд, доброжелательные соседи.

Район с максимально развитой инфраструктурой, все объекты социальной значимости в шаговой доступности, а именно: сетевые магазины и продовольственный рынок, школы и детские сады, салоны красоты , банки, построен большой спортивный комплекс.

Рядом с домом парк и лес, где созданы все условия для полноценного отдыха и занятий спортом.

Один собственник, обременений нет, быстрый выход на сделку. Любая форма оплаты. Полная стоимость в договоре.
Помощь в одобрении ипотеки и полное юридическое сопровождение.
Оперативный показ. Звоните.",,50.5,14.9,296.0
https://www.cian.ru/sale/flat/310404826/,https://images.cdn-cian.ru/images/2332865131-4.jpg,,"Москва, ЮЗАО, р-н Северное Бутово, м. Бульвар Дмитрия Донского, Старобитцевская улица, 23К4",Пешком,17990000.0,345298.0,2.0,14.0,14.0,52.1,"Арт. 83947332 Если вы ищете квартиру для комфортной жизни в удовольствие, знайте - это она!

На эксклюзивной продаже представлена прекрасная светлая квартира с дизайнерским ремонтом. 

С нами вы имеете возможность приобрести эту квартиру в ипотеку со ставкой от 14,75%!

Дом расположен в экологически чистом районе ЮЗАО. 1 собственник, после ремонта никто не жил, все новое. Понятные и прозрачные документы. 

Станция метро ""Бульвар Дмитрия Донского"" в 12-ти минутах ходьбы от дома через живописный Бутовский парк. 
Спальный район обладает всей необходимой инфраструктурой для комфортной жизни:
- магазин ""Пятерочка""
- пункты выдачи заказов ""Озон"" и ""Вайлдберис""
- во дворе дома детский сад, а в пешей доступности несколько школ
- в самом доме находится частная школа и библиотека
- новая большая детская игровая площадка, которую видно из окна
- удобные выезды на МКАД

Идеальная планировка для двухкомнатной квартиры:
- Окна кухни и гостиной выходят на восток во двор. Весь двор на ладони. Если у вас есть дети, вы всегда увидите их в окно в любой точке двора. 
- Окна спальни выходят на запад, обеспечивая вас восхитительными закатами с видом на лес.

Последний жилой этаж обеспечивает максимальную удаленность от дорог и столь редкий в Москве простор для взгляда, когда смотришь в окно и не видишь окна соседних домов. У вас будет много света, больше тишины и меньше пыли, чем у остальных жильцов дома. 

Дизайн-проектом предусмотрено 2 варианта использования гостиной. При необходимости ее можно переоборудовать в детскую для 2 детей, либо оставить гостиной. 

В спальне:
- шикарная кровать
- макияжная зона с подсветкой 
- вместительный шкаф
- декоративный прикроватный свет и свет для чтения 
 - также установлена приточная вентиляция с подогревом и фильтром HEPA H-13, обеспечивающая прекрасный микроклимат и эффективный сон без необходимости открывать окна и слушать звуки улицы

Кухня полностью оборудована:
- духовой шкаф
- индукционная варочная панель
- вытяжка
- посудомоечная машина
- система фильтрации для чистой воды
- вместительная мойка с управляемым смесителем 
- холодильник
- раздвижной круглый стол
 4 человека с комфортом могут за ним сидеть даже в сложенном состоянии. 

Ремонт сделан профессионалами для понимающих: продуманная электрика, 60 розеток, щит на автоматах ABB, коллекторная разводка сантехники из сшитого полиэтилена Rehau, установлена защита от протечек, инверторные кондиционеры, заменены радиаторы. На стенах покраска в комнатах, широкоформатный керамогранит в санузлах и изящная износостойкая декоративная штукатурка в остальных помещениях. 
В квартире два балкона на разные стороны света! 
Балкон спальни утеплен и шумоизолирован, заменено остекление на теплое, организовано полноценное рабочее место с проводным интернетом. Предусмотрен мощный электрический конвектор. На полу паркетная доска. Балкон кухни не утеплен, предполагается, что на нем будет место для хранения и хозяйственного использования.


Успейте записаться на просмотр!",,52.1,18.0,345.3
https://vidnoye.cian.ru/sale/flat/306930063/,https://images.cdn-cian.ru/images/2284442115-4.jpg,ЖК «Булатниково»,"Московская область, м. Бульвар Дмитрия Донского, Ленинский городской округ, д. Жабкино, Булатниково мкр, 2",Транспортом,6700000.0,128846.0,2.0,3.0,4.0,52.0,"Каждая сделка застрахована САО РЕСО-гарантия!

Отличная  двухкомнатная квартира  в ЖК ""Булатниково"", малоэтажной  застройки  с функциональной планировкой в черновой отделкой. Сделай ремонт своей мечты!

Дом введен в эксплуатацию в 2022 году. Современный двор. Оборудованные безопасные детские площадки для групп разных возрастов. Система видеонаблюдения. Наличие парковки.

Прекрасная инфраструктура: магазины, аптеки, школы и детский сад. Шикарный зеленый район в окружении природных лесных массивов Бутовского парка.

Отличная транспортная доступность как личным, так и общественным транспортом. В ближайшем окружении несколько станции метро: Улица Дмитрия Донского, улица Старокачаловская, 15 минут на транспорте до МЦД  станция Битца. Удобный выезд на Симферопольское шоссе, Расторгуевское и Варшавское. Строятся новые развязки.

Покупателю:
- бесплатное сопровождение сделки;
- квалифицированная помощь в получение ипотеки в ведущих банках, срок одобрения от 1 до 3 дней;
- возможность подачи заявок одновременно в несколько банков, высокая степень одобрения;
- скидки от 0,3-5%.

Запись на просмотры уже началась! Успейте позвонить!",,52.0,6.7,128.8
https://vidnoye.cian.ru/sale/flat/297686861/,https://images.cdn-cian.ru/images/kvartira-butovo-park-2084541760-4.jpg,ЖК «Бутово парк»,"Московская область, м. Бульвар Дмитрия Донского, Ленинский городской округ, Бутово рп, Бутово Парк ЖК, 21",Транспортом,12950000.0,205230.0,2.0,10.0,25.0,63.1,"Продается светлая, просторная, уютная квартира с потрясающим видом из окон на лес. 

Две просторных, застекленных лоджии из которых можно сделать дополнительные зоны (кабинет, игровая, гардеробная и т д). Большая просторная кухня со встроенной мебелью и техникой, окна квартиры на 2 стороны, большой с/у. 

Ремонт делали для себя из качественных, дорогих материалов.

Дом свечка по индивидуальному проекту, очень теплый, лучший дом в этом районе. Соседи все приличные, доброжелательные. В подъезде есть консьерж, много парковочных мест, территория за домом огорожена, хорошая транспортная доступность, звоните, оперативный показ, подходит под ипотеку, свободная продажа, полная стоимость в ДКП, юридическое сопровождение сделки входит в стоимость.",,63.1,12.9,205.2
https://vidnoye.cian.ru/sale/flat/301225620/,https://images.cdn-cian.ru/images/kvartira-butovo-park-2155683897-4.jpg,ЖК «Бутово парк»,"Московская область, м. Бульвар Дмитрия Донского, Ленинский городской округ, Бутово рп, Бутово Парк ЖК, 23к1",Транспортом,11950000.0,160188.0,2.0,14.0,25.0,74.6,"Дом монолитно-кирпичный с подземным паркингом и огороженной, охраняемой территорией.
    Дизайнерский свежий ремонт, воздушная светлая гостиная, просторная ванная с окнами. Огромная кухня-гостиная и отдельная спальня с двумя окнами, можно легко отделить вторую спальню.
    Имеется оборудованная гардеробная
комната. Панорамный вид.
 
  Свободная продажа, один собственник, полная стоимость в дкп",,74.6,11.9,160.2
https://vidnoye.cian.ru/sale/flat/305937471/,https://images.cdn-cian.ru/images/kvartira-drozhzhino-yuzhnaya-ulica-2242716199-4.jpg,ЖК «Бутово парк 2»,"Московская область, м. Бульвар Дмитрия Донского, Ленинский городской округ, Дрожжино пгт, улица Южная, 3к1",Транспортом,8500000.0,191441.0,2.0,9.0,25.0,44.4,"Продаётся уютная евро 2-комнатная квартира с евроремонтом
Предлагаем вам приобрести просторную евро 2-комнатную квартиру в новом доме по адресу: Московская область, Ленинский городской округ, рабочий посёлок Дрожжино, Южная улица, 3к1. Общая площадь квартиры составляет 44.4 кв. м, жилая площадь — 27 кв. м, (12 спальная и 15 гостинная совмещенная с кухней — 10 кв. м.) Квартира находится на 9 этаже 25-этажного дома, построенного в 2023 году. Высота потолков — 2.7 метра.
В квартире есть качественный евроремонт, поэтому можно сразу заезжать и жить. Удобная планировка, светлые комнаты и просторная кухня создают приятную атмосферу для жизни. Совмещённый санузел оборудован современной сантехникой. Окна выходят во двор, поэтому в квартире тихо и уютно.

Дом оснащён всеми необходимыми удобствами: есть наземная парковка для вашего автомобиля, один пассажирский и два грузовых лифта, что удобно для перевозки крупногабаритных вещей. Дом новый, поэтому все коммуникации и инфраструктура находятся в отличном состоянии.
Рядом с домом есть всё необходимое для комфортной жизни. В пешей доступности находятся школы и детские сады, поэтому можно не беспокоиться об образовании и досуге детей. Вблизи расположены магазины, где можно сделать все необходимые покупки. Добраться до метро Бульвар Дмитрия Донского можно за 11 минут на автомобиле, что обеспечивает удобное транспортное сообщение с Москвой.
Условия сделки: продажа квартиры осуществляется по договору купли-продажи. Возможна покупка в ипотеку. Юридически чиста, один взрослый собственник. 
Приглашаем вас на просмотр квартиры. Свяжитесь с нами, чтобы договориться о времени визита и задать все интересующие вопросы. Эта квартира ждёт своих новых хозяев!",,44.4,8.5,191.4
https://vidnoye.cian.ru/sale/flat/308092821/,https://images.cdn-cian.ru/images/2297794854-4.jpg,ЖК «Бутово парк 2»,"Московская область, м. Бульвар Дмитрия Донского, Ленинский городской округ, Дрожжино пгт, шоссе Новое, 10к2",Транспортом,8800000.0,145695.0,2.0,4.0,20.0,60.4,"Id 47220. Продаётся двухкомнатная квартира уже в развитом ЖК!

Идеальная планировка, распашонка, окна выходят на улицу и двор!

Полная стоимость в ДКП, в собственности более 5 лет, без обременений, покупалась у застройщика за наличные денежные средства!

В шаговой доступности: школа, детский сад, поликлиника, необходимые магазины.
Выезд на Варшавское и Симферопольское шоссе.
Автобусы до: МДЦ Бутово, м. Бульвар Дмитрия Донского, м. Аннино, м. Академика Янгеля, м. Пражская в 10-20 минутах езды.

Оперативный показ, быстрый выход на сделку!

Дополнительные вопросы по телефону!",,60.4,8.8,145.7
https://www.cian.ru/sale/flat/311413115/,https://images.cdn-cian.ru/images/kvartira-moskva-ulica-polyany-2354134986-4.jpg,ЖК «Эталон-Сити»,"Москва, ЮЗАО, р-н Южное Бутово, м. Бульвар Дмитрия Донского, улица Поляны, 5",Транспортом,16000000.0,293578.0,2.0,31.0,31.0,54.5,"Продается просторная квартира в Москве в современном жилом комплексе Эталон-Сити на улице Поляны, 5. Общая площадь квартиры составляет 54,5 кв. м. по ЕГРН, что включает просторную кухню-гостиную площадью 20 кв. м и жилую площадь 18 кв. м. Квартира расположена на 31 этаже 31-этажного дома, построенного в 2018 году. Прекрасный вид из окна. Адекватные и приветливые соседи. спокойный, тихий контингент. 

Квартира с евроремонтом, выполненным с использованием качественных материалов. Планировка квартиры позволяет рационально использовать пространство, в том числе благодаря совмещенному санузлу и наличию лоджии. Квартира полностью оборудована всем необходимым для комфортного проживания.

Дом оснащен тремя пассажирскими и двумя грузовыми лифтами, поэтому можно не беспокоиться о доступности даже на самом верхнем этаже. Во дворе предусмотрены парковочные места для жильцов. Жилой комплекс ухожен, проведен капитальный ремонт, поэтому состояние дома отличное.

Район отличается развитой инфраструктурой: поблизости находятся школы, детские сады и магазины. До станции метро ""Улица Скобелевская"" можно дойти пешком за 15 минут, что удобно для ежедневных поездок по городу.

Квартира продается по договору купли-продажи, возможна ипотека. Все документы готовы к сделке, квартира без обременений, что ускоряет процесс оформления. 

Приглашаем вас на просмотр! Записывайтесь на удобное время, чтобы оценить все преимущества этой квартиры лично.",,54.5,16.0,293.6
https://vidnoye.cian.ru/sale/flat/292647662/,https://images.cdn-cian.ru/images/kvartira-bobrovo-krymskaya-ulica-1949255504-4.jpg,ЖК «Восточное Бутово»,"Московская область, м. Бульвар Дмитрия Донского, Ленинский городской округ, Боброво пгт, улица Крымская, 1",Транспортом,8600000.0,170635.0,2.0,9.0,25.0,50.4,"ЖК Восточное Бутово 
Срочная продажа, оперативный показ и быстрый выход на сделку.",,50.4,8.6,170.6
https://vidnoye.cian.ru/sale/flat/310772633/,https://images.cdn-cian.ru/images/2340003234-4.jpg,ЖК «Бутово парк 2»,"Московская область, м. Бульвар Дмитрия Донского, Ленинский городской округ, Дрожжино рп, улица Южная, 16",Транспортом,10800000.0,167183.0,2.0,7.0,17.0,64.6,"Номер в базе: 3915089. Продается отличный вариант для жизни - просторная 2 комнатная квартира в ЖК Бутово парк 2. Общая площадь 64,6 кв.м. Средний 7 этаж. 
Функциональная планировка: 
Просторная кухня;
Две изолированные спальни;
Два сан узла;
Просторная гардеробная.
В квартире сделан ремонт от застройщика, что позволит не тратить время на ремонт. Можно расставить мебель и заезжать жить. 

Дом расположен в удобной части жилого комплекса Бутово парк 2, рядом много зелени, парк Дрожжино с водоемом и организованными местами для отдыха.Территория дома закрыта, вход по электронному ключу. Во дворе детские площадки. 
Рядом несколько школ и детских садов, магазины, пункты выдачи, кафе. В пешей доступности расположен фитнес клуб и остановки общественного транспорта. 
До МЦД Щербинка 14 минут на машине. Выезды на Варшавское и Симферопольское шоссе. 

По документам: 1 взрослый собственник, квартира без обременений. 
Ключи на руках, показы по договоренности. 


Код пользователя: 73806",,64.6,10.8,167.2
https://vidnoye.cian.ru/sale/flat/310103283/,https://images.cdn-cian.ru/images/kvartira-butovo-park-2327081330-4.jpg,,"Московская область, м. Бульвар Дмитрия Донского, Ленинский городской округ, Бутово рп, Бутово Парк ЖК, 2",Транспортом,9850000.0,162810.0,2.0,2.0,17.0,60.5,"Предлагаю вашему вниманию уютную, теплую,чистую квартиру в прекрасном районе Бутово Парк, 2!Дом расположен в 5 мин от МКАД по Варшавскому Шоссе, до станции МЦД можно доехать за 10 мин.Развитая инфраструктура: 3 д/ сада, школы, поликлиники, магазины, есть пешеходный бульвар для отдыха и прогулок.Рядом с микрорайоном есть Бутовский Лес, где можно заниматься спортом и гулять в любое время года.Один взрослый собственник! Полная сумма в ДКП! Ипотека подходит!Ваша квартира ждет вас!!!",,60.5,9.8,162.8
https://vidnoye.cian.ru/sale/flat/309039541/,https://images.cdn-cian.ru/images/2305979144-4.jpg,ЖК «Бутово парк 2»,"Московская область, м. Бульвар Дмитрия Донского, Ленинский городской округ, Дрожжино пгт, шоссе Новое, 13",Транспортом,9600000.0,159734.0,2.0,10.0,14.0,60.1,"Номер в базе: 2473377. К покупке предлагается двухкомнатная квартира на 10 этаже 14 этажного дома по адресу: Московская область, рп. Дрожжино, ул. Новое шоссе 13.
Дом 2014 года постройки имеет очень выгодное местоположение рядом есть все, что нужно для комфортной городской жизни и отдыха. 

Квартира имеет отличную планировку на две стороны общей площадью 60.1 кв.м. Кухня 13.2 кв.м, комната 18.9 и 14.8 кв.м, просторный коридор. Санузел раздельный. Две остекленных лоджии (3.5 и 3,4 кв.м)

Квартира полностью оборудована мебелью и техникой, выполнен ремонт. 

Подъезд чистый. Два лифта(грузовой и пассажирский). 
Во дворе достаточное количество парковочных мест!

Инфраструктура района включает в себя детские сады, школы, сетевые магазины, поликлиники, аптеки и т.д. 

Хорошая транспортная доступность: остановка общественного транспорта в 2 минутах ходьбы от дома. МЦД Бутово 4 мин на транспорте, 26 мин пешком.

Один собственник более 5 лет.

Код пользователя: 111556",,60.1,9.6,159.7
https://vidnoye.cian.ru/sale/flat/311419127/,https://images.cdn-cian.ru/images/2354255148-4.jpg,ЖК «Южная Битца»,"Московская область, м. Бульвар Дмитрия Донского, Ленинский городской округ, пос. Битца, Южная Битца ЖК, улица Парковая, 3",Транспортом,14800000.0,253425.0,2.0,9.0,24.0,58.4,"Арт. 89025428 Продаем полноценную двухкомнатную квартиру с дизайнерским ремонтом.
Общая площадь квартиры 58.4 кв. м, из них комнаты 17 и 14 кв. м, кухня-гостиная с эркером 15.2 кв.м.
Квартира очень уютная и красивая, можно заезжать и жить! 
Кухонный гарнитур с посудомоечной машиной, варочной панелью, духовкой остается новому хозяину. Все шкафы-купе, мебель в ванной комнате также остаются в квартире. 
По документам один взрослый собственник, покупал квартиру по договору долевого участия.
Рядом с домом школа, садик, множество магазинов.",,58.4,14.8,253.4
https://vidnoye.cian.ru/sale/flat/311314648/,https://images.cdn-cian.ru/images/kvartira-drozhzhino-yuzhnaya-ulica-2351787106-4.jpg,ЖК «Бутово парк 2»,"Московская область, м. Бульвар Дмитрия Донского, Ленинский городской округ, Дрожжино пгт, улица Южная, 19к1",Транспортом,9700000.0,166667.0,2.0,4.0,20.0,58.2,"Продается уютная, чистая двухкомнатная  квартира 58 кв.м. в мкр. Бутово-Парк 2, на ул. Южной, 19к1. Квартира расположена на 4-м этаже 20-ти этажного  дома 2015 года постройки. Планировка квартиры очень функциональна,  комнаты 17  и 14 кв.м., изолированные, расположены распашонкой, большая из них с выходом на  лоджию, кухня  12 кв.м., с/узел раздельный, также имеется отдельная гардеробная и небольшая кладовка. Квартира очень теплая, в хорошем жилом состоянии. В квартире остается встроенная мебель, наполнение гардеробной, остальное - по договоренности. Тихие, спокойные соседи, чистый подъезд . Просторный уютный двор, где в шаговой доступности расположены детские образовательные и торговые учреждения.   Две минуты пешей доступности от дома до остановки регулярного общественного транспорта, который за 20 мин. доставит вас до метро Бульвар Дмитрия Донского, а также до ближайших станций МЦД - Щербинка и Бутово. Бутово-Парк 2 это быстроразвивающийся микрорайон, формирующий собственную инфраструктуру. Один совершеннолетний собственник, документы первичные, более 5 лет, юридически свободна, продажа свободная, подходит под ипотеку.",,58.2,9.7,166.7
https://vidnoye.cian.ru/sale/flat/307638589/,https://images.cdn-cian.ru/images/kvartira-lopatino-suhanovskaya-ulica-2276325341-4.jpg,ЖК «Государев дом»,"Московская область, м. Бульвар Дмитрия Донского, Ленинский городской округ, Лопатино пгт, улица Сухановская, 2",Транспортом,7800000.0,174497.0,2.0,8.0,9.0,44.7,"Продается уютная двухкомнатная квартира с изолированными комнатами, с очень уютной кухней, с приятным видом из кухни и спальни. В квартире произведен хороший ремонт, мебель, встроенная кухня и частично бытовая техника входят в стоимость квартиры, в одной из комнат установлен кондиционер, комнаты  в квартире расположены на две стороны. Приобреталась по ДДУ 1 собственник, полная стоимость в договоре. Просторный тамбур, аккуратный и чистый подъезд, домофон, во дворе детская и спортивная площадка, рядом в двух шагах детский сад,  на первых этажах в доме расположены магазин Мираторг, пункты выдачи заказов, почта России, отделение поликлиники, также рядом лесной массив для прогулок. Рядом большой торговый центр, фитнес центр. Свободная продажа.",,44.7,7.8,174.5
https://www.cian.ru/sale/flat/308620524/,https://images.cdn-cian.ru/images/2297230916-4.jpg,ЖК «Эталон-Сити»,"Москва, ЮЗАО, р-н Южное Бутово, м. Бульвар Дмитрия Донского, улица Поляны, 5",Транспортом,17000000.0,310786.0,2.0,28.0,31.0,54.7,"Номер в базе: 2503396. Продается просторная 2-к. квартира с ремонтом в пешей доступности от МЕТРО общей площадью 54.7 кв.м.! 
 
РАСПОЛОЖЕНИЕ: 
Дом расположен в жилом комплексе бизнес-класса, расположенного посреди одного из самых больших лесопарков Москвы в Южном Бутово. ""Эталон-Сити"" построен в районе с развитой инфраструктурой, где много магазинов, детских садов, школ, спортивных учреждений (включая конно-спортивный, теннисный и пейнтбольный клубы).
 
ТРАНСПОРТНАЯ ДОСТУПНОСТЬ: 
* 15 минут пешком до станции метро Улица Скобелевская
* 20-25  минут пешком до станции метро Бульвар Дмитрия Донского
и улица Старокачаловская
* Кроме того, рядом с домом есть автобусные остановки, что обеспечивает дополнительные варианты передвижения 

О ДОМЕ: 
Год постройки 2018г. Монолитный дом с ж/бетонными перекрытиями. В подъезде есть и пассажирский и грузовой лифт. Подъезд чистый, просторный, с системой видеонаблюдения и охраной. 
 
О КВАРТИРЕ: 
Расположена на 28 этаже. Просторная кухня оборудована всей необходимой техникой от немецкого производителя Maunfeld, а ремонт выполнен с использованием высококачественных материалов. Есть балкон, на котором сделан теплый пол и продуманная система хранения. Санузел совмещённый. 

Не стесняйтесь задавать любые вопросы - я с удовольствием на них отвечу! При покупке через наше агентство вы получите финансовую гарантию до 25 млн рублей и полную юридическую чистоту сделки без рисков.


Код пользователя: 109863",,54.7,17.0,310.8
https://vidnoye.cian.ru/sale/flat/311647712/,https://images.cdn-cian.ru/images/2359138582-4.jpg,,"Московская область, м. Бульвар Дмитрия Донского, Ленинский городской округ, Боброво пгт, улица Лесная, 18к1",Транспортом,8800000.0,155752.0,2.0,3.0,17.0,56.5,"Номер в базе: 3968969. Продается просторная светлая  2-х комнатная квартира в современном ЖК ""Восточное Бутово"".

О квартире: Квартира расположена на 3м этаже 17ти этажного дома.
Окна выходят во двор  с видом на школу.
Одна из комнат разделена перегородкой, что позволило из комнаты сделать спальню и рабочий кабинет, что очень удобно.
В квартире остается вся мебель (без техники)
Инфраструктура:  в ЖК хорошо развивается, рядом с домом школа и детский сад, магазины, аптеки. 
Транспортная доступность: Остановка общественного транспорта в пяти минутах ходьбы от дома.
Добраться можно общественным транспортом от метро Бульвар Дмитрия Донского / метро Старокачаловская около 13 минут 
D2 Бутово - около 8 минут

Один взрослый собственник с момента сдачи ЖК.
Документ-основания: ДДУ, более 5 лет в собственности, полная стоимость в договоре.


БЕЗ обременений. 
!!! КВАРТИРУ МОЖНО КУПИТЬ В ИПОТЕКУ СО СТАВКОЙ ОТ 14,9% !!!
О ПРЕИМУЩЕСТВАХ ПОКУПКИ С АГЕНСТВОМ:
- Юридическая гарантия и финансовая гарантия покупателю до 25 млн. руб.
- Сопровождение сделки для покупателя под ключ.
- Быстрое одобрение ипотеки по выгодным ставкам.
- Покупка новостроек без комиссии и с дополнительными скидками!
Код пользователя: 152793",,56.5,8.8,155.8
https://vidnoye.cian.ru/sale/flat/310407785/,https://images.cdn-cian.ru/images/kvartira-drozhzhino-novoe-shosse-2332916629-4.jpg,ЖК «Бутово парк 2»,"Московская область, м. Бульвар Дмитрия Донского, Ленинский городской округ, Дрожжино пгт, шоссе Новое, 13",Транспортом,10850000.0,179934.0,2.0,5.0,17.0,60.3,"Продается просторная просторная двухкомнатная квартира в тв ЖК ""Бутово парк-2"",   поселок Дрожжино. Общая площадь квартиры составляет 60.3 кв. м, жилая площадь — 40 кв. м, кухня — 14 кв. м. Квартира расположена на 5 этаже 17-этажного панельного дома, построенного в 2014 году. Высота потолков — 2.74 метра. Отлично подойдет для семьи или пары, ценящих комфорт и уют.  У квартиры  очень удачная  планировка: кухня  с эркером  - 14 м2, комнаты  изолированные, выходят на разные стороны и из каждой комнаты  выход на застекленную лоджию.  Квартира в отличном состоянии! 

Дом оборудован и пассажирским, и грузовым лифтами, поэтому можно легко перемещаться с крупногабаритными вещами. Также есть пандус и мусоропровод. Наземная парковка рядом с домом, поэтому всегда найдется место для вашего автомобиля.

В пешей доступности находятся школы и детские сады, что очень удобно для семей с детьми. Рядом расположены магазины, обеспечивающие все необходимые покупки без долгих поездок. До станции метро ""Бульвар Дмитрия Донского"" можно добраться на автомобиле всего за 12 минут.

Квартира продается без обременений, что упрощает процесс покупки. Подходит для приобретения в ипотеку. Все документы готовы к сделке, поэтому можно быстро оформить все необходимые формальности.

Не упустите возможность стать владельцем этой замечательной квартиры! Записывайтесь на просмотр и оцените все преимущества этого предложения лично. Ждем вашего звонка!",,60.3,10.8,179.9
https://www.cian.ru/sale/flat/308626029/,https://images.cdn-cian.ru/images/kvartira-moskva-ulica-polyany-2297328161-4.jpg,ЖК «Эталон-Сити»,"Москва, ЮЗАО, р-н Южное Бутово, м. Бульвар Дмитрия Донского, улица Поляны, 5",Транспортом,15000000.0,312500.0,2.0,24.0,31.0,48.0,"Продается уютная 2-комнатная квартира площадью 48 кв. м в современном доме на 24 этаже. Дом расположен на улице Поляны в Москве, всего в 15 минутах пешком от метро ""Улица Скобелевская"". Отличный вариант для тех, кто ценит удобство и комфорт городской жизни.

В квартире выполнен качественный евроремонт, который позволяет сразу заехать и жить. Просторная кухня площадью 15 кв. м идеально подходит для семейных обедов и дружеских встреч. Санузел совмещенный и оборудован современной сантехникой. Высокие потолки 2.8 метра добавляют ощущение простора и света. Окна выходят как на улицу, так и во двор, что обеспечивает комфортное освещение в течение всего дня.

Дом оборудован тремя пассажирскими и двумя грузовыми лифтами, что исключает долгие ожидания. Для автомобилистов предусмотрена наземная парковка. Дом находится в отличном состоянии, ухоженные подъезды и общие зоны.

В пешей доступности расположены школы, детские сады и магазины, что делает этот район идеальным для семей с детьми. Удобная транспортная развязка позволяет быстро добраться до центра города.

Квартира продается без обременений, все документы готовы к сделке. Ипотека возможна. Покупка напрямую от собственника, поэтому никаких 
дополнительных комиссий.

Продажа по ДОГОВОРУ КУПЛиПРОДАЖИ

Не упустите шанс стать владельцем этой замечательной квартиры. Звоните и записывайтесь на просмотр!

АГЕНТЫ НЕ ЗВОНИТЬ",,48.0,15.0,312.5
https://vidnoye.cian.ru/sale/flat/308336400/,https://images.cdn-cian.ru/images/2290827678-4.jpg,ЖК «Бутово парк 2»,"Московская область, м. Бульвар Дмитрия Донского, Ленинский городской округ, Дрожжино пгт, улица Южная, 11к3",Транспортом,9800000.0,175000.0,2.0,20.0,25.0,56.0,"Евротрешка! Цена пока есть альтернатива.

Дом с очень хорошим расположением, нет окна в окно, рядом школа 50 метров. Один собственник, никто не прописан. В квартире остаётся посудомойка, кондиционер, кухня. Квартира без обременений. Можно в ипотеку, не был использован мат капитал.",,56.0,9.8,175.0
https://vidnoye.cian.ru/sale/flat/309588521/,https://images.cdn-cian.ru/images/2316717255-4.jpg,ЖК «Булатниково»,"Московская область, м. Бульвар Дмитрия Донского, Ленинский городской округ, д. Жабкино, Булатниково мкр, 11",Транспортом,7800000.0,150000.0,2.0,4.0,4.0,52.0,"2 комнатная квартира с лоджией! 
Общая площадь квартиры 52 кв.м.
Квартира с ремонтом. 
Малоэтажные (4-х этажные) дома, где  всегда будет уютно и просторно. 
Хорошая детская площадка, отличный воздух и тихо. 
Комплекс состоит из группы малоэтажных монолитных жилых домов, построенных по индивидуальному проекту.
Дом сдан. Заселён, люди уже живут. Собственность оформлена.
В доме автономное обще домовое газовое отопление. 
Основные объекты инфраструктуры сады, школы, поликлиники- расположены поблизости в Видном, Измайлово и Бутово. 
Рядом зеленая зона, есть красивейший парк с прудом. Для спокойной и тихой жизни практически в черте города. 
В шаговой доступности Рыбалка и детский лагерь.
До Москвы можно добраться несколькими видами транспорта. На автобусе из центра посёлка Измайлово за 20 минут можно добраться до метро Улица академика Янгеля, от остановки пос. Дубровский на маршрутном такси 37, автобусах 39, 40 за 20 минут до метро Теплый стан и Красногвардейская, за 30 минут до метро Пражская. Ближайшие метро Бульвар Дмитрия Донского в 4 х км от жилого комплекса. Пешком можно дойти за 20 минут до МЦД платформа Битца и доехать до центра Москвы за 20 минут. 
Свободная продажа, 1 собственник, возможна ипотека. 
Полная стоимость в ДКП.
Обременений НЕТ!

Звоните!",,52.0,7.8,150.0
https://vidnoye.cian.ru/sale/flat/304118812/,https://images.cdn-cian.ru/images/2331017793-4.jpg,ЖК «Видный город»,"Московская область, Видное, м. Бульвар Дмитрия Донского, улица Галины Вишневской, 10к1",Транспортом,12600000.0,196875.0,2.0,8.0,8.0,64.0,"ПРОДАЮ ДВУХЭТАЖНУЮ КВАРТИРУ С ДИЗАЙНЕРСКИМ РЕМОНТОМ .
КАК ДЛЯ СОБСТВЕННОГО ПРОЖИВАНИЯ , ТАК И ПОД СДАЧУ В АРЕНДУ,

БЫСТРЫЙ ВЫХОД НА СДЕЛКУ!!!
БЕЗ ОБРЕМЕНЕНИЙ.

ТРАНСПОРТНАЯ ДОСТУПНОСТЬ: 

14 мин до метро Бульвар Дмитрия Донского  ( автобус 1224)
10 мин до станции Бутово ( автобус 379,507К)
16 мин до метро АННИНО (маршрутка 1019) 
10 мин до станции Расторгуево ( автобус 379, 1019) 

О КВАРТИРЕ: 
Общая площадь 64 м2 плюс балкон 3,2 м2 
На первом этаже- санузел, кухня-гостиная с двойным светом, гардеробная. Площадь 37,37 м2 плюс 3,2 м2 ( балкон)
На втором этаже- большая спальня, площадью 26,35 кв м.. Спальню можете  разделить на  две комнаты. 
Ремонт в квартире  делали для себя из качественных материалов .  
В квартире остается вся мебель и техника.  

Еще в этом доме продаем  две кладовки . 

ИНФРОСТРУКТУРА: 
Большой закрытый двор с детской и спортивной площадками .
Детские сады. 
Общеобразовательные школы. 
Остановка автобусная в 3 минутах ходьбы.
Сетевые магазины: Перекресток, Лента, Бристоль, Красное-Белое, Пятерочка..
Салоны красоты, аптеки, ателье.
Огромный лес в шаговой доступности .

Квартира без Обременений.
Быстрый выход на сделку.
Полная стоимость в договоре.
Один взрослый собственник .
 
ДЛЯ НАШИХ ПОКУПАТЕЛЕЙ: 

Помощь в получении ипотеки в топ банках , с 99% степенью одобрения .
Бесплатное юридическое сопровождение сделки. Оперативный показ.
Детали по телефону. Звоните!",,64.0,12.6,196.9
https://vidnoye.cian.ru/sale/flat/311676873/,https://images.cdn-cian.ru/images/kvartira-drozhzhino-yuzhnaya-ulica-2359661921-4.jpg,ЖК «Бутово парк 2»,"Московская область, м. Бульвар Дмитрия Донского, Ленинский городской округ, Дрожжино пгт, улица Южная, 11к4",Транспортом,9900000.0,180000.0,2.0,22.0,25.0,55.0,"Продается 2 -х комнатная квартира с большой кухней- гостиной 21 м , 2 изолированные комнаты, 2 раздельных санузела.
55 кВ.м.
В глубине ЖК Бутово парк-2 ,с двух сторон новые школы. 
Один собственник, никто не прописан. 
Бонусом для покупателя остается вся техника и мебель (посудомойка, кондиционер, кухня, холодильник).
Квартира без обременений.",,55.0,9.9,180.0
https://vidnoye.cian.ru/sale/flat/311373897/,https://images.cdn-cian.ru/images/2353134934-4.jpg,,"Московская область, м. Бульвар Дмитрия Донского, Ленинский городской округ, д. Суханово, Усадьба Суханово ЖК, к4",Транспортом,10500000.0,167732.0,2.0,1.0,5.0,62.6,"id:1940. 
Эта уютная двухкомнатная квартира на первом этаже пятиэтажного дома - идеальный выбор для тех, кто ценит комфорт и качество. Общая площадь квартиры составляет 62,6 квадратных метров, из которых 36 - жилая площадь. Просторная кухня в 16,5 квадратных метров станет любимым местом для семейных ужинов и дружеских посиделок. Монолитные стены обеспечивают надёжность и долговечность конструкции, а расположение на первом этаже гарантирует удобство и безопасность. Цена в 10 500 000 рублей делает это предложение особенно привлекательным. Не упустите возможность стать обладателем этой прекрасной квартиры!",,62.6,10.5,167.7
https://www.cian.ru/sale/flat/307110301/,https://images.cdn-cian.ru/images/kvartira-moskva-ulica-znamenskie-sadki-2263453542-4.jpg,,"Москва, ЮЗАО, р-н Северное Бутово, м. Бульвар Дмитрия Донского, улица Знаменские Садки, 1К2",Пешком,14700000.0,271218.0,2.0,15.0,17.0,54.2,"Продается 2-комнатная квартира в Москве по адресу: улица Знаменские Садки, 1к2. Общая площадь квартиры - 54,2 кв. м, жилая площадь — 32,5 кв. м, площадь кухни - 9,3 кв. м. Квартира расположена на 15-м этаже 17-этажного дома. Высота потолков составляет 2,64 метра. До метро ""Бульвар Дмитрия Донского"" всего 2 минуты пешком.
Квартира без ремонта, поэтому у вас есть отличная возможность создать интерьер своей мечты с нуля. Просторные комнаты (18 и 14,5 м2) и кухня 9,3 м2 позволят воплотить любые дизайнерские идеи. Окна выходят во двор, поэтому в квартире всегда тихо и спокойно. В квартире есть один балкон и отдельный санузел.
Дом построен в 1991 году из панельных материалов. В подъезде установлены два пассажирских лифта, а также есть мусоропровод. Парковка наземная, поэтому всегда можно найти место для автомобиля.
Дом в хорошем состоянии, регулярно проводятся необходимые ремонтные работы.
Район обжитой и комфортный для жизни.
Рядом находятся школы, детские сады, клиники и магазины, поэтому все необходимое для жизни всегда под рукой.
шанс
Отличная транспортная доступность: рядом с домом находятся остановки общественного транспорта, быстрый выезд на МКАД И Варшавское шоссе.
Продолжить",,54.2,14.7,271.2
https://vidnoye.cian.ru/sale/flat/310795049/,https://images.cdn-cian.ru/images/dolya-v-kvartire-lopatino-suhanovskaya-ulica-2340477166-4.jpg,,"Московская область, м. Бульвар Дмитрия Донского, Ленинский городской округ, Лопатино рп, улица Сухановская, 17",Транспортом,2700000.0,59867.0,,,,,"Продается доля 1/2 в прекрасной двух комнатной квартире, общей площадью 45 м.кв. 
Новый дом, 2018 года постройки.
Очень функциональная планировка, распашонка, окна выходят на две стороны дома, комнаты разделены коридором.
Квартира состоит из двух просторных,изолированных комнат (из одной выход на лоджию), гардеробной и просторной кухни.
Квартира оборудована всей необходимой мебелью и техникой.
В 2-х минутах ходьбы находятся остановки общественного транспорта, каждые 5 мин. ходят маршруты до ст.метро Анино, Бульвар Дмитрия Донского, МЦД Бутово. На авто, 8 км. до МКАД.
Без обременений, документы готовы к сделке.",,nan,2.7,59.9
https://vidnoye.cian.ru/sale/flat/299585219/,https://images.cdn-cian.ru/images/novostroyka-bulatnikovo-2122662975-4.jpg,ЖК «Булатниково»,"Московская область, м. Бульвар Дмитрия Донского, Ленинский городской округ, д. Жабкино, Булатниково мкр, 3",Транспортом,7299000.0,150775.0,2.0,4.0,4.0,48.41,"Двухкомнатная квартира в малоэтажном уютном жилом комплексе всего в 2 км от МКАД(Московская область). Квартира находится на 4 этаже монолитного дома. Расположен в окружении дачных участков. Плюсы загородной жизни при всех удобствах цивилизации (электричество, газ, водопровод, высокоскоростной интернет). В пешей доступности ж/д станция Булатниково (1,5 км), пруд с рыбалкой, зоопарк, живописные места! В доме есть грузопассажирский лифт, колясочная, пандусы. В квартире комнаты изолированные, санузел раздельный, есть остекленный балкон. Во дворе детская и спортивная площадки. 
Прекрасный вариант для тех, кто устал жить в ""человейниках"" и при этом желает иметь возможность быстро добраться до Москвы. Удобное транспортное сообщение позволяет быстро добраться до основных магистралей. Много свободных мест для парковки.
Без торга.",,48.4,7.3,150.8
https://vidnoye.cian.ru/sale/flat/312041263/,https://images.cdn-cian.ru/images/kvartira-drozhzhino-yuzhnaya-ulica-2367409377-4.jpg,ЖК «Бутово парк 2»,"Московская область, м. Бульвар Дмитрия Донского, Ленинский городской округ, Дрожжино пгт, улица Южная, 9к3",Транспортом,10350000.0,202941.0,2.0,9.0,24.0,51.0,"ЖК Бутово парк 2
Монолитная башня!
Далеко от шумных дорог!
Квaртиpa c НОВОЙ отдeлкой!
В квартире НИКТО не проживал!
Современный, красивый микрорайон!
Прекрасно обустроенный, современный двор!
Непосредственно у дома расположены сад и школа! 

ПРЕДЛАГАЕТСЯ:
     Изолированная двухкомнатная квартира, площадью 51 кв.м., с качественной отдeлкой, расположенная на 9-м этаже 24
     этажного монолитной башни, по адресу: Московская область, р.п. Дрожжино, ул.Южная, д.9, к.3.

ДОМ:
     Монолитный дом на территории ЖК Бутово парк 2, от компании ПИК, построен в 2021 году, типовая серия СЭМ-2, 
     расположен в 5 м/тр. от МЦД Бутово или Щербинка.
     У дома прекрасное расположение, он расположен поодаль от проезжих дорог, тихое, красивое место.
     Территория дома обустроена ландшафтным дизайном с современными дизайнерскими уличным освещением, местами
     отдыха, детскими и спортивными площадками.
     Очень просторный и чистый подьезд, 2 входа, 4 лифта.
     В 50 метрах от дома расположены большие и современные детский сад и школа с огромными территориями, у дома
     расположена просторная парковка, рядом расположена вся необходимая для жизни инфраструктура.

КВАРТИРА:
     Планировка: кухня 10 кв.м., изолированные комнаты 18 и 11 кв.м., 2 санузла, один из которых с ванной.
     В квартире выполнена НОВАЯ, качественная отделка, установлена кухня, встроенный шкаф-купэ и стиральная
     машина в ванной комнате. 
     Кухня, бытовая техника и мебель - НОВЫЕ! 
     Из окон квартиры открываются виды в тихий, красивый, благоустроенный двор и на красивые дома микрорайона.
     Квартира в собственности по ДДУ, полная стоимость в ДКП, 2 собственника, никто не прописан, свободная продажа!",,51.0,10.3,202.9
https://vidnoye.cian.ru/sale/flat/307437663/,https://images.cdn-cian.ru/images/2271155122-4.jpg,ЖК «Государев дом»,"Московская область, м. Бульвар Дмитрия Донского, Ленинский городской округ, Лопатино пгт, улица Сухановская, 13",Транспортом,7600000.0,167770.0,2.0,2.0,9.0,45.3,"Арт. 74050247 Квартира находится в новом ЖК Государев Дом, ул.Сухановская, д.13. Дом сдан в 2017 году. 2 этаж, соседи доброжелательные, тихие, приличные. В ЖК расположены магазины  пятерочка, верный, лента, перекресток, мираторг. В шаговой доступности (3 минуты пешком) ТЦ ""Аструм"" в котором находятся  перекресток, детский мир, DNS, МФЦ, аптека, зоомагазин, KFC, детская комната и др. Также в шаговой доступности расположено масса различных магазинов, салонов красоты, медицинских центров, центров детского творчества и т.д. в ЖК имеется два действующих детских сада и школа (один сад и школа находятся с торца дома, 1 минута пешком), также строятся еще один сад и школа. В шаговой доступности от ЖК расположена усадьба ""Суханово"" и в 5 минутах на авто Расторгуевский парк. Во дворе дома и соседних дворах множество детских площадок, также имеется школьный стадион (для бега и игр в футбол), доступ круглосуточный. В ЖК действуют несколько маршрутов общественного транспорта, перевозчиком является Мострансавто (с 09.09.2024, очередей в утреннее и вечернее время нет. Оплата картой, наличными, тройка, стрелка, карта москвича). На общественном транспорте можно добраться до МЦД2 Бутово (до м. Царицыно 20 минут), до м. Аннино и м. Бульвар Дмитрия Донского, до стации Расторгуево (на электричке 20 минут до м. Нагатинская, до МЦК 23 минуты, до Павелецкого вокзала 27 минут). Ведется реконструкция Расторгуевского шоссе, в декабре 2024 года будет открыт выезд на симферопольское шоссе, МКАД и ЮВХ (на данный момент с открытием ЮВХ время от дома до работы (м. Бульвар Рокоссовского) и обратно занимает 1 час 20 минут на автомобиле). В квартире прописанных и зарегистрированных нет, при покупке маткапитал не использовался, обременений нет, один собственник с 2017 года.",,45.3,7.6,167.8
https://vidnoye.cian.ru/sale/flat/307388167/,https://images.cdn-cian.ru/images/kvartira-butovo-park-2269918942-4.jpg,ЖК «Бутово парк»,"Московская область, м. Бульвар Дмитрия Донского, Ленинский городской округ, Бутово рп, Бутово Парк ЖК, 25",Транспортом,11300000.0,176563.0,2.0,7.0,25.0,64.0,"Предлагается к продаже просторная 2-я квартира с изолированными комнатами. Качественный ремонт, Окна выходят в лесной массив. Легкая Альтернатива. Один взрослый собственник.Основание ДДУ -2015 года. Оперативный показ.",,64.0,11.3,176.6
https://vidnoye.cian.ru/sale/flat/309540997/,https://images.cdn-cian.ru/images/kvartira-bobrovo-lesnaya-ulica-2315889956-4.jpg,ЖК «Восточное Бутово»,"Московская область, м. Бульвар Дмитрия Донского, Ленинский городской округ, Боброво пгт, улица Лесная, 26",Транспортом,8350000.0,187894.0,2.0,12.0,18.0,44.44,"ОТ СОБСТВЕННИКА! РАСПАШОНКА! С ЛОДЖИЕЙ!

РИЭЛТОРОВ ПРОСЬБА НЕ БЕСПОКОИТЬ. ТОЛЬКО С РЕАЛЬНЫМ ПОКУПАТЕЛЕМ. 

Застройщик МОРТОН (ПИК).

Жилой квартал Восточное Бутово расположен в 5 км от МКАД по Симферопольскому шоссе, в Ленинском районе Московской области. Это экологически благоприятное место по соседству с Бутовским лесопарком. В 25 минутах пути на машине — станции метро и МЦД Бутово. 

Высота домов и расстояние между ними в Восточном Бутово подобраны так, чтобы в каждой квартире было светло. 
В проекте есть:
- 4 школы (2 открыты: на 1375 и 1500 учеников) 
- 10 детских садов (5 садов открыты) 
- 2 поликлиники (детская и взрослая)
- 2 пешеходных бульвара.
Для автомобилей есть многоуровневый паркинг, а также наземный паркинг.

Дома Восточного Бутово образуют кварталы: внутренние дворы — это уютные парки, а снаружи — спортивные площадки, детские сады и школы.

Рядом автобусная остановка (конечная). - до метро на автобусе 15-20 минут. 

Общая площадь квартиры: 44,4 кв.м 

Прямая продажа. Подходит под ипотеку. Покупалась у застройщика по ДДУ. 
Квартира без обременения. В собственности более 5 лет.",,44.4,8.3,187.9
https://vidnoye.cian.ru/sale/flat/310224113/,https://images.cdn-cian.ru/images/kvartira-lopatino-suhanovskaya-ulica-2329247225-4.jpg,ЖК «Государев дом»,"Московская область, м. Бульвар Дмитрия Донского, Ленинский городской округ, Лопатино пгт, улица Сухановская, 15",Транспортом,9000000.0,168539.0,2.0,7.0,9.0,53.4,"Уважаемые покупатели, вашему вниманию предлагается светлая и просторная 2-х комнатная квартира, расположенная по адресу: Россия, Московская область, Ленинский городской округ, рабочий посёлок Лопатино, Сухановская улица, д. 15. ЖК Государев дом! Новый, современный жилой комплекс с хорошей инфраструктурой. Квартира после качественного ремонта, с использованием качественных строительных материалов. Кухня встроенная, вся бытовая техника новая в отличном состоянии, ПОСУДОМОЕЧНАЯ машина 60 см. Варочная панель, духовой шкаф. Функциональная планировка: квартира распашная с большой гостиной совмещенной с кухней; Имеется большая ГАРДЕРОБНАЯ КОМНАТА! панорамные окнами; уютная спальня. Произведен современный и качественный ремонт в светлых тонах. Множество мест хранения. Зарегистрированных НЕТ ! Один взрослый собственник! Полная стоимость в договоре ! Территория вокруг дома благоустроена и оснащена прогулочными аллеями, спортивными и детскими площадками. Большая парковка вокруг дома. 

Район с отличной инфраструктурой: в пешей доступности от дома - детские сады, школы, сетевые магазины, аптеки, кафе, торговый центр Аструм с большим разнообразием магазинов, фитнес, бассейн, пункты выдачи ведущих маркетплейсов.

15 минут пешком до усадьбы Суханово через живописную лесопарковую зону с различными оборудованными местами для прогулок и отдыха. 

Комфортная транспортная доступность: в шаговой доступности от дома расположена остановка общественного транспорта, откуда за ~10 минут можно добраться до станций метро: бульвар Дмитрия Донского, Анино; 
~15 минут до МЦД Бутово и ж/д станция Расторгуево. 

Удобный выезд на Симферопольское, Варшавское и Каширское шоссе.",,53.4,9.0,168.5
https://vidnoye.cian.ru/sale/flat/300269629/,https://images.cdn-cian.ru/images/kvartira-butovo-park-2136591257-4.jpg,,"Московская область, м. Бульвар Дмитрия Донского, Ленинский городской округ, Бутово рп, Бутово Парк ЖК, 28",Транспортом,10600000.0,189964.0,2.0,9.0,19.0,55.8,"Предлагается к продаже светлая и уютная квартира!
Дом расположен в обжитом и сложившемся районе, вся необходимая инфраструктура в пешей доступности: детские сады, детские площадки, школа, спортплощадки, различные зоны отдыха, поликлиника, аптеки, ТРЦ, супермаркеты, кафе, кинотеатр, фитнес, пункты выдачи и т.п.
Вокруг множество различных магазинов (Мираторг, Виктория, Пятерочка, Магнит, Вкусвилл, Детский мир), кафе, салоны красоты и барбершопы, круглосуточный фитнес СССР, ПВЗ Озон, ВБ, Яндекс. Напротив подъезда вход в Бутовский лесопарк, детская и спортивная площадки.
Для авто есть парковочные места во дворе, также в нескольких соседних домах возможно арендовать подземный паркинг. Удобный выезд на Варшавское шоссе в обе стороны, до МКАД 10-15 минут, до ТТК 45-50 минут езды. Из общественного транспорта станция Бутово МЦД-2, до метро Бульвар Дмитрия Донского и Аннино регулярно ходят автобусы (10-15 минут). В районе строится развязка с новой трассой Солнцево-Бутово-Видное с перспективой выхода на Московский Скоростной Диаметр. 
В квартире выполнен качественный ремонт, две изолированные комнаты,  просторная кухня, раздельный санузел.

Один взрослый собственник, свободная продажа.",,55.8,10.6,190.0
https://vidnoye.cian.ru/sale/flat/304742821/,https://images.cdn-cian.ru/images/kvartira-lopatino-suhanovskaya-ulica-2219972659-4.jpg,ЖК «Государев дом»,"Московская область, м. Бульвар Дмитрия Донского, Ленинский городской округ, Лопатино пгт, улица Сухановская, 2",Транспортом,8100000.0,165306.0,2.0,2.0,10.0,49.0,"Марина. Продаётcя cвeтлая двуxкомнaтнaя квартирa, oбщая площадь 49 кв. м, пpocтopнaя кухня 9.4кв. м, две кoмнaты: 16 кв. м
Квaртира расположенная по адресу ул. Сухановская, д. 2, 2 этаж, ЖК Государев дом.
Зелёный район, в пешей доступности школа, поликлинника, детсад, аптеки, продуктовые магазины, торговый центр, фитнес. Рядом лесной массив!
Отличная транспортная доступность: 5 км до МКАД, маршрутки до метро Аннино и Бульвар Дмитрия Донского, до ж/д пл. Бутово МЦД и Расторгуево.Звоните уважаемые коллеги и клиенты, рада буду сотрудничеству. показы по договорённости.",,49.0,8.1,165.3
https://vidnoye.cian.ru/sale/flat/311731487/,https://images.cdn-cian.ru/images/2360816926-4.jpg,,"Московская область, м. Бульвар Дмитрия Донского, Ленинский городской округ, Боброво пгт, улица Лесная, 6",Транспортом,9500000.0,170863.0,2.0,13.0,25.0,55.6,"Номер в базе: 1878668. Уютная, светлая евротрешка в ЖК Восточное Бутово, с ремонтом и мебелью. 

Квартира 55.5/19.7 кухня-гостиная, две изолированные комнаты по 11 м2 и 12  м2, два с/у, этаж 13/25 . Дом оборудован смарт домофоном с видеонаблюдением, датчиками дыма, и системой пожаротушения. Закрытый двор без машин. В ЖК введены в эксплуатацию школы, детсад, есть множество магазинов и ТЦ. 

Два взрослых собственника, материнский капитал не использовался, свободная продажа, долгов и обременений нет. По остальным вопросам звоните.


Код пользователя: 138924",,55.6,9.5,170.9
https://vidnoye.cian.ru/sale/flat/306618719/,https://images.cdn-cian.ru/images/kvartira-lopatino-solnechnyy-bulvar-2254896813-4.jpg,ЖК «Государев дом»,"Московская область, м. Бульвар Дмитрия Донского, Ленинский городской округ, Лопатино пгт, бульвар Солнечный, 10",Транспортом,8450000.0,169000.0,2.0,6.0,10.0,50.0,"Квартира с дизайнерским ремонтом Заезжай и
ЖИВИ!.
Очень удобное расположение дома, рядом мфц, торговый центр, школа и детский сад напротив дома, все возможные магазины и гипермаркеты ( пятерочка, лента, верный каб и др., элитные фитнес клуб с бассейном.
В квартире остается вся мебель.
Кондиционер
Посудомоечная машина
Холодильник
1 Кровать
Плита
Духовой Шкаф
В квартире имеется вместительный гардероб, плотиной шкаф, и скрытая вместимая мансарда.
новые коммуникации.
Документы в порядке, 1 взрослый собственник.
Без Долгов по коммунальным платежам и электричеству.
оперативный показ можно ипотеку.
Стоимость указана с учетом скидки и может быть снижена при быстрой покупки.",,50.0,8.4,169.0
https://vidnoye.cian.ru/sale/flat/308919171/,https://images.cdn-cian.ru/images/kvartira-vidnoe-svyatoslava-rihtera-ulica-2303303940-4.jpg,ЖК «Видный город»,"Московская область, Видное, м. Бульвар Дмитрия Донского, улица Святослава Рихтера, 3к1",Транспортом,7200000.0,153846.0,2.0,2.0,8.0,46.8,"Продается двухкомнатная квартира в новом доме по адресу: Московская область, Ленинский городской округ, Видное, улица Святослава Рихтера, 3к1. Общая площадь квартиры составляет 46.8 квадратных метров, жилая площадь — 28 квадратных метров, площадь кухни — 8 квадратных метров. Квартира расположена на 2 этаже 8-этажного кирпичного дома, построенного в 2021 году. Окна выходят во двор, что обеспечивает тишину и спокойствие.

Квартира без ремонта, что предоставляет отличную возможность создать пространство своей мечты с нуля. В планировке предусмотрены две отдельные комнаты и один санузел. Также есть лоджия, которую можно обустроить как уютное место для отдыха или рабочее пространство.

Дом находится в отличном состоянии, так как был построен совсем недавно. Для удобства жителей предусмотрен пассажирский лифт. Вокруг дома есть парковочные места, что удобно для автовладельцев.

Рядом с домом находятся все необходимые объекты инфраструктуры: школы, детские сады и магазины. До метро ""Бульвар Дмитрия Донского"" можно добраться на автомобиле всего за 10 минут, что делает поездки в город быстрыми и комфортными.

Продажа осуществляется по договору купли-продажи. 

Приглашаем вас на просмотр! Записывайтесь на удобное для вас время, чтобы оценить все преимущества этой квартиры лично.",,46.8,7.2,153.8
https://vidnoye.cian.ru/sale/flat/310380437/,https://images.cdn-cian.ru/images/2332393464-4.jpg,ЖК «Бутово парк 2»,"Московская область, м. Бульвар Дмитрия Донского, Ленинский городской округ, Дрожжино пгт, улица Южная, 5",Транспортом,9800000.0,188462.0,2.0,10.0,25.0,52.0,"Видовая светлая атмосферная квартира. Функциональная планировка: комнаты изолированные, большая кухня, просторная гостинная с двумя окнами, уютная спальня. Установлена дорогая качественная кухня со встроенной бытовой техникой, вытяжкой, фильтром для воды. 
Идеальные документы, один взрослый собственник.
Район удобно обустроен: школы, сады, множество магазинов, кафе, салонов.
Отличная транспортная доступность до метро - 15-20 минут по выделенной полосе.
 Любая форма расчета. быстрый выход на сделку.
Помощь в одобрении ипотеки на наиболее выгодных для вас условиях с преференциями компании.",,52.0,9.8,188.5
https://vidnoye.cian.ru/sale/flat/305883290/,https://images.cdn-cian.ru/images/kvartira-suhanovo-park-2241762843-4.jpg,,"Московская область, м. Бульвар Дмитрия Донского, Ленинский городской округ, д. Суханово, Суханово Парк ЖК, 1",Транспортом,9600000.0,152381.0,2.0,5.0,5.0,63.0,"Жилье премиум класса в одном из лучших поселков ближнего Подмосковья -""Суханово Парк дом 1"". 

К 2027 году будет открыто МЦД-5
А так же к 2027 году Суханово, Битца,
Булатникова и др. районы войдут в состав г. Москвы. 

Вашему вниманию предлагается видовые 2-х  комнатные апартаменты под чистовой ремонт со строительным материалом. Все коммуникации разведены ( теплые полы, электроэнергия, отопление от газового котла, водоснабжение и кондиционеры ), стены оштукатурены готовы под отделку. Планировка апартаментов( Кухня - столовая, гостиная, санузел) распашонка ( окна выходят на две стороны севера восток  и севера запад) всегда обеспечен приток свежего воздуха и отличная освещенность. К территории примыкает хвойный лес. Охраняемая территория, видеонаблюдение, патрулирование. Собственная школа и детский сад Гулливер. Развитая инфраструктура: магазины, ателье, салоны красоты, кафе , аптека, пекарня, детские и спортивные площадки, футбольное поле, каток, теннисные корты, площадки для пляжного волейбола, прогулочные зоны, закрытый сосновый участок леса, фонтаны. На территории поселка находится озеро с пляжной зоной, беседками и часовней. Один взрослый собственник, никто не зарегистрирован, быстрый выход на сделку, ипотека возможна.",,63.0,9.6,152.4
https://vidnoye.cian.ru/sale/flat/309738915/,https://images.cdn-cian.ru/images/kvartira-bobrovo-krymskaya-ulica-2319783838-4.jpg,ЖК «Восточное Бутово»,"Московская область, м. Бульвар Дмитрия Донского, Ленинский городской округ, Боброво пгт, улица Крымская, 5",Транспортом,10300000.0,190741.0,2.0,12.0,16.0,54.0,"Продается отличная евро трёшка в новом доме 2020 года постройки. Общая площадь квартиры 54 кв.м., огромная кухня-гостинная 20 кв.м., две изолированные комнаты 11 кв. м,-9.8 кв. м,, 2 санузла, просторная прихожая. Хороший ремонт, квартира в отличном состоянии, встроенная кухня, кондиционер остается в подарок покупателям! Дом со своей закрытой территорией с зонами для отдыха и детскими площадками, система умный дом с автоматическим открытием дверей, видеонаблюдение, двор без машин. Район с очень развитой инфраструктурой и транспортной доступностью, остановка общественного транспорта расположена у дома, 15 мин транспортом метро Анино, МЦД Бутово. Один, единственный собственник с момента постройки дома, полная стоимость в договоре, подробности по телефону, оперативный показ!
Также вы можете получить бесплатную консультацию. Если для приобретения этой квартиры вам необходимо продать свою недвижимость, мы оперативно найдём для вас покупателя.",,54.0,10.3,190.7
https://vidnoye.cian.ru/sale/flat/307936486/,https://images.cdn-cian.ru/images/kvartira-lopatino-solnechnyy-bulvar-2283254370-4.jpg,ЖК «Государев дом»,"Московская область, м. Бульвар Дмитрия Донского, Ленинский городской округ, Лопатино пгт, бульвар Солнечный, 8",Транспортом,11300000.0,163578.0,2.0,8.0,10.0,69.08,"Продается просторная 2-комнатная квартира в современном ЖК ""Государев дом"". 

Отличная планировка: 2 изолированные комнаты- распашонки, раздельный санузел, большая прихожая с  удобной вместительной оборудованной гардеробной комнатой  - мечта любой хозяйки, стильная функциональная кухня с современной техникой  с выходом на лоджию.

В квартире сделан качественный ремонт с использованием дорогостоящих материалов. Вся мебель и техника остается. Никаких вложений в квартиру не нужно, заходи и живи!

Вся инфраструктура расположена в самом ЖК: школа во дворе, детсады, ТЦ Аструм, МФЦ, фитнес клуб, магазины в шаговой доступности, Лента, Перекресток, Мираторг, аптеки, почта, химчистки, кафе. Сухановский пруд. Вокруг - лес и чистый воздух. 

Удобная транспортная доступность до метро Анино, Бульвар Дмитрия Донского и платформы МЦД Бутово. Скоро построят линию рельсового скоростного пассажирского транспорта с остановкой ЖК Государев дом.

1-н взрослый собственник, квартира юридически свободна, правоустановка ДДУ 2015 года, 
обременений нет, подходит под ипотеку, поможем в одобрении, звоните оперативно покажем!",,69.1,11.3,163.6
https://vidnoye.cian.ru/sale/flat/311525298/,https://images.cdn-cian.ru/images/kvartira-butovo-park-2356413395-4.jpg,,"Московская область, м. Бульвар Дмитрия Донского, Ленинский городской округ, Бутово пгт, Бутово Парк ЖК, 24",Транспортом,10300000.0,177586.0,2.0,19.0,19.0,58.0,"Продается уютная 2-комнатная квартира  с хорошей планировкой и с отличным видом из окон (19 этаж) и хорошей транспортной доступностью. 
В 5 минутах остановка общественного транспорта до ближайших станций метро Аннино и Бульвар Дмитрия Донского (две линии метро - серая и оранжевая ветки), в 10 минутах пешком станция Бутово (30 минут до центра города).

2 изолированные комнаты, большая прихожая, отдельная темная комната, раздельный санузел, просторная кухня с большим застекленным балконом.
В пешей доступности школа, детские сады, детские площадки, магазины.
Рядом расположен лесной массив и большие зоны отдыха.

Один собственник, квартира свободна для продажи.
Полная стоимость в договоре, подходит для ипотеки.
Подходит как для собственного проживания, так и сдачи в аренду (высокий спрос).


Бутово Парк - это новый современный жилой микрорайон со всей необходимой инфраструктурой.
Микрорайон расположен в 300 метрах от административно-территориальной границы Москвы (районы Северное Бутово и Южное Бутово); 3,5 км от МКАД по Варшавскому шоссе. 
В инфраструктуру микрорайона  включены: школы, детские сады, а так же многофункциональные комплексы.",,58.0,10.3,177.6
https://vidnoye.cian.ru/sale/flat/311871031/,https://images.cdn-cian.ru/images/2367703851-4.jpg,,"Московская область, м. Бульвар Дмитрия Донского, Ленинский городской округ, Боброво пгт, улица Крымская, 5к1",Транспортом,11500000.0,169867.0,2.0,15.0,25.0,67.7,"Код объекта: 1350024.
 Вашему вниманию предлагается 2-комнатная квартира в ЖК ""Восточное Бутово""!

КВАРТИРА: в ЖК ""Восточное Бутово"", на 15 этаже продается  квартира РАСПАШОНКА: две спальни (одна со своей гардеробной), кухня-гостиная и 2 санузла: совмещенный и раздельный!. 
Комнаты очень теплые, светлые, высота потолков 2,7 м. Общая площадь - 67.7 кв.м., жилая площадь - 30,6 кв.м., площадь кухни - 20,4 кв.м. На полу плитка, ламинат. Большие панорамные окна. Вид из окон на улицу. 

О ДОМЕ: 

Панельный дом с железобетонными перекрытиями, сдан в 2020 г. Около дома закрытый двор, с детскими игровыми и спортивными площадками, зоны отдыха, входные группы с видеонаблюдением.

ИНФРАСТРУКТУРА: 

Есть всё для комфортной жизни. Школы  и детские сады в пешей доступности, поликлиника, салоны красоты, фитнес центр, магазины, аптеки. Спокойный экологически чистый район рядом с Бутовским лесопарком, с хорошей транспортной доступностью, и всей развитой инфраструктурой. 

ТРАНСПОРТНАЯ ДОСТУПНОСТЬ: 

Жилой комплекс расположен в 5 км от МКАД по Симферопольскому шоссе.
Остановка рядом с домом, 
до метро Бульвара Дмитрия Донского - 6 минут, 
до МЦД Бутово - 15 минут, 
до Бутово-Царицыно - 15 минут.

Звоните, свободная продажа! Возможно в ипотеку. Полная стоимость в договоре! Без перепланировок.",,67.7,11.5,169.9
https://vidnoye.cian.ru/sale/flat/312092465/,https://images.cdn-cian.ru/images/kvartira-drozhzhino-yuzhnaya-ulica-2368742272-4.jpg,ЖК «Бутово парк 2»,"Московская область, м. Бульвар Дмитрия Донского, Ленинский городской округ, Дрожжино пгт, шоссе Новое, 8к2",Транспортом,10200000.0,181172.0,2.0,10.0,19.0,56.3,"Видео по запросу отправлю в мессенджер. 

Планировка: Кухня с лоджией + две  изолированных комнаты, раздельный санузел, просторный  коридор. 

Дом: ЖК Бутово парк - 2, стены: панельные, 2016 года постройки, в доме уже все сделали ремонты и постоянно проживают соседи. Очень красивый и чистый подъезд с информационными стендами, растениями, современными почтовыми ящиками, два лифта пассажирский и грузовой. Во дворе парковка и детские площадки, детские сады и школа. 

Квартира: с хорошей отделкой, делали для себя, удобной планировки. 
В квартире остается: полный комплект сантехники, кондиционер и раскладной диван в комнате, полки под обувь в коридоре, встроенная кухня (из техники: вытяжка и варочная панель), двухкамерный холодильник, стол и стулья.
Лоджия утеплена и с полной отделкой, прекрасный вид на лес, школу, соседние дома на оптимальном расстоянии.

Транспортная доступность: 15 мин на автобусе 1201 от метро Дмитрия Донского., каждые 10 минут.

Собственность получена (единственный собственник, более 5 лет), фонд жилой, прописка возможна (в настоящее время никто не зарегистрирован по месту жительства), под ипотеку подходит, перепланировки нет.
Легкая альтернатива на Москву! Можем продать, как свободную продажу.

Добро пожаловать на просмотр (ключи на руках), быстрый выход на сделку.",,56.3,10.2,181.2
https://vidnoye.cian.ru/sale/flat/301993259/,https://images.cdn-cian.ru/images/kvartira-yuzhnaya-bitca-yuzhnyy-bulvar-2168972758-4.jpg,ЖК «Южная Битца»,"Московская область, м. Бульвар Дмитрия Донского, Ленинский городской округ, пос. Битца, Южная Битца ЖК, бульвар Южный, 5",Транспортом,10900000.0,240618.0,2.0,15.0,20.0,45.3,"Предлагается к продаже дизайнерская евро двушка.

Дизайнерский ремонт делали для себя качественными материалами под строгим контролем. Обстоятельства поменялись, приходится продавать

Особенности комплекса: 
- дворы без машин
- продуманное зонирование во дворах позволяет отделяет тихие зоны от шумных игровых зон.
- игровые зоны учитывают возраст детей. Площадки для детей старшего возраста вынесены за пределы дворов
- наличие кладовых
- подземный паркинг
- окружение лесопарками

Внутренняя инфраструктура:
Для жителей жилого района предусмотрены 4 детских сада, 2 школы и поликлиника. В данный момент один садик и одна школа функционируют, остальные социальные объекты на этапе возведения.

Транспортная доступность:
3 км от МКАД, в нескольких минутах езды до трех станций метро: ""Аннино"", ""Бульвар Дмитрия Донского"", ""улица Старокочаловская"" и станции МЦД2 - жд Бутово. В 2025-2026 г году будет построена своя станция МЦД2 - Южная Битца. Удобный выезд на Варшавское и Симферопольское шоссе.",,45.3,10.9,240.6
https://vidnoye.cian.ru/sale/flat/300547121/,https://images.cdn-cian.ru/images/kvartira-drozhzhino-yuzhnaya-ulica-2142205115-4.jpg,ЖК «Бутово парк 2»,"Московская область, м. Бульвар Дмитрия Донского, Ленинский городской округ, Дрожжино пгт, улица Южная, 23к2",Транспортом,10500000.0,174129.0,2.0,14.0,20.0,60.3,"СВОБОДНАЯ ПРОДАЖА! 

Продаётся уютная 2-комнатная квартира в самом сердце развитого района!
Общая площадь квартиры составляет 60,3 кв. м, что обеспечивает комфортное пространство для вашей семьи. Распашная планировка с просторными изолированными комнатами (18,8 и 18,9 кв. м) и просторная кухня площадью 11,3 кв. м. Санузел раздельный, выложен керамогранитом и итальянской мозаикой.
Выполнен качественный ремонт, который гарантирует долговечность и безупречный вид вашего жилья на долгие годы.

Район с развитой инфраструктурой предлагает Вам все необходимое для комфортной жизни: детские сады и школы для ваших детей, продуктовые сетевые магазины в пешей доступности, кафе для приятных вечеров и фитнес-центры для активного образа жизни. 
Во дворе и за домом находятся 2 школы.
Удобное транспортное сообщение обеспечивает быстрый доступ до метро Анино и Дмитрия Донского всего за 15 минут, а также имеются удобные выезды на Варшавское и Симферопольское шоссе.

Один взрослый собственник, полная стоимость в ДКП. 
Показ квартиры возможен в удобное для вас время по предварительной договоренности.",,60.3,10.5,174.1
https://vidnoye.cian.ru/sale/flat/312213689/,https://images.cdn-cian.ru/images/2371305099-4.jpg,ЖК «Государев дом»,"Московская область, м. Бульвар Дмитрия Донского, Ленинский городской округ, Боброво пгт, улица Крымская, 9",Транспортом,11800000.0,203448.0,2.0,13.0,17.0,58.0,"id:12103. 
Возможность перевода (обременения) ипотеки сбербанка под 10,7%.

Прекрасная квартира с необыкновенным видом в новом ЖК Государев Дом с шлагбаумом на въезд. Всегда есть парковочные места!
Кухня с выходом на балкон. Кухонный гарнитур в нежном молочном цвете ИКЕЯ со всей необходимой встроенной техникой. Раздельный санузел.
Коридор со встроенными шкафами купе.
Изолированные комнаты.
Соседи о которых можно только мечтать.
Один взрослый собственник.
Прописанных нет
Обременение Сбербанка по ставке 10,7%
Полная стоимость в Договоре
Максимально быстрый выход на сделку
Разумный торг.",,58.0,11.8,203.4
https://vidnoye.cian.ru/sale/flat/303945208/,https://images.cdn-cian.ru/images/kvartira-lopatino-solnechnyy-bulvar-2205425445-4.jpg,ЖК «Государев дом»,"Московская область, м. Бульвар Дмитрия Донского, Ленинский городской округ, Лопатино пгт, бульвар Солнечный, 17",Транспортом,9200000.0,176923.0,2.0,5.0,10.0,52.0,"ЖК Государев дом. Новый дом . Продается шикарная , просторная , двухкомнатная квартира с новым ЕВРО РЕМОНТОМ . Квартира продается со всей качественной , дорогой мебелью и бытовой техникой .  Никто не прописан . Один взрослый собственник .
Срочно !!! Звоните ! На все вопросы отвечу по телефону . Показ оперативный .",,52.0,9.2,176.9
https://vidnoye.cian.ru/sale/flat/307109025/,https://images.cdn-cian.ru/images/kvartira-drozhzhino-novoe-shosse-2263433669-4.jpg,ЖК «Бутово парк 2»,"Московская область, м. Бульвар Дмитрия Донского, Ленинский городской округ, Дрожжино рп, шоссе Новое, 5к2",Транспортом,10500000.0,169628.0,2.0,17.0,22.0,61.9,"ЖК Бутово Парк 2, до МЦД Бутово 7 мин/тр, до м; Бульвар Дмитрия Донского 12 мин/тр., до остановки общественного транспорта 5 мин/пешком, развитая инфраструктура микрорайона в пешей доступности, школы, д/сады, магазины, супермаркеты, поликлиники детская и взрослая, аптеки, дом  расположен рядом с благоустроенной прогулочной зоной, окна во двор, ухоженная придомовая территория, современная детская площадка, парадная входная группа, хорошие соседи, квартира с евроремонтом в отличном состоянии, можно заехать и жить! санузел раздельный, комнаты изолированные (18,3-14,2) м2,  кухня 10,2м2, лоджия из кухни, балкон из спальни, документы больше 5 лет, полная стоимость, обременений нет, прямая продажа!",,61.9,10.5,169.6
https://www.cian.ru/sale/flat/311293534/,https://images.cdn-cian.ru/images/kvartira-moskva-kulikovskaya-ulica-2351275046-4.jpg,,"Москва, ЮЗАО, р-н Северное Бутово, м. Бульвар Дмитрия Донского, Куликовская улица, 9К1",Пешком,16500000.0,317919.0,2.0,8.0,9.0,51.9,"Продается уютная 2-х комнатная квартира с прекрасными видами на Бутовский лесопарк.
     В квартире выполнен качественный капитальный ремонт с заменой эл. проводки и инженерных сетей. Высота потолков 2.64 м.  Функциональная планировка: кухня, две отдельные спальни на разные стороны света, две застекленные лоджии, раздельный санузел, просторный коридор разделён на прихожую зону и холл.
    Район с развитой устоявшейся  инфраструктурой: вокруг множество различных магазинов, кафе и ТЦ (Апельсин, Малина, Вива, Алфавит). Недалеко находится парк с каскадом прудов и два больших леса. До ближайшей станции метро ""Бульвар Дмитрия Донского"" 10-12 мин. пешком. Удобный выезд на МКАД , Варшавское и Симферопольское шоссе, в перспективе соединение района с Юго-Восточной  хордой.  
   Квартира без обременений, подходит под ипотеку.",,51.9,16.5,317.9
https://vidnoye.cian.ru/sale/flat/311489178/,https://images.cdn-cian.ru/images/2355633160-4.jpg,ЖК «Видный город»,"Московская область, Видное, м. Бульвар Дмитрия Донского, улица Святослава Рихтера, 3к1",Транспортом,12000000.0,240000.0,2.0,6.0,8.0,50.0,"Номер в базе: 4292888. Продается великолепная квартира в престижном жилом комплексе ""Видный город"", расположенном всего в 6 километрах от МКАД на юге Подмосковья. Это идеальное место для тех, кто ценит комфорт и уют, а также хочет наслаждаться жизнью вдали от городской суеты. Удобное расположение рядом с Варшавским шоссе обеспечивает отличную транспортную доступность, что делает поездки в Москву быстрыми и удобными.

Дом, выполненный по уникальному индивидуальному проекту, поражает своей оригинальной и привлекательной архитектурой премиального класса. Внутри комплекса вас ждут современные грузопассажирские лифты, уютные зоны для консьержей и удобные места для хранения велосипедов и колясок. Среднеэтажная застройка, живописные прогулочные бульвары и дворы без машин создают атмосферу спокойствия и безопасности. Для активных семей предусмотрены детские и спортивные площадки, где ваши дети смогут весело проводить время.

Район активно развивается, и уже сейчас на территории ЖК открыты магазины и уютная кафе-пекарня, где вы сможете наслаждаться свежей выпечкой. Это место, оформленное в духе европейского города, идеально подходит для работы на удаленке, позволяя вам сочетать карьеру и комфортную жизнь.

Квартира с дизайнерским ремонтом включает в себя светлую спальню площадью 16 м² и уютную детскую комнату площадью 11 м². Она полностью оборудована всей необходимой техникой, включая духовой шкаф, микроволновую печь, стиральную и посудомоечную машины, а также кондиционеры для вашего комфорта в любое время года. Уютная утепленная лоджия станет отличным местом для отдыха, а окна, выходящие на обе стороны, обеспечат вам максимальное количество света и воздуха.

Не упустите возможность стать владельцем этого замечательного жилья, где каждый день будет приносить радость и комфорт. Жить здесь — значит наслаждаться красотой, тишиной и уютом!




Код пользователя: 169622",,50.0,12.0,240.0
https://vidnoye.cian.ru/sale/flat/303187816/,https://images.cdn-cian.ru/images/kvartira-bobrovo-krymskaya-ulica-2189606175-4.jpg,,"Московская область, м. Бульвар Дмитрия Донского, Ленинский городской округ, Боброво пгт, улица Крымская, 19к1",Транспортом,11100000.0,175079.0,2.0,14.0,18.0,63.4,"Потрясающий вид на лес! Высокий этаж!

Срочная продажа!!!

Продается прекрасная светлая двухкомнатная квартира!

Очень функциональная планировка, красивый дорогой качественный ремонт!

Просторная кухня-гостиная, две спальни, большой коридор, ванная комната, кладовая.

Очень развитая инфраструктура:
детский сад, школа, поликлиника, Видновская районная клиническая больница, фитнес зал, салоны красоты, детские частные сады, много сетевых магазинов.

Транспортная доступность:
Рядом с домом остановка маршрутного автобуса 1202 до метро Бульвар Дмитрия Донского(ходит каждые 10 минут).

Удобный выезд на МКАД, Варшавское и
Симферопольское шоссе.

Один собственник. Быстрый выход на сделку!

Звоните и мы с удовольствием ответим на Ваши вопросы и покажем квартиру!

Полное юридическое сопровождение сделки.",,63.4,11.1,175.1
https://vidnoye.cian.ru/sale/flat/312058271/,https://images.cdn-cian.ru/images/kvartira-bobrovo-lesnaya-ulica-2367809302-4.jpg,,"Московская область, м. Бульвар Дмитрия Донского, Ленинский городской округ, Боброво пгт, улица Лесная, 20",Транспортом,10300000.0,198077.0,2.0,4.0,17.0,52.0,"Квартира в отличном состоянии ,ремонт делали для себя,вся техника новая( стиральная машина,посудомоечная машина телевизор,плита ,духовой шкаф,холодильник ,кондиционер,вытяжка) ,хороших фирм. 
Окна выходят во двор и на лес.
Есть большой балкон.
Из подъезда имеется два выхода ,на разные стороны дома.
Парковка уличная ,а также есть платный паркинг (возможна посуточная парковка). 
Маршрутка ходит до станции метро Бульвар Дмитрия Донского и до МЦД 2- станция Бутово.
В доме есть супермаркет Верный. 
В шаговой доступности новая школа, 2 детских сада,супермаркет, лесопарковая зона с барбекю и множество детских площадок,различные кафе. В подъезде консъерж.",,52.0,10.3,198.1
https://vidnoye.cian.ru/sale/flat/311063318/,https://images.cdn-cian.ru/images/2346418231-4.jpg,ЖК «Государев дом»,"Московская область, м. Бульвар Дмитрия Донского, Ленинский городской округ, Лопатино пгт, бульвар Солнечный, 8",Транспортом,11300000.0,163295.0,2.0,1.0,9.0,69.2,"Номер лота: вт-0422858.
Свободная продажа. Стильная комфортная квартира в ЖК ""Государев дом"" в 6 км от МКАД по Варшавскому шоссе. В квартире выполнен качественный ремонт в светлых тонах из дорогостоящих материалов. Квартира распашонка с просторными комнатами, гардеробной, раздельным санузлом. Квартира укомплектована современной мебелью и необходимой бытовой техникой, которая остается в подарок новым собственникам. Во дворе дома оборудована детская и спортивная площадка. В шаговой доступности школа, детский сад, магазины и другие социальные объекты. ЖК ""Государев дом"" выполнен в едином архитектурном стиле, находится в экологически чистом районе Московской области и граничит с лесопарковой зоной. Удобная транспортная доступность. Содействие в получении специальных условий и преференций по ипотеке.",,69.2,11.3,163.3
https://www.cian.ru/sale/flat/307110301/,https://images.cdn-cian.ru/images/kvartira-moskva-ulica-znamenskie-sadki-2263453542-4.jpg,,"Москва, ЮЗАО, р-н Северное Бутово, м. Бульвар Дмитрия Донского, улица Знаменские Садки, 1К2",Пешком,14700000.0,271218.0,2.0,15.0,17.0,54.2,"Продается 2-комнатная квартира в Москве по адресу: улица Знаменские Садки, 1к2. Общая площадь квартиры - 54,2 кв. м, жилая площадь — 32,5 кв. м, площадь кухни - 9,3 кв. м. Квартира расположена на 15-м этаже 17-этажного дома. Высота потолков составляет 2,64 метра. До метро ""Бульвар Дмитрия Донского"" всего 2 минуты пешком.
Квартира без ремонта, поэтому у вас есть отличная возможность создать интерьер своей мечты с нуля. Просторные комнаты (18 и 14,5 м2) и кухня 9,3 м2 позволят воплотить любые дизайнерские идеи. Окна выходят во двор, поэтому в квартире всегда тихо и спокойно. В квартире есть один балкон и отдельный санузел.
Дом построен в 1991 году из панельных материалов. В подъезде установлены два пассажирских лифта, а также есть мусоропровод. Парковка наземная, поэтому всегда можно найти место для автомобиля.
Дом в хорошем состоянии, регулярно проводятся необходимые ремонтные работы.
Район обжитой и комфортный для жизни.
Рядом находятся школы, детские сады, клиники и магазины, поэтому все необходимое для жизни всегда под рукой.
шанс
Отличная транспортная доступность: рядом с домом находятся остановки общественного транспорта, быстрый выезд на МКАД И Варшавское шоссе.
Продолжить",,54.2,14.7,271.2
https://vidnoye.cian.ru/sale/flat/311419127/,https://images.cdn-cian.ru/images/2354255148-4.jpg,ЖК «Южная Битца»,"Московская область, м. Бульвар Дмитрия Донского, Ленинский городской округ, пос. Битца, Южная Битца ЖК, улица Парковая, 3",Транспортом,14800000.0,253425.0,2.0,9.0,24.0,58.4,"Арт. 89025428 Продаем полноценную двухкомнатную квартиру с дизайнерским ремонтом.
Общая площадь квартиры 58.4 кв. м, из них комнаты 17 и 14 кв. м, кухня-гостиная с эркером 15.2 кв.м.
Квартира очень уютная и красивая, можно заезжать и жить! 
Кухонный гарнитур с посудомоечной машиной, варочной панелью, духовкой остается новому хозяину. Все шкафы-купе, мебель в ванной комнате также остаются в квартире. 
По документам один взрослый собственник, покупал квартиру по договору долевого участия.
Рядом с домом школа, садик, множество магазинов.",,58.4,14.8,253.4
https://www.cian.ru/sale/flat/312100858/,https://images.cdn-cian.ru/images/2368728477-4.jpg,,"Москва, ЮЗАО, р-н Северное Бутово, м. Бульвар Дмитрия Донского, Старобитцевская улица, 17К2",Пешком,15000000.0,256849.0,2.0,12.0,22.0,58.4,"Код объекта: 1351395.
 Продаётся уютная двухкомнатная квартира в Москве по адресу: улица Старобитцевская, дом 17к2. Расположена на 12 этаже 22-этажного панельного дома, построенного в 1992 году. Окна выходят во двор, открывая живописный вид.

Общая площадь квартиры составляет 58,4 кв. м, из которых 34,1 кв. м — жилая площадь, а 10,1 кв. м занимает кухня. Две комнаты площадью 20,1 и 14 кв. м станут идеальным пространством для отдыха и работы. В квартире сделан евроремонт, что позволяет новым владельцам сразу заселиться и наслаждаться комфортом.

Дом оборудован пассажирским и грузовым лифтами, отопление центральное. На этаже расположены квартиры с дружелюбными соседями.

Расположение квартиры идеально как для семей с детьми, так и для тех, кто ценит комфорт и уют. Развитая инфраструктура района позволит вам насладиться всеми преимуществами городской жизни, не отказываясь от спокойствия и тишины.

Мы гарантируем безопасную сделку и юридическую поддержку нашим Клиентам. Поможем одобрить ипотеку с сниженной ставкой. Не упустите свой шанс стать обладателем этой замечательной квартиры!",,58.4,15.0,256.8
https://www.cian.ru/sale/flat/308771834/,https://images.cdn-cian.ru/images/kvartira-moskva-feodosiyskaya-ulica-2300310446-4.jpg,ЖК «Гринада»,"Москва, ЮЗАО, р-н Северное Бутово, м. Бульвар Дмитрия Донского, Феодосийская улица, 7к3",Пешком,15000000.0,250000.0,2.0,1.0,20.0,60.0,"ЖК ""Гранада"". 
Отличная двухкомнатная квартира на 1 этаже с окнами во внутренний двор дома. Дизайнерский ремонт, 2 спальни, гардеробная комната, кухня-гостиная.
Рядом с жилым комплексом парк, храм. До метро можно добраться за 10-15 минут пешком.
Удобная транспортная развязка, рядом остановка общественного транспорта. Во дворе школа, дет/сад, магазины, аптека, кафе.
На территории ЖК имеются охрана и видеонаблюдение.

Документы: 3 взрослых собственника, продается свободной.
Звоните.",,60.0,15.0,250.0
https://www.cian.ru/sale/flat/311484859/,https://images.cdn-cian.ru/images/2355553453-4.jpg,,"Москва, ЮЗАО, р-н Северное Бутово, м. Бульвар Дмитрия Донского, Коктебельская улица, 4К3",Пешком,14950000.0,254252.0,2.0,2.0,17.0,58.8,"Номер лота: вт-0423084.
Продаётся просторная, светлая квартира-распашонка в тихом, зелёном районе Москвы в пешей доступности от метро. Чистый подъезд, хорошие соседи. Ухоженный двор со спортивной площадкой. Всегда есть места для парковки. Прекрасная инфраструктура района: школы, детские сады, библиотека, супермаркеты и банки, Салтыковский пруд - есть всё необходимое для комфортной жизни. 3 взрослых собственника. Свободная продажа. Содействие в получении специальных условий и преференций по ипотеке.",,58.8,14.9,254.3
https://vidnoye.cian.ru/sale/flat/309211746/,https://images.cdn-cian.ru/images/2309537415-4.jpg,ЖК «Бутово парк 2»,"Московская область, м. Бульвар Дмитрия Донского, Ленинский городской округ, Дрожжино пгт, улица Южная, 3к1",Транспортом,15300000.0,283333.0,2.0,24.0,26.0,54.0,"Id 47937. В ЖК Бутово Парк 2 продаётся уютная, чистая и просторная квартира. Квартира делалась под себя!

Инфраструктура очень развитая: всё необходимое для комфортной жизни в шаговой доступности: школа, детские сады, поликлиника, магазины, в том числе сетевые Пятёрочка, Магнит, ВкусВилл, Ароматный мир, Ремит. Пункты выдачи: OZON, Boxberry, CDЭК, Wildberries.

Транспортная доступность: остановка автобуса пешей доступности - 3 минуты. 10 минут до ст Бутово МЦД-2 или 15 минут на автобусе до станции м. Бульвар Дмитрия Донского.

Остались вопросы?  Звоните!",,54.0,15.3,283.3
https://www.cian.ru/sale/flat/310887501/,https://images.cdn-cian.ru/images/2342499918-4.jpg,,"Москва, ЮЗАО, р-н Северное Бутово, м. Бульвар Дмитрия Донского, улица Грина, 13",Пешком,15700000.0,270690.0,2.0,9.0,17.0,58.0,"Северное Бутово. Метро не более 9 минут пешком. Чистый подъезд, два лифта. Комнаты изолированные, санузел раздельный, кухня отдельная, остекленный балкон. Ремонт в хорошем состоянии, можно заехать и сразу жить. Рядом вя инфраструктура- магазины, фитнес, салоны красоты, рестораны и подобное. Парковка свободная во дворе.",,58.0,15.7,270.7
https://www.cian.ru/sale/flat/311413115/,https://images.cdn-cian.ru/images/kvartira-moskva-ulica-polyany-2354134986-4.jpg,ЖК «Эталон-Сити»,"Москва, ЮЗАО, р-н Южное Бутово, м. Бульвар Дмитрия Донского, улица Поляны, 5",Транспортом,16000000.0,293578.0,2.0,31.0,31.0,54.5,"Продается просторная квартира в Москве в современном жилом комплексе Эталон-Сити на улице Поляны, 5. Общая площадь квартиры составляет 54,5 кв. м. по ЕГРН, что включает просторную кухню-гостиную площадью 20 кв. м и жилую площадь 18 кв. м. Квартира расположена на 31 этаже 31-этажного дома, построенного в 2018 году. Прекрасный вид из окна. Адекватные и приветливые соседи. спокойный, тихий контингент. 

Квартира с евроремонтом, выполненным с использованием качественных материалов. Планировка квартиры позволяет рационально использовать пространство, в том числе благодаря совмещенному санузлу и наличию лоджии. Квартира полностью оборудована всем необходимым для комфортного проживания.

Дом оснащен тремя пассажирскими и двумя грузовыми лифтами, поэтому можно не беспокоиться о доступности даже на самом верхнем этаже. Во дворе предусмотрены парковочные места для жильцов. Жилой комплекс ухожен, проведен капитальный ремонт, поэтому состояние дома отличное.

Район отличается развитой инфраструктурой: поблизости находятся школы, детские сады и магазины. До станции метро ""Улица Скобелевская"" можно дойти пешком за 15 минут, что удобно для ежедневных поездок по городу.

Квартира продается по договору купли-продажи, возможна ипотека. Все документы готовы к сделке, квартира без обременений, что ускоряет процесс оформления. 

Приглашаем вас на просмотр! Записывайтесь на удобное время, чтобы оценить все преимущества этой квартиры лично.",,54.5,16.0,293.6
https://vidnoye.cian.ru/sale/flat/309893338/,https://images.cdn-cian.ru/images/2323173306-4.jpg,,"Московская область, м. Бульвар Дмитрия Донского, Ленинский городской округ, Бутово рп, Бутово Парк ЖК, 26",Транспортом,16000000.0,258065.0,2.0,5.0,19.0,62.0,"Id 48387. Двухкомнатная квартира с удачной планировкой.
Дом 2012 года постройки. 
Удобная транспортная доступность. До МЦД Бутово 15-20 минут пешком, до м. Бульвар Дмитрия Донского, Аннино 10 минут автобусом.
Рядом лес, детский сад, школа, поликлиника, ТЦ, магазины, фитнес-центры. 
Один взрослый собственник. Никто не зарегистрирован. Свободная продажа.

Звоните ! Покажем в удобное для Вас время!",,62.0,16.0,258.1
https://vidnoye.cian.ru/sale/flat/303800568/,https://images.cdn-cian.ru/images/2202300764-4.jpg,,"Московская область, м. Бульвар Дмитрия Донского, Ленинский городской округ, д. Суханово, Суханово Парк ЖК, 1",Транспортом,15999999.0,261866.0,2.0,2.0,6.0,61.1,"Арт. 68501505 Продаем просторную 2-к квартиру по адресу ул. Парковая д.1 в жилом комплексе ""Суханово парк"".
Кирпичный дом 2014 года, квартира находится на комфортном 2 этаже, дом 5-этажный, 6 этаж мансардный. 
Немного о самом комплексе: жилой комплекс ""Суханово Парк"" расположен на 47,8 гектарах живописной земли, обрамленной лесом, речушками и большим прудом. Благодаря особому режиму водоохранной и исторической зоны здесь  всего в 4-х километрах от Москвы  сохранился практически не тронутый уголок природы. Подъезд к комплексу осуществляется по Расторгуевскому шоссе от Варшавского и Каширского шоссе. Также имеется местная автомобильная дорога, соединяющая участок с МКАД.

Самое главное:
2 взрослых собственника
чистая продажа
Для вас это безопасная покупка! 

Экспликация площади квартиры:
Жилая комната: 15 кв.м.
Жилая комната: 15 кв.м.
Кухня-гостиная: 14.5 кв.м.
Санузел: 7 кв.м. 

Рядом: Усадьба Суханово, Расторгуевский парк,Екатерининский собор 

Ждем вас на показ! Звоните",,61.1,16.0,261.9
https://www.cian.ru/sale/flat/312186161/,https://images.cdn-cian.ru/images/kvartira-moskva-bulvar-dmitriya-donskogo-2370638850-4.jpg,,"Москва, ЮЗАО, р-н Северное Бутово, м. Бульвар Дмитрия Донского, бульвар Дмитрия Донского, 16",Пешком,16000000.0,276339.0,2.0,7.0,15.0,57.9,"Продается 2-х комнатная квартира!

Находится по адресу: Москва, бульвар Дмитрия Донского дом 16, на 7м этаже/15ти этажного, панельного дома. Общая площадь (без учета лоджии): 57.9 кв. м./кухня: 10.8/жилая: 30.9; Квартира с хорошим ремонтом, в светлых тонах; Укомплектована всем необходимым для жизни; Сантехника и электрика в отличном состоянии и прослужит многие годы; Вся инфраструктура и общественный транспорт в шаговой доступности; Всегда есть где припарковать автомобиль. Один взрослый собственник, свободная продажа, без обременений, в собственности более 10-ти лет. Звоните! Отвечу на ваши вопросы и организую показ.",,57.9,16.0,276.3
https://www.cian.ru/sale/flat/311293534/,https://images.cdn-cian.ru/images/kvartira-moskva-kulikovskaya-ulica-2351275046-4.jpg,,"Москва, ЮЗАО, р-н Северное Бутово, м. Бульвар Дмитрия Донского, Куликовская улица, 9К1",Пешком,16500000.0,317919.0,2.0,8.0,9.0,51.9,"Продается уютная 2-х комнатная квартира с прекрасными видами на Бутовский лесопарк.
     В квартире выполнен качественный капитальный ремонт с заменой эл. проводки и инженерных сетей. Высота потолков 2.64 м.  Функциональная планировка: кухня, две отдельные спальни на разные стороны света, две застекленные лоджии, раздельный санузел, просторный коридор разделён на прихожую зону и холл.
    Район с развитой устоявшейся  инфраструктурой: вокруг множество различных магазинов, кафе и ТЦ (Апельсин, Малина, Вива, Алфавит). Недалеко находится парк с каскадом прудов и два больших леса. До ближайшей станции метро ""Бульвар Дмитрия Донского"" 10-12 мин. пешком. Удобный выезд на МКАД , Варшавское и Симферопольское шоссе, в перспективе соединение района с Юго-Восточной  хордой.  
   Квартира без обременений, подходит под ипотеку.",,51.9,16.5,317.9
https://www.cian.ru/sale/flat/300463202/,https://images.cdn-cian.ru/images/2140672686-4.jpg,ЖК «Эталон-Сити»,"Москва, ЮЗАО, р-н Южное Бутово, м. Бульвар Дмитрия Донского, улица Поляны, 5",Транспортом,16800000.0,231087.0,2.0,26.0,31.0,72.7,"Id 42829. Продаётся просторная 2х комнатная квартира в жилом комплексе ""Эталон-Сити"".
Квартира в бетоне, поэтому это идеальный вариант для воплощения своих дизайнерских идей!

О комплексе:
""Эталон Сити"" - современный и уютный жилой комплекс, расположенный в сердце ""Бутово"". Рядом с ним находится прекрасный лесопарк, а также в шаговой доступности школы, салоны красоты, фитнес клуб, магазины, кафе и рестораны. Территория ограждена и охраняется. Есть подземный паркинг. Это оптимальное место для комфортной и стильной жизни.

Ситуация по квартире:
Один взрослый собственник, свободная продажа.

Транспортная доступность:
В пешей доступности (2 минуты) находится остановка общественного транспорта.
До метро Бульвар Дмитрия Донского 9 минут на автобусе.
До метро Улица Скобелевская 8 минут на автобусе.
До МЦД Бутово 12 минут на автобусе.
До МКАДа 4км на машине.

Оперативный показ.
Остались вопросы? - звоните!",,72.7,16.8,231.1
https://www.cian.ru/sale/flat/311489724/,https://images.cdn-cian.ru/images/2355648189-4.jpg,,"Москва, ЮЗАО, р-н Северное Бутово, м. Бульвар Дмитрия Донского, улица Грина, 1К6",Пешком,17000000.0,283333.0,2.0,7.0,17.0,60.0,"Лот  72934 Продается 2-х комнатная квартира с хорошим качественным ремонтом, делали для себя.
Полностью новый санузел, дорогая сантехника. Чугунная ванна и инсталляция Roca, смесители wasserkraft, grohe. Столешница из искусственного камня.
Балконные двери панорамные, двухкамерные стеклопакеты. Балкон отапливается электрическим теплым полом. На кухне вертикальная батарея.
Новым собственникам оставим в подарок новый кухонный гарнитур со встроенной плитой и вытяжкой ariston.
Комнаты изолированы, распашонка. В спальне и гостиной инженерная доска. Также есть вместительная кладовка с выведенными розетками для зарядки бытовой техники. 
Въезд во двор через шлагбаум. Есть система видеонаблюдения.
Двор после масштабной московской реновации 2024 года, новые общественные зоны, беседки, новые детские площадки. Около подъезда уличный тренажерный зал, спортивная и work out площадка, настольный теннис. За домом детский сад, с доступными по прописке местами. Построили культурно-досуговый центр для детей и взрослых. Большая парковка, всегда есть свободные места. В шаговой доступности парк и площадка для собак. 
Полная стоимость в договоре. Свободная продажа. Звоните, с удовольствием покажем нашу квартиру.",,60.0,17.0,283.3
https://www.cian.ru/sale/flat/311306158/,https://images.cdn-cian.ru/images/kvartira-moskva-ulica-polyany-2351563799-4.jpg,ЖК «Эталон-Сити»,"Москва, ЮЗАО, р-н Южное Бутово, м. Бульвар Дмитрия Донского, улица Поляны, 5",Транспортом,17900000.0,337736.0,2.0,31.0,31.0,53.0,"ЕВРО 2-я квартира, просторная кухня гостиная и отдельно спальня.

Квартира в залоге банк ВТБ, прописанных нет свободная продажа.

 ""Эталон-Сити"" ЖК бизнес-класса, в квартире сделан ДИЗАЙНЕРСКИЙ ремонт, вся мебель и техника в идеальном состоянии европейских брендов. 

В пешей доступности находятся: магазины, аптеки, салоны красоты, спортивный комплекс, школы, детские площадки и сады.
Территория ограждена и охраняется. Есть подземный паркинг.
Мебель и техника включена в стоимость! Мебель новая и никто не проживал с момента ввода дома в эксплуатацию.

До метро Улица Скобелевская 13 минут пешком или 12 на автобусе.
До метро Бульвар Дмитрия Донского 26 минут пешком или 15 на автобусе.

Один взрослый собственник, свободная продажа.

Документы готовы к сделке, оперативный показ квартиры.",,53.0,17.9,337.7
https://www.cian.ru/sale/flat/310404826/,https://images.cdn-cian.ru/images/2332865131-4.jpg,,"Москва, ЮЗАО, р-н Северное Бутово, м. Бульвар Дмитрия Донского, Старобитцевская улица, 23К4",Пешком,17990000.0,345298.0,2.0,14.0,14.0,52.1,"Арт. 83947332 Если вы ищете квартиру для комфортной жизни в удовольствие, знайте - это она!

На эксклюзивной продаже представлена прекрасная светлая квартира с дизайнерским ремонтом. 

С нами вы имеете возможность приобрести эту квартиру в ипотеку со ставкой от 14,75%!

Дом расположен в экологически чистом районе ЮЗАО. 1 собственник, после ремонта никто не жил, все новое. Понятные и прозрачные документы. 

Станция метро ""Бульвар Дмитрия Донского"" в 12-ти минутах ходьбы от дома через живописный Бутовский парк. 
Спальный район обладает всей необходимой инфраструктурой для комфортной жизни:
- магазин ""Пятерочка""
- пункты выдачи заказов ""Озон"" и ""Вайлдберис""
- во дворе дома детский сад, а в пешей доступности несколько школ
- в самом доме находится частная школа и библиотека
- новая большая детская игровая площадка, которую видно из окна
- удобные выезды на МКАД

Идеальная планировка для двухкомнатной квартиры:
- Окна кухни и гостиной выходят на восток во двор. Весь двор на ладони. Если у вас есть дети, вы всегда увидите их в окно в любой точке двора. 
- Окна спальни выходят на запад, обеспечивая вас восхитительными закатами с видом на лес.

Последний жилой этаж обеспечивает максимальную удаленность от дорог и столь редкий в Москве простор для взгляда, когда смотришь в окно и не видишь окна соседних домов. У вас будет много света, больше тишины и меньше пыли, чем у остальных жильцов дома. 

Дизайн-проектом предусмотрено 2 варианта использования гостиной. При необходимости ее можно переоборудовать в детскую для 2 детей, либо оставить гостиной. 

В спальне:
- шикарная кровать
- макияжная зона с подсветкой 
- вместительный шкаф
- декоративный прикроватный свет и свет для чтения 
 - также установлена приточная вентиляция с подогревом и фильтром HEPA H-13, обеспечивающая прекрасный микроклимат и эффективный сон без необходимости открывать окна и слушать звуки улицы

Кухня полностью оборудована:
- духовой шкаф
- индукционная варочная панель
- вытяжка
- посудомоечная машина
- система фильтрации для чистой воды
- вместительная мойка с управляемым смесителем 
- холодильник
- раздвижной круглый стол
 4 человека с комфортом могут за ним сидеть даже в сложенном состоянии. 

Ремонт сделан профессионалами для понимающих: продуманная электрика, 60 розеток, щит на автоматах ABB, коллекторная разводка сантехники из сшитого полиэтилена Rehau, установлена защита от протечек, инверторные кондиционеры, заменены радиаторы. На стенах покраска в комнатах, широкоформатный керамогранит в санузлах и изящная износостойкая декоративная штукатурка в остальных помещениях. 
В квартире два балкона на разные стороны света! 
Балкон спальни утеплен и шумоизолирован, заменено остекление на теплое, организовано полноценное рабочее место с проводным интернетом. Предусмотрен мощный электрический конвектор. На полу паркетная доска. Балкон кухни не утеплен, предполагается, что на нем будет место для хранения и хозяйственного использования.


Успейте записаться на просмотр!",,52.1,18.0,345.3
https://www.cian.ru/sale/flat/299699821/,https://images.cdn-cian.ru/images/2125240500-4.jpg,ЖК «Эталон-Сити»,"Москва, ЮЗАО, р-н Южное Бутово, м. Бульвар Дмитрия Донского, улица Поляны, 5",Транспортом,18900000.0,295313.0,2.0,15.0,31.0,64.0,"Id 37466. Продаётся просторная евро-3х комнатная квартира в жилом комплексе ""Эталон-Сити"".

О комплексе:
""Эталон Сити"" - современный и уютный жилой комплекс, расположенный в сердце ""Бутово"". Рядом с ним находится прекрасный лесопарк, а также в шаговой доступности школы, салоны красоты, фитнес клуб, магазины, кафе и рестораны. Территория ограждена и охраняется. Есть подземный паркинг. Это оптимальное место для комфортной и стильной жизни.

Транспортная доступность:
В пешей доступности (2 минуты) находится остановка общественного транспорта.
До метро Бульвар Дмитрия Донского 9 минут на автобусе.
До метро Улица Скобелевская 8 минут на автобусе.
До МЦД Бутово 12 минут на автобусе.
До МКАДа 4км на машине.

Оперативный показ.
Остались вопросы? - звоните!",,64.0,18.9,295.3
https://vidnoye.cian.ru/sale/flat/311740298/,https://images.cdn-cian.ru/images/2360990145-4.jpg,ЖК «Южная Битца»,"Московская область, м. Бульвар Дмитрия Донского, Ленинский городской округ, пос. Битца, Южная Битца ЖК, улица Парковая, 3",Транспортом,19500000.0,270833.0,2.0,2.0,5.0,72.0,"Номер лота: вт-0423231.
Светлая уютная 2-комнатная квартира с качественным ремонтом в стиле ""прованс-кантри"" в ЖК бизнес-класса ""Суханово-парк"". Кухня-гостиная  30 кв.м., спальня 16 кв.м., удобная нардеробная, хозяйственное помещение. Содействие в получении специальных условий и преференций по ипотеке.",,72.0,19.5,270.8
https://www.cian.ru/sale/flat/310288723/,https://images.cdn-cian.ru/images/2330329199-4.jpg,,"Москва, ЮЗАО, р-н Северное Бутово, м. Бульвар Дмитрия Донского, улица Грина, 18К1",Пешком,19500000.0,300462.0,2.0,10.0,17.0,64.9,"Id 48637. Продается двухкомнатная квартира в пешей доступности от метро! 

Один собственник, без обременений, материнский капитал не использовался, никто не прописан, в собственности более 10 лет!

В квартире выполнен качественный ремонт от собственника! Вся мебель и техника остается новому собственнику! 

Общая площадь с учетом лоджии составляет 69,4 кв.м.

В шаговой доступности: школа, детский сад, поликлиника, необходимые магазины.
до м. Бульвар Дмитрия донского 5 минут пешком!

Оперативный показ, дополнительные вопросы по телефону!
Быстрый выход на сделку!",,64.9,19.5,300.5
https://www.cian.ru/sale/flat/311051117/,https://images.cdn-cian.ru/images/kvartira-moskva-feodosiyskaya-ulica-2346470113-4.jpg,ЖК «Гринада»,"Москва, ЮЗАО, р-н Северное Бутово, м. Бульвар Дмитрия Донского, Феодосийская улица, 7к5",Пешком,19990000.0,351318.0,2.0,3.0,11.0,56.9,"Светлая, уютная квартира в одном из лучших ЖК класса комфорт в Москве! Площадь 56,9 кв.м. (без учета лоджии), утепленная лоджия 3,6 кв.м. Просторная кухня-гостиная 16,6 кв.м. с гарнитуром и встроенной техникой высокого качества. Две уютные спальни 12,3 и 12,2 кв.м. Потолки 2,82. Два санузла, вместительная прихожая. Ремонт свежий и качественный, ничего доделывать не требуется (только на свой вкус). 
     ЖК Гринада - . современный, очень комфортный для жизни комплекс комфорт - класса с собственной инфраструктурой. Уникальное расположение: ЖК находится на окраине леса, при этом всего в 10 минутах пешком от метро и других преимуществ комфортной городской жизни. В самом комплексе тоже множество всего необходимого: продуктовые магазины, салоны красоты, маленькая уютная кофейня и большое семейное кафе, детские развивающие клубы, химчистка, Ozon, Wildberries, Яндекс, В каждом подъезде имеются помещение для велосипедов и помещение для детских колясок. Огромная парковка, место можно найти всегда! Дворы без машин, в каждом дворе своя детская площадка (их 4 и все разные), спортивная площадка и полный набор тренажеров. В ближайшее время начнется строительство новой школы (хотя вполне достаточно уже действующих рядом). 
       А еще в Гринаде живут очень доброжелательные и общительные соседи!
       Звоните, покажем в удобное для Вас время!",,56.9,20.0,351.3
https://vidnoye.cian.ru/sale/flat/294270218/,https://images.cdn-cian.ru/images/kvartira-suhanovo-park-2012684883-4.jpg,,"Московская область, м. Бульвар Дмитрия Донского, Ленинский городской округ, д. Суханово, Суханово Парк ЖК, 1",Транспортом,20000000.0,250000.0,2.0,3.0,6.0,80.0,"РОМАН. Продается отличная квартира с дизайнерским евроремонтом и мебелью в монолитно-кирпичном доме 2014 года постройки в жилом комплексе премиум класса Суханово Парк, премия Лучший жилой комплекс 2012 года. Свежий ремонт с использованием только дорогих, качественных материалов. Отличная планировка квартиры: гостиная с панорамным остеклением 30 м2, спальня 15 м2, просторная кухня 14 м2, большой санузел 8 кв.м., оборудованная гардеробная комната 6 м2, высокие потолки- 3,20м. Квартира укомплектована современной мебелью и бытовой техникой. Красивый ухоженный подъезд, лифт, колясочная. Благоустроенный зеленый двор, огороженная и охраняемая территория двора (въезд и вход по приглашениям). Жилой комплекс Суханово Парк возведен в Ленинском районе Московской области, в 5 километрах от столицы. Площадь участка составляет почти 48 гектаров. Выполнено устройство дорожек для прогулок, газонов, фонтанов, отрытой автостоянки и установка спортивных и детских игровых площадок. Красивая и ухоженная территория, здания расположены в окружении многолетнего соснового леса, в непосредственной близости протекает река, на огороженной и охраняемой территории имеется собственное озеро с благоустроенной пляжной зоной отдыха. В жилом комплексе имеется обширная сеть объектов социально-коммерческого предназначения: детский сад, балетная школа, многофункциональный торговый комплекс, автомойка, медицинский центр, СПА-центр, русская баня, зоогостиница, церковь, школа верховой езды, летний театр и кафе. Удобная транспортная доступность - до метро Бульвар Дмитрия Донского 15 минут на выделенных маршрутках 1224к и до МЦД Бутово автобус 379 с заездом в жилой комплекс. Возможен подъезд по двум шоссе: Варшавскому и Каширскому. Квартира готова к продаже. Свободная продажа. Собственность более 9 лет. Право собственности: ДДУ, год вступления: 2014. Один взрослый собственник. Звоните в любой момент - покажем оперативно. Смотрите Фото.",,80.0,20.0,250.0
https://www.cian.ru/sale/flat/303762528/,https://images.cdn-cian.ru/images/2201401379-4.jpg,ЖК «Эталон-Сити»,"Москва, ЮЗАО, р-н Южное Бутово, м. Бульвар Дмитрия Донского, улица Поляны, 5",Транспортом,21000000.0,345395.0,2.0,16.0,31.0,60.8,"Арт. 68489248 Подходит под ипотеку от 11.75%
Продается светлая и большая двухкомнатная квартира с отличным ремонтом!
------------------------------------------------- -----
- Параметры сделки:
Сопровождение сделки на всех этапах
1 взрослый собственник, без обременений
Подходит под ипотеку
Можно использовать материнский капитал в счет первоначального взноса.
Быстрый выход на сделку.
------------------------------------------------- -----
Описание:
-Продaётся простoрная двухкомнaтная квaртиpa c дизайнерским peмoнтoм в жилoм кoмплексе ""Эталон-Сити"".
-Ремонт из высококачественных материалов. Делался для себя!
-Окна выходят во двор! Открывается прекрасный вид на экопарк!
-В квартире никто не проживал!
-Район со сложившейся инфраструктурой: школы и детские сады в шаговой доступности, торговые центры!
-Экологически чистый район. В окружении лесов и парков (Бутовский лесопарк, экопарк Северное Бутово, парк Битца, парк Южное Бутово)!
-Есть возможность приобретения автомобильной парковки в подземном паркинге за дополнительную стоимость.
------------------------------------------------- -----
Транспортная доступность:
-В пешей доступности (2 минуты) находится остановка общественного транспорта.
-До метро Бульвар Дмитрия Донского и м Старокачаловская 9 минут на автобусе или 25 минут прогулочным шагом через лесопарк.
До метро Улица Скобелевская 8 минут на автобусе или 15 минут прогулочным шагом.
До МЦД Бутово 12 минут на автобусе.
До МКАДа 4км на машине.
------------------------------------------------- -----
- Параметры квартиры:
Жилая площадь - 30 м
Кухня - 12 м
Быстрый выход на сделку!
БОНУС ОТ САМОЛЕТ ПЛЮС: Чистота сделки, помощь с одобрением ипотеки под 10.5%, бесплатная смета по дизайнерскому ремонту, можем включить ремонт в тело ипотеки.
Гарантия юридической чистоты сделки от компании.
Звоните. Записывайтесь на показ объекта прямо сейчас.
Рады будем ответить на все ваши вопросы с 9:00 до 21:00.",,60.8,21.0,345.4
https://www.cian.ru/sale/flat/299544167/,https://images.cdn-cian.ru/images/2317450427-4.jpg,ЖК «Гринада»,"Москва, ЮЗАО, р-н Северное Бутово, м. Бульвар Дмитрия Донского, Феодосийская улица, 7к3",Пешком,21500000.0,358333.0,2.0,5.0,12.0,60.0,"Код объекта: 1034633.
 Срочно. Быстрый выход на сделку.

ЖК ""Гринада"" граничит с лесопарковой полосой, присуща некая камерность, создающая эффект проживания загородом.

Стильный, дорогой ремонт.
Квартира 60м2 формат 3Е (евро-трех комнатная):
-18 м2 просторная кухня-гостиная с панорамными окнами в пол, здесь же предусмотрен кабинет; 
-12.3 м2 детская комната;
-19 м2 мастер спальная  с гардеробной  и ванной комнатой;
-две ванных комнаты в квартире;
-гардеробная при входе добавляет эргономичность;
-система вентиляции и кондиционирования;
 

ИНФРАСТРУКТУРА РЕШАЕТ ВСЕ НЕОБХОДИМЫЕ ДЛЯ ЖИЗНИ И РАБОТЫ ЗАДАЧИ :
-спортивные центры
-торговые центры
-детские сады
-образовательные школы
-магазины, поликлиники, салоны красоты, фитнес-центры, медицинский центр и т.д.
-две станции метро: Старокачаловская -пешком 12 минут, Бульвар Дмитрия Донского - пешком 14 минут, и станция МЦД2 Бутово- 25 минут. 

БЛАГОУСТРОЙСТВО ТЕРРИТОРИИ :
-территория двора озеленена
-внутреннее декоративное освещение
-подходит для перемещения маломобильной категории граждан, детских колясок
-спортивные площадки
-детская площадка
-тихая зона

БЕЗОПАСНОСТЬ:
-территория комплекса находится под охраной ЧОП
-круглосуточное видеонаблюдение 
-парковка на территории ЖК

Свободная продажа.
Полная цена в договоре.",,60.0,21.5,358.3
https://www.cian.ru/sale/flat/302294341/,https://images.cdn-cian.ru/images/2190065114-4.jpg,,"Москва, ЮЗАО, р-н Северное Бутово, м. Бульвар Дмитрия Донского, Старокачаловская улица, 4",Пешком,24900000.0,254601.0,2.0,7.0,21.0,97.8,"Номер лота: вт-0417337.
Монолит , жилищный комплекс по цене панельного дома. самое выгодное предложение, конструкция квартиры позволяет выполнить переоборудование на евро трех комнатную квартиру( гостиную кухню и 2 изолированные комнаты, 2 санузла и гардероб. Запишитесь на смотр либо пообщайтесь с риэлтором заранее до осмотра по поводу переоборудования и возможностей данного объекта. Состояние квартиры жилое, все что на фото останется покупателю. На территории комплекса расположено множество маркетплейсов, аптеки, магазины, терские и оздоровительные центры,  школа синяя птица расположена на территории комплекса . Имеются парковки и паркинги, охрана , огороженная территория. Свободная продажа. В данный момент 1 комната проходная ( можно изолировать) , 1 изолированная. 1 санузел и зозблок( можно вернуть и сделать 2 санузлом), большой 2 холл - есть зона где можно организовать гардероб. Вход в кухню можно сделать со стороны коридора и изолировать гостиную. В квартире не плохая база - натуральный паркет и деревянные окна со стеклопакетами( возможна покраска людей расцветки) . В доме консьерж и приличные соседи. Содействие в получении специальных условий и преференций по ипотеке.",,97.8,24.9,254.6
https://www.cian.ru/sale/flat/312170418/,https://images.cdn-cian.ru/images/2370304584-4.jpg,ЖК «Лесопарковый»,"Москва, ЮАО, р-н Чертаново Южное, м. Бульвар Дмитрия Донского, Варшавское шоссе, 168",Транспортом,25500000.0,446585.0,2.0,17.0,22.0,57.1,"Номер в базе: 600831. Эксклюзивное предложение в ЖК бизнесс-класса Лесопарковый. Продаётся квартира-распашонка с панорамным видом на Битцевскую лесопарковую зону. Функциональная планировка: 1 спальня с гардеробной и рабочей зоной, кухня-гостиная с французскими окнами и санузел с постирочной зоной. 1 взрослый собственник. Без обременений и долгов. Свободная продажа с выпиской до сделки. В квартире выполнен свежий капитальный ремонт по индивидуальному дизайн проекту, с использованием качественных строительных и отделочных материалов. Оперативный просмотр. Быстрый выход на сделку Полная стоимость в договоре.
Код пользователя: 57580",,57.1,25.5,446.6
https://www.cian.ru/sale/flat/311222269/,https://images.cdn-cian.ru/images/2356313345-4.jpg,ЖК «Эталон-Сити»,"Москва, ЮЗАО, р-н Южное Бутово, м. Бульвар Дмитрия Донского, улица Поляны, 5",Транспортом,29800000.0,398929.0,2.0,24.0,33.0,74.7,"Id 50803716. Продаётся просторная 2х комнатная квартира 70,7+4 (лоджия), кухня 12,5, комната 23,7, спальня 16,5  с МЕБЕЛЬЮ И ТЕХНИКОЙ в жилом комплексе ""Эталон-Сити"".
Выполнен ДИЗАЙНЕРСКИЙ РЕМОНТ из дорогих высококачественных материалов.  Керамогранит и плитка итальянского бренда casalgrande padana,
двери волховец, гардеробная elfa, сантехника villeroy boch, установлены датчики протечки воды, подоконники, столешница, фартук натуральный мрамор бьянка карара, полы инженерная доска под маслом выкрас под заказ, кондиционеры Daikin, кухня МАРИЯ, фасады из шпона, бытовая техника neff, холодильник liebherr no frost, стиральная машинка с сушкой 2 в 1 LG, диван SK дизайн. 
""Эталон Сити"" - современный и уютный жилой комплекс, расположенный в сердце ""Бутово"". Рядом с ним находится прекрасный лесопарк, а также в шаговой доступности школы, салоны красоты, фитнес клуб, магазины, кафе и рестораны. Территория ограждена и охраняется. Есть подземный паркинг (можем сдать в аренду). Это оптимальное место для комфортной и стильной жизни. 
15 минут пешком до станции метро Улица Скобелевская, 20  минут пешком до станции метро Бульвар Дмитрия Донского
и улица Старокачаловская.
СВОБОДНАЯ ПРОДАЖА. 1 собственник. Вся стоимость в ДКП.",,74.7,29.8,398.9
https://www.cian.ru/sale/flat/311940785/,https://images.cdn-cian.ru/images/2365220652-4.jpg,ЖК «Кутузовские берёзы»,"Москва, ТАО (Троицкий), м. Бульвар Дмитрия Донского, пос. Рогово, улица Березки, 8к2",Транспортом,5990000.0,106964.0,2.0,2.0,4.0,56.0,"Номер в базе: 1896525. ПРОДАЕТСЯ 2-Х КОМНАТНАЯ КВАРТРА 56 М2 В ПОСЕЛКЕ РОГОВО, МОСКОВСКАЯ ПРОПИСКА! ДОСТУПНА ИПОТЕКА ПО СТАВКЕ 11,99%, БЕСПЛАТНОЕ ОДОБРЕНИЕ В 25+ БАНКАХ!

ЛОКАЦИЯ
- Квартира расположена в ухоженном комплексе с чистой придомовой территорией. Вокруг высажены еловые деревья, создающие атмосферу уюта и спокойствия. 
- На территории есть все для комфортной жизни: современные детские площадки, беседки с зоной для барбекю, спортивные площадки и отдельная зона для выгула домашних животных. 
- Для любителей активного отдыха в шаговой доступности  живописный водоем для купания и рыбалки, а также лес с лыжной тропой для зимних прогулок. 
- Удобный заезд на территорию и большая парковочная зона рядом с подъездом обеспечат вам комфорт и безопасность.

КВАРТИРА
- 2-й этаж, на площадке 3 квартиры
- Без отделки, что позволяет вам реализовать свои дизайнерские идеи и создать пространство мечты. Можно сделать евро 3-х комнатную квартиру с большой кухней.
- Возможно сделать предчистовой (whitebox) или чистовой ремонт (20-30 тыс. руб. за 1 м2 в зависимости от стоимости выбранных материалов).

ИНФРАСТРУКТУРА В ШАГОВОЙ ДОСТУПНОСТИ:
- Школа и детский сад
- Сетевые магазины: Дикси, Магнит
- Роговская амбулатория, аптека 
- Пункты выдачи: Ozon, Яндекс Маркет
- Чистый природный источник питьевой воды Спас-Купля - 2,5 км.

 ТРАНСПОРТНАЯ ДОСТУПНОСТЬ:
- МКАД - 66 км.
- Автобусная остановка Рогово  - 840 метров (ходят автобусы 303 до метро Ольховая, Теплый стан, 1050 до МЦД Подольск, 1004 до метро Бульвар Дмитрия Донского \ метро Улица Старокачаловская)

ДОКУМЕНТЫ:
- Более 5 лет в собственности 
- Подходит под ипотеку

ДОПОЛНИТЕЛЬНО: 
- Доступна ипотека по ставке 11,99%!
- Бесплатное одобрение ипотеки, подача заявок в 25+ банков
- Предоставим преференции до 0,6% от ставок в банках 
- Юридическое сопровождение и финансовая гарантия до 25 млн. руб.

 Звоните, сделаю расчет по ипотеке, отвечу на вопросы, организую показ
Код пользователя: 125270",,56.0,6.0,107.0
https://vidnoye.cian.ru/sale/flat/305886782/,,ЖК «Булатниково»,"Московская область, м. Бульвар Дмитрия Донского, Ленинский городской округ, д. Жабкино, Булатниково мкр, 12",Транспортом,6000000.0,146341.0,2.0,2.0,4.0,41.0,"Продается двухкомнатная квартира 41 м2.
Свободная продажа от собственника,быстрый выход на сделку.
Так же в продаже кладовка в этом же подъезде 5,1 м2.Цена оговаривается отдельно.",,41.0,6.0,146.3
https://vidnoye.cian.ru/sale/flat/311638097/,https://images.cdn-cian.ru/images/kvartira-bulatnikovo-2358932958-4.jpg,ЖК «Булатниково»,"Московская область, м. Бульвар Дмитрия Донского, Ленинский городской округ, д. Жабкино, Булатниково мкр, 4",Транспортом,6350000.0,132292.0,2.0,2.0,4.0,48.0,"Продается уютная двухкомнатная квартира в новом доме в микрорайоне Булатниково, Ленинский городской округ, Московская область. Свободная продажа, никто не прописан. Общая площадь квартиры составляет 48 кв. м, расположена на 2 этаже 4-этажного дома, построенного в 2023 году. Прекрасный вариант для тех, кто ищет современное жилье вдали от городской суеты.

Квартира без отделки, что дает вам возможность воплотить свои дизайнерские идеи и создать пространство своей мечты. Кухня площадью 9,8 кв. м позволит комфортно разместить всю необходимую мебель и технику. Из окон открывается вид на тихий двор, а наличие балкона станет приятным бонусом для любителей свежего воздуха. В квартире есть один отдельный санузел.

Дом оснащен грузовым лифтом и наземной парковкой, поэтому можно легко организовать переезд и парковку автомобиля. Новостройка гарантирует современные коммуникации и свежий внешний вид здания.

Рядом с домом находятся все необходимые объекты инфраструктуры: детские сады, школы, магазины и медицинские учреждения. До станции метро ""Битца"" можно дойти пешком за 24 минуты, что делает поездки в город удобными и быстрыми.

Условия сделки прозрачны и просты: продажа по договору купли-продажи, без обременений. Ипотека возможна, что позволяет сделать покупку доступной для вас.

Записывайтесь на просмотр, чтобы оценить все преимущества этой квартиры и представить, как она станет вашим новым домом. Мы будем рады ответить на все ваши вопросы и помочь с оформлением сделки.",,48.0,6.3,132.3
https://vidnoye.cian.ru/sale/flat/298556548/,https://images.cdn-cian.ru/images/kvartira-bulatnikovo-2101093434-4.jpg,ЖК «Булатниково»,"Московская область, м. Бульвар Дмитрия Донского, Ленинский городской округ, д. Жабкино, Булатниково мкр, 13",Транспортом,6700000.0,157277.0,2.0,4.0,4.0,42.6,"Продается двухкомнатная квартира с чистовой отделкой (white box). Дом сдан в 2023 г. В квартире никто не жил. Вся инфраструктура в шаговой доступности. Комплекс состоит из малоэтажных корпусов, рядом лес, рыбалка и зона отдыха. На территории комплекса всегда есть где припарковаться. А также на территории комплекса несколько детских и спортивных площадок. В квартире сделан ремонт от застройщика, можно заехать и жить. В квартире большая кухня-гостиная 19м2 с выходом на лоджию и отдельная большая спальня 14 кв2.

Основные характеристики:
Этаж 4 из 4
Количество комнат 2
Общая площадь 42,6 м2
Жилая площадь 32 м2
Площадь кухни 5,5 м2
Высота потолков 2,7 м
Лоджия 1
Санузел совместный
Ремонт white box

Транспортная доступность
Станция МЦД Битца в пешей доступности. Из пос. Измайлово на автобусе до метро Улица академика Янгеля. Удобный выезд на Троицкую улицу и МКАД. 

Документы: один взрослый собственник, перепланировок нет, прописанных нет, без обременений, свободная продажа, полная стоимость в ДКП, подходит под ипотеку.
Агентам просьба не беспокоить.",,42.6,6.7,157.3
https://vidnoye.cian.ru/sale/flat/299585219/,https://images.cdn-cian.ru/images/novostroyka-bulatnikovo-2122662975-4.jpg,ЖК «Булатниково»,"Московская область, м. Бульвар Дмитрия Донского, Ленинский городской округ, д. Жабкино, Булатниково мкр, 3",Транспортом,7299000.0,150775.0,2.0,4.0,4.0,48.41,"Двухкомнатная квартира в малоэтажном уютном жилом комплексе всего в 2 км от МКАД(Московская область). Квартира находится на 4 этаже монолитного дома. Расположен в окружении дачных участков. Плюсы загородной жизни при всех удобствах цивилизации (электричество, газ, водопровод, высокоскоростной интернет). В пешей доступности ж/д станция Булатниково (1,5 км), пруд с рыбалкой, зоопарк, живописные места! В доме есть грузопассажирский лифт, колясочная, пандусы. В квартире комнаты изолированные, санузел раздельный, есть остекленный балкон. Во дворе детская и спортивная площадки. 
Прекрасный вариант для тех, кто устал жить в ""человейниках"" и при этом желает иметь возможность быстро добраться до Москвы. Удобное транспортное сообщение позволяет быстро добраться до основных магистралей. Много свободных мест для парковки.
Без торга.",,48.4,7.3,150.8
https://podolsk.cian.ru/sale/flat/307920542/,https://images.cdn-cian.ru/images/kvartira-fedyukovo-novaya-ulica-2283002692-4.jpg,,"Московская область, м. Бульвар Дмитрия Донского, Подольск городской округ, д. Федюково, улица Новая, 4",Транспортом,7300000.0,151767.0,2.0,1.0,5.0,48.1,"Продается уютная 2-комнатная квартира в деревне Федюково, расположена на первом этаже пятиэтажного дома. До станции метро ""Бульвар Дмитрия Донского"" можно доехать на автомобиле за 16 минут. Рядом с домом находятся школа, детский сад и магазины.
Квартира с хорошим ремонтом, на окнах металлические решетки, в туалете и ванной комнате полы с подогревом, балкон 6 метров, кондиционер.
Прямая продажа от собственника.",,48.1,7.3,151.8
https://vidnoye.cian.ru/sale/flat/302362659/,https://images.cdn-cian.ru/images/kvartira-vidnoe-galiny-vishnevskoy-ulica-2175186201-4.jpg,ЖК «Видный город»,"Московская область, Видное, м. Бульвар Дмитрия Донского, улица Галины Вишневской, 8к1",Транспортом,7400000.0,136029.0,2.0,7.0,8.0,54.4,"Продаётся двухуровневая квартира в монолитно-кирпичном доме комфорт-класса, квартира расположена на 2х этажах на 7 и 8.Общая высота квартиры 5,77 метров, высота каждого этажа 2,7 метров, вы сможете воплотить любые дизайнерские решения! Двор без машин!
Преимущества перед другими подобными квартирами: 
		квартира имеет два балкона (одна лоджия 3,1 метра, второй балкон маленький, вообще по задумке для кондиционера, но многие используют как балкон.
		Лоджия 3,1 метра застекленная! Это огромное преимущество, так как если при постройке лоджия не застеклена, то в этом ЖК по правилам вы ее не имеете права застеклить, так как это испортит вид дома.
		ФРАНЦУЗСКИЕ ОКНА (высокое окно от пола)
		Дом комфорт-класса
              Уже установлены новые двери на двух этажах (железные двери torex)
		Теплая квартира (не угловая)
Возможно сделать евро трёшку с лестницей с общей площадью 54,4 кв м.      
ЧИСТЕЙШИЕ ДОКУМЕНТЫ!ДДУ без мат капиталов и прочего!никто не прописан!Свободная продажа, документы на руках, один взрослый собственник, без обременений, быстрый выход на сделку, полная стоимость в договоре
Объект актуален, просмотр доступен
Если не удалось дозвонится пишите в сообщения на циан",,54.4,7.4,136.0
https://vidnoye.cian.ru/sale/flat/302751639/,https://images.cdn-cian.ru/images/2182041506-4.jpg,ЖК «Государев дом»,"Московская область, м. Бульвар Дмитрия Донского, Ленинский городской округ, Лопатино пгт, улица Сухановская, 30",Транспортом,7400000.0,140152.0,2.0,5.0,9.0,52.8,"Id 22678. Продаётся двухкомнатная квартира в свободной планировке.
1 взрослый собственник, квартира без обременений.
В районе развитая инфраструктура. В пешей доступности школа, детский сад , сетевые магазины, рестораны, фитнес-центры и т.д.
Немаловажно отметить удобное транспортное сообщение (выезд на Каширское, Варшавское и Симферопольское шоссе). 
До метро Бульвар Дмитрия Донского 15 минут на общественном транспорте, до метро Аннино - 20 минут.
Свободная продажа, быстрый выход на сделку.",,52.8,7.4,140.2
https://vidnoye.cian.ru/sale/flat/310884915/,https://images.cdn-cian.ru/images/2342456104-4.jpg,ЖК «Булатниково»,"Московская область, м. Бульвар Дмитрия Донского, Ленинский городской округ, д. Жабкино, Булатниково мкр, 13",Транспортом,7399999.0,139623.0,2.0,2.0,4.0,53.0,"Код объекта: 1332623.
 КЛАДОВАЯ НА МИНУС ПЕРВОМ ЭТАЖЕ В ПОДАРОК!!! Продается уютная и светлая 2-х комнатная квартира 52,8 кв.м. на 2 этаже 4 этажного дома. Отличная планировка, просторные комнаты, одна из комнат имеет выход на большой застекленный балкон, удобная кухня-гостиная , санузел раздельный. Квартира с ремонтом от застройщика, установлены качественные стеклопакеты Rehau. Малоэтажный монолитный дом индивидуальной постройки, в доме автономное общедомовое газовое отопление. Дом расположен в экологически чистом микрорайоне Булатниково города Видное, в близи лесной зоны. Дом заселен, собственность оформлена, ключи на руках. Дополнительно есть кладовое помещение - в стоимость квартиры не входит.

СВОБОДНАЯ ПРОДАЖА, ПОЛНАЯ СТОИМОСТЬ В ДОГОВОРЕ, БЕЗ ДОЛГОВ И ОБРЕМЕНЕНИЙ, ОДИН СОБСТВЕННИК, ИПОТЕКА ВОЗМОЖНА

Транспортная доступность: На автобусе из центра посёлка Измайлово можно добраться до метро Улица академика Янгеля, от остановки пос. Дубровский на маршрутном такси до метро Теплый стан, Красногвардейская и Пражская. Ближайшие метро Бульвар Дмитрия Донского в 4-х км от жилого комплекса. В 25 минутах ходьбы пешком находится станция МЦД Битца, откуда легко можно доехать до центра Москвы.",,53.0,7.4,139.6
https://vidnoye.cian.ru/sale/flat/306606489/,https://images.cdn-cian.ru/images/kvartira-bulatnikovo-2254538575-4.jpg,ЖК «Булатниково»,"Московская область, м. Бульвар Дмитрия Донского, Ленинский городской округ, д. Жабкино, Булатниково мкр, 5",Транспортом,7500000.0,154927.0,2.0,1.0,4.0,48.41,"Чистый район, автономное газовое отопление. Светлая и просторная квартира с хорошей планировкой. Кухня с выходом на застеклённую лоджию. Расположение на достаточном расстоянии от лифта гарантирует тишину и спокойствие (шум лифта и соседи не будут вас беспокоить). Отдельный санузел, который можно объединить при необходимости.
Агентов по недвижимости и посредников просим не беспокоиться. Единственный собственник. В квартире никто не прописан.",,48.4,7.5,154.9
https://vidnoye.cian.ru/sale/flat/311251556/,https://images.cdn-cian.ru/images/2350226700-4.jpg,ЖК «Живописный»,"Московская область, м. Бульвар Дмитрия Донского, Ленинский городской округ, Живописный ЖК, 4к1",Транспортом,7600000.0,143396.0,2.0,3.0,4.0,53.0,"номер лота: [37632927] 
Продается просторная 2-комнатная квартира в перспективном, малоэтажном ЖК Живописный общей площадью 53 м2, без отделки.
Вдали от шума и суеты, всего в 2 километрах от МКАД, расположился жилой комплекс Живописный. Этот проект комфорт-класса является идеальным сочетанием дизайна, функциональности и комфорта, создающим настоящий природный оазис.
 
Комплекс получил свое название благодаря живописным окрестностям, которые поражают своей первозданной красотой. В ближайшем будущем ожидается развитие местной инфраструктуры, включая расширение дорожной сети и добавление новых маршрутов к железнодорожным станциям и станциям метро.
 
Окрестности комплекса богаты зелеными зонами, такими как Бутовский лесопарк и загородный клуб Завидное. Любители истории могут посетить усадьбу Троицкое на Обитце, построенную в конце XVIII  начале XIX веков. Все это делает комплекс идеальным местом для спокойного отдыха и прогулок.
 
Для получения дополнительной информации, пожалуйста, свяжитесь с нами. Мы будем рады ответить на все ваши вопросы",,53.0,7.6,143.4
https://vidnoye.cian.ru/sale/flat/310739042/,https://images.cdn-cian.ru/images/kvartira-bulatnikovo-2339428882-4.jpg,ЖК «Булатниково»,"Московская область, м. Бульвар Дмитрия Донского, Ленинский городской округ, д. Жабкино, Булатниково мкр, 11",Транспортом,7700000.0,161426.0,2.0,1.0,4.0,47.7,"Продается 2-х комнатная квартира в ЖК Булатниково.
 На территории ЖК есть детская площадка и места для прогулок, тихий и спокойный двор. В шаговой доступности отстаивают детский сад, школа в 15 минутах. ЖК находится в 5 км от МКАДа . 
квартира располагается на первом этаже, ремонт от застройщика , натяжные потолки во всей квартире, пол-ламинат.
отопление и водоснабжение центральное.
В отопительный сезон в квартире очень тепло.",,47.7,7.7,161.4
https://vidnoye.cian.ru/sale/flat/305499682/,https://images.cdn-cian.ru/images/2238912235-4.jpg,ЖК «Живописный»,"Московская область, м. Бульвар Дмитрия Донского, Ленинский городской округ, Живописный ЖК, 4к1",Транспортом,7700000.0,146110.0,2.0,2.0,4.0,52.7,"Арт. 70960630 Доверяя нам, Вы гарантировано получаете только реальные объекты!

Горячее предложение! 
 
Ваша мечта о просторной загородной жизни ждет вас!

Предлагаем вам просторную 2-комнатную квартиру комфорт-класса в новом доме, сданном в 2023 году. 

Эта квартира - настоящее воплощение комфорта и уюта! 

* Свободная планировка: реализуйте свои дизайнерские идеи!
* Распашонка: светлые, просторные комнаты с окнами на обе стороны. 
* Высокие потолки (3 метра): чувство простора и легкости!
* Двор без машин: безопасность для детей и тишина для вас! 
* Современный детский сад: удобство для родителей!
* Прекрасная экология: живописные виды, лес, водоемы с чистыми пляжами (пруд и река), клубничные поля.

Идеальное место для жизни всей семьи:  
* Комфортные места для прогулок, рыбалки и отдыха. 
* Рядом старинная Усадьба ""Троицкое на Обитце"" и загородный клуб ""Завидное"".

Отличная транспортная доступность:
* 10-15 минут до ст. метро: Аннино, Бульвар Дмитрия Донского, Битца, Бутово. 
* 2 км до МКАД

Цена ниже рынка!!
Звоните прямо сейчас и записывайтесь на просмотр!

Возможен торг.

Если остались вопросы звоните!!!!!!",,52.7,7.7,146.1
https://vidnoye.cian.ru/sale/flat/307638589/,https://images.cdn-cian.ru/images/kvartira-lopatino-suhanovskaya-ulica-2276325341-4.jpg,ЖК «Государев дом»,"Московская область, м. Бульвар Дмитрия Донского, Ленинский городской округ, Лопатино пгт, улица Сухановская, 2",Транспортом,7800000.0,174497.0,2.0,8.0,9.0,44.7,"Продается уютная двухкомнатная квартира с изолированными комнатами, с очень уютной кухней, с приятным видом из кухни и спальни. В квартире произведен хороший ремонт, мебель, встроенная кухня и частично бытовая техника входят в стоимость квартиры, в одной из комнат установлен кондиционер, комнаты  в квартире расположены на две стороны. Приобреталась по ДДУ 1 собственник, полная стоимость в договоре. Просторный тамбур, аккуратный и чистый подъезд, домофон, во дворе детская и спортивная площадка, рядом в двух шагах детский сад,  на первых этажах в доме расположены магазин Мираторг, пункты выдачи заказов, почта России, отделение поликлиники, также рядом лесной массив для прогулок. Рядом большой торговый центр, фитнес центр. Свободная продажа.",,44.7,7.8,174.5
https://vidnoye.cian.ru/sale/flat/308201254/,https://images.cdn-cian.ru/images/kvartira-bulatnikovo-2288209332-4.jpg,ЖК «Булатниково»,"Московская область, м. Бульвар Дмитрия Донского, Ленинский городской округ, д. Жабкино, Булатниково мкр, 13",Транспортом,7800000.0,148289.0,2.0,2.0,4.0,52.6,"Продается уютная и светлая 2-х комнатная квартира 52,6 кв.м. на 2 этаже 4 этажного дома. Отличная планировка, просторные комнаты, одна из комнат имеет выход на большой застекленный балкон, удобная кухня-гостиная , санузел раздельный. Квартира с ремонтом от застройщика, установлены качественные стеклопакеты Rehau. Малоэтажный монолитный дом индивидуальной постройки, в доме автономное общедомовое газовое отопление. Дом расположен в экологически чистом микрорайоне Булатниково города Видное, в близи лесной зоны. Дом заселен, собственность оформлена, ключи на руках. Дополнительно есть кладовое помещение - в стоимость квартиры не входит.

СВОБОДНАЯ ПРОДАЖА, ПОЛНАЯ СТОИМОСТЬ В ДОГОВОРЕ, БЕЗ ДОЛГОВ И ОБРЕМЕНЕНИЙ, ОДИН СОБСТВЕННИК, ИПОТЕКА ВОЗМОЖНА

Транспортная доступность: На автобусе из центра посёлка Измайлово можно добраться до метро Улица академика Янгеля, от остановки пос. Дубровский на маршрутном такси до метро Теплый стан, Красногвардейская и Пражская. Ближайшие метро Бульвар Дмитрия Донского в 4-х км от жилого комплекса. В 25 минутах ходьбы пешком находится станция МЦД Битца, откуда легко можно доехать до центра Москвы.",,52.6,7.8,148.3
https://vidnoye.cian.ru/sale/flat/311211247/,https://images.cdn-cian.ru/images/kvartira-bulatnikovo-2349417411-4.jpg,ЖК «Булатниково»,"Московская область, м. Бульвар Дмитрия Донского, Ленинский городской округ, д. Жабкино, Булатниково мкр, 7",Транспортом,7999999.0,167715.0,2.0,1.0,4.0,47.7,"Пpoдается уютная и свeтлая 2-х комнатнaя кваpтирa 47,7 кв.м. нa 1 этaже 4 этaжного дoмa. Oтличнaя плaниpовка, прoстopныe комнаты, удобная куxня c выхoдом на заcтeклeнный балкон, pаздeльный caнузeл. Квaртира с peмoнтoм от зacтройщика, частично мебелирована, уcтaнoвлeны кaчeствeнные стeклопaкеты Rеhau.
ЖК Булатникoвo находится в дeрeвнe Жaбкинo, в Булатникoвском посeлeнии Лeнинcкогo pайона Mocковcкой oблacти. 
Транспортная доступность: Кoмплекc раcполагается в 2 километрах от МКАД. На автобусе из центра посёлка Измайлово можно добраться до метро Пражская, от остановки пос. Дубровский на маршрутном такси до метро Теплый стан, Красногвардейская и Пражская. Ближайшие метро Бульвар Дмитрия Донского в 4-х км от жилого комплекса. В 25 минутах ходьбы пешком находится станция Мцд Битца, откуда легко можно доехать до центра.
Несмотря на близость к Москве, экологическая обстановка в районе довольно хорошая. С северной и восточной сторон к комплексу примыкают лесные массивы, а с южной и западной сторон комплекс граничит с коттеджными поселками. Неподалеку от ЖК Булатниково находятся лесопарковая зона и река Битца.
 Рассмотрю варианты обмена. Интересует коммерческая и жилая недвижимость в СПБ и ЛО с вашей доплатой или ключ в ключ.) Также рассмотрю обмен на авто с вашей доплатой. На обмен цена +500 т.р",,47.7,8.0,167.7
https://vidnoye.cian.ru/sale/flat/290838989/,https://images.cdn-cian.ru/images/novostroyka-vidnoe-galiny-vishnevskoy-ulica-1869136156-4.jpg,ЖК «Видный город»,"Московская область, Видное, м. Бульвар Дмитрия Донского, улица Галины Вишневской, 6к2",Транспортом,7950000.0,167722.0,2.0,8.0,8.0,47.4,"Продается новая квартира без отделки с высотой потолков 3м70см. Произведен замер и расчет на изготовление антресольного этажа от сертифицированной компании, есть предварительный дизайн проект. Два взрослых собственника, никто не прописан.",,47.4,8.0,167.7
https://vidnoye.cian.ru/sale/flat/311764645/,https://images.cdn-cian.ru/images/2361502373-4.jpg,ЖК «Булатниково»,"Московская область, м. Бульвар Дмитрия Донского, Ленинский городской округ, д. Жабкино, Булатниково мкр, 7",Транспортом,7999999.0,167715.0,2.0,1.0,4.0,47.7,"Номер в базе: 4287558. Пpoдается уютная и свeтлая 2-х комнатнaя кваpтирa 47,7 кв.м. нa 1 этaже 4 этaжного дoмa. Oтличнaя плaниpовка, прoстopныe комнаты, удобная куxня c выхoдом на заcтeклeнный балкон, pаздeльный caнузeл. Квaртира с peмoнтoм от зacтройщика, частично мебелирована, уcтaнoвлeны кaчeствeнные стeклопaкеты Rеhau.
ЖК Булатникoвo находится в дeрeвнe Жaбкинo, в Булатникoвском посeлeнии Лeнинcкогo pайона Mocковcкой oблacти. 
Транспортная доступность: Кoмплекc раcполагается в 2 километрах от МКАД. На автобусе из центра посёлка Измайлово можно добраться до метро Пражская, от остановки пос. Дубровский на маршрутном такси до метро Теплый стан, Красногвардейская и Пражская. Ближайшие метро Бульвар Дмитрия Донского в 4-х км от жилого комплекса. В 25 минутах ходьбы пешком находится станция Мцд Битца, откуда легко можно доехать до центра.
Несмотря на близость к Москве, экологическая обстановка в районе довольно хорошая. С северной и восточной сторон к комплексу примыкают лесные массивы, а с южной и западной сторон комплекс граничит с коттеджными поселками. Неподалеку от ЖК Булатниково находятся лесопарковая зона и река Битца.


Код пользователя: 113312",,47.7,8.0,167.7
https://vidnoye.cian.ru/sale/flat/308500813/,https://images.cdn-cian.ru/images/kvartira-drozhzhino-yuzhnaya-ulica-2294227387-4.jpg,ЖК «Бутово парк 2»,"Московская область, м. Бульвар Дмитрия Донского, Ленинский городской округ, Дрожжино рп, улица Южная, 7",Транспортом,8000000.0,224090.0,2.0,3.0,25.0,35.7,"Продается связи расширением жилой площади, ищем на одну комнату больше. 
Квартира без Долгов и кредитов один собственник .",,35.7,8.0,224.1
https://vidnoye.cian.ru/sale/flat/309940449/,https://images.cdn-cian.ru/images/kvartira-lopatino-suhanovskaya-ulica-2324054327-4.jpg,ЖК «Государев дом»,"Московская область, м. Бульвар Дмитрия Донского, Ленинский городской округ, Лопатино пгт, улица Сухановская, 8",Транспортом,8000000.0,210582.0,2.0,6.0,9.0,37.99,"Евродвушка. Квартира в отличном состоянии, после ремонта,. ремонт делали для себя из качественного материала.. Окна выходят во двор,   рядом остановка, до Метро ""Бульвар дмитрия Донского"", ""Аннино"",  Станции МЦД2 ""Бутово"", ЖД Станции ""Расторгуево"" можно добраться на транспорте за 15-20 мин. Удобное расположение.. Дом находится возле остановок, школ, детского сада, торгоаого центра, инфросируктура налажена . квартира из серии ""заходи и живи"".
Свободная продажа.",,38.0,8.0,210.6
https://podolsk.cian.ru/sale/flat/304103034/,https://images.cdn-cian.ru/images/2345593912-4.jpg,,"Московская область, Подольск, мкр. Красная горка, м. Бульвар Дмитрия Донского, Колхозная улица, 16к1",Транспортом,8000000.0,140351.0,2.0,2.0,16.0,57.0,"Код объекта: 1332059.
 Продаётся уютная двухкомнатная квартира в городе Подольск, расположенная по адресу: улица Колхозная, дом 16к1. Второй этаж шестнадцатиэтажного кирпичного дома, построенного в 2004 году.

Квартира имеет общую площадь 57 квадратных метров, из которых жилая площадь составляет 28,7 квадратных метров. Площадь кухни — 10 квадратных метров. Окна квартиры выходят как на улицу, так и во двор, что обеспечивает хорошую освещённость и приятные виды из окон. Комнаты изолированы, общая площадь комнат составляет 18 и 10,7 квадратных метров соответственно.

В доме установлены пассажирский и грузовой лифты, отопление центральное. Дом построен из кирпича, перекрытия монолитные, что гарантирует его долговечность и надёжность.

Старый ремонт позволит новым владельцам обустроить квартиру по своему вкусу и предпочтениям. Эта квартира идеально подойдёт тем, кто ценит комфорт, уют и спокойствие. Удобное расположение дома и развитая инфраструктура района делают эту квартиру привлекательной для семей с детьми, молодых людей и всех, кто ищет комфортное жильё в тихом районе.

Мы гарантируем безопасную сделку и юридическую поддержку нашим клиентам. Поможем одобрить ипотеку со сниженной ставкой. Не упустите свой шанс стать владельцем этой уютной квартиры!",,57.0,8.0,140.4
https://vidnoye.cian.ru/sale/flat/309006330/,https://images.cdn-cian.ru/images/kvartira-vidnoe-galiny-vishnevskoy-ulica-2305103115-4.jpg,ЖК «Видный город»,"Московская область, Видное, м. Бульвар Дмитрия Донского, улица Галины Вишневской, 10к1",Транспортом,8100000.0,180000.0,2.0,3.0,8.0,45.0,"Прoдaется прoсторная двухкoмнатнaя квартиpа в ЖK ""Bидный Гopод"", pacпoлoженная по aдpeсу: Мoскoвcкая облacть, Bиднoe, ул. Гaлины Bишневcкoй, 10к1. 

Oбщaя площадь кваpтиpы: 45 м². Pacпaшонкa. Kомнаты изoлирoванныe: 16м² и 10,2м². Kухня: 9,1м². Потолoк 3,7м. Caнузeл раздeльный. Лоджия с оcтеклeниeм - выxод из кухни. B квартире удачная планировка. Чистый, новый  подъезд. Вместительный лифт. Двор без машины. Множество бесплатных парковочных мест, в любое время можно припарковаться. 

Район с активно развивающейся инфраструктурой. В пешей доступности: детские сады и школы, большой ТЦ, супермаркеты, фитнес-клуб, МФЦ, салоны красоты, рестораны и кафе, минимаркеты, офисы доставки ОZОN, Wildbеrriеs и Yаndех. Рядом лес, два больших пруда Сухановский и Булатниковский с набережной, оборудованным пляжем, смотровой площадкой, зоной отдыха с мангальными зонами и велодорожками. 

Транспортные удобства: 
- 5 минут пешком до остановки общественного транспорта;
- 15 минут транспортом до метро ""Бульвар Дмитрия Донского"" или ""Аннино""
- 10 минут транспортом до МЦД ""Бутово"". Удобный и быстрый выезд на МКАД. 

Хорошая квартира для инвестиций, данный район постоянно развивается, обустраивается, строятся дороги и в будущем обещают метро. Дом, в котором предлагается данная квартира один  из самых красивых в этом ЖК. Отделка темно -коричневым кирпичом придает объекту премиальности и является залогом долговечности фасада, что очень важно в непростом московском климате.

Один взрослый собственник. Свободная продажа. Перепланировок нет. Ипотека возможна. Полная стоимость в Договоре. Оперативный показ и выход на сделку!",,45.0,8.1,180.0
https://vidnoye.cian.ru/sale/flat/310358066/,https://images.cdn-cian.ru/images/kvartira-zhivopisnyy-2331792379-4.jpg,ЖК «Живописный»,"Московская область, м. Бульвар Дмитрия Донского, Ленинский городской округ, Живописный ЖК, 4к1",Транспортом,8099990.0,147273.0,2.0,3.0,4.0,55.0,"КУПИ СВЕТЛУЮ ТЕПЛУЮ КВАРТИРУ в доме комфорт -класса ЖК ""Живописный""! 2 км от МКАД в тихом красивом месте!

2- комнатная квартира, 55 кв. м. , 3 этаж, НЕ ТОРЕЦ, ДОКУМЕНТЫ К ПРОДАЖЕ ГОТОВЫ, БЕЗ ДАЛЬНЕЙШЕГО ПОДБОРА, КЛЮЧИ В ДЕНЬ СДЕЛКИ, 2 собственника!
-железная входная дверь
-пластиковые окна
-во всех комнатах напольная стяжка
-просторная лоджия
-можно сделать из квартиры ""евротрешку""
-доброжелательные спокойные соседи

!ИДЕАЛЬНЫЙ ВАРИАНТ ДЛЯ СЕМЬИ! БЫСТРЫЙ ВЫХОД НА СДЕЛКУ!
Неподалеку находятся Бутовский лесопарк, имение ""Спасское"", три детских сада и т. д. В шаговой доступности поликлиники, аптеки, магазины, остановка общественного транспорта.

УСПЕЙТЕ ВОСПОЛЬЗОВАТЬСЯ ВЫГОДНЫМ ПРЕДЛОЖЕНИЕМ! ЗВОНИТЕ ПРЯМО СЕЙЧАС!
 _________________________________________________ __ 
Оказываем услуги по продаже/покупке/аренде объекта недвижимости, услуги ипотечного брокера, консультация по налогам в недвижимости, юридическая консультация и сопровождение! Работаем на результат! Помогаем каждому!",,55.0,8.1,147.3
https://vidnoye.cian.ru/sale/flat/308503609/,https://images.cdn-cian.ru/images/kvartira-lopatino-solnechnyy-bulvar-2294305537-4.jpg,ЖК «Государев дом»,"Московская область, м. Бульвар Дмитрия Донского, Ленинский городской округ, Лопатино пгт, бульвар Солнечный, 2",Транспортом,8200000.0,164000.0,2.0,4.0,9.0,50.0,"Продается светлая, уютная 2-х комнатная квартира на 4 этаже с видом во двор, сад и школу. Работы почти закончены, необходимо положить ламинат и плитку (материал есть в наличии, см.фото), в спальне сделана гардеробная, в ванной уложен теплый пол, заменено отопление от застройщика. материалы использовались качественные, ремонт сделан под себя, в квартире никто не проживал
Агентов просьба не беспокоить",,50.0,8.2,164.0
https://vidnoye.cian.ru/sale/flat/297092761/,https://images.cdn-cian.ru/images/kvartira-drozhzhino-novoe-shosse-2117066017-4.jpg,ЖК «Бутово парк 2»,"Московская область, м. Бульвар Дмитрия Донского, Ленинский городской округ, Дрожжино пгт, шоссе Новое, 14",Транспортом,8200000.0,185941.0,2.0,21.0,25.0,44.1,"отличная квартира по отличной цене
документы в норме, остановка автобуса конечная рядом, парковка бесплатная недалеко , можно смело до 22 припарковаться, потом не смело)
Мебель и техника остаются !!!
Документы готовы к сделке
В помощи реелторов не нуждаемся",,44.1,8.2,185.9
https://vidnoye.cian.ru/sale/flat/309540997/,https://images.cdn-cian.ru/images/kvartira-bobrovo-lesnaya-ulica-2315889956-4.jpg,ЖК «Восточное Бутово»,"Московская область, м. Бульвар Дмитрия Донского, Ленинский городской округ, Боброво пгт, улица Лесная, 26",Транспортом,8350000.0,187894.0,2.0,12.0,18.0,44.44,"ОТ СОБСТВЕННИКА! РАСПАШОНКА! С ЛОДЖИЕЙ!

РИЭЛТОРОВ ПРОСЬБА НЕ БЕСПОКОИТЬ. ТОЛЬКО С РЕАЛЬНЫМ ПОКУПАТЕЛЕМ. 

Застройщик МОРТОН (ПИК).

Жилой квартал Восточное Бутово расположен в 5 км от МКАД по Симферопольскому шоссе, в Ленинском районе Московской области. Это экологически благоприятное место по соседству с Бутовским лесопарком. В 25 минутах пути на машине — станции метро и МЦД Бутово. 

Высота домов и расстояние между ними в Восточном Бутово подобраны так, чтобы в каждой квартире было светло. 
В проекте есть:
- 4 школы (2 открыты: на 1375 и 1500 учеников) 
- 10 детских садов (5 садов открыты) 
- 2 поликлиники (детская и взрослая)
- 2 пешеходных бульвара.
Для автомобилей есть многоуровневый паркинг, а также наземный паркинг.

Дома Восточного Бутово образуют кварталы: внутренние дворы — это уютные парки, а снаружи — спортивные площадки, детские сады и школы.

Рядом автобусная остановка (конечная). - до метро на автобусе 15-20 минут. 

Общая площадь квартиры: 44,4 кв.м 

Прямая продажа. Подходит под ипотеку. Покупалась у застройщика по ДДУ. 
Квартира без обременения. В собственности более 5 лет.",,44.4,8.3,187.9
https://vidnoye.cian.ru/sale/flat/298700955/,https://images.cdn-cian.ru/images/2103870828-4.jpg,ЖК «Бутово парк 2»,"Московская область, м. Бульвар Дмитрия Донского, Ленинский городской округ, Дрожжино пгт, шоссе Новое, 2",Транспортом,8499000.0,236741.0,2.0,7.0,25.0,35.9,"Id 20339. Современная квартира  в ЖК Бутово Парк 2. Развитая инфраструктура района - в пешей доступности школа, детский сад, поликлиника , аптеки, магазины ""Вкус Вилл"", "" Четыре лапы"", ""Пятерочка"", ""Белорусские продукты"", ""Пекарня"" ,  ТЦ ""Дрожжино"", кафе и др. Парковая зона, зона отдыха с рыбалкой, пруды, удобные детские и спортивные площадки. Транспортное сообщение до метро, до МЦД Бутово - 10-20 минут.   Планируется строительство крупного торгового центра.  Огороженная территория дома, закрытый двор, без машин, вход только для жильцов дома. Вход по коду на этаже. Квартира состоит из отдельной спальни и кухни-гостиной. Все окна во двор. В гостиной встроенная кухня  с барной стойкой  со стульями , встроенная техника - варочная панель, духовой шкаф. 2-х камерный холодильник, вытяжка, есть место под посудомоечную машинку, электрический чайник, микроволновая печь, диван, телевизор , журнальный столик, комод, компьютерный складной столик, стеллаж. В спальне 2-х спальная кровать с 4 ящиками для белья, 2 прикроватные тумбочки, шкаф-купе, светильники. В прихожей шкаф-купе, стиральная машинка в ванной комнате. Вся мебель и техника остается после продажи. Подключен беспроводной интернет. Все счетчики в общем коридоре. В квартире 1 взрослый собственник, физически и юридически она свободна, полная стоимость в договоре, прямая продажа. Ключи на руках",,35.9,8.5,236.7
https://vidnoye.cian.ru/sale/flat/307830639/,https://images.cdn-cian.ru/images/kvartira-lopatino-suhanovskaya-ulica-2281407738-4.jpg,ЖК «Государев дом»,"Московская область, м. Бульвар Дмитрия Донского, Ленинский городской округ, Лопатино пгт, улица Сухановская, 21",Транспортом,8400000.0,153846.0,2.0,1.0,9.0,54.6,"Продаётся уютная, светлая 2-комнатная квартира.  Расположена на 1 этаже(очень высокий этаж) 9-этажного дома, построенного в 2019 году. Общая площадь 54,6 кв. м, жилая площадь — 31 кв. м, площадь кухни — 13 кв. м. Высота потолков — 2,8 метра.
В квартире сделан качественный евроремонт, поэтому можно сразу заезжать и жить без дополнительных вложений. Просторная кухня оборудована современной техникой и мебелью, полы с подогревом. Планировка квартиры удобная: комнаты изолированные, что обеспечивает комфортное проживание. Санузел раздельный, оформлен в современном стиле. Окна выходят на улицу, что обеспечивает хорошее естественное освещение.
Дом в отличном состоянии, оборудован пассажирскими и грузовыми лифтами. На территории имеется наземная парковка, поэтому можно легко найти место для автомобиля. Для удобства жильцов предусмотрен пандус. Вокруг дома благоустроенная территория, где можно прогуливаться и отдыхать.
Рядом с домом расположены все необходимые объекты инфраструктуры: школы, детские сады и магазины. В шаговой доступности находятся остановки общественного транспорта, а до метро ""Бульвар Дмитрия Донского"" можно добраться на автомобиле всего за 10 минут.
Условия сделки прозрачные: квартира продается без обременений, возможна покупка в ипотеку. Оформление сделки будет сопровождаться профессиональными юристами, что гарантирует безопасность и законность всех проце
Приглашаем на просмотр этой замечательной квартиры! Записывайтесь на удобное для вас время и приходите оценить все преимущества этого уютного жилья. Не упустите свой шанс стать владельцем прекрасной квартиры в комфортном районе!",,54.6,8.4,153.8
https://vidnoye.cian.ru/sale/flat/306618719/,https://images.cdn-cian.ru/images/kvartira-lopatino-solnechnyy-bulvar-2254896813-4.jpg,ЖК «Государев дом»,"Московская область, м. Бульвар Дмитрия Донского, Ленинский городской округ, Лопатино пгт, бульвар Солнечный, 10",Транспортом,8450000.0,169000.0,2.0,6.0,10.0,50.0,"Квартира с дизайнерским ремонтом Заезжай и
ЖИВИ!.
Очень удобное расположение дома, рядом мфц, торговый центр, школа и детский сад напротив дома, все возможные магазины и гипермаркеты ( пятерочка, лента, верный каб и др., элитные фитнес клуб с бассейном.
В квартире остается вся мебель.
Кондиционер
Посудомоечная машина
Холодильник
1 Кровать
Плита
Духовой Шкаф
В квартире имеется вместительный гардероб, плотиной шкаф, и скрытая вместимая мансарда.
новые коммуникации.
Документы в порядке, 1 взрослый собственник.
Без Долгов по коммунальным платежам и электричеству.
оперативный показ можно ипотеку.
Стоимость указана с учетом скидки и может быть снижена при быстрой покупки.",,50.0,8.4,169.0
https://vidnoye.cian.ru/sale/flat/295227198/,https://images.cdn-cian.ru/images/kvartira-drozhzhino-novoe-shosse-2034555320-4.jpg,ЖК «Бутово парк 2»,"Московская область, м. Бульвар Дмитрия Донского, Ленинский городской округ, Дрожжино рп, шоссе Новое, 2к3",Транспортом,8530000.0,212189.0,2.0,12.0,26.0,40.2,"Продам новую евродвушку от ПИК 
Размер 40.2 м2 большой коридор. Средний этаж 12, вид из окна на парк, в соседних домах. Квартира новая, продаю на 5% дешевле цены ПИК за аналогичную квартиру. В данный момент в процессе оформления в собственность. В случае роста цены у ПИК моя квартира в соответствии дорожает. Рядом застраивается последний дом этого комплекса и цены будут только расти. Все косяки по отделки устранены, квартира готова к проживанию. В данный момент находиться в ипотеке, которая будет погашена перед продажей . 
ПОМОЩЬ В ПРОДАЖЕ НЕ НУЖНА. СОВСЕМ НЕ НУЖНА НИКАКАЯ !!!",,40.2,8.5,212.2
https://vidnoye.cian.ru/sale/flat/308201254/,https://images.cdn-cian.ru/images/kvartira-bulatnikovo-2288209332-4.jpg,ЖК «Булатниково»,"Московская область, м. Бульвар Дмитрия Донского, Ленинский городской округ, д. Жабкино, Булатниково мкр, 13",Транспортом,7800000.0,148289.0,2.0,2.0,4.0,52.6,"Продается уютная и светлая 2-х комнатная квартира 52,6 кв.м. на 2 этаже 4 этажного дома. Отличная планировка, просторные комнаты, одна из комнат имеет выход на большой застекленный балкон, удобная кухня-гостиная , санузел раздельный. Квартира с ремонтом от застройщика, установлены качественные стеклопакеты Rehau. Малоэтажный монолитный дом индивидуальной постройки, в доме автономное общедомовое газовое отопление. Дом расположен в экологически чистом микрорайоне Булатниково города Видное, в близи лесной зоны. Дом заселен, собственность оформлена, ключи на руках. Дополнительно есть кладовое помещение - в стоимость квартиры не входит.

СВОБОДНАЯ ПРОДАЖА, ПОЛНАЯ СТОИМОСТЬ В ДОГОВОРЕ, БЕЗ ДОЛГОВ И ОБРЕМЕНЕНИЙ, ОДИН СОБСТВЕННИК, ИПОТЕКА ВОЗМОЖНА

Транспортная доступность: На автобусе из центра посёлка Измайлово можно добраться до метро Улица академика Янгеля, от остановки пос. Дубровский на маршрутном такси до метро Теплый стан, Красногвардейская и Пражская. Ближайшие метро Бульвар Дмитрия Донского в 4-х км от жилого комплекса. В 25 минутах ходьбы пешком находится станция МЦД Битца, откуда легко можно доехать до центра Москвы.",,52.6,7.8,148.3
https://vidnoye.cian.ru/sale/flat/309762615/,https://images.cdn-cian.ru/images/kvartira-drozhzhino-novoe-shosse-2326798177-4.jpg,ЖК «Бутово парк 2»,"Московская область, м. Бульвар Дмитрия Донского, Ленинский городской округ, Дрожжино пгт, шоссе Новое, 6к2",Транспортом,11150000.0,182787.0,2.0,16.0,17.0,61.0,"Продается просторная, светлая, очень теплая  2-комнатная квартира по адресу Московская область, Ленинский городской округ, рабочий поселок Дрожжино, Новое шоссе, 6к2, ЖК ""Бутово парк 2"", 16/17 этажного дома. Общая площадь 61 кв. м, кухня-11 кв.м комнаты 17,7 и 14,3 кв.м/ жилая -32 кв.м / с/у раздельный,    
В квартире сделан качественный евроремонт, поэтому можно сразу заезжать и жить. Уютная планировка включает в себя две изолированные комнаты и просторную кухню. В наличии современная мебель и техника, которые придают квартире стильный и комфортный вид. Санузел раздельный, отделан современными материалами. Для вашего удобства есть лоджия, окна которой выходят во двор, поэтому в квартире тихо и спокойно.
ПЛЮСЫ КВАРТЫ:
Входная дверь Torex Ultimatum-M
Межкомнатные двери Profil doors
Кондиционер Hisense
Варочная панель и духовой шкаф Electrolux
Вытяжка Kuppersberg
Холодильник Samsung с функцией No frost
Фильтр для воды Гейзер Престиж 6ти ступенчатый с обратным осмосом
Кухня компании Стильные кухни, столешница с интегрированной мойкой из искусственного камня
Кухонный стол из массива, раскладывается +1м
Стиральная машина AEG
Чугунная ванна
Электрический полотенцесушитель
Проточный водонагреватель, электрический, с отдельной розеткой ( расположен  в скрытом шкафу туалета)
Тёплые полы в санузле
Ламинат 12мм
Утеплённый балкон + удобный, вместительный шкаф
Мебель в комнатах Lazurit, Стильные кухни, Askona
Люстры во всех помещениях, шторы блек-аут в комнатах
Натяжной потолок
 Дом с большим хорошим двором, наземная парковка, всегда можно найти место для авто, подъезд оборудован пандусом для удобства. В доме работают два лифта — пассажирский и грузовой, что удобно для перемещения крупногабаритных вещей. На этаже 4 квартиры, соседи все семейные, благополучные.
Район с прекрасно развитой инфраструктурой, рядом школы, детские сады, магазины, аптеки, ТЦ, много кафе, пунктов выдачи товаров (маркетплейсы), спортивных площадок. До станции метро ""Бульвар Дмитрия Донского"" можно добраться на автомобиле за 12 минут, или на автобусе, который ходит регулярно.
Квартира без обременений, два взрослых собственника, никто не зарегистрирован и не проживает, готова к сделке. Ипотека, материнский капитал, сертификаты рассматриваем.  Все документы на квартиру готовы, поэтому оформление пройдет быстро и без задержек.
 Не упустите возможность стать владельцем этой прекрасной квартиры в одном из лучших районов Подмосковья. 
Показы по договоренности, в удобное для Вас время. Разумный, обоснованный торг приветствуется!!!!",,61.0,11.2,182.8
https://vidnoye.cian.ru/sale/flat/307268795/,https://images.cdn-cian.ru/images/2290246926-4.jpg,ЖК «Государев дом»,"Московская область, м. Бульвар Дмитрия Донского, Ленинский городской округ, Лопатино пгт, улица Сухановская, 18",Транспортом,8725000.0,170078.0,2.0,5.0,9.0,51.3,"Код объекта: 1234780.
 Объект актуален. Вашему вниманию предлагается лучший вариант в соотношении цена-качество - полностью меблированная, с добротными предметами интерьера, двухкомнатная квартира с ремонтом.

О районе: Большой жилой район, который уже обжит и развит, с развитой социальной инфраструктурой. В 5 минутах школа и садик, в 5 минутах детская поликлиника, так же много продуктовых магазинов, аптек и салонов красоты, зоны для воркаута. Рядом ТРЦ ""Аструм"". Чистый воздух, пение птиц.

О квартире: Просторная двухкомнатная квартира с спальней и просторной гостиной, расположенная на комфортном пятом этаже, в квартире выполнен свежий качественный евро-ремонт, сделанный для себя. В квартире установлены пластиковые окна и современные радиаторы, что даст дополнительное тепло в самые холодные времена года .
Для жарких периодов, в квартире дополнительно установлены кондиционеры. (мебель и техника остается)

О доме: Чистый прекрасный подъезд на уровне земли, видеокамеры в подъезде и на этаже. Просторная лестничная площадка. Соседи тихие и спокойные.

Транспортная доступность: до станции ""Битца"" можно добраться за 15 минут, а до станции ""Расторгуево"" всего за 10 минут, а от нее до центра Москвы на электричке за 20 минут. Также в 15 минутах езды на общественном транспорте расположены станции ""Щербинка"" и ""Бульвар Дмитрия Донского"".
Квартира отлично подойдет для семейной пары с детьми, так же можно использовать квартиру под инвестицию.

Документы: Сводная продажа, один взрослый собственник..
Звоните, уважаемые покупатели и их представители сегодня, не упустите самый интересный вариант в районе! Помощь в одобрении ипотеки. Все сделки агентства недвижимости Владис застрахованы.",,51.3,8.7,170.1
https://vidnoye.cian.ru/sale/flat/311764645/,https://images.cdn-cian.ru/images/2361502373-4.jpg,ЖК «Булатниково»,"Московская область, м. Бульвар Дмитрия Донского, Ленинский городской округ, д. Жабкино, Булатниково мкр, 7",Транспортом,7999999.0,167715.0,2.0,1.0,4.0,47.7,"Номер в базе: 4287558. Пpoдается уютная и свeтлая 2-х комнатнaя кваpтирa 47,7 кв.м. нa 1 этaже 4 этaжного дoмa. Oтличнaя плaниpовка, прoстopныe комнаты, удобная куxня c выхoдом на заcтeклeнный балкон, pаздeльный caнузeл. Квaртира с peмoнтoм от зacтройщика, частично мебелирована, уcтaнoвлeны кaчeствeнные стeклопaкеты Rеhau.
ЖК Булатникoвo находится в дeрeвнe Жaбкинo, в Булатникoвском посeлeнии Лeнинcкогo pайона Mocковcкой oблacти. 
Транспортная доступность: Кoмплекc раcполагается в 2 километрах от МКАД. На автобусе из центра посёлка Измайлово можно добраться до метро Пражская, от остановки пос. Дубровский на маршрутном такси до метро Теплый стан, Красногвардейская и Пражская. Ближайшие метро Бульвар Дмитрия Донского в 4-х км от жилого комплекса. В 25 минутах ходьбы пешком находится станция Мцд Битца, откуда легко можно доехать до центра.
Несмотря на близость к Москве, экологическая обстановка в районе довольно хорошая. С северной и восточной сторон к комплексу примыкают лесные массивы, а с южной и западной сторон комплекс граничит с коттеджными поселками. Неподалеку от ЖК Булатниково находятся лесопарковая зона и река Битца.


Код пользователя: 113312",,47.7,8.0,167.7
https://vidnoye.cian.ru/sale/flat/310428972/,https://images.cdn-cian.ru/images/2335045467-4.jpg,ЖК «Государев дом»,"Московская область, м. Бульвар Дмитрия Донского, Ленинский городской округ, Лопатино пгт, бульвар Солнечный, 13",Транспортом,8700000.0,167308.0,2.0,6.0,9.0,52.0,"Id 48077. Общая площадь 52м²

Без обременении
Свободная продажа
Один собственник
Полная стоимость в дкп

Застройщик: ГРАНЕЛЬ
До метро на серую ветку Аннино, на транспорте 15-17мин
До МЦД2 бутово, на транспорте 10 мин
От квартиры до общественной остановки 3-5 мин
В комплексе:

• Школа (самая большая, в ленинском городском округе)
• Три детских сада
• Образовательные центры для детей
• Торговый цент
• МФЦ
• Все необходимые популярные маркеты; пункты доставок и прочее

БЕСПЛАТНАЯ помощь в одобрении ипотеки любого банка
ЮРИДИЧЕСКОЕ сопровождение сделки",,52.0,8.7,167.3
https://vidnoye.cian.ru/sale/flat/309328677/,https://images.cdn-cian.ru/images/2311796575-4.jpg,ЖК «Бутово парк 2»,"Московская область, м. Бульвар Дмитрия Донского, Ленинский городской округ, Дрожжино пгт, шоссе Новое, 12к1",Транспортом,8990000.0,191277.0,2.0,20.0,25.0,47.0,"Арт. 77924170 Объект:
Продается 2к. квартира площадью 47 кв. метров  в ЖК""Бутово парк 2"" на 20 этаже 25-ти этажного дома  по адресу : Дрожжино рп, ш. Новое, 12к1

Квартира:
распашонка с хорошим качественным ремонтом , мебелью и техникой

Инфраструктура:
от МКАД 6км
до м. Бульвар Дмитрия Донского  6,8 км
Д2 Бутово 3 км
несколько школ во дворе
детские сады
магазины
парковые зоны с водоемами
конный клуб
пейнтбол, кафе и тд.

Сделка:
в собственности более 5 лет
один взрослый собственник
никто не зарегистрирован
обременений нет
быстрый выход на сделку.",,47.0,9.0,191.3
https://vidnoye.cian.ru/sale/flat/310834694/,https://images.cdn-cian.ru/images/kvartira-drozhzhino-novoe-shosse-2341281279-4.jpg,ЖК «Бутово парк 2»,"Московская область, м. Бульвар Дмитрия Донского, Ленинский городской округ, Дрожжино пгт, шоссе Новое, 15",Транспортом,9200000.0,141975.0,2.0,9.0,12.0,64.8,"Продаётся просторная двухкомнатная квартира с отличной планировкой на две стороны. Гостинная 21.8 м, спальня 13.4 м. Потолок 2.75 м. Кухня с выходом на остеклённую лоджию.  Санузел раздельный, имеется помещение под кладовку или гардеробную. Квартира продаётся совершенно пустая. Новая входная дверь. Рядом с домом магазины, школа, детский сад, Бутовский лесопарк, Дрожжинский пруд, детские и  спортивные площадки. Свободная продажа, один взрослый собственник, полная стоимость в договоре.",,64.8,9.2,142.0
https://vidnoye.cian.ru/sale/flat/305749413/,https://images.cdn-cian.ru/images/2290289284-4.jpg,,"Московская область, м. Бульвар Дмитрия Донского, Ленинский городской округ, Бутово рп, Бутово Парк ЖК, 19",Транспортом,11900000.0,201695.0,2.0,5.0,17.0,59.0,"Код объекта: 1198905.
 ОТЛИЧНАЯ ДВУХКОМНАТНАЯ КВАРТИРА РАСПАШНОЙ ПЛАНИРОВКИ !

О КВАРТИРЕ:
- две просторные комнаты с выходом на обустроенные лоджии;
-большая кухня с эркерным окном; 
- раздельный санузел.

О ДОМЕ:
- чистый ухоженный подъезд;
- закрытая территория со шлагбаумом;
- двухуровневый подземный паркинг с видеонаблюдением.

РАЗВИТАЯ ИНФРАСТРУКТУРА:
- рядом с домом остановки общественного транспорта;
- поликлиника, школа, детский сад;
- УК в доме;
 - магазины Перекресток, Магнит, Вкус Вилл;
 - до Бутово D2 5 минут на транспорте.

Один взрослый собственник, без обременений, более 5 лет в собственности. 
Быстрый выход на сделку!",,59.0,11.9,201.7
https://vidnoye.cian.ru/sale/flat/304621543/,https://images.cdn-cian.ru/images/2278542820-4.jpg,,"Московская область, м. Бульвар Дмитрия Донского, Ленинский городской округ, Боброво пгт, улица Крымская, 15",Транспортом,7500000.0,147059.0,2.0,16.0,17.0,51.0,"Продается 2 комнатная квартира на 16 этаже 17  этажного дома. Общая площадь 51 кв. м., изолированные комнаты 12 кв. м. и 18 кв. м., кухня 9,8 кв. м., санузел раздельный, есть лоджия. Развитая инфраструктура района: школы, детские сады, магазины, супермаркеты, салоны красоты, торговые центры, фитнес центры. Удобная транспортная доступность: до метро Анино, Дмитрия Донского, МЦД Бутово 15 минут транспортом, остановки общественного транспорта в 2-х минутах от дома.
Свободная продажа. Остались вопросы, звоните!",,51.0,7.5,147.1
https://vidnoye.cian.ru/sale/flat/309007789/,https://images.cdn-cian.ru/images/2305199006-4.jpg,ЖК «Живописный»,"Московская область, м. Бульвар Дмитрия Донского, Ленинский городской округ, Живописный ЖК, 4к1",Транспортом,10800000.0,171157.0,2.0,1.0,4.0,63.1,"Номер лота: вт-0421524.
Продаётся 2-комнатная евро квартира с большой кухней с выходом на застеклённую лоджию, высокий первый этаж, площадью 63,1 кв м., без учета лоджии, в новом, малоэтажном ЖК "" Живописный"". Квартира очень светлая, из окон открывается чудесный вид в сторону лесного массива, застроек перед окнами нет. Это современный, монолитно-кирпичный, жилой комплекс, класса комфорт. С подземным паркингом, кладовыми комнатами, собственной инфраструктурой. Дом сдан, ключи получены, можно приступать к ремонту. Очень красивые дома, отделаны кирпичом и декоративной штукатуркой. ЖК расположен вблизи города Видное, в живописном месте, в окружении лесопарковой зоны с прудами для купания, местами для отдыха и спорта, всего в 2 км. от МКАДа. Благодаря продуманной организации дорожного движения добраться до Москвы не составит труда. ЖК ""Живописный"" возводится на участке 21 га, рядом с Бутовским лесопарком.  В пешей доступности находятся загородный клуб ""Завидное"", имение ""Спасскок"". Это располагает к приятным прогулкам и спокойному отдыху жителей комплекса. Ближайшая станция метро - ""Аннино"". На территории комплекса открыт детский сад, откроют еще 2 детских сада, поликлинику, магазины, пекарни и другие объекты торговой и бытовой инфраструктуры. Свободная продажа. Два взрослых собственника. Готовы оперативно выйти на сделку. Помощь  в одобрении ипотеки ведущих банков, содействие в получении специальных условий и преференций по ипотеке. Содействие в получении специальных условий и преференций по ипотеке.",,63.1,10.8,171.2
https://vidnoye.cian.ru/sale/flat/311332034/,https://images.cdn-cian.ru/images/kvartira-drozhzhino-novoe-shosse-2352172467-4.jpg,,"Московская область, м. Бульвар Дмитрия Донского, Ленинский городской округ, Дрожжино пгт, шоссе Новое, 11к1",Транспортом,9850000.0,158871.0,2.0,11.0,14.0,62.0,"ЖК Бутово парк, по Варшавскому шоссе, 5 км., от МКАД. 
Дом 2014 г. постройки, развитая инфраструктура района. 
Квартира, распашонка, окна выходят на две стороны, большая просторная кухня с эркером, две изолированные комнаты с двумя лоджиями, санузел раздельный. 
Площадь квартиры без лоджий 58.2м.
Подъезд чистый, два лифта (грузовой и пассажирский).
Во дворе много парковочных мест.
ДКП 2016г. Один собственник. Свободная продажа. Полная стоимость.",,62.0,9.8,158.9
https://vidnoye.cian.ru/sale/flat/310476112/,https://images.cdn-cian.ru/images/2334188101-4.jpg,ЖК «Видный город»,"Московская область, Видное, м. Бульвар Дмитрия Донского, бульвар Мстислава Ростроповича, 4к1",Транспортом,13000000.0,230496.0,2.0,4.0,5.0,56.4,"Номер лота: вт-0422480.
В продаже отличная светлая ДВУХУРОВНЕВАЯ квартира в ЖК ""Видный город"".
Дом монолитно-кирпичный. Cделано два полноценных этажа.
Квартира БЕЗ ОТДЕЛКИ, расположена на 4 и 5 этаже (вход возможен с каждого этажа), 
Удобное планировочное решение - после перепланировки получилось 5 комнат - общая площадь 85 кв.м: кухня-гостиная - 22,7 кв.м., две спальни 10 и 14 кв.м., комната 20 кв.м разделена перегородкой на 2 комнаты, застекленная лоджия - 1,5 кв.м., французский балкон, коридор - 4,7 кв.м., отдельный санузел на каждом этаже, гардеробная комната, окна - стеклопакеты. Сделана лестница на второй этаж.
Облагороженная придомовая территория. Во дворах безопасные детские и спортивные площадки. 
ЖК ""Видный город"" - проект комфорт-класса, расположенный всего в 20 минутах к югу от столицы, недалеко от подмосковного города Видное. Богатый архитектурный облик комплекса вдохновлен светским пригородом в европейском стиле, который отлично гармонирует с общим ландшафтом - расположенными недалеко старинной дворянской усадьбой Суханово и зеленым лесным массивом. 
Развитая инфраструктура - школа и детский сад, ТЦ ""Аструм"", магазины, кафе, аптеки.
Транспортная доступность - до метро Бульвар Дмитрия Донского - 15 мин ( автобус 1224), до станции Бутово - 10 мин ( автобус 507К, 379), до метро Аннино -15 мин (маршрутка 1019), до станции Расторгуево - 10 мин ( автобус 379, 1019). 
Один взрослый собственник. Без обременений.
Остались вопросы? ЗВОНИТЕ!!!
 Содействие в получении специальных условий и преференций по ипотеке.",,56.4,13.0,230.5
https://vidnoye.cian.ru/sale/flat/311208367/,https://images.cdn-cian.ru/images/kvartira-bobrovo-lesnaya-ulica-2349349655-4.jpg,,"Московская область, м. Бульвар Дмитрия Донского, Ленинский городской округ, Боброво пгт, улица Лесная, 26",Транспортом,10400000.0,159681.0,2.0,9.0,18.0,65.13,"Продается просторная двухкомнатная квартира-распашонка в ЖК ВОСТОЧНОЕ БУТОВО. Квартира светлая, уютная, с качественным и дорогостоящим ремонтом, теплый пол, просторный хол, лоджия панорамное остекление. 
В доме имеется сразу выход на променад, что гарантирует безопасное время провождения детей. 

Жилой квартал Восточное Бутово расположен в 5 км от МКАД по Симферопольскому шоссе, в Ленинском районе Московской области.
Это экологически благоприятное место по соседству с Бутовским лесопарком. В 15 минутах на машине - станции метро Бульвар Дмитрия Донского и МЦД Бутово.
Огромный плюс это расположение дома, лес который в шаговой доступности, а так же много прогулочных площадок, магазинов.
В Восточном Бутово уже открылись пять детских садов из десяти запланированных и одна школа из четырёх. Внутри квартала будет две поликлиники, одна из которых уже работает. В проекте два пешеходных бульвара по одному из них уже можно гулять и кататься на велосипеде.
 
Два взрослых собственника, более 5 лет, подходит под ипотеку, полная стоимость в договоре! ЖДЕМ ВАС!",,65.1,10.4,159.7
https://vidnoye.cian.ru/sale/flat/303800568/,https://images.cdn-cian.ru/images/2202300764-4.jpg,,"Московская область, м. Бульвар Дмитрия Донского, Ленинский городской округ, д. Суханово, Суханово Парк ЖК, 1",Транспортом,15999999.0,261866.0,2.0,2.0,6.0,61.1,"Арт. 68501505 Продаем просторную 2-к квартиру по адресу ул. Парковая д.1 в жилом комплексе ""Суханово парк"".
Кирпичный дом 2014 года, квартира находится на комфортном 2 этаже, дом 5-этажный, 6 этаж мансардный. 
Немного о самом комплексе: жилой комплекс ""Суханово Парк"" расположен на 47,8 гектарах живописной земли, обрамленной лесом, речушками и большим прудом. Благодаря особому режиму водоохранной и исторической зоны здесь  всего в 4-х километрах от Москвы  сохранился практически не тронутый уголок природы. Подъезд к комплексу осуществляется по Расторгуевскому шоссе от Варшавского и Каширского шоссе. Также имеется местная автомобильная дорога, соединяющая участок с МКАД.

Самое главное:
2 взрослых собственника
чистая продажа
Для вас это безопасная покупка! 

Экспликация площади квартиры:
Жилая комната: 15 кв.м.
Жилая комната: 15 кв.м.
Кухня-гостиная: 14.5 кв.м.
Санузел: 7 кв.м. 

Рядом: Усадьба Суханово, Расторгуевский парк,Екатерининский собор 

Ждем вас на показ! Звоните",,61.1,16.0,261.9
https://vidnoye.cian.ru/sale/flat/312195536/,https://images.cdn-cian.ru/images/2370866581-4.jpg,ЖК «Южная Битца»,"Московская область, м. Бульвар Дмитрия Донского, Ленинский городской округ, пос. Битца, Южная Битца ЖК, бульвар Южный, 6",Транспортом,11000000.0,258216.0,2.0,21.0,25.0,42.6,"Номер в базе: 4359389. Продается светлая 2-комнатная квартира с косметическим ремонтом по адресу: Южный бульвар, 6. Просторная кухня-гостиная станет отличным решением для организации зоны отдыха и приема гостей. Уютные жилые комнаты и функциональная планировка создают комфортное пространство для жизни. Квартира в хорошем состоянии, не требует срочных вложений. Дом расположен в районе с развитой инфраструктурой: поблизости магазины, школы, детские сады и поликлиника. Удобная транспортная доступность — рядом остановки общественного транспорта и удобный выезд на основные магистрали. Во дворе оборудована детская площадка, есть зоны для прогулок. Есть магазины и салоны красоты. 
до метро Анино ехать 10 минут на маршрутке. В квартире останется мебель. 

Один взрослый собственник. Звоните для уточнения деталей и записи на просмотр!


Код пользователя: 102921",,42.6,11.0,258.2
https://vidnoye.cian.ru/sale/flat/310861812/,https://images.cdn-cian.ru/images/2341967849-4.jpg,,"Московская область, м. Бульвар Дмитрия Донского, Ленинский городской округ, Бутово рп, Бутово Парк ЖК, 15",Транспортом,12300000.0,212803.0,2.0,13.0,25.0,57.8,"Арт. 86931610 Для покупателя этой квартиры ставка 14,75% на весь срок !!!

Хотите КОМФОРТ-это ОН!
Продается двух комнатная квартира, формат ЕВРО-3, по адресу: Парк Бутово д.15
Преимущества этой квартиры:
-большая кухня
-спальня с выходом на балкон
-подземный паркинг в 2 уровня
-удобная планировка для размещения
-приятный вид из окна до горизонта
-отличная шумоизоляция и толстые стены

Легко купить:
- один собственник,
- подходит под ипотеку,
- сертификат,
- материнский капитал,
- быстрый выход на сделку
-помощь в одобрении кредита.-
Показ в удобное для вас время

Общая площадь 57,8м2.13 этаж 25 этажного монолитного дома. 
Современный ремонт:
- выровнены стены и пол,
- новая проводка, счетчики, трубы,
- входная дверь крепкая, надежные замки,
- пластиковые стеклопакеты на всех окнах,
- алюминевое остекление балкона,
- качественная современная мебель,
- натяжные потолки,
- ламинат в комнате,
- в ванной кафель, современная стиральная машина,
- остается мебель: встроенная кухня, холодильник
- проведен интернет
Чистый подъезд, хорошие соседи. Из окна открывается живописный вид на озелененный двор. Во дворе оборудована детская и спортивная площадка, посажены клумбы, растут кустарники и деревья, есть парковочные места.
Месторасположение:
Отлично развитая инфраструктура. Рядом школа, три детский садика , все известные сетевые магазины и пункты выдачи в шаговой доступности. МФЦ, 2 фитнес зала, гос. Поликлиника, частные клиники.  Лесопарковая зона для прогулок и пикника. 
м.Бульвар Дмитрия Донского в 12 минутах на общественном транспорте. 
Железнодорожная станция ""Бутово"" Диаметр D2 - 10 минут пешком. Около ЖК останавливаются  много московских автобусов до разных станций метро.
Удобный выезд на авто в сторону Москвы и области на М2 и Варшавское шоссе. 
1 взрослый собственник. Быстрый выход на сделку.

Инфраструктура: 
-детские сады
-школа
-магазины продуктов
-строительные магазины
-рестораны и кафе
-хоккейная площадка

ПОКУПАТЕЛЮ ЭТОЙ КВАРТИРЫ ПРЕДОСТАВЛЯЕМ СЕРТИФИКАТ НА ПОКУПКУ МЕБЕЛИ НА СУММУ 50 ТЫСЯЧ РУБЛЕЙ
Звоните ПРЯМО СЕЙЧАС, пока ВАШУ будущую квартиру не купил кто-то другой.",,57.8,12.3,212.8
https://vidnoye.cian.ru/sale/flat/309337540/,https://images.cdn-cian.ru/images/kvartira-drozhzhino-novoe-shosse-2318947743-4.jpg,ЖК «Бутово парк 2»,"Московская область, м. Бульвар Дмитрия Донского, Ленинский городской округ, Дрожжино пгт, шоссе Новое, 6к2",Транспортом,10800000.0,174194.0,2.0,7.0,17.0,62.0,"Продается уютная 2-комнатная квартира по адресу Московская область, Ленинский городской округ, рабочий поселок Дрожжино, Новое шоссе, 6к2, ЖК Бутово парк 2 ,общей площадью 62 кв. м, 7-й этаж /кухня-11 кв.м комнаты 18 и 15 кв.м/ жилая -32 кв.м / с/у раздельный, лоджия в современном доме 2018 года постройки. Окна выходят как на улицу, так и во двор, обеспечивая хорошую освещенность и возможность выбрать предпочитаемый вид.

В квартире сделан косметический ремонт, поэтому она готова к заселению. Планировка удобная и функциональная, включая одну лоджию для приятного отдыха на свежем воздухе. Санузел отдельный, что добавляет комфорта. Жилье идеально подойдет как для семьи, так и для молодой пары.

Дом находится в отличном состоянии и оборудован пандусом для удобства передвижения. В вашем распоряжении наземная парковка, поэтому всегда можно найти место для автомобиля. В здании работают два лифта — пассажирский и грузовой, что удобно для перемещения крупногабаритных вещей.

Район прекрасно развит: рядом находятся школы, детские сады и магазины, что делает его удобным для жизни. До станции метро ""Бульвар Дмитрия Донского"" можно добраться на автомобиле за 12 минут, обеспечивая быстрый доступ к центру Москвы и другим районам. 
В пешей доступности: - 2 новые школы - Детский сад - Поликлиника - Торговый центр - Фитнес-зал - Во дворе дома просторная зона для прогулок. Пятерочка, Магнит, Вкусвилл - все рядом, буквально в двух шагах. Рядом с домом есть множество пунктов выдачи различных маркетплейсов, аптек и кафе..

Продажа осуществляется от собственника, что упрощает процесс сделки. Возможна покупка в ипотеку. Все документы готовы к быстрому оформлению.
Никто не прописан, свободная продажа,не в ипотеке. Мат капитал не использовался.
Юридические аспекты: Обременений нет. 



Звоните!",,62.0,10.8,174.2
https://vidnoye.cian.ru/sale/flat/311716299/,https://images.cdn-cian.ru/images/2360502037-4.jpg,ЖК «Бутово парк 2»,"Московская область, м. Бульвар Дмитрия Донского, Ленинский городской округ, Дрожжино пгт, шоссе Новое, 7к1",Транспортом,10000000.0,161290.0,2.0,12.0,25.0,62.0,"Код объекта: 1348201.
 ЖК Бутово Парк 2, дом серии П-111М.
Квартира 2-ух комнатная 62 м2 с учетом лоджии (без лоджии 57.7 м2) полностью меблирована и оборудована мебелью и техникой.

УДОБНАЯ И ФУНКЦИОНАЛЬНАЯ ПЛАНИРОВКА: 
Комната 18.3 м2  с выходом на лоджию 5м2
Комната 12.3 м2
Кухня 11.6 м2
Просторная прихожая
Два с/у и ванная отдельно 

ТРАНСПОРТНАЯ ДОСТУПНОСТЬ : 2-3 минуты пешком до автобусной остановки; быстрый выезд на Варшавское шоссе; 15 минут пешком до ст. МЦД Бутово (пешком); 15 минут до станции метро Бульвар Дмитрия Донского и Анино (транспортом);  ИНФРАСТРУКТУРА И БЛАГОУСТРОЙСТВО - Во дворе дома детская игровая площадка, детские садики, школы, поликлиника, Храм, парковая зона, рыбалка. В пешей доступности торговые центр, продуктовые сетевые магазины, бытовые сервисы, фитнес-центр. 

Свободная продажа.
Быстрый выход на сделку.",,62.0,10.0,161.3
https://vidnoye.cian.ru/sale/flat/307186402/,https://images.cdn-cian.ru/images/kvartira-drozhzhino-novoe-shosse-2264837636-4.jpg,ЖК «Бутово парк 2»,"Московская область, м. Бульвар Дмитрия Донского, Ленинский городской округ, Дрожжино пгт, шоссе Новое, 3",Транспортом,9300000.0,162872.0,2.0,21.0,25.0,57.1,"ЖК Бутово Парк 2, до МЦД Бутово 7 мин/тр, до м; Бульвар Дмитрия Донского 12 мин/тр., до остановки общественного транспорта 5 мин/пешком, развитая инфраструктура микрорайона в пешей доступности, школы, д/сады, магазины, супермаркеты, поликлиники детская и взрослая, аптеки, рядом с благоустроенной прогулочной зоной, окна во двор, ухоженная придомовая территория, современная детская площадка, парадная входная группа, хорошие соседи, квартира  в жилом состоянии, санузел раздельный, комнаты изолированные (18-12) м2,  кухня 12м2, лоджия из кухни,  документы больше 5 лет, полная стоимость, обременений нет, прямая продажа!",,57.1,9.3,162.9
https://vidnoye.cian.ru/sale/flat/311050017/,https://images.cdn-cian.ru/images/2346069516-4.jpg,,"Московская область, м. Бульвар Дмитрия Донского, Ленинский городской округ, Боброво пгт, улица Крымская, 19",Транспортом,9400000.0,152104.0,2.0,10.0,17.0,61.8,"Номер в базе: 980193. Продается видовая двухкомнатная квартира со свежим ремонтом.

О КВАРТИРЕ: планировка  распашонка. Комнаты 18 и 14 кв.м. Кухня 12,8 кв.м. В холле вместительный шкаф. Санузел раздельный с ванной, раковиной и стиральной машиной. В квартире имеется застекленная лоджия и балкон.

Квартира теплая и уютная. На окнах  двухкамерные стеклопакеты.

Высота потолков 2,64 м.

Пол - ламинат.

Благодаря высокому этажу  шикарные виды из окон.

Только что окончен ремонт.

О ДОМЕ: 

Застройщик  ПИК. Серия П44Т. Год постройки 2016. Дом панельный. УК ""ПИК-Комфорт"" - все управляется из приложения.

Подъезд с домофоном. Консьержа нет  нет лишних расходов. В доме 2 современных лифта. Мусоропровод в доме закрыт - нет грызунов и насекомых. 

ИНФРАСТРУКТУРА: 
Рядом есть все, что нужно для жизни  Пятерочка, ВкусВилл и Верный, аптеки, кофейни, пекарни, доставки WB и Ozon. 

Детские сады, школы.

ТРАНСПОРТНАЯ ДОСТУПНОСТЬ: 

6 мин на машине до ст.м. ""Бутово"", 10 мин. на машине до ст. м. ""Бульвар Дмитрия Донского"", 10 мин. на машине до ст. м. ""Улица Старокачаловская"".

ДОКУМЕНТЫ: общая совместная собственность супругов. Никто не прописан. ДДУ 2015 г. Свободная продажа.

ДОПОЛНИТЕЛЬНЫЕ БЕСПЛАТНЫЕ УСЛУГИ: одобрение ипотеки, сопровождение сделки под ключ. 
Код пользователя: 107329",,61.8,9.4,152.1
https://vidnoye.cian.ru/sale/flat/311625229/,https://images.cdn-cian.ru/images/kvartira-bulatnikovo-2358651591-4.jpg,ЖК «Булатниково»,"Московская область, м. Бульвар Дмитрия Донского, Ленинский городской округ, д. Жабкино, Булатниково мкр, 12",Транспортом,7500000.0,152749.0,2.0,2.0,4.0,49.1,"Предлагается к продаже светлая, уютная квартира. Комплекс расположен в красивом месте, в непосредственной близости к сосновому бору и водохранилищу. Шикарная природа, тишина, чистый воздух. Комплекс малоэтажный, в каждом доме лифт и кладовые в цокольном этаже. Квартира с новым ремонтом, изолированные комнаты, большая остекленная лоджия и раздельный санузел. Площадь с учётом лоджии 49,1 кв.м, без лоджии 46,1 кв. м. Один взрослый собственник, без обременений и мат.капитала. Показ по предварительной договоренности.",,49.1,7.5,152.7
https://vidnoye.cian.ru/sale/flat/309727791/,https://images.cdn-cian.ru/images/kvartira-butovo-park-2319605857-4.jpg,,"Московская область, м. Бульвар Дмитрия Донского, Ленинский городской округ, Бутово рп, Бутово Парк ЖК, 7",Транспортом,9900000.0,193738.0,2.0,17.0,17.0,51.1,"ЖК Бутово-парк . Квартира в отличном состоянии, укомплектована всем необходимым для комфортного проживания.  Последний  этаж с шикарным видом на закаты, сверху полноценных тех.этаж. Полная стоимость в договоре, один взрослый собственник, зарегистрированных нет . До МЦД Бутово 15 минут пешком . Вся инфраструктура, школа, сад , фитнес клуб, все в шаговой доступности .",,51.1,9.9,193.7
https://vidnoye.cian.ru/sale/flat/298564073/,https://images.cdn-cian.ru/images/2101262062-4.jpg,ЖК «Бутово парк 2»,"Московская область, м. Бульвар Дмитрия Донского, Ленинский городской округ, Дрожжино рп, улица Южная, 3",Транспортом,9799000.0,207606.0,2.0,24.0,25.0,47.2,"Id 20259. Стильная светлая квартира в современном новом доме в ЖК Бутово Парк 2. В квартире все остается - заезжай и живи! Удобная транспортная доступность до метро Бульвар Дмитрия Донского, Аннино МЦД Бутово. Развивающаяся инфраструктура микрорайона - поликлиники, детские сады, школа, магазины, аптеки. В шаговой доступности зона отдыха - пруды, лес, где возможна рыбалка, катание на лодках и катамаранах в летнее время. Квартира просторная и комфортная для проживания, продается с мебелью. Заезжай и живи ! Удобная планировка : кухня, гостиная/детская/кабинет  и отдельная спальня с гардеробной комнатой. Встроенная кухня с бытовой техникой- варочная панель, холодильник, морозильная камера, духовой шкаф, микроволновая печь, посудомоечная машина.  В санузле есть стиральная машинка. В комнате 2-х спальная  кровать, прикроватная тумбочка, консоль, туалетный столик, гардеробная. Выведены розетки под ТВ зону. Гостиная располагает всем для приятного отдыха и активной красивой жизни - мягкий диван,  горка с местами для хранения. В коридоре большой вместительный шкаф, консоль, часы, пуфик.  Вся мебель и техника остается в квартире! Квартира юридически и физически свободна. 1 взрослый собственник. Прямая продажа. Полная стоимость в ДКП. Документы готовы к сделке",,47.2,9.8,207.6
https://www.cian.ru/sale/flat/305858431/,https://images.cdn-cian.ru/images/2241296166-4.jpg,,"Москва, ЮЗАО, р-н Северное Бутово, м. Бульвар Дмитрия Донского, Старобитцевская улица, 17К3",Пешком,16499000.0,284466.0,2.0,21.0,22.0,58.0,"Прямой представитель собственника! 

Продается 2-х комнатная квартира.

Теплая, уютная квартира с удобной, просторной планировкой. Общая площадь 58,6 кв.м. площадь кухни 10.1 кв.м., две изолированные комнаты 20.1 кв.м. и 14.0 кв.м., с/у раздельный, балкон. Все окна оснащены стеклопакетами. Расположена на 21 этаже дома. Из квартиры открывается красивейший панорамный вид!

Благоустроенный двор с детскими и спортивными площадками.

Развитая инфраструктура района создает базис для комфортной жизни: детские сады, школы, поликлиника, фитнес-центры, магазины, салоны красоты, аптеки, пункты выдачи, кафе, ТЦ с парковкой, кинотеатр.

Две большие прогулочные парковые зоны в 5 минутах ходьбы.

Удобная транспортная доступность:

м. ""Бульвар Дмитрия Донского"" 10 минут пешком, м. ""Лесопарковая"" 10 минут пешком, большой выбор наземных маршрутов Мосгортранс, быстрый выезд на Варшавское шоссе, Симферопольское шоссе, МКАД с улицы Старобитцевская.

Один взрослый собственник, полная стоимость в договоре!",,58.0,16.5,284.5
https://vidnoye.cian.ru/sale/flat/308203547/,https://images.cdn-cian.ru/images/kvartira-suhanovo-2288267491-4.jpg,,"Московская область, м. Бульвар Дмитрия Донского, Ленинский городской округ, д. Суханово, 3",Транспортом,2700000.0,120000.0,,,,,"Продается уютная 2-комнатная квартира в деревне Суханово, Московская область. Общая площадь квартиры составляет 22.5 кв. м, расположена на первом этаже кирпичного дома. Дом всего в один этаж, что обеспечивает комфортное проживание без соседей сверху. До метро ""Бульвар Дмитрия Донского"" можно добраться на автомобиле всего за 15 минут.
Квартира без ремонта, что позволяет вам воплотить любые дизайнерские идеи и создать пространство по своему вкусу. Площадь кухни составляет 7 кв. м, что идеально подходит для организации уютной обеденной зоны. Окна выходят во двор, поэтому в квартире всегда тихо и спокойно. Санузел совмещенный.
Дом находится в хорошем состоянии и располагает наземной парковкой, поэтому вы всегда найдете место для своего автомобиля. Кирпичные стены обеспечивают отличную звукоизоляцию и тепло.
В шаговой доступности от дома расположены школы, детские сады и магазины. Это удобно для семей с детьми и тех, кто ценит развитую инфраструктуру. Все необходимое для комфортной жизни находится рядом.
Квартира продается без обременений, документы готовы к сделке.Идеальный вариант для тех, кто ищет спокойное место вблизи Москвы. 
Приглашаем вас на просмотр! Звоните, чтобы договориться о времени и убедиться в преимуществах этого предложения лично.",,nan,2.7,120.0
https://www.cian.ru/sale/flat/303762528/,https://images.cdn-cian.ru/images/2201401379-4.jpg,ЖК «Эталон-Сити»,"Москва, ЮЗАО, р-н Южное Бутово, м. Бульвар Дмитрия Донского, улица Поляны, 5",Транспортом,21000000.0,345395.0,2.0,16.0,31.0,60.8,"Арт. 68489248 Подходит под ипотеку от 11.75%
Продается светлая и большая двухкомнатная квартира с отличным ремонтом!
------------------------------------------------- -----
- Параметры сделки:
Сопровождение сделки на всех этапах
1 взрослый собственник, без обременений
Подходит под ипотеку
Можно использовать материнский капитал в счет первоначального взноса.
Быстрый выход на сделку.
------------------------------------------------- -----
Описание:
-Продaётся простoрная двухкомнaтная квaртиpa c дизайнерским peмoнтoм в жилoм кoмплексе ""Эталон-Сити"".
-Ремонт из высококачественных материалов. Делался для себя!
-Окна выходят во двор! Открывается прекрасный вид на экопарк!
-В квартире никто не проживал!
-Район со сложившейся инфраструктурой: школы и детские сады в шаговой доступности, торговые центры!
-Экологически чистый район. В окружении лесов и парков (Бутовский лесопарк, экопарк Северное Бутово, парк Битца, парк Южное Бутово)!
-Есть возможность приобретения автомобильной парковки в подземном паркинге за дополнительную стоимость.
------------------------------------------------- -----
Транспортная доступность:
-В пешей доступности (2 минуты) находится остановка общественного транспорта.
-До метро Бульвар Дмитрия Донского и м Старокачаловская 9 минут на автобусе или 25 минут прогулочным шагом через лесопарк.
До метро Улица Скобелевская 8 минут на автобусе или 15 минут прогулочным шагом.
До МЦД Бутово 12 минут на автобусе.
До МКАДа 4км на машине.
------------------------------------------------- -----
- Параметры квартиры:
Жилая площадь - 30 м
Кухня - 12 м
Быстрый выход на сделку!
БОНУС ОТ САМОЛЕТ ПЛЮС: Чистота сделки, помощь с одобрением ипотеки под 10.5%, бесплатная смета по дизайнерскому ремонту, можем включить ремонт в тело ипотеки.
Гарантия юридической чистоты сделки от компании.
Звоните. Записывайтесь на показ объекта прямо сейчас.
Рады будем ответить на все ваши вопросы с 9:00 до 21:00.",,60.8,21.0,345.4
https://vidnoye.cian.ru/sale/flat/311381606/,https://images.cdn-cian.ru/images/kvartira-suhanovo-park-parkovaya-ulica-2353396372-4.jpg,ЖК «Суханово Spa Deluxe»,"Московская область, м. Бульвар Дмитрия Донского, Ленинский городской округ, д. Суханово, Суханово Парк ЖК, улица Парковая, 1к5",Транспортом,13600000.0,213501.0,2.0,3.0,5.0,63.7,"В закрытом охраняемом малоэтажном ЖК бизнес класса Суханово Спа Делюкс Продаётся 2х комнатная квартира 63.7 кв.м.БЕЗ ОТДЕЛКИ. За счёт окон планируется как евротрешка, либо двушка (есть готовые дизайн проекты). Квартира светлая за счёт расположения окон на юг и запад. ЖК оснащен детскими и спортивными площадками, расположившимися в тени леса. Главной фишкой проекта является собственный фитнес клуб Высота с 2 мя бассейнами, зонами Спа, залами групповых занятий и детской академией спорта, а также кафе Витае и подземным паркингом (здесь можно приобрести или арендовать машиноместо). В непосредственной близости расположена широкая коммерческая и социальная инфраструктура. А также наземная парковка. Рядом находится частный детский сад и школа Гулливер. Магазины, аптека, салон красоты, пиццерия расположены в соседнем доме. В Жилой Комплекс приезжают все доставки известных сетевых магазинов, пункты Маркетплейсов (Озон, Яндекс Маркет, Вайлдберриз) в шаговой доступности. Удобная транспортная доступность, остановка автобуса и маршрутного такси рядом с ЖК. Время в пути до метро Бульвар Дмитрия Донского или МЦД Бутово, а также жд станции Расторгуево около 15-20 минут. Возможна ипотека. Оперативные показы.",,63.7,13.6,213.5
https://vidnoye.cian.ru/sale/flat/307340865/,https://images.cdn-cian.ru/images/kvartira-butovo-park-2268517939-4.jpg,ЖК «Бутово парк»,"Московская область, м. Бульвар Дмитрия Донского, Ленинский городской округ, Бутово рп, Бутово Парк ЖК, 15",Транспортом,12900000.0,222798.0,2.0,8.0,25.0,57.9,"Продается уютная и современная двухкомнатная квартира в жилом комплексе ""Бутово Парк"", расположенном в рабочем посёлке Бутово, Ленинский городской округ, Московская область. Общая площадь квартиры составляет 57.9 кв.м, жилая площадь — 30 кв.м, площадь комнат - 17,3 и 12,7, а площадь кухни — 15 кв.м. Квартира находится на 8-м этаже 25-этажного дома. 
В квартире сделан качественный евроремонт. Просторная кухня идеально подходит для семейных обедов и ужинов. Высокие потолки (2.8 метра) создают ощущение простора и света. В квартире есть балкон с видом во двор, где можно наслаждаться утренним кофе. Санузел раздельный, что обеспечивает дополнительное удобство. Большой коридор, где можно разместить встроенный шкаф. Квартира полностью готова к проживанию.

Дом, в котором находится квартира, оснащен современными удобствами: здесь есть подземная парковка, два пассажирских и один грузовой лифты, а также пандус для удобства маломобильных граждан. Жилой комплекс находится в отличном состоянии, территория благоустроена и ухожена. Дом расположен внутри и в центре вартала, в квартире тихо, а от дома удобно добираться до объектов инфраструктуры. Дом монолитный, не панельный. 

Инфраструктура района прекрасно развита: рядом с домом находятся школы, детские сады, магазины и другие необходимые объекты социальной инфраструктуры. Всё это делает проживание здесь комфортным и удобным.

Квартира продается по договору купли-продажи. Юридически чистый объект. Возможна покупка в ипотеку. 

Записывайтесь на просмотр и приезжайте оценить все преимущества этой замечательной квартиры!",,57.9,12.9,222.8
https://vidnoye.cian.ru/sale/flat/309448341/,https://images.cdn-cian.ru/images/kvartira-yuzhnaya-bitca-botanicheskaya-ulica-2314165559-4.jpg,ЖК «Южная Битца»,"Московская область, м. Бульвар Дмитрия Донского, Ленинский городской округ, пос. Битца, Южная Битца ЖК, улица Ботаническая, 11",Транспортом,10999000.0,258192.0,2.0,21.0,25.0,42.6,"Продается уютная видовая квартира в современном и перспективном районе — п. Битца, Южный бульвар 6. Жилой комплекс комфорт-класса предлагает продуманную инфраструктуру и сочетание городской динамики с природным окружением, создавая идеальные условия для комфортной жизни.

 Квартира располагается на высоком этаже, откуда из окон открываются красивые виды. что позволит вам каждый вечер наслаждаться потрясающими пейзажами и природной красотой прямо из окон. Это редкое сочетание комфорта городской жизни с умиротворяющим ощущением уединенности и близости к природе.
 В квартире выполнен хороший  ремонт. Потолки  натяжные, пол  ламинат, санузел  совмещенный  выложен  кафелем. Планировка квартиры: Кухня - гостиная, спальня с выходом на балкон.  

На внутренней территории комплекса обустроены детские и спортивные площадки, зоны для отдыха и прогулок с элементами ландшафтного дизайна. Также предусмотрены сети пешеходных, вело- и беговых дорожек, зоны воркаута, скейтпарк и площадка для выгула собак. Всё это создаёт гармоничное пространство для активного образа жизни и отдыха всей семьёй.

В шаговой доступности расположены супермаркеты, кафе, аптеки и другие объекты инфраструктуры, необходимые для комфортной жизни. Также поблизости находятся крупные торговые центры, такие как гипермаркет Леруа Мерлен, ТРЦ Шелковый путь и ТРЦ Мега Теплый стан, что обеспечивает удобство покупок и разнообразие досуга. Всего в нескольких километрах расположены лесопарковая зона Подольского лесничества и Бутовский лесопарк, где всегда можно отдохнуть на природе и насладиться чистым воздухом.

Район имеет отличную транспортную доступность благодаря новым транспортным развязкам, которые обеспечивают быстрый выезд на Варшавское и Симферопольское шоссе, а также удобный доступ к МКАД. Это позволяет легко и быстро добираться до центра Москвы и других районов Подмосковья.

Эта квартира — идеальное сочетание комфорта, потрясающих видов, продуманной инфраструктуры и близости к природе. Прекрасный выбор для тех, кто ценит качество, удобство и стремится наслаждаться каждым моментом жизни. Один  взрослый собственник.  Документы  готовы к Сделке .   Звоните и записывайтесь на просмотр!",,42.6,11.0,258.2
https://vidnoye.cian.ru/sale/flat/300550926/,https://images.cdn-cian.ru/images/2142261854-4.jpg,ЖК «Восточное Бутово»,"Московская область, м. Бульвар Дмитрия Донского, Ленинский городской округ, Боброво пгт, улица Крымская, 19к1",Транспортом,9500000.0,150555.0,2.0,11.0,17.0,63.1,"Id 42903. Продается уютная евро 3 комнатная квартира в ЖК ""Восточное Бутово"".
2 санузла( раздельный и совмещенный), просторная прихожая. 

также есть отдельная комнатка, можно использовать как кладовую либо как не большая гардеробная. квартира частично укомплектованная. продается в таком виде как на фото, никто не проживает. на этаже так же есть общая кладовка под замком, где можно хранить личные вещи. 

Рядом с домом расположены все необходимые объекты инфраструктуры: детский сад Бобренок, Бутовская средняя общеобразовательная школа 1, Видновская районная клиническая больница, поликлиника, сетевые магазины, супермаркеты Верный, Пятёрочка и ВкусВилл, магазин с доставкой полезных продуктов. торговый центр,  фитнес центры, салоны красоты.

Практически со всех сторон комплекс окружен лесными массивами, что позволит круглый год наслаждаться чистым воздухом.

Удобный выезд на МКАД, Варшавское и Симферопольское шоссе

15 минут на транспорте до станции метро ""Бульвар Дмитрия Донского"" или до станции МЦД ""Бутово"".

Один собственник,
Без обременений.
Полная сумма.
никто не прописан.
Полное юридическое сопровождение.
Быстрый выход на сделку! звоните

Транспортная доступность: От м. Аннино, м. Бульвар Дмитрия Донского ( серая ветка метро) - 15-20 минут на маршрутке.
до МЦД Бутово 15 минут,
Бутово-Царицыно 15 минут
до Курского вокзала 40 минут",,63.1,9.5,150.6
https://vidnoye.cian.ru/sale/flat/308500813/,https://images.cdn-cian.ru/images/kvartira-drozhzhino-yuzhnaya-ulica-2294227387-4.jpg,ЖК «Бутово парк 2»,"Московская область, м. Бульвар Дмитрия Донского, Ленинский городской округ, Дрожжино рп, улица Южная, 7",Транспортом,8000000.0,224090.0,2.0,3.0,25.0,35.7,"Продается связи расширением жилой площади, ищем на одну комнату больше. 
Квартира без Долгов и кредитов один собственник .",,35.7,8.0,224.1
https://vidnoye.cian.ru/sale/flat/306646254/,https://images.cdn-cian.ru/images/kvartira-butovo-park-2337669071-4.jpg,,"Московская область, м. Бульвар Дмитрия Донского, Ленинский городской округ, Бутово рп, Бутово Парк ЖК, 23к2",Транспортом,14500000.0,193333.0,2.0,8.0,23.0,75.0,"ЖК Бутово парк. БЫСТРЫЙ ВЫХОД НА СДЕЛКУ, АЛЬТЕРНАТИВА ПОДОБРАНА, . Экологичный район ближайшего Подмосковья со сложившейся инфраструктурой  рядом с лесным массивом . Кирпично-  монолитная  башня  бизнес класса расположена в удалении от трассы. Огороженная территория .Охрана. Подземный паркинг. Закрытый  двор с ландшафтным дизайном, детскими площадками, магазинами, гостевой парковкой Мраморная входная группа, скоростные лифты, идеальная чистота.  Квартира с  дизайнерским ремонтом, ЕВРОТРЕШКА   с кухней-гостиной.  красивое многоуровневое освещение, 2 санузла, с ванной и душевой кабиной.(см план) Теплый пол, кондиционер. Покрытие пола массив дерева, пробка, керамогранит. Удобный выезд на 
Варшавское, Симферопольское,  Расторгуевское шоссе. До метро 4 Бульвар Дмитрия Донского 4 остановки на общественном транспорте. Остановка рядом с домом. Первичные документы- покупка у застройщика, юридически свободна..1 собственник,полная стоимость При желании возможно приобрести принадлежащее собственнику увеличенное машиноместо 21 кв м в соседнем подземном паркинге .",,75.0,14.5,193.3
https://vidnoye.cian.ru/sale/flat/298556548/,https://images.cdn-cian.ru/images/kvartira-bulatnikovo-2101093434-4.jpg,ЖК «Булатниково»,"Московская область, м. Бульвар Дмитрия Донского, Ленинский городской округ, д. Жабкино, Булатниково мкр, 13",Транспортом,6700000.0,157277.0,2.0,4.0,4.0,42.6,"Продается двухкомнатная квартира с чистовой отделкой (white box). Дом сдан в 2023 г. В квартире никто не жил. Вся инфраструктура в шаговой доступности. Комплекс состоит из малоэтажных корпусов, рядом лес, рыбалка и зона отдыха. На территории комплекса всегда есть где припарковаться. А также на территории комплекса несколько детских и спортивных площадок. В квартире сделан ремонт от застройщика, можно заехать и жить. В квартире большая кухня-гостиная 19м2 с выходом на лоджию и отдельная большая спальня 14 кв2.

Основные характеристики:
Этаж 4 из 4
Количество комнат 2
Общая площадь 42,6 м2
Жилая площадь 32 м2
Площадь кухни 5,5 м2
Высота потолков 2,7 м
Лоджия 1
Санузел совместный
Ремонт white box

Транспортная доступность
Станция МЦД Битца в пешей доступности. Из пос. Измайлово на автобусе до метро Улица академика Янгеля. Удобный выезд на Троицкую улицу и МКАД. 

Документы: один взрослый собственник, перепланировок нет, прописанных нет, без обременений, свободная продажа, полная стоимость в ДКП, подходит под ипотеку.
Агентам просьба не беспокоить.",,42.6,6.7,157.3
https://www.cian.ru/sale/flat/311222269/,https://images.cdn-cian.ru/images/2356313345-4.jpg,ЖК «Эталон-Сити»,"Москва, ЮЗАО, р-н Южное Бутово, м. Бульвар Дмитрия Донского, улица Поляны, 5",Транспортом,29800000.0,398929.0,2.0,24.0,33.0,74.7,"Id 50803716. Продаётся просторная 2х комнатная квартира 70,7+4 (лоджия), кухня 12,5, комната 23,7, спальня 16,5  с МЕБЕЛЬЮ И ТЕХНИКОЙ в жилом комплексе ""Эталон-Сити"".
Выполнен ДИЗАЙНЕРСКИЙ РЕМОНТ из дорогих высококачественных материалов.  Керамогранит и плитка итальянского бренда casalgrande padana,
двери волховец, гардеробная elfa, сантехника villeroy boch, установлены датчики протечки воды, подоконники, столешница, фартук натуральный мрамор бьянка карара, полы инженерная доска под маслом выкрас под заказ, кондиционеры Daikin, кухня МАРИЯ, фасады из шпона, бытовая техника neff, холодильник liebherr no frost, стиральная машинка с сушкой 2 в 1 LG, диван SK дизайн. 
""Эталон Сити"" - современный и уютный жилой комплекс, расположенный в сердце ""Бутово"". Рядом с ним находится прекрасный лесопарк, а также в шаговой доступности школы, салоны красоты, фитнес клуб, магазины, кафе и рестораны. Территория ограждена и охраняется. Есть подземный паркинг (можем сдать в аренду). Это оптимальное место для комфортной и стильной жизни. 
15 минут пешком до станции метро Улица Скобелевская, 20  минут пешком до станции метро Бульвар Дмитрия Донского
и улица Старокачаловская.
СВОБОДНАЯ ПРОДАЖА. 1 собственник. Вся стоимость в ДКП.",,74.7,29.8,398.9
https://vidnoye.cian.ru/sale/flat/299091302/,https://images.cdn-cian.ru/images/kvartira-bobrovo-krymskaya-ulica-2111335724-4.jpg,,"Московская область, м. Бульвар Дмитрия Донского, Ленинский городской округ, Боброво пгт, улица Крымская, 15",Транспортом,11799000.0,196650.0,2.0,5.0,17.0,60.0,"Агентам не звонить!!    Просьба звонить после 18:00 до 21:00!!!!
Уютная двушка с потрясающими закатами и окнами на 3 стороны. 
Продаём свою любимую инстаграмную квартиру, в которой продумано все до мелочей :)все делали для себя, качественные материалы, дорогие французские распашные двери с итальянской фурнитурой. 
Обжитый район с школами, детскими садами и своей поликлиникой. Транспортная доступность, рядом лес 

Кухня 13 метров с встроенным диваном с системой хранения, с качественной  встроенной техникой (ПМ, духовой шкаф, индукционная варочная панель),  кухонные МДФ фасады, столешница из натурального дерева. 
2 утепленных балкона (остекление меняли - теплое двухкамерное) один из которых переоборудован в кабинет с теплым полом ,встроенной столешницей, диванчиком.  На другом балконе встроенный шкаф. На каждом балконе свет и розетки. 

Просторные комнаты. Зона спальни и зона гостиной отделена шторой, в гостиной электрический камин, свет с диммером (настраиваете любую яркость). В зоне спальни проходной выключатель- можно включить/выключить свет в коридоре. Удобные бра для чтения книг. За книжным шкафом напротив кровати розетки для ТВ+IP. В зоне эркера в гостиной так же розетки с IP(можно организовать рабочее место). 

Встроенные шкафы в коридорах (прихожая и зона напротив ванной). При открывании дверцы шкафа включаться подсветка. 
В детской большой зеркальный шкаф Икеа с продуманной системой хранения (штанги, выдвижные ящики, полки). 
В коридоре и санузле теплые полы.
Санузел совмещенный, большой. Стиральная машина стоит в шкафу, над ней организована большая система хранения!

Фишка нашей квартиры-окно в санузле на кухню. Позволяет проникать свету в ванную. Моя посуду, можно наблюдать как купаются детки. Со стороны ванной римская штора) вас никто не увидит 

Очень любим нашу квартиру, делали для себя, прожили там счастливые 5 лет. В квартире сейчас проживает наша мама, никто не прописан, обременений нет, свободная продажа. Продается частично с мебелью и техникой",,60.0,11.8,196.7
https://vidnoye.cian.ru/sale/flat/311923834/,https://images.cdn-cian.ru/images/2364818718-4.jpg,,"Московская область, м. Бульвар Дмитрия Донского, Ленинский городской округ, Бутово пгт, Бутово Парк ЖК, 7",Транспортом,10500000.0,205882.0,2.0,5.0,17.0,51.0,"Вашему вниманию предлагается светлая двухкомнатная квартира в уютном жилом комплексе Бутово-Парк, расположенная по адресу: Московская область, Ленинский район, Бутово рп., д. 7.   
  
 Квартира общей площадью 51 м² с изолированными комнатами 17 и 13 м² является идеальным вариантом для молодой семьи или для тех, кто ценит комфорт и уют. Здесь вы найдете отдельный санузел и удобную кухню площадью 10 м², что делает жилье еще более функциональным. К тому же в квартире имеется балкон, где приятно провести время на свежем воздухе.  
  
 Важно отметить, что квартира продается с мебелью и бытовой техникой, включая варочную панель, микроволновку, вытяжку, холодильник, посудомойку и стиральную машинку. Просторный шкаф с зеркальными дверями станет отличным решением для хранения ваших вещей. Ремонт косметический  вы можете сразу заехать и наслаждаться жизнью в новом доме!  
  
 Подъезд чистый и ухоженный, есть консьерж для вашего удобства. Инфраструктура района развита: в шаговой доступности находятся школы, детские сады, сетевые магазины и фитнес-клубы.   
 Хорошая транспортная доступность: всего в нескольких минутах находятся остановки с автобусами до метро Дмитрия Донского и станции МЦД Бутово. Это позволит вам быстро добираться в любую точку города.   
Не упустите возможность стать владельцем уютной квартиры в тихом и зеленом районе!  Звоните и записывайтесь на просмотр прямо сейчас!",,51.0,10.5,205.9
https://vidnoye.cian.ru/sale/flat/308642749/,https://images.cdn-cian.ru/images/kvartira-butovo-park-2297663512-4.jpg,,"Московская область, м. Бульвар Дмитрия Донского, Ленинский городской округ, Бутово рп, Бутово Парк ЖК, 2",Транспортом,11200000.0,186356.0,2.0,3.0,17.0,60.1,"Продается светлая, уютная, комфортная  двухкомнатная квартира на  3м этаже 17этажного дома в ЖК ""Бутово Парк"" .
Общая площадь квартиры  60.1 кв.м., жилая площадь — 34 кв. м.,
кухня — 13.5 кв. м. 
В квартире выполнен косметический ремонт,
что позволяет вам сразу заехать и жить в комфортной обстановке.
Стены покрашены,
пол- паркетная доска.
Планировка включает две раздельные  комнаты и раздельный санузел, 
что особенно удобно для семьи. 
Из окон открывается вид как во двор, так и на улицу, а две огромные лоджии добавляют дополнительное пространство для размещения вещей и для отдыха.
Ухоженный двор, 
300м. от дома расположена дубовая роща. 
Район отличается развитой инфраструктурой: 
рядом школы, детские сады и магазины, поэтому все необходимое для жизни будет под рукой. 
3 км. от МКАД. 
Общественным транспортом  две автобусные остановки до станций метро Старокачаловская и Бульвар Дмитрия Донского.
Рядом станция МЦД Бутово.
Договор купли-продажи квартиры 2015г. от застройщика.
Никто не зарегистрирован.
Свободная продажа квартиры.
Собственник.",,60.1,11.2,186.4
https://vidnoye.cian.ru/sale/flat/309888100/,https://images.cdn-cian.ru/images/2322999729-4.jpg,,"Московская область, м. Бульвар Дмитрия Донского, Ленинский городской округ, Лопатино пгт, улица Сухановская, 1",Транспортом,8850000.0,165979.0,2.0,9.0,9.0,53.32,"Продаем просторную, светлую квартиру в ЖК ""Государев дом""!  
  
Двухкомнатная квартира с выполненным евроремонтом и мебелью, что позволит быстро заехать не тратя силы на ремонт.  
  
Сам комплекс с красивой европейской архитектурой, расположенный в 5 км от МКАД на границе с г. Видное. В шаговой доступности от комплекса остановка общественного транспорта до метро Аннино, Бульвар Дмитрия Донского, МЦД-2 Бутово. Для автомобилей предусмотрены наземные паркинги.  
  
Практически со всех сторон объект окружен водоемами и лесными массивами, что позволяет круглый год наслаждаться чистым воздухом.  
  
Благоустроенная инфраструктура: В шаговой доступности множество магазинов, школа, детский сад, заведения, площадка для выгула собак, ТЦ ""Аструм-Видное"".   
В ближайшее время состоится открытие многопрофильной поликлиники.  
Территория вокруг дома благоустроена, оснащена разнообразием детских площадок и спортивных комплексов.  
  
Два взрослых собственника, полная сумма в договоре.",,53.3,8.8,166.0
https://vidnoye.cian.ru/sale/flat/311945050/,https://images.cdn-cian.ru/images/kvartira-vidnoe-mstislava-rostropovicha-bulvar-2365294844-4.jpg,ЖК «Видный город»,"Московская область, Видное, м. Бульвар Дмитрия Донского, бульвар Мстислава Ростроповича, 3к2",Транспортом,9300000.0,143077.0,2.0,8.0,8.0,65.0,"Пожалуй лучшая двушка во всем ЖК. Последний этаж с панорамными окнами и высотой потолков 3,8. Отличный вид из окна. Из лоджии можно делать зимнюю оранжерею или кабинет.
ВНИМАНИЕ! дом находится за пределами  вибрационной зоны новой магистрали. 
Один собственник. Без обременений. Свободная продажа!",,65.0,9.3,143.1
https://vidnoye.cian.ru/sale/flat/311740298/,https://images.cdn-cian.ru/images/2360990145-4.jpg,ЖК «Южная Битца»,"Московская область, м. Бульвар Дмитрия Донского, Ленинский городской округ, пос. Битца, Южная Битца ЖК, улица Парковая, 3",Транспортом,19500000.0,270833.0,2.0,2.0,5.0,72.0,"Номер лота: вт-0423231.
Светлая уютная 2-комнатная квартира с качественным ремонтом в стиле ""прованс-кантри"" в ЖК бизнес-класса ""Суханово-парк"". Кухня-гостиная  30 кв.м., спальня 16 кв.м., удобная нардеробная, хозяйственное помещение. Содействие в получении специальных условий и преференций по ипотеке.",,72.0,19.5,270.8
https://vidnoye.cian.ru/sale/flat/307808346/,https://images.cdn-cian.ru/images/kvartira-drozhzhino-yuzhnaya-ulica-2280932859-4.jpg,ЖК «Бутово парк 2»,"Московская область, м. Бульвар Дмитрия Донского, Ленинский городской округ, Дрожжино рп, улица Южная, 1",Транспортом,8200000.0,209184.0,2.0,4.0,15.0,39.2,"Срочная продажа! Продается светлая, просторная квартира с отделкой в Новом доме в ЖК Бутово Парк-2. Вся инфраструктура в шаговой доступности. Документы в порядке! Готовы к выходу на сделку! Бонус покупателю: помощь в оформлении ипотеки со скидкой до 1%. Звоните, расскажу все что Вас интересует!!!",,39.2,8.2,209.2
https://vidnoye.cian.ru/sale/flat/298700955/,https://images.cdn-cian.ru/images/2103870828-4.jpg,ЖК «Бутово парк 2»,"Московская область, м. Бульвар Дмитрия Донского, Ленинский городской округ, Дрожжино пгт, шоссе Новое, 2",Транспортом,8499000.0,236741.0,2.0,7.0,25.0,35.9,"Id 20339. Современная квартира  в ЖК Бутово Парк 2. Развитая инфраструктура района - в пешей доступности школа, детский сад, поликлиника , аптеки, магазины ""Вкус Вилл"", "" Четыре лапы"", ""Пятерочка"", ""Белорусские продукты"", ""Пекарня"" ,  ТЦ ""Дрожжино"", кафе и др. Парковая зона, зона отдыха с рыбалкой, пруды, удобные детские и спортивные площадки. Транспортное сообщение до метро, до МЦД Бутово - 10-20 минут.   Планируется строительство крупного торгового центра.  Огороженная территория дома, закрытый двор, без машин, вход только для жильцов дома. Вход по коду на этаже. Квартира состоит из отдельной спальни и кухни-гостиной. Все окна во двор. В гостиной встроенная кухня  с барной стойкой  со стульями , встроенная техника - варочная панель, духовой шкаф. 2-х камерный холодильник, вытяжка, есть место под посудомоечную машинку, электрический чайник, микроволновая печь, диван, телевизор , журнальный столик, комод, компьютерный складной столик, стеллаж. В спальне 2-х спальная кровать с 4 ящиками для белья, 2 прикроватные тумбочки, шкаф-купе, светильники. В прихожей шкаф-купе, стиральная машинка в ванной комнате. Вся мебель и техника остается после продажи. Подключен беспроводной интернет. Все счетчики в общем коридоре. В квартире 1 взрослый собственник, физически и юридически она свободна, полная стоимость в договоре, прямая продажа. Ключи на руках",,35.9,8.5,236.7
https://vidnoye.cian.ru/sale/flat/297948534/,https://images.cdn-cian.ru/images/novostroyka-bulatnikovo-2090065459-4.jpg,ЖК «Булатниково»,"Московская область, м. Бульвар Дмитрия Донского, Ленинский городской округ, д. Жабкино, Булатниково мкр, 13",Транспортом,10200000.0,198830.0,2.0,3.0,4.0,51.3,"Продается светлая квартира с кухней-гостиной, большой ванной, видом на лес и чистовой отделкой. Здесь есть возможность жить и дышать свежим воздухом, вокруг тишина и покой.

Парковка на закрытой территории жилого комплекса. Так как комплекс состоит из малоэтажных корпусов, то проблем с парковкой нет. Это не ""человейник"" по 30 этажей :-) 
Сам 13-й корпус находится слегка на возвышенности, а из спальни открывается вид на лес. Так же в квартире есть просторная лоджия с панорамным остеклением. Уютная детская комната или кабинет. Раздельный санузел и ниша для гардероба в прихожей. 

Готовая чистовая отделка позволяет заехать с минимальными вложениями.   

В пешей доступности от ЖК вы сможете найти живописные пруды, платную рыбалку, пейнтбол, рестораны, бани и даже зоопарк, не говоря уже о супермаркетах, аптеках и пр. 

Если вы искали светлую уютную просторную квартиру недалеко от мегаполиса, то вот и она :-) 
Дом построен и заселен. 

Квартира полностью готова к продаже: 1 взрослый собственник, никто не прописан. Документы о собственности на руках, прямая продажа. 
Посмотреть можно в выходные по договоренности по телефону. Возможен торг с реальным покупателем.

Уважаемые агенты, просьба не беспокоить.",,51.3,10.2,198.8
https://vidnoye.cian.ru/sale/flat/310493296/,https://images.cdn-cian.ru/images/kvartira-drozhzhino-novoe-shosse-2334515716-4.jpg,ЖК «Бутово парк 2»,"Московская область, м. Бульвар Дмитрия Донского, Ленинский городской округ, Дрожжино пгт, шоссе Новое, 13",Транспортом,11300000.0,186777.0,2.0,9.0,14.0,60.5,"Просторная квартира для ценителей комфорта и качественного содержания. 

О квартире:
Изолированные комнаты 19/15 метров, большой холл, раздельный санузел, кухня 13м2, 2 застекленные лоджии.

Описание:
В квартире выполнен качественный ремонт с привлечением дизайнера.
Установлена система защиты от протечек Нептун, бойлер электрический.
	Качественная скрытая электропроводка
	Звукоизоляция стен
	Теплые полы
	Установлены кондиционеры
	Отделка стен декоративной штукатуркой, потолки - штукатурка, плитка в мокрых зонах.
	Балконы утеплены, обшиты натуральным бамбуком, теплый пол
	Замена радиаторов и оконных блоков Kaleva с узким профилем
	Кухня Итальянская, мебель новая качественная, техника новая от известных брендов Liebherr, Bosch, Gorenje, Samsung.

Идеальные документы: 
Собственность с 2016 года, первичная. Без ограничений и обременений, прозрачная история владения, 1 взрослый собственник, прямая продажа.
 Показы только по предварительной договоренности, быстрый выход на сделку.

Инфраструктура:
Во дворе находится школа и детский сад, быстро можно добраться до образовательных учебных заведений: Образовательный комплекс градостроительства ""Столица"", Колледж декоративно-прикладного искусства им. К. Фаберже,  Университет спорта и туризма, Московский педагогический колледж и др.
В шаговой доступности сетевые магазины, поликлиника, кафе и рестораны.

Транспортная доступность:
Все остановки и автобусы в шаговой доступности от дома 150 м:
	Бульвар Дмитрия Донского авт. 1201 
	ост.Бутово маршрутка 507K
	Ведётся строительство легкого скоростного метро, остановка в шаговой доступности.
	До метро можно пройти пешком около 30 мин,",,60.5,11.3,186.8
https://vidnoye.cian.ru/sale/flat/311212105/,https://images.cdn-cian.ru/images/kvartira-butovo-park-2349471641-4.jpg,ЖК «Бутово парк»,"Московская область, м. Бульвар Дмитрия Донского, Ленинский городской округ, Бутово пгт, Бутово Парк ЖК, 25",Транспортом,11300000.0,176563.0,2.0,17.0,22.0,64.0,"Продаётся 2-х комнатная квартира в экологически чистом районе с развитой инфраструктурой.
Прямо за домом располагается Бутовский лес. Прекрасное место для отдыха и единения с природой.
При этом в шаговой доступности располагаются школа, детский сад, поликлиника, магазины, фитнес, торговый центр.
Квартира юридически свободна. Один собственник, собственность более 5 лет.
Свободная продажа.
Агентов просьба не беспокоить.",,64.0,11.3,176.6
https://vidnoye.cian.ru/sale/flat/305681224/,https://images.cdn-cian.ru/images/2238200529-4.jpg,ЖК «Бутово парк 2»,"Московская область, м. Бульвар Дмитрия Донского, Ленинский городской округ, Дрожжино пгт, шоссе Новое, 6к2",Транспортом,9800000.0,160656.0,2.0,9.0,17.0,61.0,"Московская область, Ленинский городской округ, рабочий поселок Дрожжино, Новое шоссе, 6к2, ЖК Бутово парк 2 / 2-комн. квартира / 9-й этаж / 17 этажного панельного дома / Общая площадь - 61 кв. м, жилая - 32 кв. м, кухня - 11 кв. м, комнаты 17.5 и 14.5 кв. м (изолир.), с/у раздельный, лоджия. 
 Панельный дом 2018 года постройки. 
Интернет, лифт, мусоропровод, окна во двор и на улицу. 
Состояние отличное, квартира с отделкой, полы - паркет. 
Инфраструктура - развитая инфраструктура, прекрасный зелёный район, всё в пешей доступности: школы, детские сады, торговые центры, поликлиники и т. д. 
Светлая уютная квартира с изолированными комнатами и большим холлом, распашонка, никто не прописан, свободная продажа. 

 Эту квартиру можно купить в ипотеку. 

  
 Контактное лицо: Андрей Григорьевич",,61.0,9.8,160.7
https://podolsk.cian.ru/sale/flat/284579359/,https://images.cdn-cian.ru/images/kvartira-krasnaya-gorka-sadovaya-ulica-1969650155-4.jpg,,"Московская область, Подольск, мкр. Красная горка, м. Бульвар Дмитрия Донского, Красная Горка мкр, улица Садовая, 7",Транспортом,8590000.0,150702.0,2.0,3.0,14.0,57.0,"В продаже просторная квартира в тихом районе ""Красная горка"".
Хороший ремонт делался для себя. Просторная лоджия. Встроенная мебель остаётся.
Рядом есть вся необходимая инфраструктура: школа, дет. сад, сетевые магазины, аптеки, банк, лес для прогулок, река.
Квартира прекрасно подойдет для людей всех возрастов.
Прекрасная транспортная связь с Москвой: МЦД Силикатная и МЦД Подольск в шаговой доступности.
В собственности более 10 лет, 1 собственник, покупалась по ДДУ, физически и юридически свободна, быстрый выход на сделку . Агентам просьба звонить только в случае наличия клиента, вознаграждение агентам готов обсуждать.",,57.0,8.6,150.7
https://vidnoye.cian.ru/sale/flat/288159650/,https://images.cdn-cian.ru/images/kvartira-butovo-park-1748106763-4.jpg,,"Московская область, м. Бульвар Дмитрия Донского, Ленинский городской округ, Бутово рп, Бутово Парк ЖК, 23к2",Транспортом,13600000.0,181092.0,2.0,9.0,23.0,75.1,"Большая двухкомнатная квартира в идеальном состоянии с большой кухней, раздельными комнатами, двумя санузлами , гардеробной, в современном жилом комплексе, продается с новой мебелью и оборудованием, территория с детской площадкой огорожена высоким забором, , въезд через шлагбаум, можем предложить машиноместо в подземном паркинге за отдельную плату, свободная продажа, один взрослый собственник, до метро Аннино 8 минут на московских городских автобусах.",,75.1,13.6,181.1
https://vidnoye.cian.ru/sale/flat/307629612/,https://images.cdn-cian.ru/images/kvartira-vidnoe-galiny-vishnevskoy-ulica-2276102223-4.jpg,ЖК «Видный город»,"Московская область, Видное, м. Бульвар Дмитрия Донского, улица Галины Вишневской, 5",Транспортом,9300000.0,203947.0,2.0,6.0,8.0,45.6,"Продается уютная 2-комнатная квартира с утепленной лоджией в доме с уникальной изысканной архитектурой в ЖК ""Видный город"".
В квартире большая кухня-гостиная 25кв.м, изолированная спальня 10,2кв.м и раздельные санузлы.
На этаже имеется дополнительное складское пространство в колясочной, где для каждой квартиры установлен персональный стеллаж. Дверь запирается на ключ. Инфраструктура достаточно развита. В шаговой доступности две школы, 4 сада.
В доме расположены пункты выдачи ""Вайлдберриз"", ""Озон"", ""Яндекс-маркет"", а также ""Бристоль"" и магазин продуктов  ""Фасоль"". На территории ЖК также имеется ""Вкуссвил"", кофейни, пекарня, пиццерия, салон красоты, аптеки.
Через дорогу расположен Торговый центр ""Аструм"" с Перекрестком, Бургеркингом, Детским миром, Вкуссвилом, Фитнессом, Детской равлекающей комнатой, МФЦ и мелкими торговыми точками. А также имеется несколько мед.центров.
Красивая придомовая территория, каждый двор уникален и неповторим с цветущими кустарниками и розовыми кустами.
Недалеко расположена  усадьба Суханово.
Рядом с домом находится  остановка  до ст.метро ""Бульвар Дмитрия Донского"" , ""Аннино"", а также до станции МЦД Бутово и ж/д станции Расторгуево.                                            Один взрослый собственник. Полная стоимость в договоре. Без обременений. Альтернативная продажа.",,45.6,9.3,203.9
https://vidnoye.cian.ru/sale/flat/311502245/,https://images.cdn-cian.ru/images/2355988806-4.jpg,,"Московская область, м. Бульвар Дмитрия Донского, Ленинский городской округ, Дрожжино пгт, Бутово Парк 2 тер., 1",Транспортом,9800000.0,165541.0,2.0,7.0,17.0,59.2,"Код объекта: 1345005.
 Продаётся уютная двухкомнатная квартира в посёлке городского типа Дрожжино, на территории Бутово Парк 2, в Московской области. Дом построен в 2015 году из кирпича, перекрытия выполнены из железобетонных плит.

Квартира расположена на седьмом этаже 17-этажного дома. Общая площадь составляет 59,2 кв. м, из которых 35 кв. м — жилая площадь, а 10 кв. м занимает кухня. Две комнаты имеют площади 16 кв. м и 19 кв. м соответственно. Высота потолков — 2,7 метра. В квартире выполнен косметический ремонт, что позволит новым владельцам сразу заселиться и наслаждаться комфортом своего жилья.

Окна квартиры выходят как на улицу, так и во двор, обеспечивая хорошее освещение и приятную атмосферу. Около дома есть личная парковка, что является большим плюсом для автовладельцев.

Расположение квартиры также является её преимуществом: развитая инфраструктура района, удобная транспортная доступность и близость к Москве делают это предложение особенно привлекательным. Кирпичный дом обеспечивает хорошую тепло- и звукоизоляцию, а центральное отопление гарантирует комфорт в холодное время года. Пассажирский и грузовой лифты обеспечивают удобство перемещения между этажами.

Не упустите свой шанс стать владельцем этой уютной квартиры! Мы гарантируем безопасную сделку и юридическую поддержку нашим клиентам. Поможем одобрить ипотеку с сниженной ставкой.",,59.2,9.8,165.5
https://vidnoye.cian.ru/sale/flat/309266634/,https://images.cdn-cian.ru/images/kvartira-bulatnikovo-2310654014-4.jpg,ЖК «Булатниково»,"Московская область, м. Бульвар Дмитрия Донского, Ленинский городской округ, д. Жабкино, Булатниково мкр, 7",Транспортом,9000000.0,173077.0,2.0,2.0,4.0,52.0,"Продаю 2-х комнатную квартиру, чистую, новую, с ремонтом от застройщика. Собственник",,52.0,9.0,173.1
https://vidnoye.cian.ru/sale/flat/311190998/,https://images.cdn-cian.ru/images/2348993644-4.jpg,ЖК «Бутово парк 2»,"Московская область, м. Бульвар Дмитрия Донского, Ленинский городской округ, Дрожжино пгт, шоссе Новое, 7к2",Транспортом,9900000.0,159677.0,2.0,18.0,20.0,62.0,"Код объекта: 1338828.
 Продаётся уютная 2-комнатная квартира в Московской области, Ленинский городской округ, посёлок городского типа Дрожжино, Новое шоссе, 7к2.

Квартира расположена на 18 этаже 20-этажного панельного дома 2014 года постройки. В доме установлены пассажирский и грузовой лифты, имеется наземная парковка.

Общая площадь квартиры составляет 62 кв. м, жилая площадь — 32,6 кв. м, площадь кухни — 10,1 кв. м. Высота потолков — 2,8 м. Комнаты изолированные, окна выходят на улицу.

В квартире выполнен евроремонт, что позволяет новым владельцам сразу заселиться и наслаждаться комфортом.

Мы гарантируем безопасную сделку и юридическую поддержку нашим клиентам. Поможем одобрить ипотеку с сниженной ставкой.

Не упустите свой шанс стать обладателем этой замечательной квартиры!",,62.0,9.9,159.7
https://vidnoye.cian.ru/sale/flat/310019112/,https://images.cdn-cian.ru/images/kvartira-butovo-park-2325595862-4.jpg,ЖК «Бутово парк»,"Московская область, м. Бульвар Дмитрия Донского, Ленинский городской округ, Бутово рп, Бутово Парк ЖК, 5",Транспортом,12500000.0,208333.0,2.0,13.0,25.0,60.0,"Продается просторная двухкомнатная квартира в современном жилом комплексе ""Бутово Парк"", расположенном в рабочем посёлке Бутово, Московская область. Общая площадь квартиры составляет 60 кв. м, жилая - 33 кв. м, а кухня - 16 кв. м. Квартира находится на 13 этаже 25-этажного панельного дома, построенного в 2011 году. Высота потолков составляет 3 метра, что создает ощущение простора и свободы.

В квартире сделан качественный евроремонт: современное оформление интерьера, светлые и просторные комнаты, удобная планировка. Есть один балкон, откуда открывается вид на тихий двор. Санузел - раздельный, что добавляет комфорта в повседневной жизни. Просторная кухня станет идеальным местом для семейных обедов и уютных вечеров.

Дом в отличном состоянии, оборудован пассажирским и грузовым лифтами, а также мусоропроводом, поэтому удобство и комфорт проживания вам обеспечены. Наземная парковка позволит всегда найти место для вашего автомобиля.

Жилой комплекс ""Бутово Парк"" расположен в районе с развитой инфраструктурой. В пешей доступности находятся школы, детские сады и магазины, поэтому все необходимое для комфортной жизни всегда под рукой. До станции метро Бутово всего 18 минут пешком, что делает поездки в город быстрыми и удобными.

Продажа квартиры осуществляется напрямую от собственника. Возможна покупка в ипотеку. Все документы готовы к сделке, что значительно ускоряет процесс покупки.

Не упустите возможность стать обладателем этой уютной квартиры! Записывайтесь на просмотр и оцените все преимущества этого предложения лично. Мы ждем вас! Реальному покупателю,  торг уместен.",,60.0,12.5,208.3
https://vidnoye.cian.ru/sale/flat/310724376/,https://images.cdn-cian.ru/images/2339092213-4.jpg,ЖК «Восточное Бутово»,"Московская область, м. Бульвар Дмитрия Донского, Ленинский городской округ, Боброво пгт, улица Крымская, 13",Транспортом,8700000.0,170923.0,2.0,13.0,17.0,50.9,"Продается уютная 2-комнатная квартира в современном доме, расположенном в поселке городского типа Боброво, по адресу: Крымская улица, 13, жилой комплекс Восточное Бутово. Общая площадь квартиры составляет 50.8 кв. м, жилая площадь   30.4 кв. м, кухня   9.2 кв. м. Квартира находится на 13 этаже 17-этажного дома, построенного в 2015 году. Высота потолков   2.8 метра. Окна выходят на южную сторону, в квартире светло в любое время года.

В квартире выполнен косметический ремонт, что позволяет вам сразу заехать и жить с комфортом. Комнаты светлые и просторные, в кухне есть вся необходимая техника, в спальне большая двуспальная кровать и шкаф во всю стену, в гостиной раскладной диван. Есть раздельный санузел и балкон   идеальное место для утреннего кофе или вечернего отдыха.

В доме есть пассажирский и грузовой лифты, что удобно для подъема как людей, так и крупногабаритных вещей. Во дворе расположена большая наземная парковка, поэтому вам не придется беспокоиться о месте для автомобиля. В доме есть пандус и мусоропровод, что делает проживание в нем еще более комфортным.

Рядом с домом находятся школы, детские сады и магазины   все необходимое для удобной жизни, непосредственно у дома располагается строительный магазин Петрович, в 8 минутах езды большой торговый центр Аструм с сетевыми магазинами Перекресток, Карусель, Детский мир и множеством других. 

Транспортная доступность : до станции метро Бульвар Дмитрия Донского на автомобиле за 9 минут, до МЦД-2 Бутово - 7 минут. Непосредственно у дома расположена автобусная остановка, на автобусе до метро можно добраться за 15 минут.

Один взрослый собственник, полная стоимость в договоре.

Приглашаем вас на просмотр. Звоните и записывайтесь на удобное для вас время. Не упустите возможность стать владельцем прекрасного жилья в комфортном районе!",,50.9,8.7,170.9
https://vidnoye.cian.ru/sale/flat/309124150/,https://images.cdn-cian.ru/images/novostroyka-vostochnoe-butovo-2307887345-4.jpg,,"Московская область, м. Бульвар Дмитрия Донского, Ленинский городской округ, Боброво пгт, улица Лесная, 18к1",Транспортом,8800000.0,155752.0,2.0,3.0,17.0,56.5,"Продается просторная светлая квартира с видом на школу, фото из окна есть в галерее. Крайняя комната разделена перегородкой, т.о. комната разделена на спальню и кабинет. В плане крайняя слева. Рядом с домом школа и детский сад, магазины, аптеки. Подъезд чистый, соседи тихие. В квартире остается вся мебель. Остановка общественного транспорта в пяти минутах ходьбы. Один взрослый собственник с момента сдачи ЖК.",,56.5,8.8,155.8
https://vidnoye.cian.ru/sale/flat/306904024/,https://images.cdn-cian.ru/images/kvartira-bobrovo-lesnaya-ulica-2259786642-4.jpg,,"Московская область, м. Бульвар Дмитрия Донского, Ленинский городской округ, Боброво пгт, улица Лесная, 22к1",Транспортом,7700000.0,140000.0,2.0,2.0,17.0,55.0,"Видео по запросу!Квартира без отделки, ""распашенка"", удобная планировка, большая кухня.Развита инфраструктура, Школа и детский сад рядом с домом. Полная стоимость в договоре,свободная продажа.Быстрый выход на сделку.",,55.0,7.7,140.0
https://vidnoye.cian.ru/sale/flat/289278363/,https://images.cdn-cian.ru/images/kvartira-butovo-park-2355915380-4.jpg,ЖК «Бутово парк»,"Московская область, м. Бульвар Дмитрия Донского, Ленинский городской округ, Бутово рп, Бутово Парк ЖК, 5",Транспортом,12500000.0,204918.0,2.0,13.0,25.0,61.0,"2-х комнатная квартира- кухня- гостиная-16 квадратов с полным эркером, почти квадрат; 2- полноценные спальные комнаты-20- с гардеробной, 13! Стены - крашенные, не обои, что в будущем не потребуется большие затраты на ремонт! Дом-5, это самый дом по расположению! Стоит у леса, не слышно машин от от Варшавского шоссе и Расторгуев кого! И не не дышишь.  выхлопными газами газами! Останову- 2-3 минуты! Бутово- 1,удобный район, хорошая транспортная доступность, стоит между Москвой и Москвой и напротив Москва , будет Бирюлёвская линия метро !рядом ! Сейчас- МЦД- 15 минут пешком или 2 минуты на автобусе.Торг уместен.",,61.0,12.5,204.9
https://vidnoye.cian.ru/sale/flat/302286413/,https://images.cdn-cian.ru/images/2290232213-4.jpg,ЖК «Видный город»,"Московская область, Видное, м. Бульвар Дмитрия Донского, бульвар Мстислава Ростроповича, 3к2",Транспортом,9299000.0,143062.0,2.0,8.0,8.0,65.0,"Код объекта: 1119533.
 Пожалуй лучшая видовая 2-комнатная квартирка жилого комплекса..Последний этаж с высокими потолками почти 4 метра с шикарнейшим видом и огромной лоджией. Развитый район рядом магазины школа,стадион,Документы готовы к продаже быстрый выход на сделку.",,65.0,9.3,143.1
https://vidnoye.cian.ru/sale/flat/312012447/,https://images.cdn-cian.ru/images/2366817641-4.jpg,,"Московская область, м. Бульвар Дмитрия Донского, Ленинский городской округ, Боброво пгт, улица Крымская, 13",Транспортом,9990000.0,157571.0,2.0,17.0,17.0,63.4,"Номер в базе: 2471813. Предлагаем вашему вниманию уютную двухкомнатную квартиры с ремонтом в экологически чистом районе!

Свободная продажа, 1 взрослый собственник, без обременений. Сделан косметический ремонт. 
Документы все готовы к сделке.

•	ПРЕИМУЩЕСТВА ЖК:
- Школа и детские сады в пешей доступности;
- Поликлиника в пешей доступности;
- Детские и спортивные площадки на территории;
- Развитая и сложившаяся инфраструктура;
- Открытие станции метро в 2030 году.

•	ТРАНСПОРТНАЯ ДОСТУПНОСТЬ:
- 5 км от МКАД по Симферопольскому шоссе;
- До станции метро ""Бульвар Дмитрия Донского"" 20 минут на автобусе.
- До МЦД-2 ""Бутово"" 7 минут на машине.

НАШИМ ПОКУПАТЕЛЯМ: Агентство недвижимости ЭТАЖИ поможет предоставить вам одобрение ипотеки по выгодным ставкам от банков партнеров, а также безопасно провести сделку от и до перехода права собственности!
- помощь в одобрении ипотеки
- 20+ банков-партнёров
- выгода по процентной ставке до 1%
- одобрение 97%
- страховка на весь срок ипотеки с выгодой до 50% 
- полное юридическое сопровождение сделки
- финансовая гарантия до 25 млн. рублей

НЕ УПУСТИТЕ ВОЗМОЖНОСТЬ! ОТЛИЧНОЕ ПРЕДЛОЖЕНИЕ, ЗВОНИТЕ!
Код пользователя: 125887",,63.4,10.0,157.6
https://vidnoye.cian.ru/sale/flat/299056637/,https://images.cdn-cian.ru/images/2117866325-4.jpg,ЖК «Государев дом»,"Московская область, м. Бульвар Дмитрия Донского, Ленинский городской округ, Лопатино пгт, улица Сухановская, 20",Транспортом,8999000.0,163618.0,2.0,3.0,9.0,55.0,"Свободная продажа. Без обременений. Один взрослый собственник. Подходит под  ипотеку.  
.  
Двухкомнатная квартира по адресу ул. Сухановская, д. 20, 3(9) этаж, ЖК ""Государев дом"". Общая площадь 55 кв. м, просторная кухня 12 кв. м (увеличена за счет лоджии), комнаты 13,0 и  11,5 кв. м  
.  
Выполнен качественный ремонт. Все новое.  
В цену входит кухонная мебель с  бытовой техникой:   
холодильник 2-х камерный, посудомоечная машина 60см и стиральная машина с фронтальной загрузкой. Большая гардеробная комната оборудована системами  хранения.    
.   
В нескольких минутах от дома остановка общественного транспорта:  
- метро Аннино (маршрутка 119),   
- Бульвар Дмитрия Донского (маршрутка 1224),   
- МЦД Бутово (автобус 379),   
- жд станции Расторгуево (автобус 379, маршрутка 1019).   
- Удобный выезд на Варшавское и Симферопольское шоссе. До МКАД на автомобиле - 7 км.  
.  
Отличная инфраструктура. Всё рядом.  Магазины шаговой доступности, кафе, аптеки, отделения банков, ТЦ ""Атриум"" (в нем располагается МФЦ), Лента.   
.  
Строится  поликлиника и спортивный комплекс с бассейном.   
Для прогулок - живописный парк, усадьба Суханово и большой Сухановский пруд.  
.  
Свободная продажа. Один взрослый собственник. Подходит по ипотеку.",,55.0,9.0,163.6
https://vidnoye.cian.ru/sale/flat/295227198/,https://images.cdn-cian.ru/images/kvartira-drozhzhino-novoe-shosse-2034555320-4.jpg,ЖК «Бутово парк 2»,"Московская область, м. Бульвар Дмитрия Донского, Ленинский городской округ, Дрожжино рп, шоссе Новое, 2к3",Транспортом,8530000.0,212189.0,2.0,12.0,26.0,40.2,"Продам новую евродвушку от ПИК 
Размер 40.2 м2 большой коридор. Средний этаж 12, вид из окна на парк, в соседних домах. Квартира новая, продаю на 5% дешевле цены ПИК за аналогичную квартиру. В данный момент в процессе оформления в собственность. В случае роста цены у ПИК моя квартира в соответствии дорожает. Рядом застраивается последний дом этого комплекса и цены будут только расти. Все косяки по отделки устранены, квартира готова к проживанию. В данный момент находиться в ипотеке, которая будет погашена перед продажей . 
ПОМОЩЬ В ПРОДАЖЕ НЕ НУЖНА. СОВСЕМ НЕ НУЖНА НИКАКАЯ !!!",,40.2,8.5,212.2
https://vidnoye.cian.ru/sale/flat/311628506/,https://images.cdn-cian.ru/images/kvartira-vidnoe-galiny-vishnevskoy-ulica-2358739042-4.jpg,ЖК «Видный город»,"Московская область, Видное, м. Бульвар Дмитрия Донского, улица Галины Вишневской, 10к2",Транспортом,13900000.0,193056.0,2.0,8.0,8.0,72.0,"Продаётся двухуровневая квартира с хорошим ремонтом и мебелью. Новый дом. Квартира светлая, теплая и
уютная.
Ухоженный чистый подъезд, парковка вокруг дома, тихие соседи, район с отличной социальной инфраструктурой, в
шаговой доступности дет. сад и школа, много разнообразных детских и спортивных площадок, рядом парк усадьба
Суханово, концепция обустройства двора - ""двор без машин"". Качественный ремонт от 2019 года. На лестничных
клетках 8 и 9 этажей есть общие закрывающиеся кладовые-колясочные, лифт ходит только до 8 этажа, поэтому
тамбур 9 этажа закрыт.
Транспортная доступность: м. Щербинка 7 мин, Бутово 8 мин, Бульвар Дмитрия Донского 12 мин. Симферопольское
шоссе 17 км от МКАД, Варшавское шоссе 7 км от МКАД Комплекс расположен на Расторгуевском шоссе, юге
Подмосковья рядом с деревней Лопатино в 8 километрах от МКАД. На автомобиле удобно подъезжать с двух
направлений по Варшавскому шоссе через Бутово или через г.Видное. В жилой комплекс можно также попасть
общественным транспортом от ближайшего метро Аннино. На маршрутном такси дорога займёт всего 15 мин. Также
можно добраться на маршрутке за 16 минут от железнодорожной станции Бутово.",,72.0,13.9,193.1
https://vidnoye.cian.ru/sale/flat/290838989/,https://images.cdn-cian.ru/images/novostroyka-vidnoe-galiny-vishnevskoy-ulica-1869136156-4.jpg,ЖК «Видный город»,"Московская область, Видное, м. Бульвар Дмитрия Донского, улица Галины Вишневской, 6к2",Транспортом,7950000.0,167722.0,2.0,8.0,8.0,47.4,"Продается новая квартира без отделки с высотой потолков 3м70см. Произведен замер и расчет на изготовление антресольного этажа от сертифицированной компании, есть предварительный дизайн проект. Два взрослых собственника, никто не прописан.",,47.4,8.0,167.7
https://vidnoye.cian.ru/sale/flat/304565437/,https://images.cdn-cian.ru/images/2259295964-4.jpg,ЖК «Бутово парк 2»,"Московская область, м. Бульвар Дмитрия Донского, Ленинский городской округ, Дрожжино пгт, улица Южная, 9к1",Транспортом,9300000.0,182711.0,2.0,7.0,25.0,50.9,"Id 45025. Продаётся двухкомнатная квартира уже в развитом ЖК!

В квартире выполнен качественный ремонт!

В шаговой доступности: школа, детский сад, поликлиника, необходимые магазины, детские площадки.
Выезд на Варшавское и Симферопольское шоссе.
Автобусы до: МДЦ Бутово, м. Бульвар Дмитрия Донского, м. Аннино, м. Академика Янгеля, м. Пражская в 10-20 минутах езды.

Оперативный показ, быстрый выход на сделку!

Дополнительные вопросы по телефону!",,50.9,9.3,182.7
https://vidnoye.cian.ru/sale/flat/284317137/,https://images.cdn-cian.ru/images/66/193/451/kvartira-drozhzhino-yuzhnaya-ulica-1543916662-4.jpg,ЖК «Бутово парк 2»,"Московская область, м. Бульвар Дмитрия Донского, Ленинский городской округ, Дрожжино рп, улица Южная, 23",Транспортом,10900000.0,173016.0,2.0,13.0,20.0,63.0,"Продаем свою квартиру с дизайнерским евроремонтом. Делали для себя, не экономили.

Яркая, светлая квартира распашонка. Окна во двор прямо на школу с одной стороны и на улицу к остановке автобусов и лесному массиву- с другой.


В большой комнате открытая утеплённая лоджия. И  дополнительное окно эркером. Очень светлая и уютная комната.
Вторая комната с двухъярусной кроватью. И отдельной утеплённой лоджией. При желании можно сделать отельные кабинет для работы или игровую для детей.

Все комнаты и кухня с кондиционерами (холод и тепло), 3 кондиционера.
Входная дверь от лучшей дверной фирмы, идеально работает, запахи и звуки не пропускает.
Кухня с тёплым полом и огромным количеством кухонной мебели (поместится все и даже больше) дорогой техникой (вытяжка, посудомойка, духовка и тд)
Ванная комната и туалет раздельные. Сделан дополнительный смеситель для детей (удобно мыть руки и умываться)

В ванной комнате есть дополнительное освещение на полки, установлены влагостойкие Розетки legrand.
Установлена система Нептуп с тремя датчиками ванная комната, туалет, кухня. 

Квартира продаётся со всей мебелью и техникой. Свободная продажа, можно заезжать сразу после покупки. 
Доступны по вотцап или телефону. После 21:00 просьба не беспокоить",,63.0,10.9,173.0
https://vidnoye.cian.ru/sale/flat/311694800/,https://images.cdn-cian.ru/images/2360231513-4.jpg,ЖК «Южная Битца»,"Московская область, м. Бульвар Дмитрия Донского, Ленинский городской округ, пос. Битца, Южная Битца ЖК, бульвар Южный, 4",Транспортом,10400000.0,270130.0,2.0,23.0,23.0,38.5,"Id 382108. Предлагаю вашему вниманию 2-х комнатную квартиру:
- Широкая транспортная доступность : в 3 км от МКАД. Несколько минут на транспорте до трех станций метро - Аннино, Бульвар Дмитрия Донского, Старокачаловская. Сдача МЦД ""Южная Битца"" в 2025-2026 г.
- На территории ЖК детские сады и школы. Медицинские учреждения, аптеки. Площадки для выгула собак, рядом лес. Разнообразные магазины и пункты выдачи заказов маркетплейсов. Сетевые магазины Магнит косметик, Пятерочка, Алкомаркеты и строймаг. 
- Детские и спортивные площадки.
-Подземный паркинг, вблизи дома находится наземная гостевая парковка.
- Вход в подъезд как в с внутренней, так и с внешней стороны двора.
- В лифте и подъезде на всех этажах камеры видеонаблюдения.

В Квартире выполнен качественный ремонт:
-Потолки гипсокартон
-Светодиодное освещение
-Немецкий ламинат
-Кухня со столешницей из акрилового камня
-Встроенный холодильник
-Заменен стеклопакет на балконе, утеплен пол ( теплый пол)  и стены. Возможность оборудовать кабинет.

Вся мебель остается! 

 Звоните!",,38.5,10.4,270.1
https://vidnoye.cian.ru/sale/flat/309374803/,https://images.cdn-cian.ru/images/kvartira-lopatino-suhanovskaya-ulica-2312648993-4.jpg,ЖК «Государев дом»,"Московская область, м. Бульвар Дмитрия Донского, Ленинский городской округ, Лопатино пгт, улица Сухановская, 27",Транспортом,10700000.0,208984.0,2.0,5.0,9.0,51.2,"современная светлая квартира, в новом жилом комплексе, без всяких обременений",,51.2,10.7,209.0
https://vidnoye.cian.ru/sale/flat/301201032/,https://images.cdn-cian.ru/images/kvartira-lopatino-solnechnyy-bulvar-2155282415-4.jpg,ЖК «Государев дом»,"Московская область, м. Бульвар Дмитрия Донского, Ленинский городской округ, Лопатино пгт, бульвар Солнечный, 1",Транспортом,9400000.0,160410.0,2.0,8.0,10.0,58.6,"ПРОДАЮ ОТЛИЧНУЮ СВОБОДНУЮ  2-Х КОМНАТНУЮ КВАРТИРУ С КАЧЕСТВЕННЫМ РЕМОНТОМ В ОБЖИТОМ РАЙОНЕ ЛОПАТИНО, ЖК ГОСУДАРЕВ ДОМ. Район с развитой инфраструктурой, есть магазины, школы, детские сады, прогулочные пешеходные зоны, сетевые продуктовые магазины: ПЯТЁРОЧКА, ПЕРЕКРЁСТОК. В соседнем доме продуктовый магазин ЛЕНТА. чуть дальше ТЦ АСТРУМ. Квартира на 8-м этаже 9-ти этажного монолитного. дома 2018 г.п. Общая площадь 63 кв.метра, Комнаты - 15 и 15,2кв.метров, Кухня - 12 кв.метров, Просторный холл, кладовка, застеклённая лоджия 4квм, видеодомофон, в подъезде и на этаже видеонаблюдение, тамбур на 3 квартиры. В доме большой грузопассажирский лифт.
Все окна выходят во двор, на Юго-Восток, во дворе спортивные площадки. Удобное транспортное сообщение с Москвой как на личном так и на общественном транспорте. До метро АНИНО, ДМ. ДОНСКОГО, МЦД БУТОВО, ЖД РАСТОРГУЕВО 15 минут на маршрутке, быстрый выезд без пробок на Варшавское, Симферопольское ШОССЕ и МКАД. В квартире недавно закончен ремонт с применением качественных материалов. 
В Спальной и Гостиной установлены инверторные кондиционеры ELECTROLUX, в  ванной установлена мраморная ванна с тропическим душем, в квартире мпредусмотрен Проточный водонагреватель общий на С/Узел и Кухню. 
Каждая комната зонирована на спальную, ТВ и рабочую зоны, в каждой комнате, кухне и коридоре есть три сценария света с проходным включением в трёх местах, потолки 2,8м двухуровневый гипс. Отопление и вся с/техника разведена по технологии и материалами REHAU, есть две зоны теплого пола. 
Один взрослый собственник, ипотека СБЕРБАНК. .",,58.6,9.4,160.4
https://vidnoye.cian.ru/sale/flat/306786700/,https://images.cdn-cian.ru/images/kvartira-bobrovo-krymskaya-ulica-2276637728-4.jpg,ЖК «Восточное Бутово»,"Московская область, м. Бульвар Дмитрия Донского, Ленинский городской округ, Боброво пгт, улица Крымская, 21к1",Транспортом,9750000.0,161960.0,2.0,16.0,17.0,60.2,"Продаётся светлая, уютная и теплая 2-комнатная квартира в рабочем посёлке Боброво, Московская область, по адресу Крымская улица, 21к1. Квартира находится на 16 этаже 17-этажного панельного дома (серии П44Т), построенного в 2015 году. Общая площадь составляет 60.2 кв. м, жилая площадь — 33.2 кв. м, площадь кухни — 12.9 кв. м. Высота потолков — 2.74 метра.

В квартире сделан евроремонт с использованием качественных и дорогих материалов, поэтому можно сразу заехать и жить. 
Кухня полностью оборудована современной техникой и мебелью, что создаёт комфортные условия для ваших кулинарных шедевров. Качественный гарнитур, столешница из искусственного камня LG. Вместительная мойка из гранита Blancо со смесителем в тон. Фартук из испанской плитки-кабанчик. Также установлен фильтр питьевой воды. На полу керамогранит с установленным теплым полом. Кухня достаточно просторная и может использоваться, как кухня-гостинная. 
В комнатах паркетная доска. В спальне есть вместительная гардеробная со светом. А также огромная кожаная кровать 2х2 м. Красивые и создающие уют бра по обеим сторонам кровати. 
Отдельный санузел и ванная оборудованы всем необходимым. Плитка в обоих помещениях kerama marazzi. Немецкие смесители и унитаз Am.Pm.  
Также имеется вместительный встроенный шкаф в коридоре. Квартира имеет одну лоджию и один балкон, окна выходят как на улицу, так и во двор, поэтому можно наслаждаться разными видами. Балкон утеплен под зимнее использование. Все розетки и выключатели Legrand. Имеется проточный водонагреватель. Качественная продуманная разводка электрики по всей квартире. Достаточное количества света в каждом помещении. Имеются выводы под кондиционеры. В каждую комнату и на кухню выведены тв антенны и интернет. 

Дом находится в отличном состоянии, есть как пассажирский, так и грузовой лифт, что обеспечит удобство при переезде и в повседневной жизни. На территории дома есть наземная парковка, поэтому всегда найдётся место для вашего автомобиля. Для удобства маломобильных граждан предусмотрен пандус.

Район обладает развитой инфраструктурой. Рядом есть школы и детские сады, что будет удобно для семей с детьми. В шаговой доступности находятся магазины, где можно совершать ежедневные покупки. До станции метро ""Бульвар Дмитрия Донского"" можно добраться на автомобиле всего за 9 минут, до платформы ""Бутово"" МЦД-2 - за 5 минут.

Квартира продаётся от собственника, поэтому вы сэкономите на комиссии агентству. Все необходимые документы готовы к сделке. В квартире нет обременений, что ускорит процесс покупки.",,60.2,9.8,162.0
https://vidnoye.cian.ru/sale/flat/310185458/,https://images.cdn-cian.ru/images/kvartira-vidnoe-galiny-vishnevskoy-ulica-2328374003-4.jpg,ЖК «Видный город»,"Московская область, Видное, м. Бульвар Дмитрия Донского, улица Галины Вишневской, 1к1",Транспортом,14000000.0,245614.0,2.0,4.0,8.0,57.0,"Продается квартира, со свежим ремонтом, просторная видовая двушка. Собственник! Юридически и физически свободна. Агентствам просьба не беспокоить!",,57.0,14.0,245.6
https://vidnoye.cian.ru/sale/flat/309540977/,https://images.cdn-cian.ru/images/2318562416-4.jpg,ЖК «Видный город»,"Московская область, Видное, м. Бульвар Дмитрия Донского, улица Галины Вишневской, 10к1",Транспортом,9295000.0,202065.0,2.0,4.0,8.0,46.0,"Код объекта: 1296476.
 Продаётся уютная 2-комнатная квартира в ЖК ""Видный город""! Если вы ищете идеальное место для семейной красивой счастливой жизни, то эта квартира — отличный выбор. Квартира находится в живописном районе Подмосковья, в новом кирпично-монолитном доме. Дом оснащён пассажирским и грузовым лифтами, на территории есть наземная парковка. Квартира расположена на 4 этаже восьмиэтажного дома. Окна выходят на две стороны: на улицу и во двор, что позволяет наслаждаться красивыми видами каждый день. Общая площадь квартиры составляет 46 кв. м, из которых жилая — 23 кв. м. Кухня-гостиная  площадью 13 кв. м станет отличным местом для семейных ужинов и дружеских посиделок. Высота потолков — 3 метра. В квартире выполнен дизайнерский ремонт, который создаёт уютную атмосферу и подчёркивает стиль жилья. Благодаря качественным материалам и продуманному дизайну, квартира выглядит современно и стильно. Установлены камеры наружного наблюдения и внутри подъезда. Также возле дома есть личная парковка, где всегда найдётся место для вашего автомобиля. Мы гарантируем безопасную сделку и юридическую поддержку нашим Клиентам. Поможем одобрить ипотеку со сниженной ставкой. Не упустите свой шанс стать обладателем этой прекрасной квартиры! Звоните нам прямо сейчас, чтобы узнать больше о квартире и договориться о просмотре. Мы уверены, что вам понравится эта квартира!",,46.0,9.3,202.1
https://vidnoye.cian.ru/sale/flat/310682834/,https://images.cdn-cian.ru/images/kvartira-vidnoe-svyatoslava-rihtera-ulica-2338205350-4.jpg,ЖК «Видный город»,"Московская область, Видное, м. Бульвар Дмитрия Донского, улица Святослава Рихтера, 3к1",Транспортом,11000000.0,234043.0,2.0,7.0,8.0,47.0,"Продается очень уютная 2-комнатная квартира, расположена на 7 этаже 8-этажного дома. Высота потолков 2.7 метра создает ощущение простора. Окна квартиры выходят во двор, что обеспечивает тишину и уединение. 
В квартире сделан современный ремонт (делала для себя, дорогие и качественные материалы). В квартире есть балкон панорамный, где можно устроить уютное место для отдыха.",,47.0,11.0,234.0
https://vidnoye.cian.ru/sale/flat/308882069/,https://images.cdn-cian.ru/images/2302461866-4.jpg,ЖК «Бутово парк 2»,"Московская область, м. Бульвар Дмитрия Донского, Ленинский городской округ, Дрожжино пгт, шоссе Новое, 11к1",Транспортом,11000000.0,177419.0,2.0,8.0,14.0,62.0,"Id 380613. Продается светлая, чистая, очень уютная 2-ком квартира в очень удачном районе!
Окна на две стороны ( квартира распашонка ). 

О КВАРТИРЕ:
Просторная гостинная-19 кв.м.,спальня -15 кв. м., просторный холл-9 кв.м., раздельный санузел, кухня правильной квадратной формы с эркерным окном -13,2 кв. м., две утепленные лоджии с местами для хранения-5 и 2,5 кв. м.,которые не входят в площадь по выписке, а являются дополнительными к 60,1 м2.

ПРО ИНФРАСТРУКТУРУ:
- Прекрасный зеленый район с хорошо развитой инфраструктурой!

- Во дворе дома есть парковка!

- Очень удобная транспортная доступность до Москвы.
- В непосредственной близости от дома находится школа и детский сад.

- Также поблизости есть все сетевые магазины: Магнит, Дикси, Пятёрочка, Лента, ВкусВилл, а также различные пункты выдачи.

ПРО ДОКУМЕНТЫ:
- 1 взрослый собственник!

- документы основания ( договор купли-продажи ). 

 Ипотека возможна!

 Мы являемся партнерами более 15 банков и готовы оказать профессиональную помощь в одобрением ипотеки на специальных условиях !

 Полное юридическое сопровождение!",,62.0,11.0,177.4
https://vidnoye.cian.ru/sale/flat/310992712/,https://images.cdn-cian.ru/images/kvartira-bobrovo-krymskaya-ulica-2344733840-4.jpg,,"Московская область, м. Бульвар Дмитрия Донского, Ленинский городской округ, Боброво пгт, улица Крымская, 13",Транспортом,8700000.0,171260.0,2.0,6.0,19.0,50.8,"Квартира с евро ремонтом, со всей бытовой техникой и мебелью. Инфраструктура в шаговой доступности, школа и детский сад во дворе дома. Остановка автобусов до метро Бульвар Дмитрия Донского у дома. Закрытая парковочная территория во дворе (шлагбаум).",,50.8,8.7,171.3
https://vidnoye.cian.ru/sale/flat/309531062/,https://images.cdn-cian.ru/images/2315641289-4.jpg,ЖК «Бутово парк 2»,"Московская область, м. Бульвар Дмитрия Донского, Ленинский городской округ, Дрожжино пгт, шоссе Новое, 7к1",Транспортом,10900000.0,178689.0,2.0,18.0,25.0,61.0,"Код объекта: 1300318.
 Светлая и просторная квартира в доме 2014 года постройки в ЖК Бутово-парк-2. 

Полностью готова для проживания. В ОТЛИЧНОМ состоянии. Заезжай и живи.
Возможна продажа с МЕБЕЛЬЮ.

Распашонка( окна на разные стороны) с  функциональная планировкой:  большая кухня. гостиная с выходом на застекленную лоджию, спальня , с/у с душевой кабиной, коридор.
 
В квартире выполнен качественный и дорогой ремонт с использованием современных материалов. Все делалось для себя, а не на продажу. Кухня со всей необходимой встроенной  техникой от ведущих зарубежных производителей( посудомоечная машина, индукционная панель, духовой шкаф, микроволновая печь, многоуровневый фильтр для очистки воды).  Подогрев полов  на кухне, в с/узле и коридоре. В комнатах установлены кондиционеры.
Д/ф с камерой видеонаблюдения. 

В доме 3 лифта( 2 грузовых и пассажирский).Чистый и ухоженный подъезд. Приличные соседи.

Удобная транспортная доступность : быстрый выезд на Варшавское ш., рядом остановка общественного транспорта.

Хорошо развитая инфраструктура района: в непосредственной близости от дома находится школа и детский сад.
Обилие сетевых магазинов: Магнит, Дикси, Пятёрочка, Лента, ВкусВилл, а также различные пункты выдачи. 

Рядом Центральный и Западный Дрожжинкие пруды. В пешей доступности несколько лесопарковых зон с прогулочными зонами.

СВОБОДНАЯ продажа. ОДИН взрослый собственник( с момента покупки). Возможна ипотека.",,61.0,10.9,178.7
https://vidnoye.cian.ru/sale/flat/288601190/,https://images.cdn-cian.ru/images/kvartira-bobrovo-krymskaya-ulica-1767223350-4.jpg,,"Московская область, м. Бульвар Дмитрия Донского, Ленинский городской округ, Боброво пгт, улица Крымская, 25",Транспортом,10500000.0,164063.0,2.0,14.0,17.0,64.0,"Продаю собственную квартиру, 1 собственник, никто не прописан. В квартире остается все для комфортного проживания, за исключением телевизора. Удобная планировка (распашонка), 2 больших балкона, утеплены, остекленение заменено на 2х слойное. 
Рядом 2 сада (1 логопедический во дворе), две школы в шаговой доступности. Поликлиника. Магазины, салоны красоты, детские развивашки (кружки) все в районе есть.
Готов ответить на любые вопросы, покажу в любое время.
Помощь с продажей не нужна! 
ВНИМАНИЕ!!! Копии этого объявления размещают агентства без моего разрешения!",,64.0,10.5,164.1
https://podolsk.cian.ru/sale/flat/310728779/,https://images.cdn-cian.ru/images/kvartira-podolsk-ulica-nekrasova-2339240059-4.jpg,,"Московская область, Подольск, мкр. Красная горка, м. Бульвар Дмитрия Донского, улица Некрасова, 2",Транспортом,9500000.0,136494.0,2.0,10.0,14.0,69.6,"Продается уютная двухкомнатная квартира, требует ремонта. 
Свободная продажа, никто не прописан.",,69.6,9.5,136.5
https://vidnoye.cian.ru/sale/flat/295693918/,https://images.cdn-cian.ru/images/kvartira-bobrovo-krymskaya-ulica-2042264092-4.jpg,ЖК «Восточное Бутово»,"Московская область, м. Бульвар Дмитрия Донского, Ленинский городской округ, Боброво пгт, улица Крымская, 17к1",Транспортом,9300000.0,145313.0,2.0,4.0,17.0,64.0,"Продаётся светлая, просторная 2-х комнатная квартира с отличный планировкой. Комнаты изолированы 19-15 метров, кухня 13 метров, с/у раздельный, 2 лоджии застеклены, распашонка.
Инфраструктура хорошо развита.
Свободная продажа, готова к сделке, обременений нет.
Помощники в продаже не нужны! Не тратьте напрасно свое и мое время!",,64.0,9.3,145.3
https://vidnoye.cian.ru/sale/flat/309830269/,https://images.cdn-cian.ru/images/2321642890-4.jpg,ЖК «Бутово парк 2»,"Московская область, м. Бульвар Дмитрия Донского, Ленинский городской округ, Дрожжино пгт, шоссе Новое, 12к2",Транспортом,10200000.0,174658.0,2.0,8.0,21.0,58.4,"Номер лота: вт-0422096.
Продается квартира в ЖК Бутово-Парк 2. Экологичеки чистый район с развитой инфраструктурой. Рядом школа, детский сад, поликлиника, автобусная остановка до ст.м.Бульвар Дм.Донского. Качественный ремонт. Полная стоимость в договоре. Содействие в получении специальных условий и преференций по ипотеке.",,58.4,10.2,174.7
https://vidnoye.cian.ru/sale/flat/308718913/,https://images.cdn-cian.ru/images/kvartira-butovo-park-2299281569-4.jpg,ЖК «Бутово парк»,"Московская область, м. Бульвар Дмитрия Донского, Ленинский городской округ, Бутово рп, Бутово Парк ЖК, 7",Транспортом,9999999.0,196464.0,2.0,5.0,17.0,50.9,"Продаётся 2-х комн. квартира. Район с развитой инфраструктурой. Квартира без обременений, документы готовы к сделке. Торг.",,50.9,10.0,196.5
https://vidnoye.cian.ru/sale/flat/309405675/,https://images.cdn-cian.ru/images/2313153362-4.jpg,ЖК «Видный город»,"Московская область, Видное, м. Бульвар Дмитрия Донского, бульвар Мстислава Ростроповича, 3к2",Транспортом,8800000.0,141935.0,2.0,2.0,8.0,62.0,"Id 48071. Продается  светлая , просторная двухкомнатная квартира с общей площадью 60 м²  (58 м² без учета лоджии) в современном ЖK ""Видный город"", с уникальной архитектурой европейского стиля. 
Квартира -распашонка , окна выходят на две стороны,  что создаёт комфортную прохладу летом. 

Квартира бeз peмонтa, с хoрошей планировкой: двк жилые комнаты (гостиная 20,1 м², спальня 12 м² , кухня 12,1 ванная 5,1 м² ).

ЖК находится в 5 км от МКАД и имеет отличную транспортную доступность. Имеется  свой торговый центр.  В паре минут пешком расположена остановка общественного транспорта, от которой можно добраться до станций метро Аннино, Бульвар Дмитрия Донского, Бутово и железнодорожной станции Расторгуево.
""Видный город"" расположен неподалеку от старинной усадьбы Суханово, Расторгуевского парка, Булатниковского пруда с пляжной зоной. Зеленый массив расположен всего в минуте ходьбы от домов. Район уже обжитой: есть своя поликлиника,  магазины, аптеки, кафе, пвз различных онлайн-площадок и пр. Также неподалеку есть два детских сада, две школы, стадион с футбольным полем, баскетбольными площадками и дорожками для пробежек. На территории расположены детские и спортивные площадки. Двор закрытый , благоустроен. Уже растут деревья и кустарники ,посажены клумбы. 

 1 взрослый  собственник
 Без обременений
 Материнский капитал не закладывался
 Полная стоимость в договоре. 
 Свободная продажа.   Подходит под ипотеку любого банка. 
 Одобрение банков бесплатное!
 Юридическое сопровождение сделки .",,62.0,8.8,141.9
https://vidnoye.cian.ru/sale/flat/309006330/,https://images.cdn-cian.ru/images/kvartira-vidnoe-galiny-vishnevskoy-ulica-2305103115-4.jpg,ЖК «Видный город»,"Московская область, Видное, м. Бульвар Дмитрия Донского, улица Галины Вишневской, 10к1",Транспортом,8100000.0,180000.0,2.0,3.0,8.0,45.0,"Прoдaется прoсторная двухкoмнатнaя квартиpа в ЖK ""Bидный Гopод"", pacпoлoженная по aдpeсу: Мoскoвcкая облacть, Bиднoe, ул. Гaлины Bишневcкoй, 10к1. 

Oбщaя площадь кваpтиpы: 45 м². Pacпaшонкa. Kомнаты изoлирoванныe: 16м² и 10,2м². Kухня: 9,1м². Потолoк 3,7м. Caнузeл раздeльный. Лоджия с оcтеклeниeм - выxод из кухни. B квартире удачная планировка. Чистый, новый  подъезд. Вместительный лифт. Двор без машины. Множество бесплатных парковочных мест, в любое время можно припарковаться. 

Район с активно развивающейся инфраструктурой. В пешей доступности: детские сады и школы, большой ТЦ, супермаркеты, фитнес-клуб, МФЦ, салоны красоты, рестораны и кафе, минимаркеты, офисы доставки ОZОN, Wildbеrriеs и Yаndех. Рядом лес, два больших пруда Сухановский и Булатниковский с набережной, оборудованным пляжем, смотровой площадкой, зоной отдыха с мангальными зонами и велодорожками. 

Транспортные удобства: 
- 5 минут пешком до остановки общественного транспорта;
- 15 минут транспортом до метро ""Бульвар Дмитрия Донского"" или ""Аннино""
- 10 минут транспортом до МЦД ""Бутово"". Удобный и быстрый выезд на МКАД. 

Хорошая квартира для инвестиций, данный район постоянно развивается, обустраивается, строятся дороги и в будущем обещают метро. Дом, в котором предлагается данная квартира один  из самых красивых в этом ЖК. Отделка темно -коричневым кирпичом придает объекту премиальности и является залогом долговечности фасада, что очень важно в непростом московском климате.

Один взрослый собственник. Свободная продажа. Перепланировок нет. Ипотека возможна. Полная стоимость в Договоре. Оперативный показ и выход на сделку!",,45.0,8.1,180.0
https://vidnoye.cian.ru/sale/flat/305323602/,https://images.cdn-cian.ru/images/2281962293-4.jpg,ЖК «Усадьба Суханово»,"Московская область, м. Бульвар Дмитрия Донского, Ленинский городской округ, д. Суханово, Усадьба Суханово ЖК, 6",Транспортом,10491000.0,163922.0,2.0,5.0,5.0,64.0,"id:72. 
Продаётся уютная двухкомнатная квартира в кирпичном доме Эта светлая и просторная квартира расположена на 5 этаже 5-этажного кирпичного дома. Общая площадь составляет 64 кв. м, из которых жилая площадь - 30 кв. м.
В квартире две комнаты, что делает её идеальным вариантом для семьи или тех, кто ценит личное пространство.
Кухня площадью 10 кв. м оборудована всем необходимым для комфортного приготовления пищи.
В квартире сделан хороший ремонт, который создаёт приятную атмосферу. Здесь вы сможете воплотить свои идеи по обустройству интерьера. Цена квартиры составляет 10 491 000 рублей. Это выгодное предложение для тех, кто ищет уютное и комфортное жильё. Не упустите возможность стать обладателем этой замечательной квартиры!",,64.0,10.5,163.9
https://vidnoye.cian.ru/sale/flat/307971911/,https://images.cdn-cian.ru/images/kvartira-butovo-park-2284023419-4.jpg,ЖК «Бутово парк»,"Московская область, м. Бульвар Дмитрия Донского, Ленинский городской округ, Бутово рп, Бутово Парк ЖК, 12",Транспортом,14000000.0,243478.0,2.0,9.0,25.0,57.5,"Квартира в стандартной отделке ПИК, просторная, без обременений и без ипотеки, продажа несрочная, небольшой торг уместен
Звоните по дополнительному номеру, либо пишите сообщения (sms)
Показ квартиры возможен в любое время 
В агентство на реализацию ставить интереса нет",,57.5,14.0,243.5
https://podolsk.cian.ru/sale/flat/310466181/,https://images.cdn-cian.ru/images/2333972260-4.jpg,,"Московская область, Подольск, мкр. Красная горка, м. Бульвар Дмитрия Донского, Красная Горка мкр, улица Садовая, 5",Транспортом,9100000.0,136024.0,2.0,11.0,14.0,66.9,"ПРОДАЕТСЯ  2-комнатная квартира  ЖК ""Красная горка"" в уже сданном доме.
общей площадью 66.9 кв.м.,  , без отделки, с очень грамотной планировкой из которой можно сделать евро 3-х комнатную квартиру.
ЖК ""Красная горка""расположен на Садовой улице , неподалеку от центральной части Подольска. Благодаря такому удачному расположению дома путь до основных объектов города займет всего 10 минут на общественном транспорте. Если захотите отправиться в столицу, станция МЦД-2 ""Силикатная"" находится 10 минутах езды на автомобиле. 

ИНФРОСТРУКТУРА: 
 В 5 минутах ходьбы от ЖК ""Красная горка"" расположены школа и детский сад. Рядом с домом есть все сервисы бытовых услуг для комфортной жизни: магазины и кафе, пункты выдачи онлайн-заказов, аптеки и медицинские центры. До парка культуры и отдыха имени В. Талалихина или музея-заповедника ""Подолье"" дорога на автомобиле займёт около 5 минут. Поблизости находится горнолыжный комплекс Красная Горка, спортивный комплекс Подолье, санаторий с бассейном Ерино.

ТРАНСПОРТНАЯ ДОСТУПНОСТЬ:
Удобное транспортное сообщение . В 300 метрах автобусная остановка. 3 остановки до центра Подольска. 10 минут до станций МЦД Подольск или Силикатная, 30-35 минут в будни на городских автобусах до станции метро Бульвар Дм. Донского. А более 20 маршрутов общественного транспорта позволят без суеты добраться в любую необходимую локацию. 
 
Быстрый выход на сделку, просмотр в любое удобное время, передача ключей в день сделки!



Арт. 84330755",,66.9,9.1,136.0
https://vidnoye.cian.ru/sale/flat/310018390/,https://images.cdn-cian.ru/images/kvartira-drozhzhino-novoe-shosse-2325582107-4.jpg,,"Московская область, м. Бульвар Дмитрия Донского, Ленинский городской округ, Дрожжино пгт, шоссе Новое, 4",Транспортом,10800000.0,200000.0,2.0,7.0,18.0,54.0,"Продается уютная двухкомнатная квартира в современном доме, расположенном в рабочем посёлке Дрожжино, на Новом шоссе, 4. Общая площадь квартиры составляет 54 кв. м, просторная кухня  12 кв. м, высота потолков 2,77 м. Квартира находится на 7 этаже 18-этажного панельного дома, построенного в 2018 году.

В квартире выполнен евроремонт, что делает ее готовой к проживанию без дополнительных вложений. Мебель и техника остаётся покупателю. Комнаты светлые и уютные, окна выходят как на улицу, так и во двор, создавая ощущение простора и уюта. Балкон позволит вам наслаждаться свежим воздухом и красивыми видами. Санузел раздельный, что очень удобно для семьи. 

Дом оборудован как пассажирским, так и грузовым лифтом, поэтому можно легко добраться до квартиры и поднять крупные покупки. Территория дома ухожена, есть места для парковки, поэтому всегда можно найти место для вашего автомобиля.

Инфраструктура района развита: в шаговой доступности находятся школы, детские сады и магазины, что делает это место идеальным для семейного проживания. До станции метро ""Бульвар Дмитрия Донского"" можно добраться на автомобиле всего за 12 минут, что значительно облегчает передвижение по городу.

Продажа квартиры осуществляется без посредников, от собственника, что обеспечивает прозрачность сделки. Квартира без обременений, возможна покупка в ипотеку. Все документы готовы к сделке. Большая просьба агентов не беспокоить",,54.0,10.8,200.0
https://vidnoye.cian.ru/sale/flat/306954576/,https://images.cdn-cian.ru/images/2260744318-4.jpg,,"Московская область, м. Бульвар Дмитрия Донского, Ленинский городской округ, Боброво пгт, улица Крымская, 5",Транспортом,9400000.0,174397.0,2.0,3.0,16.0,53.9,"Предлагается к продаже отличная квартира  евро формата с большой кухней - гостиной 20 кв. м. и двумя изолированными спальнями. Квартира светлая и уютная, отлично подойдет для проживания  большой и дружной семьи.Кроме того можно рассматривать и как выгодную инвестицию - большой спрос на аренду в данном районе, ценник от 55000 руб и выше. Окна выходят во двор на восточную сторону. В квартире имеется два санузла - один полностью оснащенный, другой гостевой. Продается полностью укомплектованная мебелью и бытовой техникой, так что после приобретения можно сразу заселяться!Закрытая территория двора предусматривает безопасность для жителей, на входных дверях кодовые замки и домофоны.Во дворе оборудованные детские и спортивные площадки.Развитая инфраструктура - имеются детские сады, школа, сетевые продуктовые магазины, аптеки, салоны красоты, парикмахерские,кафе и прочее. Отличная транспортная доступность -  всего 15-20 минут в пути и вы в метро!Автобусная остановка находится рядом с домом , ходит как городской так и коммерческий транспорт.Удобный выезд на Варшавское шоссе, кроме того строится развязка на скоростном Симферопольском шоссе, которая гораздо улучшит транспортную доступность.Торг возможен Звоните! Отвечу на все ваши вопросы и организую просмотр в удобное для вас время!Не упускайте замечательный шанс!",,53.9,9.4,174.4
https://vidnoye.cian.ru/sale/flat/302965041/,https://images.cdn-cian.ru/images/kvartira-lopatino-solnechnyy-bulvar-2185597076-4.jpg,,"Московская область, м. Бульвар Дмитрия Донского, Ленинский городской округ, Лопатино пгт, бульвар Солнечный",Транспортом,12800000.0,177778.0,2.0,9.0,10.0,72.0,"Огромная, теплая и очень уютная двухкомнатная квартира, комнаты большие по 19, 25м, два шкафа встроенных по 3,5м, никаких торчащих труб по углам отопление по полу. На кухне мебель от фабрики Стильные кухни фурнитура Blum и техника вся Bosh. Наш дом строили в первых очередях и соотвественно строили на совесть) всего три подъезда и никаких магазинов внизу  и т.п., квартира на 9 этаже сверху никто не тревожит, что не может не радовать, но при этом есть  еще один тех.этаж десятый, балкон 4,5 кВ.м, есть кладовая, зона тамбурная не узкая, соседи классные. Все вопросы по тел.",,72.0,12.8,177.8
https://vidnoye.cian.ru/sale/flat/306954127/,https://images.cdn-cian.ru/images/kvartira-vidnoe-mstislava-rostropovicha-bulvar-2260737086-4.jpg,ЖК «Видный город»,"Московская область, Видное, м. Бульвар Дмитрия Донского, бульвар Мстислава Ростроповича, 3к2",Транспортом,9300000.0,165480.0,2.0,6.0,9.0,56.2,"Вашему вниманию предлагается двухкомнатная квартира в комплексе с уникальной архитектурой и комфорт-класса ЖК ""Видный город"". Дом бизнес-класса, только в одной линии такие дорогие дома, бизнес-класса ,остальные дома гораздо дешевле . Дом повышенной комфортности, два лифта на подъезд. Квартира с двумя французскими окнами до пола и французскими балконами, спальня с французским балконом, окна до пола, высота потолка 3,07м , с кухни также есть выход на большую лоджию, даже в этом доме французские окна есть не на всех этажах, только на шестом и седьмом , также в квартире предусмотрены два санузла один гостевой и один основной, отдельная комната под гардеробную . Полы наливные, под полами шумоизоляция . На первом этаже огромный холл, кладовка, где можно ставить коляски и велосипеды, консьерж . Рядом   с ЖК две школы, детский сад, до метро Бульвар Дмитрия Донского- 10 минут на общественном транспорте. На территории ЖК есть продовольственные магазины, Вкусвилл, кафе и другие.
Строится скоростная  дорога. Все документы готовы к сделке. по запросу высылаю подробное видео.

--
Отправлено из Mail для Android",,56.2,9.3,165.5
https://vidnoye.cian.ru/sale/flat/300829035/,https://images.cdn-cian.ru/images/kvartira-bobrovo-lesnaya-ulica-2147729037-4.jpg,,"Московская область, м. Бульвар Дмитрия Донского, Ленинский городской округ, Боброво пгт, улица Лесная, 8",Транспортом,12000000.0,215827.0,2.0,13.0,26.0,55.6,"Уютная двушка рядом с лесом.
Вид из оконна лес и во двор.
Квартира теплая. 
В ней не жили, покупали жля сдачи. Снимает квартиру молодая семья, очень ответственные и чистоплотные.",,55.6,12.0,215.8
https://vidnoye.cian.ru/sale/flat/308716643/,https://images.cdn-cian.ru/images/2299230818-4.jpg,ЖК «Бутово парк 2»,"Московская область, м. Бульвар Дмитрия Донского, Ленинский городской округ, Дрожжино рп, улица Южная, 7",Транспортом,14000000.0,233333.0,2.0,8.0,15.0,60.0,"Код объекта: 1278584.
 Продаётся уютная двухкомнатная квартира с шикарнейшим ремонтом!

В ЖК ""Бутово Парк 2"" есть всё необходимое для комфортной жизни!

О КВАРТИРЕ: квартира очень светлая, так как окна выходят в открытый двор, присутствует вся необходимая мебель и гарнитура которую собственник с радостью оставит новым счастливым обладателям жилья, сделан хороший ремонт,  комфортная планировка и приятная для глаза цветовая гамма квартиры! В данной квартире нет ничего лишнего, дополнительные моменты декора которые отлично сочетаются с жильём! В наличии объёмный гардероб, современная кухня со всей необходимой встроенной техникой, детская комната с тематикой для девочки, просторный зал, объединенный санузел оборудован сантехникой, стиральной машинкой и сушилкой, практичный и широкий коридор.

О ДОМЕ: панельный дом отличного качества 2021-го года постройки, в наличии один пассажирский лифт и один грузовой, отопление которое отлично прогревает все комнаты, индивидуальный проект, железобетонный тип перекрытия, предусмотрены парковочные места

О ЛОКАЦИИ: хорошо развита инфраструктура, в пешей доступности продуктовые магазины, аптеки, тренажерный зал, торговый центр, школы и сады, парк, озеро и остановки общественного транспорта!

О РАСПОЛОЖЕНИИ: вокруг находится густой лес который будет гарантировать для вас свежий воздух, тишину и отличное место для прогулок! Быстро и без проблем можно добраться до метро!

О СДЕЛКЕ: на квартире нет никаких обременений, все документы готовы к быстрому выходу на сделку, свободная продажа!

Все документы готовы к сделки!

Звоните в любое время!",,60.0,14.0,233.3
https://vidnoye.cian.ru/sale/flat/306606489/,https://images.cdn-cian.ru/images/kvartira-bulatnikovo-2254538575-4.jpg,ЖК «Булатниково»,"Московская область, м. Бульвар Дмитрия Донского, Ленинский городской округ, д. Жабкино, Булатниково мкр, 5",Транспортом,7500000.0,154927.0,2.0,1.0,4.0,48.41,"Чистый район, автономное газовое отопление. Светлая и просторная квартира с хорошей планировкой. Кухня с выходом на застеклённую лоджию. Расположение на достаточном расстоянии от лифта гарантирует тишину и спокойствие (шум лифта и соседи не будут вас беспокоить). Отдельный санузел, который можно объединить при необходимости.
Агентов по недвижимости и посредников просим не беспокоиться. Единственный собственник. В квартире никто не прописан.",,48.4,7.5,154.9
https://vidnoye.cian.ru/sale/flat/299885092/,https://images.cdn-cian.ru/images/kvartira-drozhzhino-yuzhnaya-ulica-2128823941-4.jpg,ЖК «Бутово парк 2»,"Московская область, м. Бульвар Дмитрия Донского, Ленинский городской округ, Дрожжино рп, улица Южная, 7",Транспортом,9900000.0,176471.0,2.0,11.0,25.0,56.1,"Эксклюзив!!!

Продам Двухкомнaтную квартиpу 56.1 м2. 

Моcковская область, р.п Дрожжино, улица Южная дом 7 (ЖК Бутово парк 2).

Новый ремонт. Никто не жил. Мебель и техника остаётся по согласованию с покупателем.

Квартирa раcпoлoжeнa на 11 этaже 25 этажного домa ( 2021 г.п.).

Кваpтирa состоит из:

- комнaты 19 м2+12.2 м2

- кухня 11.6 м2

- 2 санузла

Чистый пoдъeзд.

Свободная продажа. 2 взрослый собственник. ДДУ 2018 г.

Полная стоимость в ДКП.

Никто не прописан и никто не проживает. 

Ключи на руках.

Показы по предварительной договорённости.",,56.1,9.9,176.5
https://vidnoye.cian.ru/sale/flat/305091060/,https://images.cdn-cian.ru/images/kvartira-butovo-park-2226294240-4.jpg,ЖК «Бутово парк»,"Московская область, м. Бульвар Дмитрия Донского, Ленинский городской округ, Бутово рп, Бутово Парк ЖК, 9",Транспортом,12210000.0,238012.0,2.0,4.0,17.0,51.3,"Квартира ЗАЕЗЖАЙ И ЖИВИ, расположена на 4 (лучшем в плане доступности ,в случае отключения света, пожара и иных катаклизм) этаже 17 этажного дома, в отличном состоянии светлая, солнечная ,теплая ,чистая ,линейка ,комнаты ламинат ,остальная площадь плитка мозаика черно-белая выполненная под кожу.
2 изолированные комнаты :1 Просторная комната с выходом на балкон 19.2 м. ,2 комната-спальня 11.6м .
Стильная кухня 9.7м.(плавно переходящая в переход) с техникой (микроволновая печь, варочная панель  НОВАЯ(на фото старая еще )),холодильник SAMSUNG .
Совмещённый санузел 4м .(весь комплект мебели  остается),инсталляция встроенная, полотенцесушитель, гигиенический душ.
Мебель в комнатах - трансформеры шкафы( можно менять и соединять между собой ), комод.
Шкаф-купе в коридоре(коридоре 7м.)/
 Дружный ,чистый, ухоженный подъезд, с круглосуточным видеонаблюдением ,консьержем, отличные ,добрые ,тихие  соседи (их бы забрала с собой ,но увы  не могу ).
Экологически чистый район с лесопарковой зоной (в 2-х минутах ходьбы).
На территории комплекса: Мои Документы, Инвитро, Гемотест ,аптеки, кафе ,Поликлиника, травмпункт ,2 детских сада, школа через наземный переход( безопасно), лес, торговые центры (Мираторг,Читай город,Фикс прайс, Вкус Вилл ,Пятерочка, Фасолька ,Детский мир, Башмак и др.),маленькие магазины в каждом доме, остановка в 2-х метрах, парковка подземная и наземная , фитнес клуб (СССР и Кing*s Gum),салоны красоты , солярий и др. 
Выезд на Варшавское шоссе (по территории комплекса ),на Расторгуевское шоссе и др. Доступны 3 станции метро(Бульвар Дмитрия Донского, Аннино, Скобелевская ) и станция МДЦ-2.
Копировать фото , информацию а так же предоставлять интересы моей собственности, запрещено! Риелторов прошу не беспокоить!
1 взрослый собственник. Юридически чистая. Альтернатива подобрана.
Приятного просмотра !Ждем с нетерпением нового хозяина этой замечательной квартиры ).",,51.3,12.2,238.0
https://vidnoye.cian.ru/sale/flat/304107523/,https://images.cdn-cian.ru/images/2209395514-4.jpg,ЖК «Государев дом»,"Московская область, м. Бульвар Дмитрия Донского, Ленинский городской округ, Лопатино рп, улица Сухановская, 37",Транспортом,8950000.0,170152.0,2.0,2.0,9.0,52.6,"Арт. 69005494 Продаётся двухкомнатная квартира! Дом расположен в центре жилого массива. Тихий ухоженный двор.  Сделан хороший, качественный ремонт. Большая прихожая. Имеется гардеробная. Санузел совмещённый, просторный. Сантехника импортная. Вся мебель и техника остаются новым собственникам.
Развитая инфраструктура: магазины, торговый центр, в пешей доступности школа и детский сад.
Хорошая транспортная доступность. До ближайшего метро 10 мин транспортом.

Один взрослый собственник. Звоните! Показ по договорённости.
АН""КАМЕЛОТ"" поможет в одобрении ипотеки и проведении сделки.",,52.6,8.9,170.2
https://vidnoye.cian.ru/sale/flat/310464280/,https://images.cdn-cian.ru/images/kvartira-bobrovo-krymskaya-ulica-2333958966-4.jpg,,"Московская область, м. Бульвар Дмитрия Донского, Ленинский городской округ, Боброво пгт, улица Крымская, 9к1",Транспортом,9950000.0,160484.0,2.0,11.0,19.0,62.0,"Пpодaется прocторная двухкoмнатнaя квартиpa в ЖК ""Bocтoчнoe Бутoвo""! Hовый дом  2015 г. пocтрoйки, выcoкий клаcс энeргоэффективности A+, выcoкий уpoвень звукoизоляции и тeплоизоляции, поcтроeн еще зacтрoйщикoм ""Мортoн"". Квaртиpa отличной плaниpовки! Большие комнаты  (окна во двор)! КУХНЯ 10,8 кв.м., ВЫХОД НА ЛОДЖИЮ  (5м) ИЗ КУХНИ! Комната площадью 18 кв. м. комната 20 кв.  РАЗДЕЛЬНЫЙ санузел, Четыре квартиры на площадке. Грузовой и пассажирский лифты, пандус. Парковочные места у дома,  шлагбаум, а также рядом расположены несколько платных парковочных зон. Ухоженная придомовая территория. Молодой район, сочетание городской среды с развитой инфраструктурой и ЛЕСОПАРКОВОЙ ЗОНОЙ! Несколько детских садов, школа, также строится вторая школа. 5 км. до МКАД! Возможен оперативный выход на сделку!  СВОБОДНАЯ ПРОДАЖА! 
Риэлторов без реального покупателя, прошу не беспокоить, есть свой риэлтор.",,62.0,9.9,160.5
https://vidnoye.cian.ru/sale/flat/312057421/,https://images.cdn-cian.ru/images/2367787740-4.jpg,ЖК «Видный город»,"Московская область, Видное, м. Бульвар Дмитрия Донского, бульвар Мстислава Ростроповича, 4к1",Транспортом,8500000.0,193182.0,2.0,8.0,8.0,44.0,"Id 49606. Высокие потолки 3,7 м²
Общая площадь вместе с лоджией 48 м²
Квартира наполнена большим количеством естественного света
Арочные окна в пол

Две мокрые точки, два санузла

ЖК ВИДНЫЙ ГОРОД - это светский пригород, расположенный в 5 км от МКАД
По Варшавскому шоссе.
ПОБЕДИТЕЛЬ ПРЕМИИ URBAN AWARDS
Практически со всех сторон комплекс окружен лесными массивами

ВЫХОД НА СДЕЛКУ БЫСТРЫЙ, квартира без обременений


БЕСПЛАТНАЯ помощь в одобрении ипотеки любого банка
ЮРИДИЧЕСКОЕ сопровождение сделки",,44.0,8.5,193.2
https://podolsk.cian.ru/sale/flat/307920542/,https://images.cdn-cian.ru/images/kvartira-fedyukovo-novaya-ulica-2283002692-4.jpg,,"Московская область, м. Бульвар Дмитрия Донского, Подольск городской округ, д. Федюково, улица Новая, 4",Транспортом,7300000.0,151767.0,2.0,1.0,5.0,48.1,"Продается уютная 2-комнатная квартира в деревне Федюково, расположена на первом этаже пятиэтажного дома. До станции метро ""Бульвар Дмитрия Донского"" можно доехать на автомобиле за 16 минут. Рядом с домом находятся школа, детский сад и магазины.
Квартира с хорошим ремонтом, на окнах металлические решетки, в туалете и ванной комнате полы с подогревом, балкон 6 метров, кондиционер.
Прямая продажа от собственника.",,48.1,7.3,151.8
https://vidnoye.cian.ru/sale/flat/310190150/,https://images.cdn-cian.ru/images/2328380915-4.jpg,,"Московская область, м. Бульвар Дмитрия Донского, Ленинский городской округ, д. Суханово, Усадьба Суханово ЖК, 3",Транспортом,11500000.0,198276.0,2.0,2.0,5.0,58.0,"Лот 46498181. Предлагается в ЖК ""Усадьба Суханово"" отличная, светлая, теплая и уютная двухкомнатная квартира в монолитно-кирпичном доме.
Готовый вариант либо для жизни, либо для сдачи в аренду.
Квартира с качественным ремонтом сделанный для себя!!!
- Общая площадь  57,5 кв.м.(с учетом застекленного балкона);
- Комнаты изолированные - 17-16 кв.м., большая комната разделена на гостиную + спальную зону. 
- Кухня - 11 кв.м. (встроенный кухонный гарнитур, теплый пол).
- Коридор - 9,8 кв.м.
- Лоджия застекленная (теплый пол).
- Санузел - разделен.
- Окна - стеклопакет. Все окна квартиры на одну сторону.
- Чистый подъезд, лифт - грузовой.
- Облагороженная придомовая территория с оборудованной детской площадкой. 

- ЖК состоит из шести пятиэтажных монолитных корпусов, облицованных кирпичом, дающим высокую степень тепло- и шумоизоляции. Для отделки использована декоративная влагоустойчивая штукатурка и кованые элементы. Дома выполнены в сдержанном архитектурном стиле и спокойном цветовом решении. Несмотря на малую этажность, в домах предусмотрены лифты.

- Инфраструктура представлена несколькими торгово-сервисными организациями в деревне Суханово. Большое количество магазинов, отделений банков, аптек, салонов красоты, социальных и культурных объектов находится в городе Видное, расположенном в двух километрах от ЖК (одна-две остановки на автобусе).

Пешком можно дойти до ж/д станции ""Расторгуево"", от которой отправляются электрички до Павелецкого вокзала Москвы. Время в пути составит немногим более получаса. Наземным общественным транспортом легко добраться до станций метро ""Аннино"" и ""Бульвар Дмитрия Донского"".
  Агент Козаева Ольга Хазбиевна, НДВ-Супермаркет недвижимости",,58.0,11.5,198.3
https://vidnoye.cian.ru/sale/flat/293629027/,https://images.cdn-cian.ru/images/kvartira-drozhzhino-yuzhnaya-ulica-1989630004-4.jpg,ЖК «Бутово парк 2»,"Московская область, м. Бульвар Дмитрия Донского, Ленинский городской округ, Дрожжино рп, улица Южная, 19к1",Транспортом,10500000.0,173841.0,2.0,19.0,19.0,60.4,"Предлагается двухкомнатная квартира. Продает собственник (без риелторов и агентств). Остальные объявления- агентства. В квартире никто никогда не был прописан. Один собственник. Никаких обременений. Быстрый выход на сделку. Верхний этаж, сверху никто не ходит и не шумит. На техническом этаже сделана гидроизоляция, за всё время владения протечек не было. Соседи снизу и по бокам тихие, мы никого не слышим. Установлена тамбурная дверь в большой общий холл (на 4 квартиры). Большая дверь общая на две квартиры с тепло и звукоизоляцией. Планировка на фото (#1). Для ремонта задействован  дизайнер. Помещение 1.5м2 для стиральной машины с полками ( можно сделать второй санузел).. Балкон с полным утеплением пеноплексом 5см (герметичная капсула, стены оштукатурены, поклеены обои). Подогрев пола (программаторы) на кухне и в коридоре. Окна все заменены, 5 камерный пластик, открываются все во всех положениях, включая балкон. Раздельные душ и туалет. Плитка испанская Emigres. Все трубы Rehau оригинал
оригинал. Гребенки FAR (не закисают). Сантехника Kaiser. На полу в детской-ламинат, коридор с кухней-керамогранит. В зале арт-винил. Потолки натяжные, пленка Бельгия. В зале потолок с потайной подсветкой (на фото видно), в стилистике зала. На кухне, в коридоре и в зале светодиодные ленты с мультицветовой подсветкой. На кухне и в зале установлены сплит-системы кондиционирования Toshiba (кроме детской, там заложена трасса для установки климатической системы). Стояки спрятаны в короба для эстетичности и дополнительной шумоизоляции. Лифта два, проблем с ожиданием не испытываем совсем.   Более 8 лет в собственности. Проживаем 4 года. Рядом 2 школы и 2 детских сада. Маршрутка 1201 отходит от нашего дома (конечная) всегда сидячие места до метро Бульвар Дмитрия Донского и МЦД Бутово 507к. Рядом (300м) планируется станция метро Дрожжино бирюлевской линии. Активно развивается дорожно-транспортная сеть (мцд, дублирование мкада - трасса Солнцево-Видное). Полная стоимость в договоре. Услуга ""безопасная сделка"" от Сбербанка приветствуется. Множество паркингов рядом с домом.",,60.4,10.5,173.8
https://vidnoye.cian.ru/sale/flat/307135390/,https://images.cdn-cian.ru/images/kvartira-bobrovo-lesnaya-ulica-2264050442-4.jpg,ЖК «Восточное Бутово»,"Московская область, м. Бульвар Дмитрия Донского, Ленинский городской округ, Боброво пгт, улица Лесная, 16к1",Транспортом,10200000.0,187500.0,2.0,6.0,25.0,54.4,"Предлагается 2- комнатная квартира, общая площадь 54,4 м2 расположенной в Восточном Бутово
Абсолютно новый микрорайон с полной инфраструктурой и удобной транспортной доступностью.
В квартире выполнен свежий ремонт, практически ни кто не жил, и не сдавалась в аренду!
Юридически и физически свободна, покупалась в семейную ипотеку под 6 %, возможна уступка самой Ипотеки с переходом права собственности под тот же процент.
Оперативный показ, по всем вопросам звоните!!",,54.4,10.2,187.5
https://vidnoye.cian.ru/sale/flat/309008934/,https://images.cdn-cian.ru/images/kvartira-butovo-park-2305220080-4.jpg,ЖК «Бутово парк»,"Московская область, м. Бульвар Дмитрия Донского, Ленинский городской округ, Бутово рп, Бутово Парк ЖК, 20к2",Транспортом,11000000.0,183028.0,2.0,4.0,25.0,60.1,"Предлагается к покупке свободная квартира с большим холлом, уютная, светлая, просторная и чистая двушка-распашонка в тихом спальном районе Бутово-Парк.
Площадь кухни 13 кв. м, окно выходит во двор. Кухня имеет большое эркерное окно. Спальня 15 кв. м, лоджия спальни 3,7 кв.м, окна выходят во двор жилого массива. Гостиная 19 кв. м., лоджия гостиной 3,7 кв. м. Окна выходят на другую сторону дома. Пластиковые стеклопакеты во всех комнатах. Качественная металлическая входная дверь. Санузел раздельный. Два грузовых лифта плюс один пассажирский. Интернет кабель заведен в квартиру. Во дворе дома располагаются детские площадки, детский сад, школа, поликлиника. Ближайшая станция железной дороги МЦД  Бутово. Ближайшие станции метро  Бульвар Дмитрия Донского, Аннино, улица Академика Янгеля. Время в пути на транспорте 10  15 минут. Готова к продаже.",,60.1,11.0,183.0
https://vidnoye.cian.ru/sale/flat/305499682/,https://images.cdn-cian.ru/images/2238912235-4.jpg,ЖК «Живописный»,"Московская область, м. Бульвар Дмитрия Донского, Ленинский городской округ, Живописный ЖК, 4к1",Транспортом,7700000.0,146110.0,2.0,2.0,4.0,52.7,"Арт. 70960630 Доверяя нам, Вы гарантировано получаете только реальные объекты!

Горячее предложение! 
 
Ваша мечта о просторной загородной жизни ждет вас!

Предлагаем вам просторную 2-комнатную квартиру комфорт-класса в новом доме, сданном в 2023 году. 

Эта квартира - настоящее воплощение комфорта и уюта! 

* Свободная планировка: реализуйте свои дизайнерские идеи!
* Распашонка: светлые, просторные комнаты с окнами на обе стороны. 
* Высокие потолки (3 метра): чувство простора и легкости!
* Двор без машин: безопасность для детей и тишина для вас! 
* Современный детский сад: удобство для родителей!
* Прекрасная экология: живописные виды, лес, водоемы с чистыми пляжами (пруд и река), клубничные поля.

Идеальное место для жизни всей семьи:  
* Комфортные места для прогулок, рыбалки и отдыха. 
* Рядом старинная Усадьба ""Троицкое на Обитце"" и загородный клуб ""Завидное"".

Отличная транспортная доступность:
* 10-15 минут до ст. метро: Аннино, Бульвар Дмитрия Донского, Битца, Бутово. 
* 2 км до МКАД

Цена ниже рынка!!
Звоните прямо сейчас и записывайтесь на просмотр!

Возможен торг.

Если остались вопросы звоните!!!!!!",,52.7,7.7,146.1
https://vidnoye.cian.ru/sale/flat/308792364/,https://images.cdn-cian.ru/images/kvartira-butovo-park-2300719691-4.jpg,ЖК «Бутово парк»,"Московская область, м. Бульвар Дмитрия Донского, Ленинский городской округ, Бутово рп, Бутово Парк ЖК, 3",Транспортом,10800000.0,178512.0,2.0,8.0,17.0,60.5,"Продаю 2к. кв. Бутово Парк д.3 отличная квартира с большой кухней, две комнаты с лоджиями во двор и на улицу, удобное место расположения дома, много свободных парковочных мест, рядом лес, развитая инфраструктура, удобный выезд на шоссе.",,60.5,10.8,178.5
https://vidnoye.cian.ru/sale/flat/311773166/,https://images.cdn-cian.ru/images/2361691202-4.jpg,,"Московская область, м. Бульвар Дмитрия Донского, Ленинский городской округ, Дрожжино пгт, улица Южная, 3к2",Транспортом,10100000.0,165574.0,2.0,7.0,15.0,61.0,"Номер в базе: 4318259. Великолепная двухкомнатная квартира площадью 61 квадратных метров в живописном районе! Во дворе дома находятся детская и спортивная площадки, где ваши дети смогут безопасно играть и развиваться. В шаговой доступности расположены школа, детский сад, пункты WB, магазины, что делает этот район идеальным для семейной жизни.  Станции метро ""Улица Скобелевская"", ""Бульвар Адмирала Ушакова"", ""Бульвар Дмитрия Донского"" и ""Улица Старокачаловская"" находятся в непосредственной близости, что обеспечивает удобный доступ к любой точке города. Не упустите возможность стать владельцем этой замечательной квартиры, которая сочетает в себе комфорт, качество и близость к природе!  Звоните прямо сейчас, чтобы записаться на просмотр и увидеть всё своими глазами! И самое главное: покупая эту квартиру через агентство недвижимости ""Этажи"", Вы получаете полную юридическую защиту и никаких рисков. Мы поможем вам получить ипотеку во всех ведущих банках с преференциями от 0,3%, а также экономить на страховых взносах 20-30% ежегодно. Кроме того, гарантийный сертификат до 25 миллионов рублей. Не упустите возможность приобрести эту квартиру и обеспечить себе и своей семье комфортное жилье в тихом и зеленом районе. Свяжитесь с нами сегодня, и мы поможем вам осуществить вашу мечту! 



Код пользователя: 171440",,61.0,10.1,165.6
https://vidnoye.cian.ru/sale/flat/308503609/,https://images.cdn-cian.ru/images/kvartira-lopatino-solnechnyy-bulvar-2294305537-4.jpg,ЖК «Государев дом»,"Московская область, м. Бульвар Дмитрия Донского, Ленинский городской округ, Лопатино пгт, бульвар Солнечный, 2",Транспортом,8200000.0,164000.0,2.0,4.0,9.0,50.0,"Продается светлая, уютная 2-х комнатная квартира на 4 этаже с видом во двор, сад и школу. Работы почти закончены, необходимо положить ламинат и плитку (материал есть в наличии, см.фото), в спальне сделана гардеробная, в ванной уложен теплый пол, заменено отопление от застройщика. материалы использовались качественные, ремонт сделан под себя, в квартире никто не проживал
Агентов просьба не беспокоить",,50.0,8.2,164.0
https://vidnoye.cian.ru/sale/flat/305635165/,https://images.cdn-cian.ru/images/kvartira-lopatino-suhanovskaya-ulica-2237385915-4.jpg,ЖК «Государев дом»,"Московская область, м. Бульвар Дмитрия Донского, Ленинский городской округ, Лопатино пгт, улица Сухановская, 21",Транспортом,10300000.0,177586.0,2.0,4.0,9.0,58.0,"Продается уютная 2-комнатная квартира в Московской области, Ленинский район, деревня Лопатино, Сухановская улица. Общая площадь квартиры — 58 кв. м. Она расположена на 4 этаже 9-этажного панельного дома, построенного в 2019 году. Высота потолков составляет 2.7 метра. До станции метро ""Бульвар Дмитрия Донского"" можно доехать на автомобиле всего за 11 минут.

В квартире сделан качественный евроремонт. Кухня площадью 9.3 кв. м оборудована всей необходимой техникой. В каждой комнате и на кухне установлена современная мебель, поэтому можно сразу заехать и жить. Санузел раздельный. В ванной комнате новая сантехника. В квартире есть одна лоджия, окна выходят во двор, что обеспечивает тишину и уют.

Дом находится в отличном состоянии и обслуживается надежной управляющей компанией. Есть пассажирский лифт. Для автовладельцев предусмотрена наземная парковка, поэтому можно всегда найти место для машины.

Рядом с домом находятся школы, детские сады и магазины, поэтому все необходимое для комфортной жизни находится в шаговой доступности. Хорошая транспортная доступность и развитая инфраструктура района делают это место удобным для проживания.

Квартира продается по договору купли-продажи. Объект юридически чист, без обременений. Подходит для покупки в ипотеку.",,58.0,10.3,177.6
https://vidnoye.cian.ru/sale/flat/302246173/,https://images.cdn-cian.ru/images/kvartira-vidnoe-mstislava-rostropovicha-bulvar-2173227775-4.jpg,ЖК «Видный город»,"Московская область, Видное, м. Бульвар Дмитрия Донского, бульвар Мстислава Ростроповича, 3к2",Транспортом,9900000.0,152308.0,2.0,8.0,8.0,65.0,"Пожалуй лучшая видовая двушка жилого комплекса. именно поэтому и приобреталась. Последний этаж с высокими потолками почти 4 метра с шикарнейшим видом и огромной лоджией. Твори, выдумывай, пробуй! Собственник.",,65.0,9.9,152.3
https://vidnoye.cian.ru/sale/flat/295021328/,https://images.cdn-cian.ru/images/kvartira-butovo-park-2028681292-4.jpg,ЖК «Бутово парк»,"Московская область, м. Бульвар Дмитрия Донского, Ленинский городской округ, Бутово рп, Бутово Парк ЖК, 14",Транспортом,11500000.0,191667.0,2.0,2.0,25.0,60.0,"Свободная продажа, без обременений. Двухкомнатная, светлая квартира, в пешей доступности от метро и рядом с лесом. Просторные комнаты, уютная, большая кухня оборудованная хорошей мебелью и всей необходимой техникой, большой санузел.  Высокий второй этаж, первый этаж не жилой, высокий. Квартира в современном  ЖК с развитой инфраструктурой, закрытой территорией. Все необходимое для комфортного проживания на территории ЖК, для людей с разными предпочтениями и образами жизни. Свои детские площадки, д.сад, школа, кафе, фитнес клуб , зоны отдыха, магазины, ТЦ  с кинотеатром. удобное транспортное сообщение как на личном так и общественном транспорте.",,60.0,11.5,191.7
https://vidnoye.cian.ru/sale/flat/307441847/,https://images.cdn-cian.ru/images/kvartira-drozhzhino-yuzhnaya-ulica-2271231860-4.jpg,ЖК «Бутово парк 2»,"Московская область, м. Бульвар Дмитрия Донского, Ленинский городской округ, Дрожжино рп, улица Южная, 25",Транспортом,11950000.0,186719.0,2.0,10.0,17.0,64.0,"Уютная двухкомнатная квартира. Юридически свободная. Два собственника, более 5 лет.",,64.0,11.9,186.7
https://vidnoye.cian.ru/sale/flat/308933030/,https://images.cdn-cian.ru/images/2303584929-4.jpg,ЖК «Бутово парк 2»,"Московская область, м. Бульвар Дмитрия Донского, Ленинский городской округ, Дрожжино пгт, шоссе Новое, 8к3",Транспортом,11000000.0,180921.0,2.0,13.0,19.0,60.8,"Id 47742. В ЖК Бутово Парк 2 продаётся уютная, чистая и просторная квартира. Квартира делалась под себя.

Инфраструктура очень развитая: всё необходимое для комфортной жизни в шаговой доступности: школа, детские сады, поликлиника, магазины, в том числе сетевые Пятёрочка, Магнит, ВкусВилл, Ароматный мир, Ремит. Пункты выдачи: OZON, Boxberry, CDЭК, Wildberries.

Транспортная доступность: остановка автобуса пешей доступности - 3 минуты. 10 минут до ст Бутово МЦД-2 или 15 минут на автобусе до станции м. Бульвар Дмитрия Донского.

Документы: 1 собственник, без обременений.

Остались вопросы?  Звоните!",,60.8,11.0,180.9
https://vidnoye.cian.ru/sale/flat/305657266/,https://images.cdn-cian.ru/images/kvartira-drozhzhino-novoe-shosse-2237868637-4.jpg,ЖК «Бутово парк 2»,"Московская область, м. Бульвар Дмитрия Донского, Ленинский городской округ, Дрожжино пгт, шоссе Новое, 9к1",Транспортом,12499999.0,222420.0,2.0,5.0,14.0,56.2,"Aгентам , pиэлтоpaм, экспертам по нeдвижимоcти  - НE БЕСПОКOИТЬ!!!
B oтличиe oт cтaрых панeлек, cерия П-111M очень тeплaя и cоотвeтствует требовaниям Гoсстроя по энepгoэффeктивноcти. Хоpoшие толcтые стeны. 
Hи коробoчки , кoторыми зaстроeны вcе Бутoво паpки.
Дoм cдан в 2014 году! Дом относится к Московской школе 1355! 
1 взрослый собственник с 2014 года !
Никогда никто в квартире не был прописан! 
Квартира никогда не сдавалась! 
С одной стороны деревня, стадион огромный , школа  и лес! Есть где устроить пикник или вечернюю долгую прогулку! 
Лучший дом в этом районе. Тихо и спокойно . В окна никто не смотрит, 5 этаж один из самых комфортных, вдали от шоссе, но при этом до автобусной остановки МОСГОРТРАНС пешком всего 7 минут .
Одним из самых важных моментов при покупке квартиры являются - соседи!  Соседи на этаже!  и в подъезде!  спокойные и порядочные!!! 
Нет ни пьяных ни шумных!!! Вот так совпало, жильцы подъезда благополучные, вежливые люди. Не проходной двор! 
Консьерж - очень внимательная женщина!  Муха мимо не пролетит без ее ведома. В подъезде и на этажах всегда порядок и чистота. 
В подъезде ( внутри и на улице) на лестнице установлены камеры видеонаблюдерия! 
О квартире : светлая , уютная распашонка, которая приносит счастье , радость , карьерный рост и материальное благополучие!, покупаете и сами все поймете ! ВО ВСЕЙ квартире И НА БАЛКОНЕ установлены окна Каlеvа. 
Летом 2023 года был сделал полностью ремонт ванной комнаты и туалета с ПОЛНОЙ заменой всей сантехники, труб и потолка! Скажу честно, осталась только ЧУГУННАЯ ВАННА размером 180/80! 
Подогрев полов на кухне, коридоре , ванной и туалете. Кухня полностью со встроенной техникой , кроме стиральной машины ( как показывает опыт, стиральную машинку лучше не встраивать ). Ме Воsсh , встроенный холодильник и вытяжка Gоrеnjе. 
На этаже большой общий холл , где возможно поставить тумбу для обуви например. Мусорные контейнеры находятся вдали от дома, что очень важно! Запаха нет , крыс и тараканов НЕТ! Говорю же , самый лучший дом! 
В квартире никто не прописан, 1 собственник , в собственности более 5 лет . Дом был сдан в 2014 году . Удачное расположение квартиры - в середине дома. 
Квартира в новом доме, где живу я со своей семьей . Никто больше в ней не проживал
Квартира распашонка, обе стороны выходят во дворы, на детские площадки . Школа сбоку дома. 
Полная стоимость в ДКП, торг. Долгов , залогов - НЕТ. 
Квартира продаётся в связи в покупкой новой Квартиры большей площадью.  
Рядом с домом в пешей доступности школа , аптеки , магазины, быт услуги , стадион, детский сад и деревня с прудом и лесом, где можно отдохнуть, просто погулять , устроить пикник. До дверей школы кстати равно 4 минуты пешком ) Школа новая, открылась в 2022 году. 
В квартире остаётся часть мебели и техники!!!!!
При покупке,  квартиру быстро освобожу от личных вещей ! Поверьте, эта квартира одна из немногих, в Бутово Парке,действительно стоит своих денег.",,56.2,12.5,222.4
https://vidnoye.cian.ru/sale/flat/311658278/,https://images.cdn-cian.ru/images/2359329356-4.jpg,ЖК «Бутово парк 2»,"Московская область, м. Бульвар Дмитрия Донского, Ленинский городской округ, Дрожжино пгт, шоссе Новое, 2к3",Транспортом,10700000.0,159463.0,2.0,8.0,25.0,67.1,"Id 382093. Продается светлая, чистая, с хорошим ремонтом ,после которого никто не жил, очень уютная 2-ком квартира в очень удачном районе!
Окна на две стороны ( квартира распашонка ).

О КВАРТИРЕ:
Просторная гостинная-16,5 кв.м.,спальня -12 кв. м., просторный холл-9,1 кв.м., 2 раздельных санузела, кухня правильной квадратной формы с большим окном -11,5 кв. м., огромная гардеробная комната-7,5 м2

ПРО ИНФРАСТРУКТУРУ:
- Прекрасный зеленый район с хорошо развитой инфраструктурой!

- Во дворе дома есть парковка!

- Очень удобная транспортная доступность до Москвы.
- В непосредственной близости от дома находится школа и детский сад.

- Также поблизости есть все сетевые магазины: Магнит, Дикси, Пятёрочка, Лента, ВкусВилл, а также различные пункты выдачи.

ПРО ДОКУМЕНТЫ:
- 1 взрослый собственник!

- документы основания ( договор купли-продажи от застройщика ).

 Ипотека возможна!

 Мы являемся партнерами более 15 банков и готовы оказать профессиональную помощь в одобрением ипотеки на специальных условиях !

 Полное юридическое сопровождение!",,67.1,10.7,159.5
https://vidnoye.cian.ru/sale/flat/307057956/,https://images.cdn-cian.ru/images/kvartira-drozhzhino-yuzhnaya-ulica-2262468431-4.jpg,ЖК «Бутово парк 2»,"Московская область, м. Бульвар Дмитрия Донского, Ленинский городской округ, Дрожжино пгт, улица Южная, 3к1",Транспортом,11500000.0,198276.0,2.0,8.0,26.0,58.0,"Продается уютная 2 комнатная квартира с евроремонтом.
ПРОДАЮ БЕЗ АГЕНТОВ!!!!
Общая площадь квартира 58
Жилая 31 м
18 спальня, 11 спальня , 12 кухня 
Дом 2023 года постройки высота потолков 2,7м
В квартире качественный ремонт, заезжай ши живи. 
Заменена хорошая входная дверь, межкомнатные двери. 
Два санузла.
В ванной комнате установлена новая сантехника, была замена труб, установлена душевая кабина.
Удобная планировка, просторная кухня. Окна выходят на обе стороны дома.
Дом оснащен грузовым и пассажирским лифтом. Дворы без машин.
Закрытая территория для безопасности детей.
В пешей доступности школа и детские сады. До метро Бульвар Дмитрия Донского 15 мин на автобусе .
До МЦД Бутово 10 мин.
Рядом станция так же Щербинка.
Один взрослый собственник. Альтернатива",,58.0,11.5,198.3
https://vidnoye.cian.ru/sale/flat/311745358/,https://images.cdn-cian.ru/images/2361117524-4.jpg,ЖК «Государев дом»,"Московская область, м. Бульвар Дмитрия Донского, Ленинский городской округ, Лопатино пгт, бульвар Солнечный, 17",Транспортом,9700000.0,183019.0,2.0,5.0,9.0,53.0,"Id 49491. Общая площадь 53м²

Без обременении
Свободная продажа
Один собственник
Полная стоимость в дкп

Застройщик: ГРАНЕЛЬ
До метро на серую ветку Аннино, на транспорте 15-17мин
До МЦД2 бутово, на транспорте 10 мин
От квартиры до общественной остановки 3-5 мин
В комплексе:

• Школа (самая большая, в ленинском городском округе)
• Три детских сада
• Образовательные центры для детей
• Торговый цент
• МФЦ
• Все необходимые популярные маркеты; пункты доставок и прочее

БЕСПЛАТНАЯ помощь в одобрении ипотеки любого банка
ЮРИДИЧЕСКОЕ сопровождение сделки",,53.0,9.7,183.0
https://vidnoye.cian.ru/sale/flat/297092761/,https://images.cdn-cian.ru/images/kvartira-drozhzhino-novoe-shosse-2117066017-4.jpg,ЖК «Бутово парк 2»,"Московская область, м. Бульвар Дмитрия Донского, Ленинский городской округ, Дрожжино пгт, шоссе Новое, 14",Транспортом,8200000.0,185941.0,2.0,21.0,25.0,44.1,"отличная квартира по отличной цене
документы в норме, остановка автобуса конечная рядом, парковка бесплатная недалеко , можно смело до 22 припарковаться, потом не смело)
Мебель и техника остаются !!!
Документы готовы к сделке
В помощи реелторов не нуждаемся",,44.1,8.2,185.9
https://vidnoye.cian.ru/sale/flat/311133253/,https://images.cdn-cian.ru/images/2347845986-4.jpg,ЖК «Бутово парк 2»,"Московская область, м. Бульвар Дмитрия Донского, Ленинский городской округ, Дрожжино пгт, шоссе Новое, 14",Транспортом,11500000.0,188525.0,2.0,4.0,19.0,61.0,"Предлагаем Вашему вниманию современную, 2-х комнатную квартиру в отличном состоянии в новом экологичеcки чиcтом райoне!
Сoврeменная, улучшенной планирoвки, Сделан качественный ремонт в 2020 году:
- Ванная с дорогой сантехникой
- Установлен фильтр на ХВС.
- Натяжные потолоки
- Окна Rеhаu по всей квартире
- Утепленная лоджия + теплый пол
- На полу дорогой ламинат
- Заложены трасы под сплит-систему
- В спальне стоит очистительная приточная вентиляция
 -Стены выводены под покраску
- Входная дверь с зеркалом
- Установлен бойлер.
Покупателю оставим:
- Качественная кухня от компании ""Кухонный двор""
- Духовой шкаф Еlеktrоluх
- Варочная панель Еlеktrоluх
- Посудомоечная машина Еlеktrоluх
- Встроенная микроволновая печь Еlеktrоluх
- Шкафы и системы хранения
- Диван, двухспальная кровать
- И другая мебель
Чистый подъезд, имеется консъерж, спокойные и интеллегентные соседи.
Есть большой тамбур с отдельной дверью, где можно хранить коляски, велосипеды, санки и прочее.
Хорошо обустроенный жилой комплекс с развитой инфраструктурой и транспортной доступностью. В шаговой доступности магазины, аптеки, поликлиника, школы и детские сады, салоны красоты, фитнес-центр, пункты доставки, рыболовный клуб, конно-спортивный комплекс, православный храм. Лес, озера, прудики с местами отдыха. Просторные дворы оборудованы современными детскими и спортивными площадками, спортивный стадион.
Открытая парковка во дворе, места есть всегда в любое время дня и ночи, отличное преимущество нашего района от любых других районов Подмосковья.
Остановка общественного транспорта в 2 минутах ходьбы ""Варшавское шоссе 261"". 15 минут на транспорте до метро Бульвар Дмитрия Донского, 1,8 км -5 мин.на транспорте до станции МЦД Бутово (бесплатная парковка для автомобилей) или 20 мин пешком., 5 км до МКАД.
Обременений нет, один взрослый собственник. Продажа свободная. Быстрый выход на сделку.
Это отличная возможность купить полностью готовую к жизни квартиру со всей необходимой качественной мебелью и техникой.
Объект 1-302638",,61.0,11.5,188.5
https://vidnoye.cian.ru/sale/flat/291838574/,https://images.cdn-cian.ru/images/kvartira-vidnoe-galiny-vishnevskoy-ulica-1912096108-4.jpg,ЖК «Видный город»,"Московская область, Видное, м. Бульвар Дмитрия Донского, улица Галины Вишневской, 5",Транспортом,10950000.0,243333.0,2.0,5.0,8.0,45.0,"Я собственник, свободная продажа. 

Всего в 10 минутах от столицы в светском пригороде продается уютная и стильная 2к квартира с дизайнерским ремонтом. Расположена в эксклюзивном ЖК, спроектированным одним из лучших архитекторов Максимом Атаянцем. Комплекс напоминает пригороды Парижа или С-Петербурга, наполнен красивыми растениями, скульптурами. Рядом лес, чистый воздух, развитая инфраструктура: ТЦ, фитнес, продуктовые магазины, недалеко есть парки, речка. Дворы без машин, прекрасные детские площадки. Спокойный район с дружелюбными соседями и хорошей управляющей компанией.

Очень удачная планировка квартиры - распашонка способствует еще более комфортному проживанию. Вся встроенная мебель сделана по индивидуальным проектам на заказ. В коридоре при входе и на балконе - теплый пол. Балкон утеплен и оборудован под кабинет, в котором комфортно работать даже зимой. Ремонт дизайнерский с использованием качественных материалов. Все делали для себя.

2 собственника, не прописаны. Никаких обременений нет.
В квартире остается вся встроенная мебель и встроенная кухонная техника. Отдельные предметы - по договоренности. 

Приезжайте на просмотр и покупайте, пока не купил кто-то другой",,45.0,10.9,243.3
https://vidnoye.cian.ru/sale/flat/311595260/,https://images.cdn-cian.ru/images/kvartira-bobrovo-krymskaya-ulica-2358047740-4.jpg,ЖК «Восточное Бутово»,"Московская область, м. Бульвар Дмитрия Донского, Ленинский городской округ, Боброво пгт, улица Крымская, 11к1",Транспортом,11700000.0,189627.0,2.0,17.0,17.0,61.7,"Доброго времени суток . Вашему вниманию представлена просторная, уютная двухкомнатная квартира в Восточном Бутово. Квартира с качественным дизайнерским ремонтом и мебелью - заезжай и живи. Рядом МЦД Бутово, метро Бульвар Дмитрия Донского в 25 минутах на автобусе. ЛОКАЦИЯ: 5 км от МКАД по Юго-восточной хорде или Симферопольскому шоссе. Уютный обжитой квартал, окруженный лесопарками. На территории ЖК есть свои школы , сады , поликлиника, развивательные центры, кафе , ПВЗ. Прямые выезды на Варшавское и Симферопольское шоссе. Основные характеристики: 
Дом 2016 года , монолитный , с хорошей шумоизоляцией . Отличительная особенность данного дома -высокие потолки под 3 метра . В квартире будто больше свободы и воздуха , чем в аналоговых панельных домах . В 2020 году сделан качественный ремонт : на балконе заменили стеклопакетное остекленение, установили тёплый пол с регулировкой . Все материалы при ремонте выбирались для себя , не для перепродажи . Во дворе детская площадка, сам двор чистый , летом -в цветах. Достаточно парковочных мест. КВАРТИРА: Окна линейно в одну сторону, выходят на юг. Квартира довольно солнечная. Этаж 17 , сверху технический Общая площадь 61,7 м2 Все что видите на фото из мебели остаётся новому владельцу ! Вся мебель делалась на заказ : кухня со встроенными механизмами и доводчиками , полностью укомплектована бытовой техникой включая посудомоечную машину . Вся мягкая мебель ортопедическая , шкаф-купе на всю стену очень вместителен . 
Свободная продажа , обременений нет . В собственности более 4 лет .
Звоните, оперативно проконсультируем по объекту и сделке.Быстрым хорошая скидка!",,61.7,11.7,189.6
https://vidnoye.cian.ru/sale/flat/295687035/,https://images.cdn-cian.ru/images/kvartira-butovo-park-2042147474-4.jpg,,"Московская область, м. Бульвар Дмитрия Донского, Ленинский городской округ, Бутово рп, Бутово Парк ЖК, 23к2",Транспортом,16700000.0,214103.0,2.0,20.0,22.0,78.0,"Шикарная 2-комнатная квартира в монолитно-кирпичном доме бизнес-класса на охраняемой территории. Дизайнерский ремонт ( вып. на 95 %) по индивидуальному проекту с применением дорогостоящих импортных материалов, 2 санузла, утепленная лоджия. На полу плитка Италия, Испания, массивная доска из Голландии, немецкие стеклопакеты Рехау, витражные стекла ручной работы, двери по индивидуальному заказу, радиаторы Италия, трубы и электрика  Германия, Лоджия отделана евровагонкой из ангарской сосны, встроенный шкаф. Душевая кабина, бойлер, зеркальный потолок с витражным стеклом. Панорамный вид из окон.
Просторная входная группа, 3 лифта OTIS, просторный предквартирный холл с местом для колясок и велосипедов. Территория дома огорожена, въезд под шлагбаум, круглосуточная охрана, видеонаблюдение внутри и снаружи дома, детская площадка, зеленая дворовая территория оформлена деревьями и цветочными клумбами.
В доме расположены салон красоты, детская частная поликлиника, частный детский сад, продуктовые магазины, ресторан, рядом фитнес клуб 24 ч. с бассейном СССР. Развитая инфраструктура района: Мои документы, детские сады, школы, торговые центры: ""Мираторг"", ""ВкусВилл"", , ""Инвитро"", районная поликлиника, кинотеатр, и т.п.
Удобное транспортное сообщение: 12 мин. московским транспортом до м. Аннино или м.Бульвар Дмитрия Донского, 10-15 мин. пешком до платформы Бутово, 20 мин пешком до м. Улица Старокачаловская. 3 км до МКАД.
Прямая продажа, один собственник, юридически и физически свободна, быстрый выход на сделку. Есть возможность также приобрести машиноместо. . Полная стоимость в договоре.
Я-собственник. По всем вопросам звоните, не стесняйтесь, квартира полностью готова к сделке и проживанию, свободная продажа, никто не прописан! Агентам просьба даже не пробовать звонить,..",,78.0,16.7,214.1
https://vidnoye.cian.ru/sale/flat/312150626/,https://images.cdn-cian.ru/images/2369833996-4.jpg,ЖК «Бутово парк 2»,"Московская область, м. Бульвар Дмитрия Донского, Ленинский городской округ, Дрожжино пгт, шоссе Новое, 4",Транспортом,10800000.0,200000.0,2.0,7.0,17.0,54.0,"Код объекта: 1352074.
 Продаётся уютная двухкомнатная квартира с шикарнейшим ремонтом!

В ЖК ""Бутово Парк 2"" есть всё необходимое для комфортной жизни!

О КВАРТИРЕ: квартира очень светлая, так как окна выходят в открытый двор и на улицу, присутствует вся необходимая мебель и гарнитура которую собственник с радостью оставит новым счастливым обладателям жилья, сделан хороший ремонт, комфортная планировка и приятная для глаза цветовая гамма квартиры! В данной квартире нет ничего лишнего, дополнительные моменты декора которые отлично сочетаются с жильём! В квартире выполнен евроремонт, что делает ее готовой к проживанию без дополнительных вложений. Балкон позволит вам наслаждаться свежим воздухом и красивыми видами. Санузел раздельный, что очень удобно для семьи. 

О ДОМЕ: панельный дом отличного качества 2019-го года постройки, в наличии один пассажирский лифт и один грузовой, отопление которое отлично прогревает все комнаты, железобетонный тип перекрытия.Территория дома ухожена, есть места для парковки, поэтому всегда можно найти место для вашего автомобиля.

О ЛОКАЦИИ: хорошо развита инфраструктура, в пешей доступности продуктовые магазины, аптеки, тренажерный зал, торговый центр, школы и сады, парк, озеро и остановки общественного транспорта!

О РАСПОЛОЖЕНИИ: вокруг находится густой лес который будет гарантировать для вас свежий воздух, тишину и отличное место для прогулок! Быстро и без проблем можно добраться до метро!

О СДЕЛКЕ: на квартире нет никаких обременений, все документы готовы к быстрому выходу на сделку, свободная продажа!

Все документы готовы к сделки!

Звоните в любое время!",,54.0,10.8,200.0
https://vidnoye.cian.ru/sale/flat/309727126/,https://images.cdn-cian.ru/images/kvartira-vidnoe-svyatoslava-rihtera-ulica-2319576504-4.jpg,ЖК «Видный город»,"Московская область, Видное, м. Бульвар Дмитрия Донского, улица Святослава Рихтера, 7",Транспортом,9500000.0,225653.0,2.0,1.0,8.0,42.1,"Внимание!!!Данная квартира подходит под ставку ипотеки сбербанка 9,6%.
Продаю уютную 2 комнатную квартиру в кирпичном доме,квартира-распашонка,1 комната 18,6 м,2 комната 10,9м.
ЖК Видный город (напоминает маленькую Европу),с потрясающими домами,спроектированные известным архитектором Максимом Атаянцем.В квартире остаётся вся техника,купленная в 2022г:холодильник Gorenje,стиральная машина Boosh,отличная духовка Gefest,индукционная варочная панель,кондиционер Samsung и мебель:новая кровать,комод,стол,кухня IKEA,стулья IKEA,шкаф IKEA,в квартире и душевой стоят смесители из латуни,душевая система из латуни вся.На лоджию имеется весь материал с утеплителем для отделки.(В коридоре требуется мелкий косметический ремонт-обои)
В ЖК Видный город,вся ухоженная территория,много зелени,площадок для детей,в шаговой доступности 2 школы и 4 сада,еще скоро начнется строительство одной школы в нашем ЖК,на домах имеются видеокамеры,соседи прекрасные и отзывчивые,всегда помогут
Много магазинов:Перекресток,Вкуссвил,Бристоль,Фасоль, пекарня,пиццерия и т.д,есть ТЦ Аструм, МФЦ,почта и салоны красоты.Удобное расположение ЖК,в нем от МКАД ,экологически чистый район в окружении леса и зелени,нет промышленных зон.Рядом заповедник усадьба ""Суханово"",усадьба ""Царицыно"",Расторгуевский парк,зона отдыха Завидное,пруды.
До м.Бульвар Дмитрия Донского можно доехать 15-25 мин(смотря,в какое время ехать)
до м.Аннино-35мин
до ж/д ст.Расторгуево-10-15 мин
мцд Бутово-7 мин",,42.1,9.5,225.7
https://vidnoye.cian.ru/sale/flat/311350308/,https://images.cdn-cian.ru/images/2352576336-4.jpg,ЖК «Усадьба Суханово»,"Московская область, м. Бульвар Дмитрия Донского, Ленинский городской округ, д. Суханово, Усадьба Суханово ЖК, 3",Транспортом,10700000.0,198148.0,2.0,4.0,5.0,54.0,"Уникальное предложение! Готовый вариант для жизни или для сдачи в аренду. Заезжай и живи! 

Вашему вниманию предлагается светлая, теплая и уютная двухкомнатная квартира в монолитно-кирпичном доме ЖК Усадьба Суханово.

В квартире остаются  вся мебель и бытовая техника. Плита, вытяжка и посудомоечная машина марки Bosch, холодильник Samsung. В квартире сделан качественный евроремонт, делали для себя. Лоджия утеплена. 
Общая площадь квартиры с лоджией 56 кв.м.

ЖК ""Усадьба Суханово"" состоит всего из 6 пятиэтажных кирпичных домов в английском стиле с закрытой территорией. ЖК расположен рядом с историческим местом в окружении соснового бора. Рядом конный клуб, Екатерининский монастырь XVII века, Сухановский пруд с пляжами, частные школы и детские сады. Сетевые продуктовые магазины Пятерочка, Перекресток, Вкус Вилл в пешей доступности.
Остановка общественного транспорта в 5 минутах от дома до метро ""Аннино"" (20 мин до метро) и до ж/д станции ""Расторгуево"".
Удобный выезд на Варшавское и
Симферопольское шоссе, на МКАД, в 2026 году будет открыт МЦД-5.

Один взрослый собственник, никто не прописан, без долгов и обременений. Альтернатива подобрана, быстрый выход на сделку. 
Юридическая проверка и сопровождение сделки в подарок!",,54.0,10.7,198.1
https://vidnoye.cian.ru/sale/flat/305540682/,https://images.cdn-cian.ru/images/kvartira-butovo-park-2308168031-4.jpg,,"Московская область, м. Бульвар Дмитрия Донского, Ленинский городской округ, Бутово рп, Бутово Парк ЖК, 2",Транспортом,14500000.0,283757.0,2.0,8.0,17.0,51.1,"Свободная продажа. Полная стоимость в ДКП. Один взрослый собственник, в собственности с 2014, покупалась от застройщика. Идеальный вариант для ипотеки, без обременений, без перепланировок, быстрый выход на сделку. Удобная транспортная доступность: 10 минут транспортом до м. б-р Дм.Донского или 15 минут пешком до МЦД Бутово. Необходимая инфраструктура в пешей доступности: супермаркеты, аптеки, фитнес-центр. Показы по договорённости. Есть свой риэлтор. Звонки принимаю после 18.00.",,51.1,14.5,283.8
https://vidnoye.cian.ru/sale/flat/306884004/,https://images.cdn-cian.ru/images/2259812047-4.jpg,ЖК «Бутово парк 2»,"Московская область, м. Бульвар Дмитрия Донского, Ленинский городской округ, Дрожжино пгт, шоссе Новое, 10к2",Транспортом,10500000.0,174129.0,2.0,14.0,17.0,60.3,"Id 36254. В ЖК Бутово Парк 2 продаётся уютная, чистая и просторная квартира. Квартира делалась под себя.

Инфраструктура очень развитая: всё необходимое для комфортной жизни в шаговой доступности: школа, детские сады, поликлиника, магазины, в том числе сетевые Пятёрочка, Магнит, ВкусВилл, Ароматный мир, Ремит. Пункты выдачи: OZON, Boxberry и Wildberries.

Транспортная доступность: остановка автобуса пешей доступности - 3 минуты. 10 минут до ст Бутово МЦД-2 или 15 минут на автобусе до станции м. Бульвар Дмитрия Донского.

Документы: Свободная продажа. Один взрослый собственник, в собственности более 5 лет, без обременений.
Оперативный показ.

Остались вопросы?  Звоните!",,60.3,10.5,174.1
https://vidnoye.cian.ru/sale/flat/308875913/,https://images.cdn-cian.ru/images/kvartira-vidnoe-galiny-vishnevskoy-ulica-2302364763-4.jpg,ЖК «Видный город»,"Московская область, Видное, м. Бульвар Дмитрия Донского, улица Галины Вишневской, 10к2",Транспортом,13900000.0,193056.0,2.0,8.0,8.0,72.0,"Продаётся двухуровневая квартира с хорошим ремонтом и мебелью. Новый дом. Квартира светлая, теплая и уютная.

Ухоженный чистый подъезд, парковка вокруг дома, тихие соседи, район с отличной социальной инфраструктурой, в шаговой доступности дет. сад и школа, много разнообразных детских и спортивных площадок, рядом парк усадьба Суханово, концепция обустройства двора - ""двор без машин"". Качественный ремонт от 2019 года. На лестничных клетках 8 и 9 этажей есть общие закрывающиеся кладовые-колясочные, лифт ходит только до 8 этажа, поэтому тамбур 9 этажа закрыт.

Транспортная доступность: м. Щербинка 7 мин, Бутово 8 мин, Бульвар Дмитрия Донского 12 мин. Симферопольское шоссе 17 км от МКАД, Варшавское шоссе 7 км от МКАД Комплекс расположен на Расторгуевском шоссе, юге Подмосковья рядом с деревней Лопатино в 8 километрах от МКАД. На автомобиле удобно подъезжать с двух направлений по Варшавскому шоссе через Бутово или через г.Видное. В жилой комплекс можно также попасть общественным транспортом от ближайшего метро Аннино. На маршрутном такси дорога займёт всего 15 мин. Также можно добраться на маршрутке за 16 минут от железнодорожной станции Бутово.

1 взрослый собственник, квартира без обременений, полная стоимость в ДКП, быстрый выход на сделку. Показы по договоренности. Агентам не беспокоить!",,72.0,13.9,193.1
https://vidnoye.cian.ru/sale/flat/311243067/,https://images.cdn-cian.ru/images/2350053804-4.jpg,ЖК «Видный город»,"Московская область, Видное, м. Бульвар Дмитрия Донского, улица Галины Вишневской, 8к2",Транспортом,7800000.0,166311.0,2.0,7.0,8.0,46.9,"Код объекта: 1340267.
 Продаётся уютная двухкомнатная квартира в городе Видное, расположенная по адресу: улица Галины Вишневской, дом 8к2.

Квартира находится на седьмом этаже восьмиэтажного монолитного дома, построенного в 2023 году. Общая площадь квартиры составляет 46,9 квадратных метров, из которых жилая площадь — 26 квадратных метров, а площадь кухни — 9 квадратных метров. Высота потолков — 2,7 метра. В квартире нет ремонта, что позволяет новому владельцу воплотить в жизнь все свои дизайнерские идеи.

Окна квартиры выходят как на улицу, так и во двор, обеспечивая хорошее естественное освещение и возможность наслаждаться видами. Наземная парковка позволит вам не беспокоиться о месте для автомобиля.

Дом оборудован пассажирским лифтом, а отопление осуществляется централизованно.

Мы гарантируем безопасную сделку и юридическую поддержку нашим клиентам. Поможем одобрить ипотеку с сниженной ставкой. Не упустите свой шанс стать владельцем этой уютной квартиры!",,46.9,7.8,166.3
https://vidnoye.cian.ru/sale/flat/310360011/,https://images.cdn-cian.ru/images/kvartira-butovo-park-2331827054-4.jpg,ЖК «Бутово парк»,"Московская область, м. Бульвар Дмитрия Донского, Ленинский городской округ, Бутово рп, Бутово Парк ЖК, 3",Транспортом,13000000.0,203125.0,2.0,13.0,25.0,64.0,"Mоcкoвскaя oблacть, Лeнинcкий район, сельское пoселение Булатниковcкoе, д. Бутoвo, жилoй кoмплeкс Бутово-Пaрк, дoм 3. Райoн с рaзвитoй инфрacтруктуpой, д/сады, школы, магaзины, кафе, кинотеатр. В 2-х км от МКАД. Удoбное сoобщeние c Моcквoй (3 остановки от/до метро бульвар Дмитрия Донского/Старокачаловская, 2 остановки от/до МЦД2). От подъезда до остановки общественного транспорта 2 мин. В настoящee время cтроятся многоуровневая развязка. 
Дом возле лесопарка, в подъезде консьерж, видеонаблюдение, 3 лифта. Квартира торцевая, окна выходят на 3 стороны (Юг, Запад и Север), кухня 13.84 кв.м., сан. узел раздельный, две лоджии, одна утепленая, обе застеклённые. В комнатах ламинат. Остается кухня, встроенная мебель. Встроенная техника (индукционная плита, духовка, посудомоечная машина, холодильник с генератором льда и холодной воды)  BOSCH.
Более 10 лет в собственности. Есть парковочное место на охраняемой парковке перед подъездом.
О доме
	•	Тип дома: панельный
	•	Год постройки: 2011
	•	Этажей в доме: 25
	•	Пассажирский лифт: 1
	•	Грузовой лифт: 2
	•	В доме: консьерж, мусоропровод
	•	Двор: детская площадка, спортивная площадка
	•	Парковка: открытая во дворе, за шлагбаумом во дворе",,64.0,13.0,203.1
https://vidnoye.cian.ru/sale/flat/302751639/,https://images.cdn-cian.ru/images/2182041506-4.jpg,ЖК «Государев дом»,"Московская область, м. Бульвар Дмитрия Донского, Ленинский городской округ, Лопатино пгт, улица Сухановская, 30",Транспортом,7400000.0,140152.0,2.0,5.0,9.0,52.8,"Id 22678. Продаётся двухкомнатная квартира в свободной планировке.
1 взрослый собственник, квартира без обременений.
В районе развитая инфраструктура. В пешей доступности школа, детский сад , сетевые магазины, рестораны, фитнес-центры и т.д.
Немаловажно отметить удобное транспортное сообщение (выезд на Каширское, Варшавское и Симферопольское шоссе). 
До метро Бульвар Дмитрия Донского 15 минут на общественном транспорте, до метро Аннино - 20 минут.
Свободная продажа, быстрый выход на сделку.",,52.8,7.4,140.2
https://vidnoye.cian.ru/sale/flat/303934948/,https://images.cdn-cian.ru/images/kvartira-vidnoe-galiny-vishnevskoy-ulica-2205202402-4.jpg,ЖК «Видный город»,"Московская область, Видное, м. Бульвар Дмитрия Донского, улица Галины Вишневской, 12к1",Транспортом,10500000.0,233333.0,2.0,7.0,8.0,45.0,"Продается 2-х комнатная кваpтирa с мебелью и техникой. Подходит для семьи из 3-4 человек . Удобная планиpoвка: пpoсторнaя куxня с выходом на балкон, изoлирoвaнные две комнаты, раздельный  caнузел. Один собственник . Полная стоимость в ДКП. 
Обратите внимание , что год постройки дома 2017 и выполнен классом выше. 
Ремонт в квантире выполнен в светлых тонах , чистота и порядок поддерживается.
Мебель и техника в идеальном состоянии, всё есть для  комфортной жизни. 

В пешей доступности у вас будет:
Спортивные и детские площадки;
Детский сад и школа ;
Стадион для бега ;
Прекрасный парк с красивым водоемом в Усадьбе Суханово;
И большое количество пунктов выдачи , кофеин и магазинов ;
Транспортная доступность хорошая, на данный момент ускорено строительство развязок , поэтому добираться утром или вечером в час пик до 30 минут ,как на общественном транспорте так и на машине.",,45.0,10.5,233.3
https://vidnoye.cian.ru/sale/flat/309328953/,https://images.cdn-cian.ru/images/kvartira-bobrovo-krymskaya-ulica-2311818483-4.jpg,ЖК «Восточное Бутово»,"Московская область, м. Бульвар Дмитрия Донского, Ленинский городской округ, Боброво пгт, улица Крымская, 21к1",Транспортом,10200000.0,196154.0,2.0,15.0,19.0,52.0,Продажа 2 кв  с изолированными комнатами линейка с ЕВРО ремонтом со встроенной кухней  окна во двор. Дом 2016 г постройки в собственности дкп 1 взр более 3х лет без ограничений и никто не зарегистрирован. Альтернатива подобрана 1кв свободная.,,52.0,10.2,196.2
https://vidnoye.cian.ru/sale/flat/286418466/,https://images.cdn-cian.ru/images/37/541/861/kvartira-yuzhnaya-bitca-yuzhnyy-bulvar-1681457307-4.jpg,ЖК «Южная Битца»,"Московская область, м. Бульвар Дмитрия Донского, Ленинский городской округ, пос. Битца, Южная Битца ЖК, бульвар Южный, 5",Транспортом,12450000.0,281674.0,2.0,20.0,20.0,44.2,"Продам квартиру в ЖК Южная Битца, в квартире выполнен дизайнерский ремонт, делали для себя. Продаю в связи с переездом.",,44.2,12.4,281.7
https://vidnoye.cian.ru/sale/flat/311283286/,https://images.cdn-cian.ru/images/2350968141-4.jpg,ЖК «Живописный»,"Московская область, м. Бульвар Дмитрия Донского, Ленинский городской округ, Живописный ЖК, 4к1",Транспортом,7700000.0,146110.0,2.0,2.0,4.0,52.7,"Лот 46634741. Продаётся 2-комнатная квартира в новом Жилом комплексе малой этажности ""Живописный"" в 10 минутах от станции D2 Битца и в 2 км от МКАДа. Квартира расположена на втором этаже четырёхэтажного дома. Общая площади квартиры (включая лоджию) 52,7 кв.м., площадь квартиры (без учета лоджии) 49,6 кв.м., площадь комнат 14,5 и 13,6 кв. метров, комнаты изолированы, окна на две стороны. Площадь кухни 11,1 кв.м., из кухни выход на застеклённую лоджию. Раздельный сан узел. Просторная прихожая. Высота потолков 3 метра. Квартира предлагается без отделки. 
        Достоинства дома: Современная  архитектура, просторная входная группа, на этаже по четыре квартиры, грузопассажирский лифт, подземный паркинг. 
     В комплексе запланирована развитая социальная и торгово-развлекательная инфраструктура. ЖК ""Живописный представляет собой комплекс малоэтажных (4 этажа) домов, расположенных на территории 21 га. В ближайшей перспективе - расширение местной дорожной сети и запуск новых маршрутов до ж/д станций и станций метро. Особую прелесть комплексу придает близость зеленых массивов. В пешей доступности находятся Бутовский лесопарк, загородный клуб ""Завидное"", имение ""Спасское"". Это располагает к приятным прогулкам и спокойному отдыху жителей комплекса. Любителям красивых исторических мест можно прогуляться по усадьбе ""Троицкое на Обитце"" конца XVIII - начала XIX веков.
  Агент Ильин Александр Владимирович, НДВ-Супермаркет недвижимости",,52.7,7.7,146.1
https://vidnoye.cian.ru/sale/flat/308141497/,https://images.cdn-cian.ru/images/2287201487-4.jpg,ЖК «Видный город»,"Московская область, Видное, м. Бульвар Дмитрия Донского, улица Галины Вишневской, 8к1",Транспортом,10000000.0,217391.0,2.0,1.0,8.0,46.0,"Пpодаётcя квартира от собствeнника. Hовый дизайнеpский peмонт, иcпoльзoвaны caмые дорогиe и качeствeнныe мaтeриaлы. ДЛЯ ТEX KТО ЛЮБИT ЖИTЬ KРAСИBО.   
 КВАРТИРУ НУЖНО СМОТРЕТЬ ВЖИВУЮ, ФОТО НЕ ПЕРЕДАЁТ ВСЕЙ КРАСОТЫ. БЛАГОДАРЯ ПЛАНИРОВОЧНОМУ РЕШЕНИЮ КВАРТИРА ОЩУЩАЕТСЯ ЗАМЕТНО БОЛЬШЕ ЗАЯВЛЕННОЙ ПЛОЩАДИ!!!
Kвapтира прoстopнaя, сaнузел oбъединённый, тaк жe между залом и куxнeй устанoвлена pамная стeкляннaя пeрегородка состоящая из 3х разъезжающихся секций.   При ремонте были использованы только лучшие материалы, ни на чем не экономили от слова совсем. Особенности :- утеплены полы- по всей площади квартиры, кроме спальни положен дорогой фактурный керамогранит под камень, так же в коридоре, санузле, зале и кухне установлен тёплый пол с раздельным подключением к умным терморегуляторам.- переварены стояки отопления, поставлены качественные терморегуляторы Dаnfоss, радиаторы Rifаr mоnоlit 500  все стояки зашиты в короба. - сантехника - RЕНАU оригинал во всей квартире, с разделением водоснабжения по коллекторам (каждый выход воды имеет отдельный кран). Установлены фильтра грубой и тонкой очистки воды. Установлен МОЩНЫЙ проточный нагреватель на 8 кВт (вода будет горячей даже при большой напоре!) Европейские смесители скрытого монтажа (все механизмы находятся в стене, сами краны и регуляторы наружи). Инсталляция чёрного цвета как и вся остальная сантехника. Душевой поддон с стеклянной матовой перегородкой. - электрика. Только ГОСТовские дорогие кабеля, автоматы абб, предохранитель скачка напряжения. Установлен МАСТЕР-ДОМ (при нажатии одной клавиши при входе в квартире выключается вся электрика кроме холодильника). Так же в коридоре и спальне установлены проходные выключатели для удобства!  Выключатели и розетки чёрные матовые фирмы SСНNЕIDЕR. Все топ - все стены в квартире покрыты очень красивой венецианской штукатуркой. В жизни смотрится очень эффектно! В зале есть гипсовые 3д панели скалы, в спальне выделенная стена гибкий мрамором! В спальне на полу дорогой фактурный Кварцвинилл. По контуру стен монтирован тонкий чёрный плинтус который отлично вписывается в дизайн. - в каждую комнату заложена трасса под кондиционер- везде стоят ДВЕРИ INVISIВLЕ с дорогими магнитными замками чёрного цвета. - по всей квартире натянуты премиум потолки МSD ЕVОLUТIОN. У окон скрытые двухрядные карнизы со светодиодной подсветкой. На кухне и в зале есть встроенные трековые светильники которые работают от АЛИСЫ (голосовыми командами вы можете включать свет в любом помещении). В коридорах установлены световые полосы FLАХХY с заходами на стены - очень красиво! Блоки и ленты использовались исключительно SWG  - стены санузла выполнены из той же серии что и полы - Черный камень, только уже большого формата, одна стенка выделена под дерево. Во всей квартире сделана эпоксидная затирка. Выполнена красивая подсветка контура потолка, душевого поддона, унитаза, зеркала, так же выведен кабель для питания подсветки навесной тумбы с раковиной. Цвет контурной подсветки меряется с пульта!",,46.0,10.0,217.4
https://vidnoye.cian.ru/sale/flat/311985652/,https://images.cdn-cian.ru/images/kvartira-zhivopisnyy-2366258940-4.jpg,ЖК «Живописный»,"Московская область, м. Бульвар Дмитрия Донского, Ленинский городской округ, Живописный ЖК, 4к1",Транспортом,10100000.0,224444.0,2.0,1.0,4.0,45.0,"Отличная квартира, готова к проживанию, с отделкой в светлых белых тонах. Новые окна. Встроенная кухня, кондиционеры, хорошая сантехника, расположена всего в 2 км от МКАД в  новом ЖК комфорт-класса Живописный. 
       ЖК Живописный это комплекс малоэтажных (4 этажа) домов, расположенных на территории 21 га. Жителям будут доступны машино-места в подземном паркинге, объекты социальной инфраструктуры и завораживающие виды. В ближайшей перспективе - расширение местной дорожной сети и запуск новых маршрутов до ж/д платформ и станций метро. В пешей доступности расположены Бутовский лесопарк, загородный клуб Завидное, имение Спасское.  Усадьба Троицкое на Обитце конца XVIII - начала XIX веков.",,45.0,10.1,224.4
https://vidnoye.cian.ru/sale/flat/307423394/,https://images.cdn-cian.ru/images/kvartira-drozhzhino-yuzhnaya-ulica-2368993699-4.jpg,,"Московская область, м. Бульвар Дмитрия Донского, Ленинский городской округ, Дрожжино рп, улица Южная, 3к2",Транспортом,11950000.0,226326.0,2.0,15.0,25.0,52.8,"АГЕНСТВА НЕ ИНТЕРЕСУЮТ!
Продается 2х комнатная квартира с кухней-гостиной. Дом многоуровневый, квартира на 15 последнем этаже, соседний подъезд из 25 этажей. В квартире очень тихо, соседей сверху нет и нет никаких проблем.
Квартира с новым дизайнерским ремонтом, полная замена ремонта от застройщика, замена всех труб, разводка коммуникаций по дому, выровнены стены, залиты и проложена шумоизоляция полов с укладкой цельного ламината без единого стыка. 
Второй санузел оборудован под кладовку со стеллажами и дополнительный вывод коммуникаций с установленной стиральной машиной.
Зонирование освещения в кухне-гостиной управляемое пультом для комфортного отдыха в разных зонах.
Проведена дополнительная разводка розеток, скрытый кабель канал в гостиной для подключения приставок, колонок и питания Вашего домашнего кинотеатра.

Окна вы ходят на восход и выход из подъезда сразу на большую аллею с хорошим освещением для комфортных прогулок. Второй выход в закрытый зеленый двор без машин с детской площадкой и зоной под фонараями для спокой ного отдыха теплым свежим вечером.
Рядом с домом открыты новые современные детские садики и новые школы в 4 минутах с большими территориями  и площадками, множество прудов и красивый лес с тропами для прогулок с детьми и домашними питомцами, поликлиника, секции для всех возрастов, спорт зал и многое другое .
Два взрослых собственника, квартира без обременений , покупалась за наличные",,52.8,11.9,226.3
https://vidnoye.cian.ru/sale/flat/311478887/,https://images.cdn-cian.ru/images/2355424111-4.jpg,ЖК «Бутово парк»,"Московская область, м. Бульвар Дмитрия Донского, Ленинский городской округ, Бутово пгт, Бутово Парк ЖК, 25",Транспортом,10550000.0,195370.0,2.0,1.0,21.0,54.0,"Номер в базе: 3777995. Вашему вниманию предлагается двухкомнатная квартира ЖК Бутово парк

В квартире выполнен современный ремонт, имеется все необходимое для комфортного проживания.

Функциональная планировка, которая включает в себя:
* 2 изолированные спальни с одной гардеробной ;
* совмещенный сан/узел;
* вместительную и укомплектованную кухню

Высокий этаж 3м

Развитая и сложившаяся инфраструктура ЖК и района:
* десткий сад Sun School;
* фитнес-клуб ""Маяк"";
* салоны красоты, аптеки и другие сферы бытовых услуг;
* сетевые продуктовые магазины;
* рестораны и кофейни.

В шаговой доступности от дома находится:
* Парк усадьбы Михалково с каскадом прудов;
* Парк Северного речного вокзала;
* Парк Дружбы

Транспортная доступность:
* 10 минут пешком до станции Бутово
* удобный выезд на Варшавское шоссе и М2

Свободная продажа.

Код пользователя: 145568",,54.0,10.6,195.4
https://vidnoye.cian.ru/sale/flat/307556076/,https://images.cdn-cian.ru/images/kvartira-lopatino-solnechnyy-bulvar-2273939991-4.jpg,ЖК «Государев дом»,"Московская область, м. Бульвар Дмитрия Донского, Ленинский городской округ, Лопатино пгт, бульвар Солнечный, 2",Транспортом,9200000.0,184000.0,2.0,9.0,9.0,50.0,"Продается светлая, уютная двухкомнатная квартира в центре современного ЖК Государев дом.  

Дом высочайшего класса энергоэффективности.

 Удобная планировка: 2 изолированные комнаты, раздельный санузел, кухня, объединенная с утепленной лоджией. 

Район с развитой инфраструктурой (ТРЦ, МФЦ, почта, сетевые продуктовые магазины, аптеки, кофейни). В пешей доступности школа, детский сад, автобусная остановка (15-20 минут на автобусе до м. бульвар Дмитрия Донского, Аннино, 10-15 минут до МЦД Бутово, ст. Расторгуево).  В настоящее время ведется строительство новой дороги Солнцево-Бутово-Видное. 5 км до МКАД.

Отличное место для семейной жизни. ЖК окружен лесами.  Недалеко находится усадьба Суханово.

БЕЗ ОБРЕМЕНЕНИЙ, ПОЛНАЯ СУММА В ДОГОВОРЕ, 1 ВЗРОСЛЫЙ СОБСТВЕННИК. РАЗУМНЫЙ ТОРГ.

Квартира приобреталась у застройщика без привлечения материнского капитала. Полностью готова к продаже, НИКТО не проживает, никто не прописан.",,50.0,9.2,184.0
https://vidnoye.cian.ru/sale/flat/305937912/,https://images.cdn-cian.ru/images/kvartira-vidnoe-petrovskiy-proezd-2242741716-4.jpg,,"Московская область, Видное, м. Бульвар Дмитрия Донского, Петровский проезд, 27",Транспортом,8650000.0,177984.0,2.0,1.0,5.0,48.6,"Продаётся двух комнатная квартира Петровский проезд, д.27. 1/5 кирпич 1995 года постройки.Общая площадь 48, 6 кв.м., жилая площадь 26, 8 кв.м., комнаты изолированные. Лоджия, сан узел раздельный. Дкп 2021 года, 1 собственник. Полная стоимость в ДКП. Юридически свободна. Альтернатива!",,48.6,8.7,178.0
https://vidnoye.cian.ru/sale/flat/254577821/,https://images.cdn-cian.ru/images/40/338/601/kvartira-bobrovo-krymskaya-ulica-1068330482-4.jpg,ЖК «Восточное Бутово»,"Московская область, м. Бульвар Дмитрия Донского, Ленинский городской округ, Боброво пгт, улица Крымская, 5к1",Транспортом,11490000.0,170222.0,2.0,19.0,25.0,67.5,"Квартира, так называемая евро-трёшка с двумя санузлами и отличной кухней (более 20 кв.м.). 
Один собственник, ни кто не прописан, нет никаких обременений, чистая продажа, документы готовы.
С момента сдачи дома в квартире ни кто не жил, в аренду не сдавалась.
В шаговой доступности детские сады, школы, больницы.
Куплена за наличку.",,67.5,11.5,170.2
https://vidnoye.cian.ru/sale/flat/309888298/,https://images.cdn-cian.ru/images/2323007366-4.jpg,ЖК «Государев дом»,"Московская область, м. Бульвар Дмитрия Донского, Ленинский городской округ, Лопатино пгт, улица Сухановская, 17",Транспортом,7590000.0,150595.0,2.0,7.0,9.0,50.4,"Id 48378. Продажа 2-комнатной квартиры 54 м²(с учётом лоджии) в бетоне — Ваша возможность создать идеальный интерьер!

Продается просторная 2-комнатная квартира с общим метражом 54 м² в новом доме, выполненная в состоянии ""пустой бетон"". Квартира идеально подойдет для тех, кто хочет сделать ремонт под себя и воплотить все свои дизайнерские идеи.

Основные характеристики:

Площадь: 54 м²
Просторная планировка с возможностью перепланировки
Большие окна, обеспечивающие много естественного света
Современные коммуникации
Индивидуальные счетчики на воду и отопление
Удобное местоположение в районе с развитой инфраструктурой

Преимущества:

Пустой бетон — возможность выбрать отделку по своему вкусу
Удобная транспортная доступность и развитая инфраструктура: рядом магазины, школы, детские сады, остановки общественного транспорта
Качество строительства гарантировано застройщиком

Отличная транспортная доступность:
до метро Аннино маршрутное такси 1019
до метро Бульвар Дмитрия Донского маршрутное такси 1224
до ж/д пл. Бутово МЦД, автобус 379
до ж/д пл. Расторгуево автобус 379, маршрутное такси 1019


Оперативный показ в любой день!
БЕСПЛАТНАЯ помощь в одобрении ипотеки любого банка
ЮРИДИЧЕСКОЕ сопровождение сделки",,50.4,7.6,150.6
https://vidnoye.cian.ru/sale/flat/271683942/,https://images.cdn-cian.ru/images/43/485/621/kvartira-vidnoe-galiny-vishnevskoy-ulica-1265843427-4.jpg,ЖК «Видный город»,"Московская область, Видное, м. Бульвар Дмитрия Донского, улица Галины Вишневской, 10к1",Транспортом,9500000.0,219907.0,2.0,2.0,8.0,43.2,"Квартира 43-44кв.м 2 комнаты, гостиная с кухней, отдельная спальня. Все документы готовы, собственность оформлена, не в залоге, свободная продажа.
Мебель остается из техники вся встроенная и телевизор остается. Современный дизайнерский ремонт. Все батареи скрыты, полы керамогранит большого размера, Одна из стен полностью зеркальная, что очень сильно увеличивает визуально пространство. В кухне, туалете и ванной столешницы из массива дуба. В ванной сделан стеклянный душ, пол в душе в уровень с основным полом. И еще очень много красивых идей. Вся черновая сантехника рехау,  электрика вся разведена с проходными переключателями. Квартира делалась для себя, поэтому она такая, какой вы ее видите на фото.
Агентам не беспокоить!",,43.2,9.5,219.9
https://vidnoye.cian.ru/sale/flat/309510089/,https://images.cdn-cian.ru/images/2315254426-4.jpg,ЖК «Государев дом»,"Московская область, м. Бульвар Дмитрия Донского, Ленинский городской округ, Лопатино пгт, бульвар Солнечный, 15",Транспортом,9500000.0,163793.0,2.0,4.0,9.0,58.0,"Id 48137. Продается 2х комнатная квартира в центре жилого комплекса Государев Дом.

ВОЗМОЖЕН ТОРГ ПОСЛЕ ПРОСМОТРА!

2 изолированные спальни, укомплектованная квартира, готовая к заселению!

Квартира куплена от застройщика. ПОЛНАЯ СУММА В ДОГОВОРЕ,  1 ВЗРОСЛЫЙ СОБСТВЕННИК.

Эта квартира подходит и для ипотеки.
Приобретая квартиру с нашим агентством недвижимости, вы получите:
- Быстрый выход на сделку.
- Полное юридическое сопровождение сделки.
- Одобрение объекта под ипотеку.

ШКОЛА, ДЕТСКИЙ САД РЯДОМ С ДОМОМ.
На территории ЖК есть аптеки, Стоматология, химчистки, кафе, Торговый Центр Аструм, , МФЦ, Почтовое отделение, Детский мир, игровой центр с батутами, детские спортивные кружки, Фитнес Клуб, Лента, Перекресток, Мираторг. 1000 мелочей, верный, Wildberries, Ozon.

транспортная доступность 15 минут, ОСТАНОВКА РЯДОМ С ДОМОМ.
до метро Аннино маршрутное такси 1019
до метро Бульвар Дмитрия Донского маршрутное такси 1224
до ж/д пл. Бутово МЦД, автобус 379
до ж/д пл. Расторгуево автобус 379, маршрутное такси 1019

Район быстро развивается.
Рядом есть зона отдыха и усадьба ""Суханово"".
Практически со всех сторон комплекс окружен лесными массивами, что позволит круглый год наслаждаться чистым воздухом.
В скором времени рядом с жилым комплексом будет построена линия рельсового скоростного пассажирского транспорта с остановкой ЖК Государев дом.",,58.0,9.5,163.8
https://vidnoye.cian.ru/sale/flat/304964701/,https://images.cdn-cian.ru/images/kvartira-dubrovskiy-vostochnaya-ulica-2224111881-4.jpg,,"Московская область, м. Бульвар Дмитрия Донского, Ленинский городской округ, пос. Дубровский, улица Турова, 12А",Транспортом,10000000.0,217391.0,2.0,3.0,5.0,46.0,"продаём свою любименькую квартиру с 2 -мя изолилированными спальнями (родительская и детская) и просторной кухней-гостиной,  квартира делалась под себя ,ремонт от черновой варианта до того,что Вы видите на фото-сделал мой папа  делал для своих детей и внуков ,потому все на совесть ) да,площадь не большая ,но мега -функциональная  продаём квартиру вместе со всем содержимым,от шкафов до дивана,от кроватей до посудомойки  поверьте на слово людям,которые сейчас делают ремонт и покупают технику-лучше купить все готовое ,цены взлетели на все до небес  что мы предлагаем за эти деньги: крутую энергетику (в этой квартире никто не умирал, царила любовь и взаимопонимание) , техника-стиралка,духовка,микроволновка,варочная панель,посудомойка (крутая,почти новая,так как предпочитаю мыть руками), плюс КЛАДОВКА )  У нас общая дверь с чудесной соседкой ,с которой мы делим общий коридор,площадь которого около 7 квадратных метров ) там мы развиваемся и оставляем обувь) по фото видно,у нас там и елки,и палки,и лыжи,и санки,и велосипеды )  перед продажей обновим обои и затирку в ванной,",,46.0,10.0,217.4
https://vidnoye.cian.ru/sale/flat/310358066/,https://images.cdn-cian.ru/images/kvartira-zhivopisnyy-2331792379-4.jpg,ЖК «Живописный»,"Московская область, м. Бульвар Дмитрия Донского, Ленинский городской округ, Живописный ЖК, 4к1",Транспортом,8099990.0,147273.0,2.0,3.0,4.0,55.0,"КУПИ СВЕТЛУЮ ТЕПЛУЮ КВАРТИРУ в доме комфорт -класса ЖК ""Живописный""! 2 км от МКАД в тихом красивом месте!

2- комнатная квартира, 55 кв. м. , 3 этаж, НЕ ТОРЕЦ, ДОКУМЕНТЫ К ПРОДАЖЕ ГОТОВЫ, БЕЗ ДАЛЬНЕЙШЕГО ПОДБОРА, КЛЮЧИ В ДЕНЬ СДЕЛКИ, 2 собственника!
-железная входная дверь
-пластиковые окна
-во всех комнатах напольная стяжка
-просторная лоджия
-можно сделать из квартиры ""евротрешку""
-доброжелательные спокойные соседи

!ИДЕАЛЬНЫЙ ВАРИАНТ ДЛЯ СЕМЬИ! БЫСТРЫЙ ВЫХОД НА СДЕЛКУ!
Неподалеку находятся Бутовский лесопарк, имение ""Спасское"", три детских сада и т. д. В шаговой доступности поликлиники, аптеки, магазины, остановка общественного транспорта.

УСПЕЙТЕ ВОСПОЛЬЗОВАТЬСЯ ВЫГОДНЫМ ПРЕДЛОЖЕНИЕМ! ЗВОНИТЕ ПРЯМО СЕЙЧАС!
 _________________________________________________ __ 
Оказываем услуги по продаже/покупке/аренде объекта недвижимости, услуги ипотечного брокера, консультация по налогам в недвижимости, юридическая консультация и сопровождение! Работаем на результат! Помогаем каждому!",,55.0,8.1,147.3
https://vidnoye.cian.ru/sale/flat/305363784/,https://images.cdn-cian.ru/images/kvartira-drozhzhino-yuzhnaya-ulica-2231379062-4.jpg,ЖК «Бутово парк 2»,"Московская область, м. Бульвар Дмитрия Донского, Ленинский городской округ, Дрожжино рп, улица Южная, 3к2",Транспортом,10100000.0,165574.0,2.0,7.0,15.0,61.0,"Продается отличная двухкомнатная квартира (евротрёшка) с отделкой от застройщика в новом доме.
Комфортный 7-й этаж. Окна выходят на огороженный благоустроенный двор с детскими игровыми площадками и зонами отдыха.
Шикарная кухня 21,4 кв.м., две просторные комнаты 12,0 и 12,1 кв.м. и два санузла.

Квартира в общей совместной собственности, без обременений, материнский капитал не использовался.

Риэлторов и агентства прошу мне не звонить и не беспокоить!

Торг!",,61.0,10.1,165.6
https://vidnoye.cian.ru/sale/flat/311654759/,https://images.cdn-cian.ru/images/kvartira-lopatino-suhanovskaya-ulica-2359227897-4.jpg,ЖК «Государев дом»,"Московская область, м. Бульвар Дмитрия Донского, Ленинский городской округ, Лопатино пгт, улица Сухановская, 19",Транспортом,9500000.0,177570.0,2.0,9.0,9.0,53.5,"Светлая и просторная 2-х комнатная квартира в ЖК Государев дом. Новый, современный жилой комплекс с хорошей инфраструктурой. Последний этаж 9-ти этажного дома, никакого шума сверху. Функциональная планировка: окна на 2 стороны (распашная), гостиная комната, спальня, изолированная кухня, совмещенный санузел с ванной, кладовая. Современный и качественный ремонт в светлых тонах. 
О ДОМЕ: панельный дом отличного качества 2017 года постройки, грузовой лифт. Территория вокруг дома благоустроена и оснащена прогулочными аллеями, спортивными и детскими площадками. Большая парковка вокруг дома. 
О ЛОКАЦИИ: район с отличной инфраструктурой: в пешей доступности от дома - детские сады, школы, сетевые магазины, аптеки, кафе, торговый центр Аструм с большим разнообразием магазинов, фитнес, бассейн, пункты выдачи ведущих маркетплейсов. 15 минут пешком до Усадьбы Суханово через живописную лесопарковую зону с различными оборудованными местами для прогулок и отдыха. Комфортная транспортная доступность: в шаговой доступности от дома расположена остановка общественного транспорта, откуда за ~10 минут можно добраться до станций метро: бульвар Дмитрия Донского, Анино; ~15 минут до МЦД Бутово и ж/д станция Расторгуево. Удобный выезд на Симферопольское, Варшавское и Каширское шоссе.",,53.5,9.5,177.6
https://vidnoye.cian.ru/sale/flat/311211247/,https://images.cdn-cian.ru/images/kvartira-bulatnikovo-2349417411-4.jpg,ЖК «Булатниково»,"Московская область, м. Бульвар Дмитрия Донского, Ленинский городской округ, д. Жабкино, Булатниково мкр, 7",Транспортом,7999999.0,167715.0,2.0,1.0,4.0,47.7,"Пpoдается уютная и свeтлая 2-х комнатнaя кваpтирa 47,7 кв.м. нa 1 этaже 4 этaжного дoмa. Oтличнaя плaниpовка, прoстopныe комнаты, удобная куxня c выхoдом на заcтeклeнный балкон, pаздeльный caнузeл. Квaртира с peмoнтoм от зacтройщика, частично мебелирована, уcтaнoвлeны кaчeствeнные стeклопaкеты Rеhau.
ЖК Булатникoвo находится в дeрeвнe Жaбкинo, в Булатникoвском посeлeнии Лeнинcкогo pайона Mocковcкой oблacти. 
Транспортная доступность: Кoмплекc раcполагается в 2 километрах от МКАД. На автобусе из центра посёлка Измайлово можно добраться до метро Пражская, от остановки пос. Дубровский на маршрутном такси до метро Теплый стан, Красногвардейская и Пражская. Ближайшие метро Бульвар Дмитрия Донского в 4-х км от жилого комплекса. В 25 минутах ходьбы пешком находится станция Мцд Битца, откуда легко можно доехать до центра.
Несмотря на близость к Москве, экологическая обстановка в районе довольно хорошая. С северной и восточной сторон к комплексу примыкают лесные массивы, а с южной и западной сторон комплекс граничит с коттеджными поселками. Неподалеку от ЖК Булатниково находятся лесопарковая зона и река Битца.
 Рассмотрю варианты обмена. Интересует коммерческая и жилая недвижимость в СПБ и ЛО с вашей доплатой или ключ в ключ.) Также рассмотрю обмен на авто с вашей доплатой. На обмен цена +500 т.р",,47.7,8.0,167.7
https://vidnoye.cian.ru/sale/flat/311698104/,https://images.cdn-cian.ru/images/kvartira-drozhzhino-novoe-shosse-2360156532-4.jpg,ЖК «Бутово парк 2»,"Московская область, м. Бульвар Дмитрия Донского, Ленинский городской округ, Дрожжино пгт, шоссе Новое, 4",Транспортом,11390000.0,215720.0,2.0,13.0,14.0,52.8,"Двухкомнатная квартира с удачной планировкой (распашонка - окна на две стороны), качественным евроремонтом и панорамными окнами. Мебель и техника остаются в квартире. Вам не нужно делать ремонт и заказывать мебель, можно заехать сразу после сделки  и  комфортно жить!!!
Натяжные потолки, покрашенные стены, плитка Kerama marazzi, встроенная кухня и техника Samsung, ремонт сделан с использованием качественных дорогих материалов.
Комнаты в квартире изолированные (17.4 кв.м. и 14.3 кв.м.), большая кухня 12.1 кв.м., сан.узел раздельный.
Так как дом сдан 5 лет назад, ремонт квартир в доме закончен.
Дом находится в районе с развитой инфраструктурой: магазины ( Пятерочка, Вкусвилл, Дикси), кофейни, салоны красоты, поликлиника, недалеко от дома мемориальный комплекс Бутово, на территории которого  комфортная детская площадка, можно погулять, также есть лесной массив  с туристическими тропами для любителей пеших прогулок. 
В трех минутах от дома остановка автобуса и маршрутки, в пяти минутах езды станция мцд 2 Щербинка, станция мцд 2 Бутово, в 15 минутах езды метро Бульвар Дмитрия Донского, удобный выезд на Варшавское шоссе и Симферопольское шоссе, всего 6 км до МКАД.
Квартира в собственности более 5 лет, один взрослый собственник, никто не зарегистрирован, документы готовы к сделке. Оперативный показ и быстрый выход на сделку.",,52.8,11.4,215.7
https://vidnoye.cian.ru/sale/flat/310739042/,https://images.cdn-cian.ru/images/kvartira-bulatnikovo-2339428882-4.jpg,ЖК «Булатниково»,"Московская область, м. Бульвар Дмитрия Донского, Ленинский городской округ, д. Жабкино, Булатниково мкр, 11",Транспортом,7700000.0,161426.0,2.0,1.0,4.0,47.7,"Продается 2-х комнатная квартира в ЖК Булатниково.
 На территории ЖК есть детская площадка и места для прогулок, тихий и спокойный двор. В шаговой доступности отстаивают детский сад, школа в 15 минутах. ЖК находится в 5 км от МКАДа . 
квартира располагается на первом этаже, ремонт от застройщика , натяжные потолки во всей квартире, пол-ламинат.
отопление и водоснабжение центральное.
В отопительный сезон в квартире очень тепло.",,47.7,7.7,161.4
https://vidnoye.cian.ru/sale/flat/309211746/,https://images.cdn-cian.ru/images/2309537415-4.jpg,ЖК «Бутово парк 2»,"Московская область, м. Бульвар Дмитрия Донского, Ленинский городской округ, Дрожжино пгт, улица Южная, 3к1",Транспортом,15300000.0,283333.0,2.0,24.0,26.0,54.0,"Id 47937. В ЖК Бутово Парк 2 продаётся уютная, чистая и просторная квартира. Квартира делалась под себя!

Инфраструктура очень развитая: всё необходимое для комфортной жизни в шаговой доступности: школа, детские сады, поликлиника, магазины, в том числе сетевые Пятёрочка, Магнит, ВкусВилл, Ароматный мир, Ремит. Пункты выдачи: OZON, Boxberry, CDЭК, Wildberries.

Транспортная доступность: остановка автобуса пешей доступности - 3 минуты. 10 минут до ст Бутово МЦД-2 или 15 минут на автобусе до станции м. Бульвар Дмитрия Донского.

Остались вопросы?  Звоните!",,54.0,15.3,283.3
https://vidnoye.cian.ru/sale/flat/307257112/,https://images.cdn-cian.ru/images/2266576788-4.jpg,ЖК «Бутово парк 2»,"Московская область, м. Бульвар Дмитрия Донского, Ленинский городской округ, Дрожжино пгт, шоссе Новое, 8к2",Транспортом,11000000.0,181818.0,2.0,9.0,17.0,60.5,"Id 46626. В ЖК Бутово Парк 2 продаётся уютная, чистая и просторная квартира. Квартира делалась под себя.

Инфраструктура очень развитая: всё необходимое для комфортной жизни в шаговой доступности: школа, детские сады, поликлиника, магазины, в том числе сетевые Пятёрочка, Магнит, ВкусВилл, Ароматный мир, Ремит. Пункты выдачи: OZON, Boxberry, CDЭК, Wildberries.

Транспортная доступность: остановка автобуса пешей доступности - 3 минуты. 10 минут до ст Бутово МЦД-2 или 15 минут на автобусе до станции м. Бульвар Дмитрия Донского.

Документы: в собственности более 5 лет, 1 собственник, без обременений.

Остались вопросы?  Звоните!",,60.5,11.0,181.8
https://vidnoye.cian.ru/sale/flat/307631608/,https://images.cdn-cian.ru/images/kvartira-lopatino-suhanovskaya-ulica-2276145328-4.jpg,,"Московская область, м. Бульвар Дмитрия Донского, Ленинский городской округ, Лопатино пгт, улица Сухановская, 17",Транспортом,9450000.0,192073.0,2.0,3.0,9.0,49.2,"Прoдаетcя cвeтлая, уютная квартирa с oтличными видовыми хаpактepистиками. Oкнa выxoдят нa две стоpoны, pаcпoложениe комнат pacпaшнoе. В квapтиpe выпoлнeн ремонт в пaстельных тонаx, (делали для себя) каждая кoмната обоpудoвана кондициoнepом. Простopнaя кухня-cтоловая укoмплeктoвана современной бытовой техникой. При желании возможно зонирование на обеденную зону и зону лоджии. Встроенная мебель остается .

Отличный вариант для самостоятельного проживания , так и для инвестиций в ЖК Государев дом.

Красивый и благоустроенный микрорайон со сложившейся инфраструктурой: сетевые гипермаркеты и магазины , детские сады и школа, игровые площадки, аптеки ,салоны красоты . Лесной массив для прогулок. Возле дома много парковочных мест .

Хорошая транспортная доступность :
метро Бульвар Дмитрия Донского, автобус 1224 ( 15 минут)
метро Аннино маршрутное такси 1019 (15 минут)
МЦД Бутово автобус 379 ( 10 минут ),
ж/д Расторгуево 10 мин на маршрутном такси 1019 , автобус 379
На автомобиле можно выехать: М-4, Симферопольское и Варшавское шоссе.

Подходит под ипотеку.",,49.2,9.4,192.1
https://vidnoye.cian.ru/sale/flat/302122331/,https://images.cdn-cian.ru/images/2267990706-4.jpg,ЖК «Живописный»,"Московская область, м. Бульвар Дмитрия Донского, Ленинский городской округ, Живописный ЖК, 3",Транспортом,10023479.0,177721.0,2.0,1.0,4.0,56.4,"Продается 2-комн. квартира, площадью 56.4 м2 м. Аннино. Возможен вариант покупки с использованием ипотечных средств. 
Жилая площадь 28.1 м2, кухня 11.5 кв. м, типовой ремонт, окна выходят во двор. 
Квартира располагается на 1 этаже 4-этажного монолитного дома, высота потолков 6 м. 
Дом оборудован пассажирским лифтом, есть мусоропровод, закрытая территория, парковка охраняется.",,56.4,10.0,177.7
https://vidnoye.cian.ru/sale/flat/308046749/,https://images.cdn-cian.ru/images/kvartira-drozhzhino-novoe-shosse-2285477405-4.jpg,ЖК «Бутово парк 2»,"Московская область, м. Бульвар Дмитрия Донского, Ленинский городской округ, Дрожжино рп, шоссе Новое, 7к2",Транспортом,10000000.0,162075.0,2.0,18.0,20.0,61.7,"Собственник. Собственность более 5 лет. Продам просторную, светлую 2-комнатную квартиру в ЖК Бутово парк-2, расположенную на 18 этаже 20-этажного панельного дома по адресу: Московская область, Ленинский городской округ, рабочий посёлок Дрожжино, Новое шоссе, дом 7, корпус 2. 
Общая площадь - 61,7 кв.м. 
кухня - 10,1 кв.м. 
гостиная - 18,3 кв.м. 
спальня - 14,3 кв.м.
лоджия - 3,1 кв. м. 
балкон - 1,7 кв.м. 
Чистый подъезд с видеонаблюдением и тремя лифтами, два из которых грузовые. В квартире окна ПВХ, с/у раздельный.
Квартира в собственности более 5 лет, приобреталась у застройщика, 2 взрослых собственника с момента сдачи дома, без обременений.

В районе несколько крупных сетевых магазинов - ""ВкусВилл"", ""Пятерочка"", ""Магнит"". На первых этажах соседних домов - магазины шаговой доступности, пункты выдачи Озон, Яндекс, Вайлдберриз, салоны красоты, хозяйственный магазин.
Открыто 3 детских сада и несколько школ. Из окон открывается красивая панорама с Бутовским лесопарком и прудом с беседками, где можно отдыхать и ловить рыбу. Рядом с домом есть места для занятия спортом, и хорошие детские площадки.

Наличие автобусных маршрутов и близость к железнодорожным станциям делают район удобным для тех, кто работает в столице.
До станций метро Бульвар Дмитрия Донского и Улица Старокачаловская можно добраться за 15-20 минут на автобусе, а до станции МЦД Бутово — за 10 минут.",,61.7,10.0,162.1
https://vidnoye.cian.ru/sale/flat/306351219/,https://images.cdn-cian.ru/images/kvartira-butovo-park-2311823624-4.jpg,ЖК «Бутово парк»,"Московская область, м. Бульвар Дмитрия Донского, Ленинский городской округ, Бутово рп, Бутово Парк ЖК, 26",Транспортом,16000000.0,258065.0,2.0,5.0,19.0,62.0,Продается шикарная квартира с Дизайнерским ремонтом. Полностью меблирована. Оперативный показ. Быстрый выход на сделку.,,62.0,16.0,258.1
https://vidnoye.cian.ru/sale/flat/307355935/,https://images.cdn-cian.ru/images/kvartira-drozhzhino-novoe-shosse-2268922421-4.jpg,,"Московская область, м. Бульвар Дмитрия Донского, Ленинский городской округ, Дрожжино пгт, шоссе Новое, 7",Транспортом,10000000.0,174216.0,2.0,16.0,25.0,57.4,"Oт  СОБСТВЕННИКА ! 
АГEHTЫ, НЕ БЕСПОКОЙТЕ !
Прoдаю  2-комнaтную квapтиpу .
Расположена в башне на 16 этаже, один подьезд, консьерж. 
В квартире две изолированые комнаты, большой холл , выход на лоджию из кухни . Большой санузел- раздельный .
Ремонт  от застройщика ПИК. 

Приятный вид из окна
Дом ЖК ""Бутово парк 2"". Серия дома КОПЭ-Башня, 2014  Район активно развивается. 

Документы: в собственности более 5 лет,  Один взрослый собственник, без обременений никто не прописан за все время с момента сдачи дома ,Без обременений Прямая продажа Форма оплаты любая.

Дом удобно расположен До метро Бульвар Дмитрия Донского 10-15 минут -  общественного транспорта. 
До МЦД 10 мин.",,57.4,10.0,174.2
https://vidnoye.cian.ru/sale/flat/311647707/,https://images.cdn-cian.ru/images/2359138681-4.jpg,ЖК «Бутово парк 2»,"Московская область, м. Бульвар Дмитрия Донского, Ленинский городской округ, Дрожжино пгт, шоссе Новое, 5к1",Транспортом,10200000.0,176471.0,2.0,19.0,19.0,57.8,"Номер в базе: 1758438. Прoдаетcя двухкoмнaтная квартирa (рaспашонка) 57,8 кв. м с хоpошим, кaчecтвeнным pемонтом (стeклoпакеты, лaминат, caнтexника, элeктpикa), в быстро развивающимся районе.
О квартире: Kвapтира pаcпoложена нa 19-м этаже. Сверху техничеcкий этaж.
Caнузел раздeльный. Бaлкoн утeплен, пoл c пoдогрeвoм. Двa кондициoнера, электрокотел.
В одном из санузлов расположена кладовая со стеллажами для бытовых принадлежностей.
В квартире остается кухонный гарнитур со встроенной техникой (малый срок эксплуатации) и часть мебели (стенка в гостиной, мебель в коридоре, кровать, тумбочки и письменный стол в спальне).
Чистый подъезд с консьержем. Два чистых лифта (включая грузовой).
Инфраструктура: Рядом новая школа и детские сады, в 5 минутах пруд с рыболовным клубом, также множество магазинов, есть аптеки и  ПВЗ.
Транспортная доступность: Удобная транспортная доступность (быстрый выезд на Варшавское ш., остановка общественного транспорта (5 минут), 20 мин. до ст. МЦД ""Бутово"" пешком).
Документ основания: ДКП, В собственности более 5 лет. Квартира не сдавалась. 
Код пользователя: 152793",,57.8,10.2,176.5
https://vidnoye.cian.ru/sale/flat/302741877/,https://images.cdn-cian.ru/images/kvartira-lopatino-suhanovskaya-ulica-2181896440-4.jpg,ЖК «Государев дом»,"Московская область, м. Бульвар Дмитрия Донского, Ленинский городской округ, Лопатино пгт, улица Сухановская, 9",Транспортом,9500000.0,192230.0,2.0,3.0,10.0,49.42,"Продаётся двухкомнатная квартира в  хорошем районе, недалеко от Москвы. Развитая инфраструктура. Через дом школа, детсад. Рядом ТЦ ""Аструм"".",,49.4,9.5,192.2
https://vidnoye.cian.ru/sale/flat/307344506/,https://images.cdn-cian.ru/images/2290298361-4.jpg,,"Московская область, м. Бульвар Дмитрия Донского, Ленинский городской округ, д. Суханово, Усадьба Суханово ЖК, 3",Транспортом,11000000.0,169231.0,2.0,2.0,5.0,65.0,"Код объекта: 1239348.
 Новая 2-комнатная квартира в красивом ЖК Усадьба Суханово.
5-этажный дом с лифтом. Двор с видеокамерами. 
Уютная, чистая квартира. Комнаты изолированные. Широкие подоконники, много света. 2 санузла, гардеробная, утепленная лоджия. Ремонт делали для себя.
Развитая инфраструктура! Рядом парк и Екатерининский монастырь.",,65.0,11.0,169.2
https://vidnoye.cian.ru/sale/flat/307914450/,https://images.cdn-cian.ru/images/kvartira-drozhzhino-novoe-shosse-2282892632-4.jpg,ЖК «Бутово парк 2»,"Московская область, м. Бульвар Дмитрия Донского, Ленинский городской округ, Дрожжино пгт, шоссе Новое, 12к1",Транспортом,10200000.0,229213.0,2.0,7.0,25.0,44.5,"Вашему вниманию предлагается 2-х комнатная квартира (распашонка), комнаты изолированные. В квартире сделан хороший ремонт. Мебель остаётся, заезжай и живи.
Один взрослый собственник. В собственности более 5 лет. Ограничений и обременений нет. Быстрый выход на сделку. 
По всем вопросам звоните.",,44.5,10.2,229.2
https://vidnoye.cian.ru/sale/flat/309893338/,https://images.cdn-cian.ru/images/2323173306-4.jpg,,"Московская область, м. Бульвар Дмитрия Донского, Ленинский городской округ, Бутово рп, Бутово Парк ЖК, 26",Транспортом,16000000.0,258065.0,2.0,5.0,19.0,62.0,"Id 48387. Двухкомнатная квартира с удачной планировкой.
Дом 2012 года постройки. 
Удобная транспортная доступность. До МЦД Бутово 15-20 минут пешком, до м. Бульвар Дмитрия Донского, Аннино 10 минут автобусом.
Рядом лес, детский сад, школа, поликлиника, ТЦ, магазины, фитнес-центры. 
Один взрослый собственник. Никто не зарегистрирован. Свободная продажа.

Звоните ! Покажем в удобное для Вас время!",,62.0,16.0,258.1
https://vidnoye.cian.ru/sale/flat/312175154/,https://images.cdn-cian.ru/images/2370403824-4.jpg,,"Московская область, м. Бульвар Дмитрия Донского, Ленинский городской округ, Боброво пгт, улица Крымская, 17",Транспортом,9700000.0,183365.0,2.0,7.0,17.0,52.9,"Предлагается светлая уютная квартира в районе с идеальной инфраструктурой! 
В доме на первом этаже обустроены колясочная и кладовая.
Разнообразные детские и спортивные площадки; в шаговой доступности школа, детский сад, парк, огромный ряд разнообразных магазинов, кафе, кофейн
Транспортная доступность до г. Москва (остановка общественного транспорта в шаговой доступности):
15 минут транспортом до м. Бульвар Дмитрия Донского
15 минут транспортом до м. Бутово
Оперативный показ, быстрый выход на сделку. Агентство недвижимости MaxRealty.

Арт. 62603365",,52.9,9.7,183.4
https://vidnoye.cian.ru/sale/flat/292452837/,https://images.cdn-cian.ru/images/kvartira-lopatino-suhanovskaya-ulica-1939620707-4.jpg,ЖК «Государев дом»,"Московская область, м. Бульвар Дмитрия Донского, Ленинский городской округ, Лопатино пгт, улица Сухановская, 8",Транспортом,8500000.0,190157.0,2.0,5.0,10.0,44.7,"Продается 2-х комнатная квартира, в ЖК Государев дом,
Площадь 44,70м2 на 5 этаже 9 этажного дома.
Удобное расположение , чистый воздух, окружена лесным массивом.
Инфраструктура: Во дворе детский сад, детские и спортивные площадки, рядом магазин, рядом торговый центр ТЦ Аструм и Мои документы.
Доступность транспортная: МЦД2 ""Бутов"", м.бульвар Дмитрия Донского, быстрый выезд на Варшавское  и Симферопольское шоссе.
Без отделки. Свободная планировка.
Приобреталась у застройщика.
Один взрослый собственник.
Военная ипотека.",,44.7,8.5,190.2
https://vidnoye.cian.ru/sale/flat/300246277/,https://images.cdn-cian.ru/images/2136105306-4.jpg,ЖК «Бутово парк 2»,"Московская область, м. Бульвар Дмитрия Донского, Ленинский городской округ, Дрожжино пгт, шоссе Новое, 8к2",Транспортом,11500000.0,190083.0,2.0,9.0,16.0,60.5,"Продам просторную 2-х комнатную квартиру 9/16 монолитного дома. В квартиру 2 изолированные комнаты 17,6 и 14,4 кв.м., кухня 11 кв.м., большая застекленная лоджия, есть гардеробная. Вся мебель и техника остается покупателю. Квартира в очень хорошем состоянии, вложений не требует.

Подъезд:

Чистый подъезд, приличные соседи, благоустроенный двор с детской площадкой.

Инфраструктура:

В шаговой доступности есть все необходимое для комфортной жизни: магазины, аптеки, детские сады, школа и др. До метро Бульвар Дмитрия Донского 10 мин на машине, рядом с домом автобусная остановка.

Документы:

Один взрослый собственник, быстрый выход на сделку. Любая форма оплаты. Звоните!
Сниженная ипотечная ставка для клиентов от банков-партнеров ""Азбуки Жилья"". Обмен вашей квартиры или другой недвижимости. Звоните.",,60.5,11.5,190.1
https://vidnoye.cian.ru/sale/flat/311647708/,https://images.cdn-cian.ru/images/2359138441-4.jpg,ЖК «Бутово парк 2»,"Московская область, м. Бульвар Дмитрия Донского, Ленинский городской округ, Дрожжино пгт, шоссе Новое, 7к2",Транспортом,10000000.0,162075.0,2.0,18.0,20.0,61.7,"Номер в базе: 3850803. Продается 2х комнатная квартира в ЖК ""Бутово Парк 2""

О квартире:
Общая площадь - 61,7 м2
Кухня - 10,1 м2. 
гостиная - 18,3 м2. 
спальня - 14,3 м2,
лоджия - 3,1 м2, 
балкон - 1,7 м2. 
Подъезд оборудован видеонаблюдением, 3 лифта (2 грузовых), всегда чистота.
Инфраструктура: хорошо развитая, в пешей доступности есть сетевые магазины, ПВЗ , есть 3 детских садика и несколько школ.
Рядом есть Бутовский лесопарк с прудом и беседками.
Транспортная доступность: наличие автобусных маршрутов и близость к железнодорожным станциям делают район удобным для тех, кто работает в столице.
До станций метро Бульвар Дмитрия Донского и Улица Старокачаловская можно добраться за 15-20 минут на автобусе, а до станции МЦД Бутово — за 10 минут.

По документам: 
Два взрослых собственника более 5 лет
Без обременений
Полная стоимость в договоре.
Возможна покупка в ипотеку.

Содействие в получение ипотеки под 15%
Звоните, записывайтесь на показ









Код пользователя: 152793",,61.7,10.0,162.1
https://vidnoye.cian.ru/sale/flat/309940449/,https://images.cdn-cian.ru/images/kvartira-lopatino-suhanovskaya-ulica-2324054327-4.jpg,ЖК «Государев дом»,"Московская область, м. Бульвар Дмитрия Донского, Ленинский городской округ, Лопатино пгт, улица Сухановская, 8",Транспортом,8000000.0,210582.0,2.0,6.0,9.0,37.99,"Евродвушка. Квартира в отличном состоянии, после ремонта,. ремонт делали для себя из качественного материала.. Окна выходят во двор,   рядом остановка, до Метро ""Бульвар дмитрия Донского"", ""Аннино"",  Станции МЦД2 ""Бутово"", ЖД Станции ""Расторгуево"" можно добраться на транспорте за 15-20 мин. Удобное расположение.. Дом находится возле остановок, школ, детского сада, торгоаого центра, инфросируктура налажена . квартира из серии ""заходи и живи"".
Свободная продажа.",,38.0,8.0,210.6
https://vidnoye.cian.ru/sale/flat/311262630/,https://images.cdn-cian.ru/images/kvartira-zhivopisnyy-2350533913-4.jpg,,"Московская область, м. Бульвар Дмитрия Донского, Ленинский городской округ, Живописный ЖК, 2",Транспортом,12500000.0,201613.0,2.0,2.0,5.0,62.0,"Продается двухкомнатная квартира в ЖК ""Живописный"", расположенном в Ленинском городском округе Московской области.
Общая площадь 62 кв. м.
Кухня 12.5 кв. м. с выходом на лоджию.
2ой этаж, грузовой лифт.
Потолки высокие: 3,08 метра.
Подземный паркинг. Мусоропровод в доме.
Есть помещение на этаже для велосипедов и колясок.

Квартира без ремонта, свободная планировка, 2 санузла, есть возможность сделать из 2кк в 3кк.
Окна выходят на солнечные стороны, угловой вид на лес.
Окна высокие, подоконники низкие.

ЖК для любителей жить подальше от городской суеты.
До метро ""Улица Старокачаловская"" 10 минут на автомобиле.
В ЖК уже открываются магазины для покупки всего необходимого, Озон, WB, строительная лавка.

Квартира продается без посредников.
Покупателю в подарок отдам Дизайн-проект.
Агентов прошу не беспокоить! Не тратьте ни свое, ни мое время!",,62.0,12.5,201.6
https://vidnoye.cian.ru/sale/flat/302446541/,https://images.cdn-cian.ru/images/kvartira-suhanovo-park-2288055693-4.jpg,,"Московская область, м. Бульвар Дмитрия Донского, Ленинский городской округ, д. Суханово, Суханово Парк ЖК, 5",Транспортом,14500000.0,290000.0,2.0,3.0,5.0,50.0,"Продается просторная светлая многофункциональная квартира - спроектирована командой профессиональных архитекторов MartArchitects - в ЖК бизнес класса Суханово Парк.

Однокомнатная квартира переделана в двухкомнатную - и гостиная и спальня с отдельным входом. Выполнен качественный ремонт.
Потолки в чистовом варианте - 3м
В квартире 5 встроенных шкафов и одна кладовая.
В зоне лоджии - кабинет, лоджия присоединена и утеплена (+ теплый инфракрасный пол).
Кухонный гарнитур - Стильные Кухни
(подсветка кухни, встроенная посудомойка, электрическая духовка, свч, газовая варочная поверхность, холодильник), итальянская керамическая плитка.
Сантехника в ванной комнате - Roca, Jacob Delafon.
Квартира теплая и тихая, хороший вид из окон, прекрасные соседи.

Закрытая охраняемая территория, парковые зоны, озеро, зоны для отдыха (пляж, беседки для барбекю, рестораны, салон красоты и магазины), зоны для занятия спортом (футбольное поле, теннисный корт, хоккейная коробка), большая гостевая парковка. В шаговой доступности премиальный фитнес центр с бассейном. 
На территории ЖК детский сад и школа.

Квартира без обременений, юридически и физически свободна, один взрослый собственник (в собственности более 5 лет), никто не прописан.
Полная стоимость в договоре.
Разумный торг уместен",,50.0,14.5,290.0
https://www.cian.ru/sale/flat/309516891/,https://images.cdn-cian.ru/images/kvartira-moskva-ulica-grina-2315405795-4.jpg,,"Москва, ЮЗАО, р-н Северное Бутово, м. Бульвар Дмитрия Донского, улица Грина, 1К4",Пешком,14599990.0,271881.0,2.0,14.0,17.0,53.7,"ОБЯЗАТЕЛЬНО ПОСМОТРИТЕ КВАРТИРУ!
ОТЛИЧНЫЕ ДОКУМЕНТЫ, ОДИН СОБСТВЕННИК!

Прекрасная двухкомнатная квартира общей площадью 53,7 м² расположена на 14 этаже по ул. Грина,  в живописном районе Бутово.

Квартира с удобной  планировкой и светлыми просторными комнатами 17,8 и 13 м2, большой кухней 9,2 м2

 Окна квартиры выходят во двор, в противоположную сторону от дороги.
Район полностью обжитой с собственными школами и детскими садами, уютный семейный квартал.         
Расположение дома в окружении лесопарков создает уникальную атмосферу, позволяя жителям наслаждаться прогулками на свежем воздухе и активным отдыхом на природе. В непосредственной близости находятся школы и детские сады, что делает данное место привлекательным для семей с детьми.

Удобная транспортная доступность позволяет без проблем добраться до центра города и других районов. Это идеальный вариант для тех, кто ценит комфорт, уют и близость к природе в самом сердце городской жизни.

ПРИХОДИТЕ НА ПРОСМОТР!",,53.7,14.6,271.9
https://www.cian.ru/sale/flat/307061501/,https://images.cdn-cian.ru/images/kvartira-moskva-koktebelskaya-ulica-2262529268-4.jpg,,"Москва, ЮЗАО, р-н Северное Бутово, м. Бульвар Дмитрия Донского, Коктебельская улица, 4К2",Пешком,14700000.0,262970.0,2.0,9.0,17.0,55.9,"Окна на две стороны во двор, угловая. Дом П-44, 1990 г.п. Общая площадь 55,9, жилая 31,8, 1 лоджия. Комнаты изолированные 17, 8 + 14, кухня 10,1. Электроплита, 2 лифта грузовой и пассажирский. Пешком от метро 8 мин., в 5 мин. пешком от дома все магазины, поликлиника, школы, детские сады. Свободная парковка, всегда можно найти место. 1 собственник по приватизации, без отказов от приватизации, без обременений, квартира  всегда в одной семье, первичная продажа. Альтернатива. Собственник. Посредник не нужен. На звонки отвечаю не всегда сразу , можете оставить сообщение - перезвоню.",,55.9,14.7,263.0
https://www.cian.ru/sale/flat/304997034/,https://images.cdn-cian.ru/images/2313509401-4.jpg,,"Москва, ЮЗАО, р-н Северное Бутово, м. Бульвар Дмитрия Донского, улица Грина, 9",Пешком,14950000.0,296040.0,2.0,12.0,17.0,50.5,"Продaeтcя светлaя и тёплая 2-комнатная квaртиpа oбщей плoщадью 50,5м2 в зелёнoм рaйoнe Mocквы, в пешей доступности от метpo ""Бульвap Дмитpия Дoнскогo""/""Улица Cтaрокачaловcкaя"".

Тoлько плюcы:

- дo мeтpo 5-10 минут пeшкoм,

- глубoкo во двopах, тиxo и зелено, никaкoгo шумa от дoрог,

- всегдa есть пaркoвочныe места,

- современный дом, серия П-44,

- отремонтированный подъезд,

- прозрачная история квартиры, один собственник с момента постройки,

- возможность сделать ремонт на свой вкус!

Кухня 8,5м2, изолированные комнаты 12м2 и 18м2, раздельный санузел, застекленный балкон из комнаты. Окна во двор. Ухоженный подъезд, доброжелательные соседи.

Район с максимально развитой инфраструктурой, все объекты социальной значимости в шаговой доступности, а именно: сетевые магазины и продовольственный рынок, школы и детские сады, салоны красоты , банки, построен большой спортивный комплекс.

Рядом с домом парк и лес, где созданы все условия для полноценного отдыха и занятий спортом.

Один собственник, обременений нет, быстрый выход на сделку. Любая форма оплаты. Полная стоимость в договоре.
Помощь в одобрении ипотеки и полное юридическое сопровождение.
Оперативный показ. Звоните.",,50.5,14.9,296.0
https://www.cian.ru/sale/flat/308626029/,https://images.cdn-cian.ru/images/kvartira-moskva-ulica-polyany-2297328161-4.jpg,ЖК «Эталон-Сити»,"Москва, ЮЗАО, р-н Южное Бутово, м. Бульвар Дмитрия Донского, улица Поляны, 5",Транспортом,15000000.0,312500.0,2.0,24.0,31.0,48.0,"Продается уютная 2-комнатная квартира площадью 48 кв. м в современном доме на 24 этаже. Дом расположен на улице Поляны в Москве, всего в 15 минутах пешком от метро ""Улица Скобелевская"". Отличный вариант для тех, кто ценит удобство и комфорт городской жизни.

В квартире выполнен качественный евроремонт, который позволяет сразу заехать и жить. Просторная кухня площадью 15 кв. м идеально подходит для семейных обедов и дружеских встреч. Санузел совмещенный и оборудован современной сантехникой. Высокие потолки 2.8 метра добавляют ощущение простора и света. Окна выходят как на улицу, так и во двор, что обеспечивает комфортное освещение в течение всего дня.

Дом оборудован тремя пассажирскими и двумя грузовыми лифтами, что исключает долгие ожидания. Для автомобилистов предусмотрена наземная парковка. Дом находится в отличном состоянии, ухоженные подъезды и общие зоны.

В пешей доступности расположены школы, детские сады и магазины, что делает этот район идеальным для семей с детьми. Удобная транспортная развязка позволяет быстро добраться до центра города.

Квартира продается без обременений, все документы готовы к сделке. Ипотека возможна. Покупка напрямую от собственника, поэтому никаких 
дополнительных комиссий.

Продажа по ДОГОВОРУ КУПЛиПРОДАЖИ

Не упустите шанс стать владельцем этой замечательной квартиры. Звоните и записывайтесь на просмотр!

АГЕНТЫ НЕ ЗВОНИТЬ",,48.0,15.0,312.5
https://www.cian.ru/sale/flat/308365476/,https://images.cdn-cian.ru/images/kvartira-moskva-koktebelskaya-ulica-2291318873-4.jpg,,"Москва, ЮЗАО, р-н Северное Бутово, м. Бульвар Дмитрия Донского, Коктебельская улица, 4К1",Пешком,15200000.0,292308.0,2.0,10.0,17.0,52.0,"Вашему вниманию предлагается чудесная квартира в отличном состоянии в пешей доступности от станции метро Бульвар Дмитрия Донского

Удачное расположение дома, окна выходят на достаточно тихую улицу с живописным видом на лес, поля Ботанического сада ВИЛАР (выращивание лекарственных растений), т.е. застройка практически исключена.

Качественные пластиковые стеклопакеты на всех окнах. Во всех комнатах установлены натяжные потолки, дубовая паркетная доска, в кухне  ламинат. Во всех комнатах и кухне установлены кондиционеры Mitsubishi Electric. В кухне установлен качественный современный кухонный гарнитур (массив), бытовая техника Bosch, AEG, Vestfrost (духовой шкаф c микроволновкой, индукционная варочная панель, вытяжка, холодильник (двухкамерный с нижней морозилкой и двумя компрессорами). Высококачественная входная железная дверь. Квартира продается с мебелью и техникой, и полностью готова к проживанию.

Чистый подъезд. Дружелюбные соседи. Хорошо обустроенная придомовая территория с детскими площадками и зелеными насаждениями. В пешей доступности детские сады, школы, аптеки, торговые центры. Живописнейшие обустроенные лесопарковые зоны с прудами и речкой, которые отлично подойдут для семейного отдыха.

Свободная продажа. Один взрослый собственник, без обременений, без долгов.",,52.0,15.2,292.3
https://vidnoye.cian.ru/sale/flat/306351219/,https://images.cdn-cian.ru/images/kvartira-butovo-park-2311823624-4.jpg,ЖК «Бутово парк»,"Московская область, м. Бульвар Дмитрия Донского, Ленинский городской округ, Бутово рп, Бутово Парк ЖК, 26",Транспортом,16000000.0,258065.0,2.0,5.0,19.0,62.0,Продается шикарная квартира с Дизайнерским ремонтом. Полностью меблирована. Оперативный показ. Быстрый выход на сделку.,,62.0,16.0,258.1
https://www.cian.ru/sale/flat/303404702/,https://images.cdn-cian.ru/images/kvartira-moskva-ulica-grina-2193545219-4.jpg,,"Москва, ЮЗАО, р-н Северное Бутово, м. Бульвар Дмитрия Донского, улица Грина, 3К2",Пешком,16000000.0,289331.0,2.0,17.0,17.0,55.3,"Продается двухкомнатная квартира в районе со сложившейся инфраструктурой. Для жизни есть всё в пешей доступности. До метро 350 м. Прекрасное место для детей: детские сады (с местами), школы, спортивные секции и кружки, множество площадок.
Для прогулок: рядом Бутовский лесопарк и парки поймы реки Битца.
В квартире был произведен полный ремонт с заменой окон, батарей, полов (паркетная доска - ПВХ ламинат - плитка), стены оштукатурены, в санузлах полная замена коммуникаций, оптимизирована электрика, в коридоре и санузлах натяжные потолки.
Два собственника, ДКП 2012 г. В услугах риелторов не нуждаемся. Если не ответим, перезвоним.",,55.3,16.0,289.3
https://www.cian.ru/sale/flat/305858431/,https://images.cdn-cian.ru/images/2241296166-4.jpg,,"Москва, ЮЗАО, р-н Северное Бутово, м. Бульвар Дмитрия Донского, Старобитцевская улица, 17К3",Пешком,16499000.0,284466.0,2.0,21.0,22.0,58.0,"Прямой представитель собственника! 

Продается 2-х комнатная квартира.

Теплая, уютная квартира с удобной, просторной планировкой. Общая площадь 58,6 кв.м. площадь кухни 10.1 кв.м., две изолированные комнаты 20.1 кв.м. и 14.0 кв.м., с/у раздельный, балкон. Все окна оснащены стеклопакетами. Расположена на 21 этаже дома. Из квартиры открывается красивейший панорамный вид!

Благоустроенный двор с детскими и спортивными площадками.

Развитая инфраструктура района создает базис для комфортной жизни: детские сады, школы, поликлиника, фитнес-центры, магазины, салоны красоты, аптеки, пункты выдачи, кафе, ТЦ с парковкой, кинотеатр.

Две большие прогулочные парковые зоны в 5 минутах ходьбы.

Удобная транспортная доступность:

м. ""Бульвар Дмитрия Донского"" 10 минут пешком, м. ""Лесопарковая"" 10 минут пешком, большой выбор наземных маршрутов Мосгортранс, быстрый выезд на Варшавское шоссе, Симферопольское шоссе, МКАД с улицы Старобитцевская.

Один взрослый собственник, полная стоимость в договоре!",,58.0,16.5,284.5
https://vidnoye.cian.ru/sale/flat/295687035/,https://images.cdn-cian.ru/images/kvartira-butovo-park-2042147474-4.jpg,,"Московская область, м. Бульвар Дмитрия Донского, Ленинский городской округ, Бутово рп, Бутово Парк ЖК, 23к2",Транспортом,16700000.0,214103.0,2.0,20.0,22.0,78.0,"Шикарная 2-комнатная квартира в монолитно-кирпичном доме бизнес-класса на охраняемой территории. Дизайнерский ремонт ( вып. на 95 %) по индивидуальному проекту с применением дорогостоящих импортных материалов, 2 санузла, утепленная лоджия. На полу плитка Италия, Испания, массивная доска из Голландии, немецкие стеклопакеты Рехау, витражные стекла ручной работы, двери по индивидуальному заказу, радиаторы Италия, трубы и электрика  Германия, Лоджия отделана евровагонкой из ангарской сосны, встроенный шкаф. Душевая кабина, бойлер, зеркальный потолок с витражным стеклом. Панорамный вид из окон.
Просторная входная группа, 3 лифта OTIS, просторный предквартирный холл с местом для колясок и велосипедов. Территория дома огорожена, въезд под шлагбаум, круглосуточная охрана, видеонаблюдение внутри и снаружи дома, детская площадка, зеленая дворовая территория оформлена деревьями и цветочными клумбами.
В доме расположены салон красоты, детская частная поликлиника, частный детский сад, продуктовые магазины, ресторан, рядом фитнес клуб 24 ч. с бассейном СССР. Развитая инфраструктура района: Мои документы, детские сады, школы, торговые центры: ""Мираторг"", ""ВкусВилл"", , ""Инвитро"", районная поликлиника, кинотеатр, и т.п.
Удобное транспортное сообщение: 12 мин. московским транспортом до м. Аннино или м.Бульвар Дмитрия Донского, 10-15 мин. пешком до платформы Бутово, 20 мин пешком до м. Улица Старокачаловская. 3 км до МКАД.
Прямая продажа, один собственник, юридически и физически свободна, быстрый выход на сделку. Есть возможность также приобрести машиноместо. . Полная стоимость в договоре.
Я-собственник. По всем вопросам звоните, не стесняйтесь, квартира полностью готова к сделке и проживанию, свободная продажа, никто не прописан! Агентам просьба даже не пробовать звонить,..",,78.0,16.7,214.1
https://www.cian.ru/sale/flat/308620524/,https://images.cdn-cian.ru/images/2297230916-4.jpg,ЖК «Эталон-Сити»,"Москва, ЮЗАО, р-н Южное Бутово, м. Бульвар Дмитрия Донского, улица Поляны, 5",Транспортом,17000000.0,310786.0,2.0,28.0,31.0,54.7,"Номер в базе: 2503396. Продается просторная 2-к. квартира с ремонтом в пешей доступности от МЕТРО общей площадью 54.7 кв.м.! 
 
РАСПОЛОЖЕНИЕ: 
Дом расположен в жилом комплексе бизнес-класса, расположенного посреди одного из самых больших лесопарков Москвы в Южном Бутово. ""Эталон-Сити"" построен в районе с развитой инфраструктурой, где много магазинов, детских садов, школ, спортивных учреждений (включая конно-спортивный, теннисный и пейнтбольный клубы).
 
ТРАНСПОРТНАЯ ДОСТУПНОСТЬ: 
* 15 минут пешком до станции метро Улица Скобелевская
* 20-25  минут пешком до станции метро Бульвар Дмитрия Донского
и улица Старокачаловская
* Кроме того, рядом с домом есть автобусные остановки, что обеспечивает дополнительные варианты передвижения 

О ДОМЕ: 
Год постройки 2018г. Монолитный дом с ж/бетонными перекрытиями. В подъезде есть и пассажирский и грузовой лифт. Подъезд чистый, просторный, с системой видеонаблюдения и охраной. 
 
О КВАРТИРЕ: 
Расположена на 28 этаже. Просторная кухня оборудована всей необходимой техникой от немецкого производителя Maunfeld, а ремонт выполнен с использованием высококачественных материалов. Есть балкон, на котором сделан теплый пол и продуманная система хранения. Санузел совмещённый. 

Не стесняйтесь задавать любые вопросы - я с удовольствием на них отвечу! При покупке через наше агентство вы получите финансовую гарантию до 25 млн рублей и полную юридическую чистоту сделки без рисков.


Код пользователя: 109863",,54.7,17.0,310.8
https://www.cian.ru/sale/flat/311159546/,https://images.cdn-cian.ru/images/kvartira-moskva-ulica-grina-2348429695-4.jpg,,"Москва, ЮЗАО, р-н Северное Бутово, м. Бульвар Дмитрия Донского, улица Грина, 1к8",Пешком,17300000.0,279032.0,2.0,14.0,24.0,62.0,"Продается уютная двухкомнатная квартира в Москве с красивым видом из окон. 
Квартира расположена на 14-м этаже 24-этажного панельного дома 2005 года постройки. 
 Высокие потолки 2.8 метра создают ощущение простора и света.

Квартира с дизайнерским ремонтом, который подчеркнет индивидуальность вашего интерьера. В ней есть все необходимое для комфортного проживания: современная мебель, качественная бытовая техника и просторная лоджия для отдыха.  В квартире есть гардеробная. 

Дом в отличном состоянии, в подъезде установлены два пассажирских и два грузовых лифта, что значительно упрощает перемещение. На территории дома предусмотрена наземная парковка со шлагбаумом, поэтому можно не беспокоиться о месте для автомобиля. 

В шаговой доступности от дома находятся школы, детские сады и магазины. До станции метро ""Бульвар Дмитрия Донского"" всего 14 минут пешком. 

Оформление сделки по договору купли-продажи. Квартира без обременений, подходит для покупки в ипотеку. Все документы готовы к сделке, юридическая чистота объекта гарантирована.

Оперативный показ. 
Звоните.",,62.0,17.3,279.0
https://www.cian.ru/sale/flat/303281285/,https://images.cdn-cian.ru/images/kvartira-moskva-starokrymskaya-ulica-2191282926-4.jpg,ЖК «Эталон-Сити»,"Москва, ЮЗАО, р-н Южное Бутово, м. Бульвар Дмитрия Донского, Старокрымская улица, 15к1",Транспортом,17300000.0,301394.0,2.0,2.0,26.0,57.4,"Риелторам просьба не беспокоить! Продают собственники. Прямой договор!
Два собственника, без подводных камней.


Квартира новая, после ремонта.
Из подъезда до фитнес- клуба и бассейна 100 метров.
Из подъезда до школы 200 метров.
Из подъезда до детского сада 300 метров.
Из подъезда до ресторана Нияма 10 метров)).
Из подъезда до салона красоты 50 метров.
В шаговой доступности магазины и банки.
Территория охраняемая и закрытая. Идеально для прогулки детей. Красивые детские площадки и спорт площадки.
В квартире:
Натяжные потолки во всех комнатах, в ванной и туалете.
Паркетная доска во всех комнатах+балконе.
Входная металлическая дверь фирмы Стил.
Качественная новая техника: холодильник самсунг 205см, кухонный телевизор самсунг, унитаз безободковый германия, ванна чугунная, стиральная машина Whirlpool (максимальная загрузка 9 кг).
Межкомнатные двери качественные.
Кровать с двумя выдвижными ящиками полуторка в большой комнате, кровать в спальне двухспальная кровать 200*160, диван на кухне, в прихожей большой шкаф, в большой комнате шкаф ширина180см, высота 230см, стол кухонный.
Подключается интернет и кабельное телевидение.
О доме:
ТЕХНИЧЕСКИЕ ХАРАКТЕРИСТИКИ
— Монолитные дома

— Квартиры бизнес-класса

— Облицовка-вентилируемый фасад

— Квартиры без отделки / квартиры с отделкой

— Межкомнатные перегородки

— Лифты OTIS

— Подземный и гостевой паркинг

— Система контроля доступа

— Огороженная территория
Жилой комплекс Эталон-Сити — это современное пространство для жизни. В вашем распоряжении: развитая инфраструктура, собственный фитнес-центр с бассейном, охраняемые благоустроенные дворы без машин, прогулочные и игровые зоны.

Микрорайон расположен в окружении соснового бора, на примыкающей части которого будет реализован ландшафтный парк с готовыми местами для отдыха и прогулочными маршрутами.

Жильцы дома смогут прогуливаться по своему личному ботаническому саду. Он спланирован таким образом, чтобы служить местом не только для отдыха, но и для обучения. Каждое растение отмечено табличкой, что особенно приятно для прогулок с детьми — Вы легко ответите на любые вопросы, а они быстро получат массу новых эмоций и знаний.

Такое времяпрепровождение, а также школа и детский сад на территории обеспечат маленьким обитателям Эталон-Сити качественное и интересное образование в уникальной развивающей и творческой среде.

Торговый комплекс с магазинами, ресторанами и кафе, располагающийся на территории ЖК, позволят Вам делать покупки и отдыхать, не тратя свое время на дорогу.

Встроенный трехуровневый паркинг даст Вам возможность быстро уезжать по делам и возвращаться домой, не беспокоясь о парковке и безопасности автомобиля. Для гостей комплекса предусмотрена благоустроенная наземная парковочная территория.",,57.4,17.3,301.4
https://vidnoye.cian.ru/sale/flat/310157364/,https://images.cdn-cian.ru/images/kvartira-bobrovo-krymskaya-ulica-2327979048-4.jpg,ЖК «Восточное Бутово»,"Московская область, м. Бульвар Дмитрия Донского, Ленинский городской округ, Боброво пгт, улица Крымская, 17",Транспортом,17500000.0,269231.0,2.0,4.0,17.0,65.0,"2-к.кв-ра 65м2 с Дизайнерским ремонтом !  ЖК Восточное Бутово, ул. Крымская, д.17. 

Этаж 4 из 17. Дорогой качественный ремонт по дизайн-проекту. Кухня-гостиная 19м2, спальня с отдельной гардеробной комнатой 16м2, отдельная комната (детская/кабинет) 13м2. Два санузла, продуманная эргономика, скрытые двери, инженерная доска, дорогая сантехника, кухонный гарнитур полностью оснащенный встроенной техникой. Развитая инфраструктура, в шаговой доступности школы, детские сады,  современные детские площадки, парковочные зоны. Удобная транспортная доступность: в 200м от дома остановка общественного транспорта, до ст. МЦД Бутово 6 минут. Быстрый выезд на Симферопольское шоссе и МКАД. Все документы готовы готовы к сделке. Звоните !",,65.0,17.5,269.2
https://www.cian.ru/sale/flat/311663637/,https://images.cdn-cian.ru/images/2359444754-4.jpg,ЖК «Столичные поляны»,"Москва, ЮЗАО, р-н Южное Бутово, м. Бульвар Дмитрия Донского, улица Поляны, 5Ак1",Транспортом,17700000.0,266566.0,2.0,9.0,33.0,66.4,"Номер в базе: 4295829. Вашему вниманию предлагается евро-трёхкомнатная квартира в ЖК ""Столичные Поляны"".

Прописка МОСКВА! Подходит под ипотеку ОТ 14,99%!

Отличная планировка - распашонка! Две просторные изолированные комнаты по 18.4 и 12.7 кв.м., можно сделать мастер-спальню с санузлом. Просторная кухня-гостиная 19,1 кв.м. Два санузла. Есть балкон.
Квартира находится на комфортном 9ом этаже 17тиэтажного дома.

Транспортная доступность:
-10 минут пешком до метро ""Скобелевская"";
-Удобный выезд на 35-й километр МКАД (6 минут на машине, 3 километра).

Об инфраструктуре:
Развитая собственная инфраструктура жилого комплекса, есть все розничные магазины, кафе, рестораны. Фитнес-клуб с бассейном в соседнем здании. Школа и детский сад через дорогу.
Концепция ""Двор без машин"" - закрытый двор только для жителей дома! Облагороженный двор с детской площадкой, подземный и наземный паркинги. 

Юридическая часть:
Легко купить! 1 собственник, первый с момента приобретения квартиры.
Квартира без обременений и перепланировок, юридически и физически свободна! Укажем полную стоимость в ДКП.
Готовы к быстрой сделке!

Звоните, оперативно отвечу на все ваши вопросы и организую показ!
Сделку сопровождает агентство ""ЭТАЖИ"".
-Помощь в одобрении ипотеки среди 30 банков-партнёров в режиме одного окна по ставкам с преференциями;
-Полное юридическое сопровождение сделки;
-Финансовая гарантия на приобретаемый объект до 25 000 000 руб.
Код пользователя: 133839",,66.4,17.7,266.6
https://www.cian.ru/sale/flat/309497595/,https://images.cdn-cian.ru/images/kvartira-moskva-ulica-polyany-2357827932-4.jpg,ЖК «Столичные поляны»,"Москва, ЮЗАО, р-н Южное Бутово, м. Бульвар Дмитрия Донского, улица Поляны, 5Ак1",Транспортом,17700000.0,266566.0,2.0,9.0,17.0,66.4,"СРОЧНО ПРОДАМ! 
Просторная и светлая евротрешка. Распашонка. Отличное расположение. Окна на 3 стороны, ни одного вида на дорогу, тишина.

1 СОБСТВЕННИК с момента постройки и сдачи дома.

Большая кухня-гостинная (19 кв м) позволяет не только готовить, но и устраивать семейные обеды. 2 изолированные спальни. В одной из спален выделенная гардеробная и балкон. 2 санузла удобно для семьи.

Юридически свободна. Мгновенный выход на сделку.

Для семьи идеальный вариант. Детская площадка благоустроена внутри дома, без доступа машин. Квартира в идеальном состоянии, чистая, светлая. Ничего не меняли в цвете стен, обои под покраску чтобы новый собственник сделал все под себя. Все самое необходимое в шаговой доступности  магазины, дет. сады, школы, поликлиника.

Дом в отличном состоянии, 3 лифта, есть подземный паркинг.
До станции метро ""Улица Скобелевская"" всего 10 минут пешком.

Квартира продается от собственника, поэтому дополнительные комиссии исключены.",,66.4,17.7,266.6
https://www.cian.ru/sale/flat/311981678/,https://images.cdn-cian.ru/images/kvartira-moskva-varshavskoe-shosse-2366183243-4.jpg,ЖК «Зеленая Вертикаль»,"Москва, ЮАО, р-н Чертаново Южное, м. Бульвар Дмитрия Донского, Варшавское шоссе, 170Ек7",Транспортом,18000000.0,300000.0,2.0,2.0,19.0,60.0,"Всем доброго времени суток! Представляем вашему вниманию квартиру в новом доме 2022 г постройки, от метро 3 мин., ЖК ""Зеленая Вертикаль"" В пешей доступности магазины: Лента, Пятерочка, пекарня, Свежая рыба, Овощи фрукты, кафе бары. 

Две комнаты, спальня, детская,  кухня/гостиная. И все это для покупателя, которому останется только разложить свои вещи по шкафам.

В комплексе новая школа с техническим уклоном и д/садом. ЖК окружен Битцевским лесом. Летом 2023г.  по программе города прошла масштабная реконструкция лесополосы в парковую зону с велодорожками, прогулочными зонами с городским освещением, местами для отдыха горожан, мангальные зоны, детскими площадками и шикарным скейт парком. Летом 2023 г сдана вторая очередь. 

В ЖК отличная Управляющая компания. 

Озеленена территория ЖК и облагорожена дизайнерским ландшафтом. В ЖК детские площадки. 

Приглашаем всех желающих приобрести квартиру, сэкономив время и деньги на ремонт и обстановку. Показ в любое время.",,60.0,18.0,300.0
https://vidnoye.cian.ru/sale/flat/299653688/,https://images.cdn-cian.ru/images/kvartira-suhanovo-park-2122987349-4.jpg,,"Московская область, м. Бульвар Дмитрия Донского, Ленинский городской округ, д. Суханово, Суханово Парк ЖК, 5",Транспортом,18699999.0,268293.0,2.0,3.0,5.0,69.7,"Собственник!

Продается  квартира с продуманной комфортной планировкой в новом элитном жилом комплексе Суханово Парк
Просторная и уютная квартира площадью 69,7 кв.м. За основу проекта было взято панорамное остекление, обеспечивающее потрясающий вид на просторы соснового леса прямо из Вашей квартиры.
Ремонт выполнен под ключ, использовались качественные материалы. Квартира укомплектована современной встроенной мебелью и бытовой техникой (кухонный гарнитур, диспоузер, посудомоечная машина, кондиционер, котел (горячая вода). Все, что вы видите на фото  остается.

Отличная планировка квартиры: 2 спальни, гардеробная комната, в холле - встроенный зеркальный шкаф до потолка, раздельный санузел, полы с подогревом. В каждой комнате есть подсветка, для создания уюта. Кухня укомплектована посудомоечной машиной и встроена система диспоузера.
Предусмотрено место для встроенного холодильника, духового шкафа и микроволновой печи. В спальне есть кондиционер, а на кухне уже сделан вывод под кондиционер. Везде есть выводы под TV.
 
Жилой комплекс Суханово Парк возведен в Ленинском районе Московской области, в 5 километрах от столицы. Благоустроенная территория проекта предлагает множество зон для отдыха и общения на свежем воздухе, где вы сможете провести время с семьей и друзьями. В непосредственной близости протекает река, на огороженной и охраняемой территории имеется собственное озеро с благоустроенной пляжной зоной отдыха,  беседки в лесу, ротонда, причал, мостики для рыбалки, свой выход в парк и историческую усадьбу Суханово.
Территория комплекса круглосуточно находится под охраной и видеонаблюдением, закрытая огороженная территория, въезд на территорию через шлагбаум обеспечат Ваши защиту и спокойствие.
 
Вся необходимая инфраструктура в шаговой доступности: супермаркеты, теннисный корт, футбольная площадка, современный фитнес центр, ресторан, кафе, аптека, магазины. Также в жилом комплексе имеется обширная сеть объектов социально-коммерческого предназначения: торговый комплекс, автомойка, медицинский центр, СПА-центр, русская баня, зоогостиница, церковь, школа верховой езды, летний театр и кафе.
В шаговой доступности три детских сада и балетная студия. В 10 минутах (на авто)  три общеобразовательные школы.
 
Транспортная доступность:
Удобный подъезд возможен как по Варшавскому шоссе (в 9 км от МКАДа), так и Каширскому шоссе (со стороны М4 -Дон).
Рядом расположены станция Бутово D2, ж/д остановка Расторгуево.
От метро Бульвар Дмитрия Донского ходит комфортный шатл басс каждые полчаса. Добраться можно и на маршрутке 1224к. До МЦД Бутово курсирует автобус 379 с заездом в жилой комплекс.  
К 2025 году Суханово войдёт в состав Москвы. И откроется метро МЦД-5.
 
Квартира продается без обременений, один взрослый собственник.  Оперативный показ, возможна ипотека, полная стоимость в договоре.

Риелторы, я не против Вас, можете предлагать клиентам мой объект, но без дублирования объявления. Комиссию пусть оплачивает покупатель.
Показ по предвар",,69.7,18.7,268.3
https://vidnoye.cian.ru/sale/flat/299407641/,https://images.cdn-cian.ru/images/kvartira-yuzhnaya-bitca-yuzhnyy-bulvar-2116635989-4.jpg,ЖК «Южная Битца»,"Московская область, м. Бульвар Дмитрия Донского, Ленинский городской округ, пос. Битца, Южная Битца ЖК, бульвар Южный, 4",Транспортом,19800000.0,317308.0,2.0,12.0,25.0,62.4,"ЖК-комфорт-класса ""Южная Битца"".  Квартира с  дизайнерским, современным и качественным ремонтом. Концепция дизайн-проекта  строилась из сочетаний  натуральных отделочных материалов и тактильно-приятных фактур на контрасте с оттенками белого, серого и бежевого цветов.Одна из главных задач организовать грамотное зонирование и систему хранения , при этом распределить правильное освещение квартиры. Пространство наполнено деликатными акцентами и декором, в виде современных портьер .Для ремонта и оформления интерьера использовались качественные материалы .Изолированные комнаты мебелированы качественной мебелью из дуба. Все создавалась для комфортного проживания. 
Кухня( ИмперияSMT) оснащена необходимой бытовой техникой от мировых производителей (BOSCH,ELECTROLUX, MAUNFELD).Ванная комната порадует  своей многофункциональностью. Широкий холл позволит реализовать секции для хранения вещей. 
В каждом подъезде представлены колясочная и детская комната, консьерж-сервис и индивидуальные кладовые. В комплексе реализуется концепция двор без машин. Автомобилисты смогут воспользоваться подземным и наземным паркингом. ЖК ""Южная Битца"" располагается всего в трех километрах от МКАД, между Варшавским и Симферопольским шоссе, что обеспечивает жилому комплексу хорошую транспортную доступность.Недалеко находятся три станции метро: Аннино, Бульвар Дмитрия Донского, Улица Старокачаловская, а также наземное метро МЦД-2.
Один собственник, мат.капитал не использовался, чистая юридически, без обременений.",,62.4,19.8,317.3
https://www.cian.ru/sale/flat/304601988/,https://images.cdn-cian.ru/images/kvartira-moskva-koktebelskaya-ulica-2217451538-4.jpg,,"Москва, ЮЗАО, р-н Северное Бутово, м. Бульвар Дмитрия Донского, Коктебельская улица, 8",Пешком,19990000.0,313815.0,2.0,6.0,17.0,63.7,"Вашему внимаю предлагается квартира с абсолютно новым ремонтом, в шаговой доступности от метро. Квартира состоит из двух раздельных комнат, кухни, гардеробной, совместного санузла и просторного коридора .В квартире выполнен дизайнерский ремонт, с полностью новыми внутренними качественными коммуникациями; электрика ГОСТ, водоснабжение Рехау, установлены датчики протечки воды, качественные люки и остальное в квартире при ремонте использовались качественные  строительные материалы. 
Квартира полностью мебелизирована (хорошая дизайнерская мебель), включая бытовой инвентарь.  Заезжай и живи! 
Район, в котором находится квартира включает в себя парковую зону с развитой инфраструктурой, торговые центры, детские сады и школы, а так же поликлиники, все находится в шаговой доступности. Удобная транспортная развязка рядом с МКАДом. 
Быстрый выход на сделку. Документы полностью подготовлены к сделке. По все интересующим вопросам обращайтесь в личных сообщениях или напрямую по телефону.",,63.7,20.0,313.8
https://vidnoye.cian.ru/sale/flat/298386784/,https://images.cdn-cian.ru/images/kvartira-suhanovo-parkovaya-ulica-2240336510-4.jpg,,"Московская область, м. Бульвар Дмитрия Донского, Ленинский городской округ, д. Суханово, улица Парковая, 4",Транспортом,21300000.0,259756.0,2.0,2.0,6.0,82.0,Продается красивая квартира на закрытой территории в жк Суханово парк. Собственник,,82.0,21.3,259.8
https://vidnoye.cian.ru/sale/flat/301874591/,https://images.cdn-cian.ru/images/kvartira-suhanovo-parkovaya-ulica-2166947832-4.jpg,,"Московская область, м. Бульвар Дмитрия Донского, Ленинский городской округ, д. Суханово, Суханово Парк ЖК, улица Парковая, 3",Транспортом,21700000.0,271250.0,2.0,1.0,4.0,80.0,"Просторная и светлая квартира с большой кухней-гостиной и спальней. В интерьере использованы качественные отделочные материалы. Кухня Aster со встроенной техникой Bosch, Faber и Blanco, двери Garofoli нестандартной высоты 2,2 м, большой встроенный шкаф в спальне Porta Robusta, оборудованная в отдельной кладовой гардеробная mr.Doors. В санузле установлена итальянская душевая кабина Provex, сантехника Laufen, KEUCO и Grohe. Теплый пол на кухне, в ванной и прихожей. Во всех мокрых зонах имеется система защиты от протечек Нептун. Этим летом установили кондиционер. 
Квартира готова к продаже - прописанных лиц нет. Полная цена в договоре.",,80.0,21.7,271.2
https://www.cian.ru/sale/flat/307614829/,https://images.cdn-cian.ru/images/2275677787-4.jpg,ЖК «Гринада»,"Москва, ЮЗАО, р-н Северное Бутово, м. Бульвар Дмитрия Донского, Феодосийская улица, 7к3",Пешком,22200000.0,337386.0,2.0,13.0,17.0,65.8,"Единственное предложение в данном доме. Двушка - распашонка с идеальным видом на лесопарк и тихий обустроенный двор. Квартира без ремонта, без перегородок. Фантазируйте и творите!!! В шаговой доступности метро Дмитрия Донского. Современный район с развитой инфраструктурой. Дом полностью заселен, ремонты все выполнены! Бутовский лесопарк в минуте от подъезда.",,65.8,22.2,337.4
https://www.cian.ru/sale/flat/311000183/,https://images.cdn-cian.ru/images/kvartira-moskva-starokrymskaya-ulica-2344852833-4.jpg,ЖК «Эталон-Сити»,"Москва, ЮЗАО, р-н Южное Бутово, м. Бульвар Дмитрия Донского, Старокрымская улица, 17",Транспортом,22500000.0,314246.0,2.0,13.0,23.0,71.6,"Продам  большую двухкомнатную квартиру в монолитном доме бизнес класса 2016 года постройки.  
Дом с лучшим  расположением в этом
и соседнем ЖК, примыкает к лесопарку, удален от всех имеющихся и строящихся дорог. Плотность застройки в данной части обоих ЖК самая низкая, перед окнами простор, нет ситуации окна в окна. 
Квартира видовая, с отличной панорамой на лесопарк (из окон спальни) и во двор, на ботанический сад (из окон кухни и гостиной).  
Планировка распашная, оптимальная по сторонам света, окна спальни выходят на восток, окна кухни и гостиной на запад.  Выход  на лоджию (4 кв м) из гостиной. 
Два с/узла, один из которых 6 кв м.
Кухня 13 кв м.
Лесопарк в 50 метрах, в нем много спортивных активностей.
Имеется  машиноместо в подземном паркинге, на верхнем его этаже, расположено рядом с лифтом этого подъезда, продается за доп плату.
Фитнес центр во дворе с бассейном и банным комплексом. Имеется вся необходимая инфраструктура.

Альтернативная продажа.",,71.6,22.5,314.2
https://www.cian.ru/sale/flat/311399239/,https://images.cdn-cian.ru/images/kvartira-moskva-starokrymskaya-ulica-2353825563-4.jpg,ЖК «Эталон-Сити»,"Москва, ЮЗАО, р-н Южное Бутово, м. Бульвар Дмитрия Донского, Старокрымская улица, 15к1",Транспортом,22599000.0,336295.0,2.0,5.0,23.0,67.2,"# Двухкомнатная квартира для большой семьи

Представляем вашему вниманию уютную двухкомнатную квартиру, которая станет идеальным решением для большой семьи или большим количеством друзей, обожающей принимать гостей.
Кухня-гостиная площадью 19,5 квадратных метра позволит вам собирать за большим обеденным столом большие и дружные компании. Одна из стен кухни покрыта грифельной краской, что открывает возможности для обучения детей на дому, а остальные стены покрашены — вы сможете легко обновить или изменить цветовую гамму по своему вкусу.
Детская комната площадью 14 квадратных метров оборудована большой прямоугольной лоджией, которая станет отличным местом для хранения велосипедов, самокатов и других вещей. Вторая комната имеет площадь 18 квадратных метров. Санузел раздельный, отделан плиткой до потолка. По всей квартире установлены натяжные потолки.

## ЖК Эталон — дом бизнес-класса.
Жилой комплекс Эталон — это престижное здание бизнес-класса, расположенное в Бутовском лесопарке, всего в нескольких минутах от Битцевского леса. В доме есть подземный отапливаемый паркинг, где вы можете приобрести машиноместо (цена обсуждается). Также во дворе есть несколько детских площадок и ботанический сад.
Сквозной подъезд с консьержем обеспечивает безопасность и комфорт. На территории комплекса действует охрана и видео наблюдение. В наличии три лифта: один грузовой и два пассажирских, причем два из них спускаются в паркинг, что избавляет вас от необходимости выходить с сумками на улицу.
В пешей доступности находятся несколько детских садов, школ, магазины, банки, салоны красоты, ТЦ и тд.
Документы: договор дарение от мамы сыну более 3-х лет, альтернатива.",,67.2,22.6,336.3
https://vidnoye.cian.ru/sale/flat/289193200/,https://images.cdn-cian.ru/images/kvartira-bobrovo-krymskaya-ulica-2367180560-4.jpg,,"Московская область, м. Бульвар Дмитрия Донского, Ленинский городской округ, Боброво пгт, улица Крымская, 25",Транспортом,10000000.0,161290.0,2.0,9.0,17.0,62.0,"Квартира юридически свободна. Никто не прописан. Доброжелательные соседи, чистый подъезд. Развитая инфраструктура, удобное транспортное сообщение (маршрутки до метро и до Мцд -Бутово).
Также в районе расположения нового микрорайона пройдёт ветка надзменой транспортной системы нового поколения Стрела, которая свяжет микрорайон с московским метрополитеном.",,62.0,10.0,161.3
https://vidnoye.cian.ru/sale/flat/311992220/,https://images.cdn-cian.ru/images/kvartira-yuzhnaya-bitca-yuzhnyy-bulvar-2366401462-4.jpg,ЖК «Южная Битца»,"Московская область, м. Бульвар Дмитрия Донского, Ленинский городской округ, пос. Битца, Южная Битца ЖК, бульвар Южный, 4",Транспортом,14700000.0,212121.0,2.0,5.0,25.0,69.3,"Продается евро трешка с ремонтом и мебелью в современном доме. Большая, красивая, огороженная территория с детской площадкой. В доме есть магазины Пятерочка, Красное&Белое и т.д. На территории круглосуточная охрана и видеонаблюдение. Рядом с домом гос. детский сад , рядом открыли частный садик , в сентябре 2025 года откроется третий сад. В сентябре 2024 года открыли школу. Строится поликлиника для жителей ЖК. Рядом Бутовский лесопарк .
Удобный выезд на Варшавское шоссе до МКАД 5-7 минут.
До метро Аннино и Бульвар Дмитрия Донского - 10 минут на общественном транспорте. Остановка расположена в 100 м. от дома.
Идет строительство Юго-Восточной Хорды. В 2025 году планируется новая станция МЦД.
Без обременений и материнского капитала. Один взрослый собственник. Никто не прописан. Мебель и техника остаются. Полная сумма в ДКП",,69.3,14.7,212.1
https://vidnoye.cian.ru/sale/flat/310823092/,,ЖК «Государев дом»,"Московская область, м. Бульвар Дмитрия Донского, Ленинский городской округ, Лопатино пгт, улица Сухановская, 3",Транспортом,8700000.0,181250.0,2.0,2.0,9.0,48.0,"ВНИМАНИЕ!! ЛУЧШЕЕ ПРЕДЛОЖЕНИЕ! ОТ СОБСТВЕННИКА!
ПРОДАЕТСЯ очень уютная  2- комнатная квартира с современным евроремонтом. 
ПЛАНИРОВКА: Куxня и спaльня с двepьми изoлиpoвaнныe, комната-гocтинaя пpоxоднaя. (Многие соседи eё изoлирoвали, пpи неoбхoдимocти мoжнo пeредeлaть). C/У совмещенный.
ХАРАКТЕРИСТИКИ:  Угловaя, oкна вo двoр и нa дeревню, леc. Солнeчнaя cторона, в квapтиpe вceгда cолнце. Тихие, отзывчивые соседи. Почти весь подъезд знает друг друга в лицо и здоровается. В подъезде и на улице установлены камеры с доступом к просмотру и архивам с телефона.
Доп место в подъезде  
Кухня остаётся новым жильцам. 
Большие Купе шкафы с продуманными местами для гладильной доски  
Частично мебель остаётся. В квартире не курили. 
2 этаж, удобно с детьми, в тамбуре доп место для колясок, велосипедов, самокатов и проч. Некоторые соседи отделяют дверью или ставят там шкафы;стеллажи. 
 ИНФРАСТРУКТУРА: В ЖК 3 детских сада, 1 школа(в соседнем ЖК ещё одна), ТЦ (МФЦ, детский мир, DNS, игровая комната, фитнесс зал), почта России, пункты выдачи, Мираторг, Лента, Верный, Пятерочка. Кафе и пекарни, детские центры развития. Платная парковка рядом с домом (10 метров) 
ТРАНСПОРТНАЯ ДОСТУПНОСТЬ: Остановка общественного транспорта за домом до метро Бульвар Дмитрия Донского, а также до МЦД Бутово. Автобусы до Анино и Расторгуево. Выезд на Варшавское. Симферопольское шоссе. На ближайшей остановке девять маршрутов.
 Материнский капитал не использовался. под ипотеку подходит, свободная продажа.  ОПЕРАТИВНЫЙ ПОКАЗ и выход на сделку.
 Полное юридическое сопровождение сделки, помощь в одобрении ипотеки, кредита, мат. Капитал работаем с 15-ю передовыми банками страны!
            ПОКУПКА НЕДВИЖИМОСТИ  ЭТО ИНВЕСТИЦИИ В  ВЕЧНЫЕ  ЦЕННОСТИ  И СТАБИЛЬНОЕ БУДУЩЕЕ. ЗВОНИТЕ, ПРИЕЗЖАЙТЕ. ЖДЕМ ВАС.",,48.0,8.7,181.2
,,,,,11406070.955357144,201457.54464285713,—,—,—,56.546798143851504,Средние значения,448,56.5,11.4,201.5
,,,,,16300158.863636363,280407.2727272727,—,—,—,58.348837209302324,Средние значения,44,58.3,16.3,280.4
,,,,,10873051.48019802,192859.05940594058,—,—,—,56.34708762886598,Средние значения,404,56.3,10.9,192.9
,,,,,11119787.625407167,199761.28338762216,—,—,—,55.52020202020202,Средние значения,307,55.5,11.1,199.8
,,,,,12029397.070921985,205150.82269503546,—,—,—,58.82216417910447,Средние значения,141,58.8,12.0,205.2
