card_url,image_url,В ЖК,Адрес,От метро,"Цена, ₽","Цена за м², ₽",Комнат,Этаж,Этажность,Площадь,description,Количество,"Площадь, м²","Цена, млн. ₽","Цена за м², тыс. ₽"
https://www.cian.ru/sale/flat/311572485/,https://images.cdn-cian.ru/images/2357454696-4.jpg,ЖК «Остафьево»,"Москва, НАО (Новомосковский), м. Бульвар Адмирала Ушакова, с. Остафьево, Остафьево ЖК, к23",Транспортом,8939391.0,155739.0,2.0,2.0,12.0,57.4,"Ипотека 5,9% на два года. Продается 2-комн. квартира. Квартира расположена на 2 этаже 12 этажного монолитного дома (Корпус 23, Секция 1) в ЖК ""Остафьево"" от группы ""Самолет"". 

""Остафьево"" — масштабный жилой комплекс в Новой Москве, рядом с одноименным музеем-усадьбой и городским парком ""Барыши"". До станций МЦД ""Щербинка"" и ""Остафьево"" можно добраться на автомобиле за 57 минут.
Часть домов уже сдана, на территории открыты две школы и два детских сада, а в будущем будет построена поликлиника, ТЦ, еще одна школа и четыре детских сада.
Все необходимое рядом: на первых этажах домов работают магазины, аптеки и кафе. 
Дворы — приватные мини-парки без машин и посторонних. Кроме игровых площадок, для детей обустроили тематический плейхаб ""Маяк"". В будущем появятся плейхаб ""Алиса в стране чудес"", арт-объект ""Тропа зеркал"", а также большой ландшафтный парк.
В квартале — монолитные дома комфортной высоты, от 10 этажей. Светлые фасады украшают кирпичные вставки в теплых природных оттенках.
 
Цена динамическая и может отличаться, уточняйте актуальность у застройщика. Купить 2-комнатную квартиру рядом с метро Бульвар Адмирала Ушакова.",,57.4,8.9,155.7
https://www.cian.ru/sale/flat/307204483/,https://images.cdn-cian.ru/images/2265350528-4.jpg,ЖК «Столичные поляны»,"Москва, ЮЗАО, р-н Южное Бутово, м. Бульвар Адмирала Ушакова, улица Поляны, 5Ак1",Пешком,23000000.0,250000.0,2.0,11.0,33.0,92.0,"Номер в базе: 2334036. Продается великолепная евротрешка в престижном жилом комплексе ""Столичные поляны""! 

- ремонт выполнен на 80% с использованием современных материалов
- предусмотрены два санузла, один из которых оборудован подсобным помещением с раковиной, стиральной машиной и бойлером.  
-окна выходят на внутренний двор 
-стильный встроенный кухонный гарнитур от фабрики ""Стильные кухни""

Транспортная доступность — еще одно неоспоримое преимущество! Всего 10 минут пешком до метро и 20 минут до МЦД2, а также удобные автобусные маршруты, включая 523. В шаговой доступности находятся детские сады, школы и детская поликлиника через дорогу, а взрослая — всего в 10 минутах.

Любители природы оценят близость к Битцевскому лесу и парку, где можно приятно провести время на свежем воздухе. 

Не упустите возможность стать обладателем этой замечательной квартиры! Звоните и записывайтесь на просмотр, чтобы оценить все преимущества жизни в ""Столичных полях""!

Код пользователя: 160378 Продам 2-комнатную квартиру рядом с метро Бульвар Адмирала Ушакова.",,92.0,23.0,250.0
https://www.cian.ru/sale/flat/311422729/,,ЖК «LIFE-Лазаревское»,"Москва, ЮЗАО, р-н Южное Бутово, м. Бульвар Адмирала Ушакова, улица Адмирала Лазарева, 63к3",Транспортом,15500000.0,292453.0,2.0,6.0,24.0,53.0,"В комплексе ""LIFE-Лазаревское"" предлагается двухкомнатная квартира. Светлая отделка станет прекрасной основой для любого интерьера. Планировкой предусмотрены лоджия и раздельный санузел.

В окружении дома работают магазины, медклиники, аптеки, отделения банков, а рядом раскинулся ландшафтный парк Южное Бутово. Транспортная доступность обеспечена выездом на улицу Поляны и МКАД, а также близостью метро ""Бунинская аллея"".

 - Свободная продажа, перепланировка не производилась.
 - Дом находится на охраняемой территории.
 - Квартиру представляет агент Capital Mars - Татьяна.
 - ID объекта 790271. Продается 2-комнатная квартира рядом с метро Бульвар Адмирала Ушакова.",,53.0,15.5,292.5
https://www.cian.ru/sale/flat/310897148/,https://images.cdn-cian.ru/images/2342767641-4.jpg,ЖК «Южные сады»,"Москва, ЮЗАО, р-н Южное Бутово, м. Бульвар Адмирала Ушакова, Южные Сады ЖК",Транспортом,14838548.0,274280.0,2.0,19.0,30.0,54.1,"Продается двухкомнатная квартира  355 в новостройке ЖК ""Южные Сады"" по адресу Москва, ЮЗАО, Южное Бутово, ул. Бартеневская, д. 16. Общая площадь квартиры - 54.10 кв. м., этаж 19 из 30, секция 4. Тип проекта, по которому построен дом - монолит, компания-застройщик - ООО ""А101"". Стоимость квартиры - 14838548 Р. Срок сдачи - 2 квартал 2027. 

ПРЕДЛОЖЕНИЯ ОТ ЗАСТРОЙЩИКА В ЯНВАРЕ 2025:
Акция: скидка до 10% на квартиры только до конца января!
Скидка 5% для семей, ожидающих ребёнка! (Суммируется с другими скидками)
Купи и копи! Ипотека от 1 рубля в месяц - до ввода дома в эксплуатацию!

""Южные сады"" на юго-западе Москвы - это жилой комплекс монолитных домов с авторской архитектурой, холлами в средиземноморском стиле, колясочными, современными лифтами, паркингом и кладовыми. Южную атмосферу в районе создадут:
- перголы с вьющимися растениями, живые изгороди, садовые дорожки
- цветущие, плодовые и вечнозелёные растения
- стилизация под средиземноморский ландшафт
- амфитеатр и игровой кластер со скалодромом.

За безопасность ""отвечают"" закрытые дворы без машин с доступом только для жителей дома, видеонаблюдение, вход по магнитным ключам.
Рядом ландшафтный парк ""Южное Бутово"", Черневские пруды: театры, танцплощадка, крытые беседки, детские и спортивные комплексы, пикниковые зоны, пешеходные дорожки, деревянные настилы.
На первых этажах домов: супермаркеты, кафе, банки, фитнес, пекарни. В пешей доступности - торговые центры, гипермаркет, ФОК, действующая инфраструктура. Для семей с детьми - кружки, секции, детские клубы,центры развития, языковые школы.

Преимущества ""Южных садов"":
- атмосферное ""средиземноморское"" благоустройство
- 3 станции метро: ""Бунинская аллея"", ""Улица Горчакова"", ""Новомосковская"" - в пределах 1,6 км
- в окружении - развитая инфраструктура обжитой локации
- в пешей доступности - Бутовский лесопарк 2-комнатная квартира рядом с метро Бульвар Адмирала Ушакова.",,54.1,14.8,274.3
https://www.cian.ru/sale/flat/304537333/,https://images.cdn-cian.ru/images/2216283710-4.jpg,,"Москва, ЮЗАО, р-н Южное Бутово, м. Бульвар Адмирала Ушакова, Южнобутовская улица, 76",Транспортом,15500000.0,277778.0,2.0,7.0,12.0,55.8,"Арт. 69497830 Продается роскошная 2-х комнатная квартира:  
Расположена в активно развивающийся района Москвы: Южное Бутово  по адресу: ул Южнобутоваская 76 на 7-м этаже 12-ти этажного дома, общая площадь 55,8 м2


СОВРЕМЕННЫЙ РЕМОНТ:
- выровнены стены и пол, усилена шумоизоляция,
- новая проводка, счетчики, трубы,
- входная дверь с усиленной защитой, надежные замки,
- пластиковые стеклопакеты на всех окнах,
- имеется ниша под небольшой шкаф 
- качественная современная мебель,
- натяжные потолки,
- на полу кварцвинил
- в ванной кафель/душевая кабина/современная стиральная машина,
- встроенная кухня со всей необходимой бытовой техникой 
- кондиционер,
- проведен интернет, кабельное ТВ.

ШАГОВАЯ ДОСТУПНОСТЬ:
-метро Бунинская аллея 
- государственные учреждения,
- бизнес-центры,
- банки,
- торгово-развлекательные комплексы,
- все виды магазинов,
- рестораны
- салоны красоты,
- мед. клиники,
- детский сад,Ясли 8
- школа,  2009.к.10;  2009 к.9; 1492
-реабилитационная школа интернат 118
-детская поликлиника 118
-спортивный комплекс ""Изумрудный""-
-пляж ""южное бутово"" с прогулочными зонами и спортивными площадками
- рядом остановка транспорта,
- удобная транспортная развязка.

Звоните прямо сейчас, пока квартиру вашей мечты не купил кто-то другой! Продажа.",,55.8,15.5,277.8
https://www.cian.ru/sale/flat/308489079/,https://images.cdn-cian.ru/images/kvartira-moskva-yuzhnobutovskaya-ulica-2293889409-4.jpg,,"Москва, ЮЗАО, р-н Южное Бутово, м. Бульвар Адмирала Ушакова, Южнобутовская улица, 72",Транспортом,12950000.0,249038.0,2.0,7.0,10.0,52.0,"Продается светлая, уютная двухкомнатная квартира рядом с метро (5 минут пешком метро Бунинская Аллея). Квартира после ремонта, на кухни эркер, дорогая входная дверь, застекленная лоджия. Развитый район Москвы, рядом есть все необходимое для вашей комфортной жизни: банки, сетевые магазины, Ландшафтный парк Южное Бутово, детские сады и школы, фитнес, торговые центры. Один взрослый собственник. Свободная продажа. Документы готовы к сделке, подходит под ипотеку. Оперативный показ.",,52.0,12.9,249.0
https://www.cian.ru/sale/flat/310897131/,https://images.cdn-cian.ru/images/2342768006-4.jpg,ЖК «Южные сады»,"Москва, ЮЗАО, р-н Южное Бутово, м. Бульвар Адмирала Ушакова, Южные Сады ЖК",Транспортом,14235139.0,311491.0,2.0,19.0,22.0,45.7,"Продается двухкомнатная квартира  517 в новостройке ЖК ""Южные Сады"" по адресу Москва, ЮЗАО, Южное Бутово, ул. Бартеневская, д. 16. Общая площадь квартиры - 45.70 кв. м., этаж 19 из 22, секция 5. Тип проекта, по которому построен дом - монолит, компания-застройщик - ООО ""А101"". Стоимость квартиры - 14235139 Р. Срок сдачи - 2 квартал 2027. 

ПРЕДЛОЖЕНИЯ ОТ ЗАСТРОЙЩИКА В ЯНВАРЕ 2025:
Акция: скидка до 10% на квартиры только до конца января!
Скидка 5% для семей, ожидающих ребёнка! (Суммируется с другими скидками)
Купи и копи! Ипотека от 1 рубля в месяц - до ввода дома в эксплуатацию!

""Южные сады"" на юго-западе Москвы - это жилой комплекс монолитных домов с авторской архитектурой, холлами в средиземноморском стиле, колясочными, современными лифтами, паркингом и кладовыми. Южную атмосферу в районе создадут:
- перголы с вьющимися растениями, живые изгороди, садовые дорожки
- цветущие, плодовые и вечнозелёные растения
- стилизация под средиземноморский ландшафт
- амфитеатр и игровой кластер со скалодромом.

За безопасность ""отвечают"" закрытые дворы без машин с доступом только для жителей дома, видеонаблюдение, вход по магнитным ключам.
Рядом ландшафтный парк ""Южное Бутово"", Черневские пруды: театры, танцплощадка, крытые беседки, детские и спортивные комплексы, пикниковые зоны, пешеходные дорожки, деревянные настилы.
На первых этажах домов: супермаркеты, кафе, банки, фитнес, пекарни. В пешей доступности - торговые центры, гипермаркет, ФОК, действующая инфраструктура. Для семей с детьми - кружки, секции, детские клубы,центры развития, языковые школы.

Преимущества ""Южных садов"":
- атмосферное ""средиземноморское"" благоустройство
- 3 станции метро: ""Бунинская аллея"", ""Улица Горчакова"", ""Новомосковская"" - в пределах 1,6 км
- в окружении - развитая инфраструктура обжитой локации
- в пешей доступности - Бутовский лесопарк",,45.7,14.2,311.5
https://www.cian.ru/sale/flat/310466955/,https://images.cdn-cian.ru/images/2333989318-4.jpg,,"Москва, НАО (Новомосковский), м. Бульвар Адмирала Ушакова, Сосенское поселение, Скандинавия ЖК, улица Эдварда Грига, 15",Транспортом,14990000.0,214143.0,2.0,2.0,16.0,70.0,"Продается двухкомнатная квартира в новом ЖК бизнес-класса!

Рядом открылась новая станция метро Потапово, пешком 5 минут (возможно и меньше). Район хорошо развивается, открываются много магазинов и общепита. На данный момент в пешей доступности есть практически все для комфортной жизни.

Интересно реализована идея ""двор без машин"". Для пешеходов продуманы прогулочные зоны, скамейки. Во дворе сделана большая спортивная площадка для спорта (турники и тренажеры). Двор как мини парк.
Общая площадь 69,6м2. Изолированые комнаты.

В подарок к квартире отдаем дизайн проект от известной дизайнерской мастерской. Полостью продуманное переоборудование пространства квартиры. Посчитано все до мелочей. Вы реально можете сэкономить не только деньги, но и кучу времени на разработку данного проекта!
 

Быстрый выход на сделку.
Прямая продажа. 
Без залогов и ипотек.
Прописанных нет

 
Звоните!
Все расскажем и организуем просмотр квартиры в удобное для Вас время!",,70.0,15.0,214.1
https://www.cian.ru/sale/flat/303773066/,https://images.cdn-cian.ru/images/2238400483-4.jpg,ЖК «Скандинавия»,"Москва, НАО (Новомосковский), м. Бульвар Адмирала Ушакова, бульвар Скандинавский, 23к2",Транспортом,14399000.0,262277.0,2.0,7.0,14.0,54.9,"Лот:7575. 
Продаётся квартира с уникальной для комплекса планировкой *Распашонка*

О квартире:
Просторный коридор: 9.8 кв.м.
Кухня с лоджией  12,1 кв. м. (9.9 + 2.2)
2 изолированные комнаты: 14.1 кв.м. / 15.4 кв. м.
2 сан.узла: 1.9 кв. м. / 3.7 кв. м.

Инфраструктура: Школы, сады, образовательные центры,  обилие кафе и ресторанов, большой гипермаркет Глобус, парки и лесопарковая зона (около 100га) .

Документы:
Более 5 лет в собственности по ДДУ
Полная стоимость в договоре
Обременение - 400 тыс. (закроем до сделки)
Материнский капитал не использовался

Транспортная доступность сейчас:
От дома до остановка 5 мин (пешком)
2 остановки на автобусе (10 минут)
45 минут на метро до центра Москвы

Открытие станции метро Потапово в 2024 году, в пешей доступности - 15 минут.

Свободная продажа, быстрый выход на сделку!

Помощь в одобрении ипотечного кредита!",,54.9,14.4,262.3
https://www.cian.ru/sale/flat/311358778/,https://images.cdn-cian.ru/images/2352785105-4.jpg,ЖК «Остафьево»,"Москва, НАО (Новомосковский), м. Бульвар Адмирала Ушакова, с. Остафьево, Остафьево ЖК, к22",Транспортом,13217616.0,230272.0,2.0,9.0,14.0,57.4,"Ипотека 5,9% на два года. Продается 2-комн. квартира. Квартира расположена на 9 этаже 14 этажного монолитного дома (Корпус 22, Секция 9) в ЖК ""Остафьево"" от группы ""Самолет"". 

""Остафьево"" — масштабный жилой комплекс в Новой Москве, рядом с одноименным музеем-усадьбой и городским парком ""Барыши"". До станций МЦД ""Щербинка"" и ""Остафьево"" можно добраться на автомобиле за 57 минут.
Часть домов уже сдана, на территории открыты две школы и два детских сада, а в будущем будет построена поликлиника, ТЦ, еще одна школа и четыре детских сада.
Все необходимое рядом: на первых этажах домов работают магазины, аптеки и кафе. 
Дворы — приватные мини-парки без машин и посторонних. Кроме игровых площадок, для детей обустроили тематический плейхаб ""Маяк"". В будущем появятся плейхаб ""Алиса в стране чудес"", арт-объект ""Тропа зеркал"", а также большой ландшафтный парк.
В квартале — монолитные дома комфортной высоты, от 10 этажей. Светлые фасады украшают кирпичные вставки в теплых природных оттенках.
 
Цена динамическая и может отличаться, уточняйте актуальность у застройщика.",,57.4,13.2,230.3
https://www.cian.ru/sale/flat/311773232/,https://images.cdn-cian.ru/images/2361692285-4.jpg,,"Москва, НАО (Новомосковский), м. Бульвар Адмирала Ушакова, проезд Чечерский, 124к3",Транспортом,14500000.0,249141.0,2.0,5.0,19.0,58.2,"Продаю в благоустроенном районе Москвы уютную 2-х комнатную квартиру с удобным транспортным сообщением , развитой инфраструктурой, в шаговой доступности сетевые магазины, салоны красоты, аптеки, во дворе детский садик и школа, рядом ТРЦ Бутово, просторные благоустроенные зоны отдыха, 1 собственник, полная стоимость в договоре, свободная продажа, быстрый выход на сделку, оперативный показ",,58.2,14.5,249.1
https://www.cian.ru/sale/flat/308258922/,https://images.cdn-cian.ru/images/kvartira-moskva-bulvar-admirala-ushakova-2289307241-4.jpg,,"Москва, ЮЗАО, р-н Южное Бутово, м. Бульвар Адмирала Ушакова, бульвар Адмирала Ушакова, 8",Пешком,12500000.0,252016.0,2.0,4.0,17.0,49.6,"Вашему вниманию предлагается уютная квартира с хорошим ремонтом. Дом с максимально удобной локацией, буквально 3 минуты от метро. Район с развитой инфраструктурой. Много зелени, обустроенный двор. 1 взрослый собственник. Документы 2013 года (приватизация). Свободная продажа. Быстрый выход на сделку. Полная стоимость",,49.6,12.5,252.0
https://www.cian.ru/sale/flat/310897445/,https://images.cdn-cian.ru/images/2342779193-4.jpg,ЖК «Южные сады»,"Москва, ЮЗАО, р-н Южное Бутово, м. Бульвар Адмирала Ушакова, Южные Сады ЖК, к2.3",Транспортом,13395267.0,331566.0,2.0,30.0,30.0,40.4,"Продается двухкомнатная квартира  790 в новостройке ЖК ""Южные Сады"" по адресу Москва, ЮЗАО, Южное Бутово, Жилой комплекс ""Южные Сады"", корп.2.3. Общая площадь квартиры - 40.40 кв. м., этаж 30 из 30, секция 6. Тип проекта, по которому построен дом - монолит, компания-застройщик - ООО ""А101"". Стоимость квартиры - 13395267 Р. Срок сдачи - 2 квартал 2025. 

ПРЕДЛОЖЕНИЯ ОТ ЗАСТРОЙЩИКА В ЯНВАРЕ 2025:
Акция: скидка до 10% на квартиры только до конца января!
Скидка 5% для семей, ожидающих ребёнка! (Суммируется с другими скидками)
Купи и копи! Ипотека от 1 рубля в месяц - до ввода дома в эксплуатацию!

""Южные сады"" на юго-западе Москвы - это жилой комплекс монолитных домов с авторской архитектурой, холлами в средиземноморском стиле, колясочными, современными лифтами, паркингом и кладовыми. Южную атмосферу в районе создадут:
- перголы с вьющимися растениями, живые изгороди, садовые дорожки
- цветущие, плодовые и вечнозелёные растения
- стилизация под средиземноморский ландшафт
- амфитеатр и игровой кластер со скалодромом.

За безопасность ""отвечают"" закрытые дворы без машин с доступом только для жителей дома, видеонаблюдение, вход по магнитным ключам.
Рядом ландшафтный парк ""Южное Бутово"", Черневские пруды: театры, танцплощадка, крытые беседки, детские и спортивные комплексы, пикниковые зоны, пешеходные дорожки, деревянные настилы.
На первых этажах домов: супермаркеты, кафе, банки, фитнес, пекарни. В пешей доступности - торговые центры, гипермаркет, ФОК, действующая инфраструктура. Для семей с детьми - кружки, секции, детские клубы,центры развития, языковые школы.

Преимущества ""Южных садов"":
- атмосферное ""средиземноморское"" благоустройство
- 3 станции метро: ""Бунинская аллея"", ""Улица Горчакова"", ""Новомосковская"" - в пределах 1,6 км
- в окружении - развитая инфраструктура обжитой локации
- в пешей доступности - Бутовский лесопарк",,40.4,13.4,331.6
https://www.cian.ru/sale/flat/311545868/,https://images.cdn-cian.ru/images/2356748511-4.jpg,,"Москва, НАО (Новомосковский), м. Бульвар Адмирала Ушакова, Сосенское поселение, Скандинавия ЖК, улица Эдварда Грига, 15",Транспортом,15900000.0,244615.0,,,,,"Шикарный панорамный вид, квартира выходит на 2 стороны света, 5 больших окон. Дом бизнес-класса. Прямо у дома живописная парковая зона с ручьем, пруды. Много детских, спортивных площадок.

Функциональная и свободная планировка, большая кухня-гостиная 24 кв.м. с тремя окнами, 2 комнаты 15 и 12 кв.м., 2 санузла, высокие потолки 315 см, увеличенный размер окон.

Отличное расположение дома, очень тихо, огороженный двор без машин, охрана, есть подземный паркинг, 500 метров до метро Потапово.

Полная стоимость в договоре, квартира без обременений, свободная продажа.",,nan,15.9,244.6
https://www.cian.ru/sale/flat/306641724/,https://images.cdn-cian.ru/images/kvartira-moskva-izyumskaya-ulica-2254988182-4.jpg,,"Москва, ЮЗАО, р-н Южное Бутово, м. Бульвар Адмирала Ушакова, Изюмская улица, 43к3",Транспортом,12000000.0,218182.0,2.0,3.0,15.0,55.0,"Свободная продажа. Никто не зарегистрирован. Полная стоимость в договоре купли-продажи. Без перепланировок. Основание собственности - ДКП 2008г. Квартира распашонка, есть гардеробная комната (чулан). Просторная прихожая, комнаты и кухня правильной формы.",,55.0,12.0,218.2
https://www.cian.ru/sale/flat/311311068/,https://images.cdn-cian.ru/images/2351709777-4.jpg,ЖК «Остафьево»,"Москва, НАО (Новомосковский), м. Бульвар Адмирала Ушакова, с. Остафьево, Остафьево ЖК, к22",Транспортом,13263421.0,245847.0,2.0,13.0,14.0,53.95,"Ипотека 5,9% на два года. Продается 2-комн. квартира. Квартира расположена на 13 этаже 14 этажного монолитного дома (Корпус 22, Секция 10) в ЖК ""Остафьево"" от группы ""Самолет"". 

""Остафьево"" — масштабный жилой комплекс в Новой Москве, рядом с одноименным музеем-усадьбой и городским парком ""Барыши"". До станций МЦД ""Щербинка"" и ""Остафьево"" можно добраться на автомобиле за 57 минут.
Часть домов уже сдана, на территории открыты две школы и два детских сада, а в будущем будет построена поликлиника, ТЦ, еще одна школа и четыре детских сада.
Все необходимое рядом: на первых этажах домов работают магазины, аптеки и кафе. 
Дворы — приватные мини-парки без машин и посторонних. Кроме игровых площадок, для детей обустроили тематический плейхаб ""Маяк"". В будущем появятся плейхаб ""Алиса в стране чудес"", арт-объект ""Тропа зеркал"", а также большой ландшафтный парк.
В квартале — монолитные дома комфортной высоты, от 10 этажей. Светлые фасады украшают кирпичные вставки в теплых природных оттенках.
 
Цена динамическая и может отличаться, уточняйте актуальность у застройщика.",,54.0,13.3,245.8
https://www.cian.ru/sale/flat/311954094/,https://images.cdn-cian.ru/images/kvartira-moskva-skandinavskiy-bulvar-2366822811-4.jpg,ЖК «Скандинавия»,"Москва, НАО (Новомосковский), м. Бульвар Адмирала Ушакова, бульвар Скандинавский, 19",Транспортом,14999000.0,256832.0,2.0,8.0,16.0,58.4,"Продаётся 2-х комнатная квартира в ЖК Скандинавия (корпус 7.2 - Юг).
Торг уместен.

О КВАРТИРЕ
Без отделки. Свободная планировка. Высокие потолки - 3,15 м.
Общая площадь - 58,4, в том числе (по плану от застройщика, но возможно иная функциональная планировка)
Комнаты - 18,6 и 11м2
Кухня - 13,5 м2
Лоджия - 1,2 м2
Большой сан.узел - 4,2 м2.
Малый сан.узел - 1,4 м2

О ДОМЕ
Монолитный дом, отделка современными материалами.
Этажность 8-16.
Закрытый двор без машин, безопасен и комфортен в любое время суток и в любой сезон. 
Доступ только для жителей по магнитным ключам. Видеонаблюдение 
Спортивные площадки с оборудованием международного уровня.
Детские игровые площадки.
Места для отдыха и работы на свежем воздухе.
Освещение и комплексное озеленение.

ИНФРАСТРУКТУРА
ЖК Скандинавия  на границе Бутовского лесопарка в экологически благоприятной юго-западной части Москвы — для тех, кто выбирает для себя и своей семьи комфорт мегаполиса, но жить предпочитает в окружении природы.
Объекты на территории жилого комплекса: 
8 детских садов и 5 школ уже открыты, еще 6 детских садов и 3 школы строятся.
Спортивные площадки, Места для отдыха, 
Рядом Бутовский лесопарк 1610 га.
100 га городских и парковых пространств.
На первых этажах домов жилого комплекса в пешей доступности разнообразная инфраструктура: магазины, кафе, рестораны, спортивные секции и пр.

ТРАНСПОРТНАЯ ДОСТУПНОСТЬ
ЖК Скандинавия отличается высокой транспортной доступностью. Всего в 100 метрах от границы района открылась станция Сокольнической линии метро Потапово. Она позволит вам быстро добраться до любой точки города. Около 2,5 км — до действующих станций Новомосковская и Улица Горчакова.
Из разных точек жилого комплекса удобно выезжать на новую скоростную автотрассу Солнцево  Бутово  Варшавское шоссе (южный дублёр МКАД). До Киевского, Варшавского или Калужского шоссе — не более 1015 минут на автомобиле.

О СДЕЛКЕ
Свободная продажа (не переуступка).
Без обременений.
Один взрослый собственник, присутствие на сделке.
Никто не прописан.

Московская прописка.",,58.4,15.0,256.8
https://www.cian.ru/sale/flat/308102342/,https://images.cdn-cian.ru/images/kvartira-moskva-yuzhnobutovskaya-ulica-2286534199-4.jpg,,"Москва, ЮЗАО, р-н Южное Бутово, м. Бульвар Адмирала Ушакова, Южнобутовская улица, 50",Пешком,12800000.0,232727.0,2.0,2.0,12.0,55.0,"Продаётся квартира в хорошем районе Москвы , в пешей доступности от метро . Рядом с домом вся инфраструктура для комфортного  проживания , детский сад , школа , много разных магазинов , торговый центр , тихий зелёный двор . Квартира в жилом состоянии , продаётся с мебелью , поменяна вся электрика . Свободная Продажа , один собственник , документы собственность 2013 года .",,55.0,12.8,232.7
https://www.cian.ru/sale/flat/310897362/,https://images.cdn-cian.ru/images/2342782602-4.jpg,ЖК «Южные сады»,"Москва, ЮЗАО, р-н Южное Бутово, м. Бульвар Адмирала Ушакова, Южные Сады ЖК, к2.4",Транспортом,13182157.0,326291.0,2.0,29.0,30.0,40.4,"Продается двухкомнатная квартира  1181 в новостройке ЖК ""Южные Сады"" по адресу Москва, ЮЗАО, Южное Бутово, Жилой комплекс ""Южные Сады"", корп.2.4. Общая площадь квартиры - 40.40 кв. м., этаж 29 из 30, секция 9. Тип проекта, по которому построен дом - монолит, компания-застройщик - ООО ""А101"". Стоимость квартиры - 13182157 Р. Срок сдачи - 2 квартал 2025. 

ПРЕДЛОЖЕНИЯ ОТ ЗАСТРОЙЩИКА В ЯНВАРЕ 2025:
Акция: скидка до 10% на квартиры только до конца января!
Скидка 5% для семей, ожидающих ребёнка! (Суммируется с другими скидками)
Купи и копи! Ипотека от 1 рубля в месяц - до ввода дома в эксплуатацию!

""Южные сады"" на юго-западе Москвы - это жилой комплекс монолитных домов с авторской архитектурой, холлами в средиземноморском стиле, колясочными, современными лифтами, паркингом и кладовыми. Южную атмосферу в районе создадут:
- перголы с вьющимися растениями, живые изгороди, садовые дорожки
- цветущие, плодовые и вечнозелёные растения
- стилизация под средиземноморский ландшафт
- амфитеатр и игровой кластер со скалодромом.

За безопасность ""отвечают"" закрытые дворы без машин с доступом только для жителей дома, видеонаблюдение, вход по магнитным ключам.
Рядом ландшафтный парк ""Южное Бутово"", Черневские пруды: театры, танцплощадка, крытые беседки, детские и спортивные комплексы, пикниковые зоны, пешеходные дорожки, деревянные настилы.
На первых этажах домов: супермаркеты, кафе, банки, фитнес, пекарни. В пешей доступности - торговые центры, гипермаркет, ФОК, действующая инфраструктура. Для семей с детьми - кружки, секции, детские клубы,центры развития, языковые школы.

Преимущества ""Южных садов"":
- атмосферное ""средиземноморское"" благоустройство
- 3 станции метро: ""Бунинская аллея"", ""Улица Горчакова"", ""Новомосковская"" - в пределах 1,6 км
- в окружении - развитая инфраструктура обжитой локации
- в пешей доступности - Бутовский лесопарк",,40.4,13.2,326.3
https://www.cian.ru/sale/flat/309851906/,https://images.cdn-cian.ru/images/2349988080-4.jpg,,"Москва, ЮЗАО, р-н Южное Бутово, м. Бульвар Адмирала Ушакова, Южнобутовская улица, 72К3",Транспортом,12799000.0,278845.0,,,,,"Номер в базе: 3156715. Продаётся 2-ух комнатная квартира в 4х минутах от метро!

Монолитный дом 2002-го года постройки, высокие потолки.
- Общая площадь: 46 м.
Площадь кухни: 8 м.
Жилая площадь: 30 м. 
Этаж: 1 из 5.
Тип комнат: Изолированные.
Высота потолков: 2.8 м.
Санузел: Раздельный.
Окна: на солнечную сторону.
Требуется техника: Кондиционер, Холодильник, Стиральная машина.
Пассажирский лифт: 1,Грузовой лифт: 1

 - B данный момент идет ремонт с перепланировкой. Из однокомнатной в двухкомнатную. Установлена новая электрика и внешние блоки кондиционеров. 
 - Процесс преобразования на фото
Кухня переносится в большой холл (10 кв.м). Планируются комнаты 19 и 12 метров. С\у раздельный.
  Двор: детская и спортивная площадки, открытая парковка во дворе.


 - Дом находится в парке на берегу пруда. В 10-ти минутах ходьбы от официального пляжа. Bo дворе школа и детский сад. Полная инфраструктура и прекрасная экология. Огромный бутовский ландшафтный парк.

 - В собственности только один человек с момента постройки. Юридически и физически свободна. Свободна продажа.

 - Ипотека с пониженной ставкой от ""Этажей""
 - Финансовая и юридические гарантии 

 - Цена повышается по мере продвижения качественного ремонта, успейте приобрести!



Код пользователя: 168497",,nan,12.8,278.8
https://www.cian.ru/sale/flat/310261546/,https://images.cdn-cian.ru/images/kvartira-moskva-yuzhnobutovskaya-ulica-2348869415-4.jpg,,"Москва, ЮЗАО, р-н Южное Бутово, м. Бульвар Адмирала Ушакова, Южнобутовская улица, 117",Транспортом,11300000.0,217308.0,2.0,5.0,12.0,52.0,"СВОБОДНАЯ ПРОДАЖА! ТОРГ! Двухкомнатная квартира с просторной кухней и лоджией. Сделан качественный ремонт под чистовую отделку. Экологически чистый район Южное Бутово, шаговая доступность от метро. В квартире две изолированные комнаты ( 18 и13 кв.метров), просторная десятиметровая кухня, раздельный с/узел. Один собственник с даты постройки дома. Оперативный показ.",,52.0,11.3,217.3
https://www.cian.ru/sale/flat/311749056/,https://images.cdn-cian.ru/images/2361180289-4.jpg,ЖК «Остафьево»,"Москва, НАО (Новомосковский), м. Бульвар Адмирала Ушакова, с. Остафьево, Остафьево ЖК, к19",Транспортом,14224587.0,277661.0,2.0,8.0,14.0,51.23,"Ипотека 5,9% на два года. Продается 2-комн. квартира. Квартира расположена на 8 этаже 14 этажного монолитного дома (Корпус 19, Секция 11) в ЖК ""Остафьево"" от группы ""Самолет"". 

""Остафьево"" — масштабный жилой комплекс в Новой Москве, рядом с одноименным музеем-усадьбой и городским парком ""Барыши"". До станций МЦД ""Щербинка"" и ""Остафьево"" можно добраться на автомобиле за 57 минут.
Часть домов уже сдана, на территории открыты две школы и два детских сада, а в будущем будет построена поликлиника, ТЦ, еще одна школа и четыре детских сада.
Все необходимое рядом: на первых этажах домов работают магазины, аптеки и кафе. 
Дворы — приватные мини-парки без машин и посторонних. Кроме игровых площадок, для детей обустроили тематический плейхаб ""Маяк"". В будущем появятся плейхаб ""Алиса в стране чудес"", арт-объект ""Тропа зеркал"", а также большой ландшафтный парк.
В квартале — монолитные дома комфортной высоты, от 10 этажей. Светлые фасады украшают кирпичные вставки в теплых природных оттенках.
 
Цена динамическая и может отличаться, уточняйте актуальность у застройщика.",,51.2,14.2,277.7
https://www.cian.ru/sale/flat/311776168/,https://images.cdn-cian.ru/images/kvartira-moskva-yuzhnobutovskaya-ulica-2361761258-4.jpg,,"Москва, ЮЗАО, р-н Южное Бутово, м. Бульвар Адмирала Ушакова, Южнобутовская улица, 69",Пешком,28000000.0,228199.0,2.0,7.0,8.0,122.7,"ВП  2350. СВОБОДНАЯ ПРОДАЖА. 2 ВЗРОСЛЫХ СОБСТВЕННИКА  МУЖ И ЖЕНА. ДОГОВОР КУПЛИ  ПРОДАЖИ 2002 ГОДА. ВЫПИСКА ДО СДЕЛКИ. ОПЕРАТИВНЫЙ ПОКАЗ И БЫСТРЫЙ ВЫХОД НА СДЕЛКУ. Продаем двухуровневую квартиру в монолитно-кирпичном доме 2000 года постройки в районе Южное Бутово, в 15-ти минутах пешком от двух станций метро. Один из достаточно молодых районов Москвы с современной застройкой, множеством зеленых массивов и развитой инфраструктурой. В пешей доступности от дома школа и дет. Сад, сетевые магазины и ТЦ, предприятия сферы обслуживания и медицинские учреждения, спортивные и развлекательные Центры,  в пределах локации великолепный Ландшафтный парк Южное Бутово с прудами. Дом построен по индивидуальному проекту, переменной этажности от 7 до 10 этажей, в нашей секции 7 этажей и мансарда, таким образом,  квартира двухуровневая, площадь 122,7 квадратных метров, на каждом уровне большой совмещенный санузел, гардеробные, бытовые комнаты, огромные холлы, много света, воздуха и пространства. Кухонная зона 13 квадратных метров, большая спальня на 1 уровне, на втором уровне жилая комната, застекленный балкон. Количество окон и наличие огромных холлов, позволяет увеличить количество жилых комнат. Это лучше видеть своими глазами. Подробности на фото и по телефону. ПОКУПАТЕЛЮ в ПОДАРОК юридическое сопровождение сделки. Окажем содействие в одобрении ИПОТЕКИ в ведущих Банках партнерах Компании.",,122.7,28.0,228.2
https://www.cian.ru/sale/flat/312127916/,https://images.cdn-cian.ru/images/kvartira-moskva-izyumskaya-ulica-2369387413-4.jpg,,"Москва, ЮЗАО, р-н Южное Бутово, м. Бульвар Адмирала Ушакова, Изюмская улица, 37к3",Транспортом,12500000.0,203252.0,2.0,14.0,15.0,61.5,"Продают  большую ,  очень теплую ,СВЕТЛУЮ , видовую  квартиру с ИЗОЛИРОВАННЫМИ комнатами , на разные стороны , распашонка. БЕЗ РЕМОНТА ,что позволит при выполнении ремонта воплотить самые смелые фантазии в дизайне Вашей квартиры   .ДВЕ  гардеробные комнаты , ДВЕ ЛОДЖИИ больших  .Обременений и перепланировок НЕТ. Ни кто не зарегистрирован в квартире  .Три взрослых собственника : Папа , мама и совершеннолетняя дочь , ПЕРВЫЕ СОБСТВЕННИКИ С МОМЕНТА ПОСТРОЙКИ ДОМА  . ДКП 2010 года . Ипотека приветствуется . КВАРТИРА не угловая , расположена в центре дома , сверху полноценный технический этаж, смотрите ФОТО  , что дает гарантию ,что ни кто , НИКОГДА , Вас не затопит. И шуметь не будет.
      Зеленый , красивый   район . Развитая инфраструктура .Солидные соседи. Отличная управляющая компания , в подъезде всегда чисто , регулярная уборка . установлено видеонаблюдение в подъезде , кодовый замок , домофон в квартире.",,61.5,12.5,203.3
https://www.cian.ru/sale/flat/310897363/,https://images.cdn-cian.ru/images/2342784492-4.jpg,ЖК «Южные сады»,"Москва, ЮЗАО, р-н Южное Бутово, м. Бульвар Адмирала Ушакова, Южные Сады ЖК, к2.4",Транспортом,13198535.0,300650.0,2.0,17.0,30.0,43.9,"Продается двухкомнатная квартира  1118 в новостройке ЖК ""Южные Сады"" по адресу Москва, ЮЗАО, Южное Бутово, Жилой комплекс ""Южные Сады"", корп.2.4. Общая площадь квартиры - 43.90 кв. м., этаж 17 из 30, секция 9. Тип проекта, по которому построен дом - монолит, компания-застройщик - ООО ""А101"". Стоимость квартиры - 13198535 Р. Срок сдачи - 2 квартал 2025. 

ПРЕДЛОЖЕНИЯ ОТ ЗАСТРОЙЩИКА В ЯНВАРЕ 2025:
Акция: скидка до 10% на квартиры только до конца января!
Скидка 5% для семей, ожидающих ребёнка! (Суммируется с другими скидками)
Купи и копи! Ипотека от 1 рубля в месяц - до ввода дома в эксплуатацию!

""Южные сады"" на юго-западе Москвы - это жилой комплекс монолитных домов с авторской архитектурой, холлами в средиземноморском стиле, колясочными, современными лифтами, паркингом и кладовыми. Южную атмосферу в районе создадут:
- перголы с вьющимися растениями, живые изгороди, садовые дорожки
- цветущие, плодовые и вечнозелёные растения
- стилизация под средиземноморский ландшафт
- амфитеатр и игровой кластер со скалодромом.

За безопасность ""отвечают"" закрытые дворы без машин с доступом только для жителей дома, видеонаблюдение, вход по магнитным ключам.
Рядом ландшафтный парк ""Южное Бутово"", Черневские пруды: театры, танцплощадка, крытые беседки, детские и спортивные комплексы, пикниковые зоны, пешеходные дорожки, деревянные настилы.
На первых этажах домов: супермаркеты, кафе, банки, фитнес, пекарни. В пешей доступности - торговые центры, гипермаркет, ФОК, действующая инфраструктура. Для семей с детьми - кружки, секции, детские клубы,центры развития, языковые школы.

Преимущества ""Южных садов"":
- атмосферное ""средиземноморское"" благоустройство
- 3 станции метро: ""Бунинская аллея"", ""Улица Горчакова"", ""Новомосковская"" - в пределах 1,6 км
- в окружении - развитая инфраструктура обжитой локации
- в пешей доступности - Бутовский лесопарк",,43.9,13.2,300.6
https://www.cian.ru/sale/flat/311712897/,https://images.cdn-cian.ru/images/kvartira-kommunarka-potapovskaya-roshca-ulica-2360426550-4.jpg,ЖК «Белые ночи»,"Москва, НАО (Новомосковский), м. Бульвар Адмирала Ушакова, пос. Коммунарка, улица Потаповская Роща, 20к2",Транспортом,13000000.0,342105.0,2.0,5.0,16.0,38.0,"Квартира с дизайнерским ремонтом, новой мебелью и техникой в 7 минутах ходьбы от станции метро. Без обременений, никто не прописан.",,38.0,13.0,342.1
https://www.cian.ru/sale/flat/298473505/,https://images.cdn-cian.ru/images/2225976445-4.jpg,ЖК «Бунинские луга»,"Москва, НАО (Новомосковский), м. Бульвар Адмирала Ушакова, пос. Коммунарка, Бунинские Луга ЖК, 3.4.1",Транспортом,12950000.0,270355.0,2.0,7.0,17.0,47.9,"Арт. 69633553 Отличный вариант квартиры с отделкой в пешей доступности от метро! 
Реальное время до станции метро Потапово - 4 минуты пешком!

Описание:
Этаж 7/17
Общая площадь 47.9 м2
Дом сдается в конце 2024г.

Инфраструктура:
Сам ЖК уютный с безопасными закрытыми дворами, камерами видеонаблюдения, видео домофонами с возможностью открытия дверей через приложение в телефоне.
Пешеходная улица для прогулок и поездок на велосипедах.
За соседним домом строится детский сад и школа (в 3 минутах ходьбы по пешеходной улице). 
Отличный вариант для семей с детьми!

Все магазины рядом на первых этажах. В 10 минутах пешком есть крупный гипермаркет.
Помощь с оформлением ипотеки по сниженным ставкам!
Звоните! Рады будем ответить на все ваши вопросы. 

""ООО ""Самолет Плюс"" (ОГРН 1067746757704) оказывает консультационные услуги по подбору программы кредитования, подходящей по условиям и требованиям к Клиенту, как к заемщику и к приобретаемому им объекту недвижимости. Конкретные условия зависят от банка, программы кредитования и иных требований.""",,47.9,12.9,270.4
https://www.cian.ru/sale/flat/310897269/,https://images.cdn-cian.ru/images/2342672707-4.jpg,ЖК «Южные сады»,"Москва, ЮЗАО, р-н Южное Бутово, м. Бульвар Адмирала Ушакова, Южные Сады ЖК",Транспортом,16061848.0,271315.0,2.0,20.0,24.0,59.2,"Продается двухкомнатная квартира  113 в новостройке ЖК ""Южные Сады"" по адресу Москва, ЮЗАО, Южное Бутово, ул. Бартеневская, д. 16. Общая площадь квартиры - 59.20 кв. м., этаж 20 из 24, секция 1. Тип проекта, по которому построен дом - монолит, компания-застройщик - ООО ""А101"". Стоимость квартиры - 16061848 Р. Срок сдачи - 2 квартал 2027. 

ПРЕДЛОЖЕНИЯ ОТ ЗАСТРОЙЩИКА В ЯНВАРЕ 2025:
Акция: скидка до 10% на квартиры только до конца января!
Скидка 5% для семей, ожидающих ребёнка! (Суммируется с другими скидками)
Купи и копи! Ипотека от 1 рубля в месяц - до ввода дома в эксплуатацию!

""Южные сады"" на юго-западе Москвы - это жилой комплекс монолитных домов с авторской архитектурой, холлами в средиземноморском стиле, колясочными, современными лифтами, паркингом и кладовыми. Южную атмосферу в районе создадут:
- перголы с вьющимися растениями, живые изгороди, садовые дорожки
- цветущие, плодовые и вечнозелёные растения
- стилизация под средиземноморский ландшафт
- амфитеатр и игровой кластер со скалодромом.

За безопасность ""отвечают"" закрытые дворы без машин с доступом только для жителей дома, видеонаблюдение, вход по магнитным ключам.
Рядом ландшафтный парк ""Южное Бутово"", Черневские пруды: театры, танцплощадка, крытые беседки, детские и спортивные комплексы, пикниковые зоны, пешеходные дорожки, деревянные настилы.
На первых этажах домов: супермаркеты, кафе, банки, фитнес, пекарни. В пешей доступности - торговые центры, гипермаркет, ФОК, действующая инфраструктура. Для семей с детьми - кружки, секции, детские клубы,центры развития, языковые школы.

Преимущества ""Южных садов"":
- атмосферное ""средиземноморское"" благоустройство
- 3 станции метро: ""Бунинская аллея"", ""Улица Горчакова"", ""Новомосковская"" - в пределах 1,6 км
- в окружении - развитая инфраструктура обжитой локации
- в пешей доступности - Бутовский лесопарк",,59.2,16.1,271.3
https://www.cian.ru/sale/flat/308260499/,https://images.cdn-cian.ru/images/kvartira-moskva-izyumskaya-ulica-2289294065-4.jpg,,"Москва, ЮЗАО, р-н Южное Бутово, м. Бульвар Адмирала Ушакова, Изюмская улица, 53к1",Транспортом,13700000.0,255597.0,2.0,3.0,8.0,53.6,"Предлагается к продаже светлая, уютная двухкомнатная квартира в доме 2009 года постройки в шаговой доступности от станции метро ""Улица Скобелевская"" и МЦД 2. Зонирование квартиры: две изолированные комнаты 17,4 и 11,5 кв.м., кухня 9 кв.м. с выходом  на лоджию, просторный холл с встроенным шкафом, гардеробная комната, санузел раздельный. Комнаты и кухня правильной квадратной формы, окна выходят на разные стороны света. Квартира в хорошем состоянии,  встроенная кухня с бытовой техникой (холодильник LG, духовой шкаф, вытяжка, стиральная машина), квартира чистая, аккуратная, что позволяет заехать и жить. 
Дом расположен вдали от дорог и окружен детскими и спортивными площадками, обустроенными тропинками для прогулок и цветниками.  

Развитая инфраструктура района: школьные и дошкольные учреждения, в шаговой доступности Бутовский лесопарк с мангальными, детскими и спортивными площадками и благоустроенными зонами отдыха, сетевые магазины, пункты выдачи, аптеки, банки, cалоны красоты, фитнес и многое другое, что необходимо для комфортного проживания. 

В собственности более пяти лет, квартира без долгов и обременений. физически и юридически свободна. Возможна продажа по ипотеке.",,53.6,13.7,255.6
https://www.cian.ru/sale/flat/308600255/,https://images.cdn-cian.ru/images/kvartira-moskva-izyumskaya-ulica-2297069202-4.jpg,,"Москва, ЮЗАО, р-н Южное Бутово, м. Бульвар Адмирала Ушакова, Изюмская улица, 45К1",Транспортом,12700000.0,218213.0,2.0,3.0,14.0,58.2,"СВОБОДНАЯ ПРОДАЖА.
Предлагаем светлую, просторную квартиру с окнами на две стороны. 
До метро Скобелевская 12 минут пешком. 
Комнаты 16,2кв.м, и 13,0 кв.м. с застекленной лоджией. 
В квартире имеются 2 подсобных помещения: 1,9 кв.м- в прихожей и 5.6кв.м - на кухне.
Развитая инфраструктура, все в шаговой доступности: магазины, аптеки, д/с, школа.
В собственности более 5 лет, полная стоимость к договоре, никто не прописан.
Быстрый выход на сделку.",,58.2,12.7,218.2
https://www.cian.ru/sale/flat/310897363/,https://images.cdn-cian.ru/images/2342784492-4.jpg,ЖК «Южные сады»,"Москва, ЮЗАО, р-н Южное Бутово, м. Бульвар Адмирала Ушакова, Южные Сады ЖК, к2.4",Транспортом,13198535.0,300650.0,2.0,17.0,30.0,43.9,"Продается двухкомнатная квартира  1118 в новостройке ЖК ""Южные Сады"" по адресу Москва, ЮЗАО, Южное Бутово, Жилой комплекс ""Южные Сады"", корп.2.4. Общая площадь квартиры - 43.90 кв. м., этаж 17 из 30, секция 9. Тип проекта, по которому построен дом - монолит, компания-застройщик - ООО ""А101"". Стоимость квартиры - 13198535 Р. Срок сдачи - 2 квартал 2025. 

ПРЕДЛОЖЕНИЯ ОТ ЗАСТРОЙЩИКА В ЯНВАРЕ 2025:
Акция: скидка до 10% на квартиры только до конца января!
Скидка 5% для семей, ожидающих ребёнка! (Суммируется с другими скидками)
Купи и копи! Ипотека от 1 рубля в месяц - до ввода дома в эксплуатацию!

""Южные сады"" на юго-западе Москвы - это жилой комплекс монолитных домов с авторской архитектурой, холлами в средиземноморском стиле, колясочными, современными лифтами, паркингом и кладовыми. Южную атмосферу в районе создадут:
- перголы с вьющимися растениями, живые изгороди, садовые дорожки
- цветущие, плодовые и вечнозелёные растения
- стилизация под средиземноморский ландшафт
- амфитеатр и игровой кластер со скалодромом.

За безопасность ""отвечают"" закрытые дворы без машин с доступом только для жителей дома, видеонаблюдение, вход по магнитным ключам.
Рядом ландшафтный парк ""Южное Бутово"", Черневские пруды: театры, танцплощадка, крытые беседки, детские и спортивные комплексы, пикниковые зоны, пешеходные дорожки, деревянные настилы.
На первых этажах домов: супермаркеты, кафе, банки, фитнес, пекарни. В пешей доступности - торговые центры, гипермаркет, ФОК, действующая инфраструктура. Для семей с детьми - кружки, секции, детские клубы,центры развития, языковые школы.

Преимущества ""Южных садов"":
- атмосферное ""средиземноморское"" благоустройство
- 3 станции метро: ""Бунинская аллея"", ""Улица Горчакова"", ""Новомосковская"" - в пределах 1,6 км
- в окружении - развитая инфраструктура обжитой локации
- в пешей доступности - Бутовский лесопарк",,43.9,13.2,300.6
https://www.cian.ru/sale/flat/311393354/,https://images.cdn-cian.ru/images/kvartira-moskva-checherskiy-proezd-2353576305-4.jpg,,"Москва, ЮЗАО, р-н Южное Бутово, м. Бульвар Адмирала Ушакова, проезд Чечерский, 24",Пешком,14000000.0,280000.0,2.0,8.0,12.0,50.0,"Предлагается к продаже шикарная 2-х комнатная квартира распашонка с дизайнерским ремонтом, в 10 минутах пешком от метро Бульвар Адмирала Ушакова. 

В квартире произведён капитальный ремонт с полной заменой системы отопления, сантехники и электрики. 

Использованы дорогостоящие материалы от лучших европейских производителей. 

Общая площадь квартиры - 52 м2 с застекленной лоджией.

Квартира оборудована всем необходимым для вашего комфортного проживания, включая всю технику, посудомоечную машину и систему кондиционирования.

После ремонта никто не жил! 

Развитая инфраструктура района (у дома школы, детские сады, сетевые магазины) Окна выходят в зеленый двор.  

Свободная продажа, без зарегистрированных, прозрачная история права (Документы основания: ДКП). 

Подходит под ипотеку любого банка, перепланировок нет!",,50.0,14.0,280.0
https://www.cian.ru/sale/flat/311378694/,https://images.cdn-cian.ru/images/novostroyka-moskva-ulica-polyany-2353317562-4.jpg,ЖК «Столичные поляны»,"Москва, ЮЗАО, р-н Южное Бутово, м. Бульвар Адмирала Ушакова, улица Поляны, 5Ак1",Пешком,12100000.0,302500.0,2.0,3.0,16.0,40.0,"Продается уютная,  квартира  общей площадью 40 м, кухня-гостиная 18 м и отдельная спальня 12 м  с балконом в ЖК СТОЛИЧНЫЕ ПОЛЯНЫ.  Квартира  полностью меблирована и  оснащена современной бытовой техникой, включая кондиционер и посудомоечную машину. Все окна в тихий двор без машин. Все убранство квартиры остается. Счетчики  все вынесены в общий коридор. Из лифта можно спуститься в подземный паркинг, где всегда за отдельную плату сдаются машиноместа и кладовые .Прямая продажа, один собственник, Более 5 лет в собсвенности, Полная сумма в договоре. Быстрый выход на сделку.
показы по договоренности заранее, ключи на руках",,40.0,12.1,302.5
https://www.cian.ru/sale/flat/309710758/,https://images.cdn-cian.ru/images/2351711580-4.jpg,ЖК «Остафьево»,"Москва, НАО (Новомосковский), м. Бульвар Адмирала Ушакова, с. Остафьево, Остафьево ЖК, к22",Транспортом,12414284.0,205910.0,2.0,6.0,14.0,60.29,"Ипотека 5,9% на два года. Продается 2-комн. квартира. Квартира расположена на 6 этаже 14 этажного монолитного дома (Корпус 22, Секция 7) в ЖК ""Остафьево"" от группы ""Самолет"". 

""Остафьево"" — масштабный жилой комплекс в Новой Москве, рядом с одноименным музеем-усадьбой и городским парком ""Барыши"". До станций МЦД ""Щербинка"" и ""Остафьево"" можно добраться на автомобиле за 57 минут.
Часть домов уже сдана, на территории открыты две школы и два детских сада, а в будущем будет построена поликлиника, ТЦ, еще одна школа и четыре детских сада.
Все необходимое рядом: на первых этажах домов работают магазины, аптеки и кафе. 
Дворы — приватные мини-парки без машин и посторонних. Кроме игровых площадок, для детей обустроили тематический плейхаб ""Маяк"". В будущем появятся плейхаб ""Алиса в стране чудес"", арт-объект ""Тропа зеркал"", а также большой ландшафтный парк.
В квартале — монолитные дома комфортной высоты, от 10 этажей. Светлые фасады украшают кирпичные вставки в теплых природных оттенках.
 
Цена динамическая и может отличаться, уточняйте актуальность у застройщика.",,60.3,12.4,205.9
https://www.cian.ru/sale/flat/311602373/,https://images.cdn-cian.ru/images/kvartira-moskva-yuzhnobutovskaya-ulica-2358194580-4.jpg,,"Москва, ЮЗАО, р-н Южное Бутово, м. Бульвар Адмирала Ушакова, Южнобутовская улица, 17",Пешком,14000000.0,250000.0,2.0,2.0,9.0,56.0,"Вашему вниманию предлагается к продаже уютная двухкомная квартира в одном из лучших мест в Южном Бутово, в двух минутах от станции метро Бульвар Адмирала Ушакова.
Функциональная планировка: просторная кухня с балконом, две изолированные спальни( окна на две стороны). Санузел совмещен.
Развитая инфраструктура: детские сады, образовательные комплексы, лучшие школы города которые входят в ТОП-100 г.Москвы, поликлиники, ТЦ, парковая зона вдоль речки. Рядом Церковь Рождества Христова (1709г.) Ландшафтный парк Южное Бутово и все это в шаговой доступности от дома.
А также в пешей доступности в двух минутах ходьбы от станция метрополитена Бульвар Адмирала Ушакова.
Один взрослый собственник, ДКП 2015 года, полная стоимость в договоре.
Звоните уважаемые коллеги и клиенты.",,56.0,14.0,250.0
https://www.cian.ru/sale/flat/312123107/,https://images.cdn-cian.ru/images/kvartira-moskva-ostafevskaya-ulica-2369234992-4.jpg,,"Москва, ЮЗАО, р-н Южное Бутово, м. Бульвар Адмирала Ушакова, Остафьевская улица, 8к1",Транспортом,14950000.0,249167.0,2.0,13.0,22.0,60.0,"Продается 2-х комнатная квартира с великолепным панорамным видом в шаговой доступности от метро Бунинская аллея.
Удачная планировка, окна на 2 стороны, раздельный санузел, большая кухня, лоджия.
Добротный дом, серия КОПЭ. Чистый подъезд, консьерж, тихие, спокойные соседи. В дворе всегда есть парковочные места.
Рядом с домом пруд с зоной отдыха. Летом можно купаться, загорать, жарить шашлыки, заниматься спортом. Это идеальное место для семей с детьми и тех, кто предпочитает здоровый образ жизни.
Развитая инфраструктура: школы, детские сады, магазины в пешей доступности. 
В собственности более 5 лет, полная стоимость в договоре. Быстрый выход на сделку.",,60.0,14.9,249.2
https://www.cian.ru/sale/flat/309710655/,https://images.cdn-cian.ru/images/2351712131-4.jpg,ЖК «Остафьево»,"Москва, НАО (Новомосковский), м. Бульвар Адмирала Ушакова, с. Остафьево, Остафьево ЖК, к20",Транспортом,10030644.0,166373.0,2.0,8.0,14.0,60.29,"Ипотека 5,9% на два года. Продается 2-комн. квартира. Квартира расположена на 8 этаже 14 этажного монолитно-кирпичного дома (Корпус 20, Секция 7) в ЖК ""Остафьево"" от группы ""Самолет"". 

""Остафьево"" — масштабный жилой комплекс в Новой Москве, рядом с одноименным музеем-усадьбой и городским парком ""Барыши"". До станций МЦД ""Щербинка"" и ""Остафьево"" можно добраться на автомобиле за 57 минут.
Часть домов уже сдана, на территории открыты две школы и два детских сада, а в будущем будет построена поликлиника, ТЦ, еще одна школа и четыре детских сада.
Все необходимое рядом: на первых этажах домов работают магазины, аптеки и кафе. 
Дворы — приватные мини-парки без машин и посторонних. Кроме игровых площадок, для детей обустроили тематический плейхаб ""Маяк"". В будущем появятся плейхаб ""Алиса в стране чудес"", арт-объект ""Тропа зеркал"", а также большой ландшафтный парк.
В квартале — монолитные дома комфортной высоты, от 10 этажей. Светлые фасады украшают кирпичные вставки в теплых природных оттенках.
 
Цена динамическая и может отличаться, уточняйте актуальность у застройщика.",,60.3,10.0,166.4
https://www.cian.ru/sale/flat/312103603/,https://images.cdn-cian.ru/images/2368759014-4.jpg,,"Москва, ЮЗАО, р-н Южное Бутово, м. Бульвар Адмирала Ушакова, улица Адмирала Лазарева, 38",Пешком,12900000.0,250000.0,2.0,4.0,9.0,51.6,"Номер лота: вт-0423333.
Продаётся 2-х комнатная квартира-распашонка в экологически чистом районе на юге Москвы. Чистый подъезд, хорошие соседи. Благоустроенный двор с детской площадкой. Всегда есть парковочные места. Пешая доступность до метро. Отличная инфраструктура района: школы, д/сады, магазины, ТЦ, поликлиники, салоны красоты, кафе, ландшафтный парк с прудом. Удобная транспортная доступность на Варшавское, Калужское шоссе и МКАД. 1 взрослый собственник. Полная стоимость в ДКП. Содействие в получении специальных условий и преференций по ипотеке.",,51.6,12.9,250.0
https://www.cian.ru/sale/flat/298094381/,https://images.cdn-cian.ru/images/kvartira-sosenskoe-skandinavskiy-bulvar-2162755827-4.jpg,ЖК «Скандинавия»,"Москва, НАО (Новомосковский), м. Бульвар Адмирала Ушакова, бульвар Скандинавский, 2к3",Транспортом,13500000.0,225000.0,2.0,10.0,17.0,60.0,"Продается просторная двухкомнатная квартира в монолитном доме комфорт-класса ЖК Скандинавия. Квартира с прекрасными видовыми характеристиками. Две изолированные комнаты, совмещенный санузел, высокие потолки 3м. Вся необходимая инфраструктура в шаговой доступности - школы, детские сады, спортивные площадки, магазины, кафе и многое другое. До метро Теплый стан или Коммунарка 10 минут. В 2024 запланировано открытие метро Потапово. Московская прописка!

- Свободная продажа, никто не прописан, один взрослый собственник. 
- Без обременений, материнский капитал не использовался. 
- Полная стоимость в ДКП, быстрый выход на сделку. 
Оперативный показ! Агентов прошу не беспокоить!",,60.0,13.5,225.0
https://www.cian.ru/sale/flat/311311094/,https://images.cdn-cian.ru/images/2351710261-4.jpg,ЖК «Остафьево»,"Москва, НАО (Новомосковский), м. Бульвар Адмирала Ушакова, с. Остафьево, Остафьево ЖК, к20",Транспортом,12578858.0,219144.0,2.0,11.0,14.0,57.4,"Ипотека 5,9% на два года. Продается 2-комн. квартира. Квартира расположена на 11 этаже 14 этажного монолитного дома (Корпус 20, Секция 2) в ЖК ""Остафьево"" от группы ""Самолет"". 

""Остафьево"" — масштабный жилой комплекс в Новой Москве, рядом с одноименным музеем-усадьбой и городским парком ""Барыши"". До станций МЦД ""Щербинка"" и ""Остафьево"" можно добраться на автомобиле за 57 минут.
Часть домов уже сдана, на территории открыты две школы и два детских сада, а в будущем будет построена поликлиника, ТЦ, еще одна школа и четыре детских сада.
Все необходимое рядом: на первых этажах домов работают магазины, аптеки и кафе. 
Дворы — приватные мини-парки без машин и посторонних. Кроме игровых площадок, для детей обустроили тематический плейхаб ""Маяк"". В будущем появятся плейхаб ""Алиса в стране чудес"", арт-объект ""Тропа зеркал"", а также большой ландшафтный парк.
В квартале — монолитные дома комфортной высоты, от 10 этажей. Светлые фасады украшают кирпичные вставки в теплых природных оттенках.
 
Цена динамическая и может отличаться, уточняйте актуальность у застройщика.",,57.4,12.6,219.1
https://www.cian.ru/sale/flat/308460715/,https://images.cdn-cian.ru/images/kvartira-moskva-izyumskaya-ulica-2293200746-4.jpg,,"Москва, ЮЗАО, р-н Южное Бутово, м. Бульвар Адмирала Ушакова, Изюмская улица, 34",Транспортом,12500000.0,227687.0,2.0,1.0,10.0,54.9,"Уважаемые коллеги, прошу беспокоить при наличии покупателя!!! 
В продаже чистая, тёплая, уютная, светлая квартира, расположенная в районе с развитой инфраструктурой. Рядом детский сады, школы, поликлиника, магазин Лента, лес. До метро Улица Скобелевская 5-7 минут пешком. До МЦД Бутово 10 минут пешком. Свободная продажа, один взрослый собственник. Кухня, техника и мебель остаётся.",,54.9,12.5,227.7
https://www.cian.ru/sale/flat/307501428/,https://images.cdn-cian.ru/images/kvartira-moskva-ulica-admirala-lazareva-2351331947-4.jpg,,"Москва, ЮЗАО, р-н Южное Бутово, м. Бульвар Адмирала Ушакова, улица Адмирала Лазарева, 41",Пешком,13750000.0,256530.0,2.0,14.0,17.0,53.6,"Kвартиpа светлая,теплая, с двумя изoлирoванными комнaтами в 5-10 минутaх хoдьбы oт двуx cтaнций мeтpо. Рядом красивый обустроенный парк с прудами. Плoщaдь кoмнaт 18 и 14 кв.м. Куxня 9,5 кв.м. Лоджия зaстеклeнa. Кваpтиpа чиcтaя, аккуратная. Пoлы- пробковый ламинaт, всe pадиатоpы c регулятoрами, дорогая качественная сантехника. Чистый пoдъeзд, консъерж, приличные coседи. Двор не проездной, всегда есть парковочные места. Рядом есть все необходимое для комфортного проживания (д/с, школы с хорошим рейтингом, магазины, ТЦ и т.п.). ДКП более 5 лет. 1 собственник. Реальному покупателю торг, все вопросы обсуждаются. Агентствам и риелторам звонить только при наличии реального покупателя иначе можете получить жесткий ответ.",,53.6,13.8,256.5
https://www.cian.ru/sale/flat/310897364/,https://images.cdn-cian.ru/images/2342787372-4.jpg,ЖК «Южные сады»,"Москва, ЮЗАО, р-н Южное Бутово, м. Бульвар Адмирала Ушакова, Южные Сады ЖК, к2.4",Транспортом,13768595.0,303273.0,2.0,20.0,30.0,45.4,"Продается двухкомнатная квартира  1134 в новостройке ЖК ""Южные Сады"" по адресу Москва, ЮЗАО, Южное Бутово, Жилой комплекс ""Южные Сады"", корп.2.4. Общая площадь квартиры - 45.40 кв. м., этаж 20 из 30, секция 9. Тип проекта, по которому построен дом - монолит, компания-застройщик - ООО ""А101"". Стоимость квартиры - 13768595 Р. Срок сдачи - 2 квартал 2025. 

ПРЕДЛОЖЕНИЯ ОТ ЗАСТРОЙЩИКА В ЯНВАРЕ 2025:
Акция: скидка до 10% на квартиры только до конца января!
Скидка 5% для семей, ожидающих ребёнка! (Суммируется с другими скидками)
Купи и копи! Ипотека от 1 рубля в месяц - до ввода дома в эксплуатацию!

""Южные сады"" на юго-западе Москвы - это жилой комплекс монолитных домов с авторской архитектурой, холлами в средиземноморском стиле, колясочными, современными лифтами, паркингом и кладовыми. Южную атмосферу в районе создадут:
- перголы с вьющимися растениями, живые изгороди, садовые дорожки
- цветущие, плодовые и вечнозелёные растения
- стилизация под средиземноморский ландшафт
- амфитеатр и игровой кластер со скалодромом.

За безопасность ""отвечают"" закрытые дворы без машин с доступом только для жителей дома, видеонаблюдение, вход по магнитным ключам.
Рядом ландшафтный парк ""Южное Бутово"", Черневские пруды: театры, танцплощадка, крытые беседки, детские и спортивные комплексы, пикниковые зоны, пешеходные дорожки, деревянные настилы.
На первых этажах домов: супермаркеты, кафе, банки, фитнес, пекарни. В пешей доступности - торговые центры, гипермаркет, ФОК, действующая инфраструктура. Для семей с детьми - кружки, секции, детские клубы,центры развития, языковые школы.

Преимущества ""Южных садов"":
- атмосферное ""средиземноморское"" благоустройство
- 3 станции метро: ""Бунинская аллея"", ""Улица Горчакова"", ""Новомосковская"" - в пределах 1,6 км
- в окружении - развитая инфраструктура обжитой локации
- в пешей доступности - Бутовский лесопарк",,45.4,13.8,303.3
https://www.cian.ru/sale/flat/299943478/,https://images.cdn-cian.ru/images/kvartira-moskva-ulica-admirala-rudneva-2209058342-4.jpg,,"Москва, ЮЗАО, р-н Южное Бутово, м. Бульвар Адмирала Ушакова, улица Адмирала Руднева, 10",Пешком,15600000.0,284153.0,2.0,5.0,9.0,54.9,"Предлагаю к продаже просторную и светлую квартиру с 2 лоджиями в 5 минутах ходьбы от метро. Квартира в отличном состоянии, готова к проживанию! В аренду не сдавалась. Вся инфраструктура в шаговой доступности, школы,  детские сады, в том числе детские площадки, спортивные комплексы, развлекательные центры, магазины и супермаркеты, окна выходят на 2 стороны, прямо под окнами прекрасный ландшафтный парк для прогулок и отдыха. 
Квартира продаётся полностью подготовленная к проживанию, укомплектована необходимой мебелью, техникой и текстилем: на кухне - встроенный кухонный гарнитур из массива дерева, встроенная техника, холодильник, столовая группа; в жилых комнатах -  мягкая мебель, мебель из массива, столовая группа; в коридоре - вместительный шкаф, комод, зеркало; в сан.узлах - мебель, стиральная машина (как на фото). В собственности более 5 лет, два взрослых собственника. Свободная продажа. Помощь в одобрении ипотеки, маткапитал и военная ипотека тоже приветствуются.Оперативный показ и выход на сделку.",,54.9,15.6,284.2
https://www.cian.ru/sale/flat/311386214/,https://images.cdn-cian.ru/images/2356645686-4.jpg,,"Москва, ЮЗАО, р-н Южное Бутово, м. Бульвар Адмирала Ушакова, бульвар Адмирала Ушакова, 11",Пешком,13300000.0,263366.0,2.0,9.0,17.0,50.5,"Арт. 88444519 Светлая двухкомнатная квартира на продажу! 

Ищете уютное жильё? Тогда обратите внимание на эту светлую и просторную двухкомнатную
квартиру! Все окна выходят на юго-восток в благоустроенный двор в противоположной стороне от проезжей части, а значит, в квартире всегда будет тихо, уютно и солнечно. 
Дополнительным преимуществом является большое расстояние между ближайшими домами, а также наличие зеленых насаждений, создающих прекрасный вид в любое время года.

Преимущества квартиры:
        раздельные комнаты;
        санузел разделён;
        мебель можно оставить или убрать по вашему желанию (обсуждается).

Дом расположен недалеко от двух станций метро: Скобелевская — всего 3 минуты
пешком, Бульвар Адмирала Ушакова — 10 минут. Это очень удобно для тех, кто
ценит своё время и комфорт.

Развитая инфраструктура района:
        детские сады и школы;
        продуктовые магазины;
        банки;
        ТЦ ""Витте-Молл"";
        музыкальная школа им. Крайнева;
        ледовый комплекс;
        поликлиники;
        ФОК;
        МФЦ и многое другое.

В шаговой доступности от дома находится парковая зона с каскадными прудами, беговыми
дорожками и местами для отдыха. Это идеальное место для прогулок и активного
отдыха.

Под любой вид расчёта:
        ипотека;
        сертификаты.

Поможем открыть ипотеку от 14,75%.

Не упустите свой шанс стать обладателем уютной и светлой квартиры в хорошем районе! 

Звоните по указанному номеру или пишите в личные сообщения.",,50.5,13.3,263.4
https://www.cian.ru/sale/flat/310588819/,https://images.cdn-cian.ru/images/2351712479-4.jpg,ЖК «Остафьево»,"Москва, НАО (Новомосковский), м. Бульвар Адмирала Ушакова, с. Остафьево, Остафьево ЖК, к20",Транспортом,9841910.0,182427.0,2.0,11.0,14.0,53.95,"Ипотека 5,9% на два года. Продается 2-комн. квартира. Квартира расположена на 11 этаже 14 этажного монолитного дома (Корпус 20, Секция 1) в ЖК ""Остафьево"" от группы ""Самолет"". 

""Остафьево"" — масштабный жилой комплекс в Новой Москве, рядом с одноименным музеем-усадьбой и городским парком ""Барыши"". До станций МЦД ""Щербинка"" и ""Остафьево"" можно добраться на автомобиле за 57 минут.
Часть домов уже сдана, на территории открыты две школы и два детских сада, а в будущем будет построена поликлиника, ТЦ, еще одна школа и четыре детских сада.
Все необходимое рядом: на первых этажах домов работают магазины, аптеки и кафе. 
Дворы — приватные мини-парки без машин и посторонних. Кроме игровых площадок, для детей обустроили тематический плейхаб ""Маяк"". В будущем появятся плейхаб ""Алиса в стране чудес"", арт-объект ""Тропа зеркал"", а также большой ландшафтный парк.
В квартале — монолитные дома комфортной высоты, от 10 этажей. Светлые фасады украшают кирпичные вставки в теплых природных оттенках.
 
Цена динамическая и может отличаться, уточняйте актуальность у застройщика.",,54.0,9.8,182.4
https://www.cian.ru/sale/flat/311122910/,https://images.cdn-cian.ru/images/kvartira-moskva-checherskiy-proezd-2347598419-4.jpg,,"Москва, НАО (Новомосковский), м. Бульвар Адмирала Ушакова, проезд Чечерский, 136",Транспортом,12490000.0,204754.0,2.0,2.0,17.0,61.0,"Продаётся просторная 2-х комнатная квартира с чистовой отделкой от застройщика, в пешей доступности до м. Бунинская Аллея. Монолитный дом, просторна кухня, планировка ""Распашенка"". Новая кухня со встроенной техникой. 

Район Новой Москвы с отличной инфраструктурой: в шаговой доступности школа, детский сад, магазины у дома, ПВЗ Озон, WB и пр. , крупный ТРЦ в 5 минутах пешком. До м. Бунинская Аллея 20 минут пешком или 7 минут на автобусе, рядом с домом остановка до МЦД ст. Щербинка, 10 минут на автобусе. Удобный выезд на авто в нескольких направлениях.

 Первичные документы: 1 взрослый собственник, покупка по ДДУ у застройщика. Простая альтернатива. Показ по предварительной договоренности.",,61.0,12.5,204.8
https://www.cian.ru/sale/flat/308500702/,https://images.cdn-cian.ru/images/kvartira-moskva-checherskiy-proezd-2294205097-4.jpg,,"Москва, ЮЗАО, р-н Южное Бутово, м. Бульвар Адмирала Ушакова, проезд Чечерский, 44",Транспортом,13290000.0,237321.0,2.0,3.0,7.0,56.0,"Продается уютная двухкомнатная квартира по адресу: Чечёрский проезд, 44. Общая площадь 56 кв. м, из которых жилая — 36 кв. м. Две изолированные комнаты 24 кв. м. и 12 кв. м.,  кухня - 9 кв. м., лоджия - 4 кв.м. Квартира расположена на 3 этаже 7-этажного панельного дома 1996 года постройки. Высота потолков — 2.7 метра, окна выходят на улицу. В доме есть пассажирский лифт, пандус для удобства, а также мусоропровод.

Дом ухоженный, с наземной парковкой для автомобилей. Рядом находятся школы, детские сады и магазины — все, что нужно для комфортного проживания. В 15 минутах пешком — станция метро ""Улица Горчакова"".

Условия сделки: прямая продажа от собственника. Квартира без обременений, возможна покупка в ипотеку. Все документы готовы к сделке.
Один собственник. Альтернативная продажа",,56.0,13.3,237.3
https://www.cian.ru/sale/flat/310897524/,https://images.cdn-cian.ru/images/2342768659-4.jpg,ЖК «Южные сады»,"Москва, ЮЗАО, р-н Южное Бутово, м. Бульвар Адмирала Ушакова, Южные Сады ЖК, к2.1",Транспортом,16313610.0,293939.0,2.0,28.0,30.0,55.5,"Продается двухкомнатная квартира  208 в новостройке ЖК ""Южные Сады"" по адресу Москва, ЮЗАО, Южное Бутово, Жилой комплекс ""Южные Сады"", корп.2.1. Общая площадь квартиры - 55.50 кв. м., этаж 28 из 30, секция 2. Тип проекта, по которому построен дом - монолит, компания-застройщик - ООО ""А101"". Стоимость квартиры - 16313610 Р. Срок сдачи - 2 квартал 2025. 

ПРЕДЛОЖЕНИЯ ОТ ЗАСТРОЙЩИКА В ЯНВАРЕ 2025:
Акция: скидка до 10% на квартиры только до конца января!
Скидка 5% для семей, ожидающих ребёнка! (Суммируется с другими скидками)
Купи и копи! Ипотека от 1 рубля в месяц - до ввода дома в эксплуатацию!

""Южные сады"" на юго-западе Москвы - это жилой комплекс монолитных домов с авторской архитектурой, холлами в средиземноморском стиле, колясочными, современными лифтами, паркингом и кладовыми. Южную атмосферу в районе создадут:
- перголы с вьющимися растениями, живые изгороди, садовые дорожки
- цветущие, плодовые и вечнозелёные растения
- стилизация под средиземноморский ландшафт
- амфитеатр и игровой кластер со скалодромом.

За безопасность ""отвечают"" закрытые дворы без машин с доступом только для жителей дома, видеонаблюдение, вход по магнитным ключам.
Рядом ландшафтный парк ""Южное Бутово"", Черневские пруды: театры, танцплощадка, крытые беседки, детские и спортивные комплексы, пикниковые зоны, пешеходные дорожки, деревянные настилы.
На первых этажах домов: супермаркеты, кафе, банки, фитнес, пекарни. В пешей доступности - торговые центры, гипермаркет, ФОК, действующая инфраструктура. Для семей с детьми - кружки, секции, детские клубы,центры развития, языковые школы.

Преимущества ""Южных садов"":
- атмосферное ""средиземноморское"" благоустройство
- 3 станции метро: ""Бунинская аллея"", ""Улица Горчакова"", ""Новомосковская"" - в пределах 1,6 км
- в окружении - развитая инфраструктура обжитой локации
- в пешей доступности - Бутовский лесопарк",,55.5,16.3,293.9
https://www.cian.ru/sale/flat/310880594/,https://images.cdn-cian.ru/images/kvartira-moskva-izyumskaya-ulica-2342559231-4.jpg,,"Москва, ЮЗАО, р-н Южное Бутово, м. Бульвар Адмирала Ушакова, Изюмская улица, 43к1",Транспортом,12850000.0,229464.0,2.0,2.0,14.0,56.0,"Срочная продажа! ШОК ЦЕНА!!!Продается уютная 2-комнатная квартира в Москве на Изюмской улице, дом 43к1. Общая площадь 55 кв.м, жилая -30 (17; 13), расположена на 2-м этаже 14-этажного дома, построенного в 2008 году. Квартира с косметическим ремонтом и высотой потолков 2.64 метра. комнаты- распошенка Просторная кухня площадью 13 кв.м станет отличным местом для семейных ужинов. Из окон открывается вид во двор, что обеспечивает тишину и покой.

В квартире есть одна лоджия и отдельный санузел, что делает проживание еще более комфортным. Дом оборудован пассажирским и грузовым лифтами, а также мусоропроводом, поэтому можно не беспокоиться о бытовых неудобствах. На территории предусмотрена наземная парковка для вашего автомобиля.

Инфраструктура района отлично развита: в шаговой доступности находятся школы, детские сады и магазины. До метро ""Улица Скобелевская"" всего 10 минут пешком, и до МЦД ""Бутово пешком 10 минут, что делает поездки по городу быстрыми и удобными.

Квартира продается без обременений, возможна покупка в ипотеку. Все документы готовы к сделке, оформление пройдет быстро и без лишних хлопот.

Приглашаем вас на просмотр этой замечательной квартиры! Звоните и записывайтесь на удобное для вас время. Не упустите шанс стать хозяином уютного и комфортного жилья в престижном районе Москвы!",,56.0,12.8,229.5
https://www.cian.ru/sale/flat/311280880/,https://images.cdn-cian.ru/images/kvartira-moskva-yuzhnobutovskaya-ulica-2350881068-4.jpg,,"Москва, ЮЗАО, р-н Южное Бутово, м. Бульвар Адмирала Ушакова, Южнобутовская улица, 76",Транспортом,13650000.0,252778.0,2.0,10.0,12.0,54.0,"Продаётся 2-комнатная квартира общей площадью 54 кв.м. на 10 этаже  12- этажного дома серии ПЗМ 1999 года постройки. Квартира светлая, с хорошим ремонтом. Комнаты изолированные (18,0- 14,5 кв.м.), просторный коридор, кухня 9,2 кв.м., застекленный балкон, раздельный сан/узел. В квартире сделан капитальный ремонт, была произведена замена электропроводки и сантехнических коммуникаций, установлены трубы Rehau, установлены теплые полы (кухня, сан/узел, коридор), счётчики в квартире, кондиционер. Встроенная кухня из массива, есть ПММ. Окна выходят во двор.  
Полная стоимость в договоре,  3 собственника, (наследство по закону более 4-х лет), без обременений. Альтернативная продажа (подобрана).  Возможна ипотека. Развитая инфраструктура - в пешей доступности все необходимые магазины, аптеки, поликлиники, много детских площадок и зон для спортивных игр. 
Во дворе дома школа и детский сад ГБОУ 2009 - 1 мин пешком, также в пешей доступности рейтинговые школы. Одна из лучших мат. гимназий Москвы ГБОУ 2007 (20 мин пешком) и ГБОУ 1980 входит в топ-20 по рейтингу Москвы (10 мин пешком). До м. Буннинская аллея 6 минут пешком через парк.Рядом с домом остановки общественного транспорта до м. Бунинская аллея, м. Бульвар Адмирала Ушакова, МЦД Бутово. Недалеко от дома красивый Ландшафтный парк, Черневский пруд для приятных прогулок и отдыха.",,54.0,13.7,252.8
https://www.cian.ru/sale/flat/310897251/,https://images.cdn-cian.ru/images/2342672827-4.jpg,ЖК «Южные сады»,"Москва, ЮЗАО, р-н Южное Бутово, м. Бульвар Адмирала Ушакова, Южные Сады ЖК",Транспортом,15369386.0,258309.0,2.0,9.0,24.0,59.5,"Продается двухкомнатная квартира  47 в новостройке ЖК ""Южные Сады"" по адресу Москва, ЮЗАО, Южное Бутово, ул. Бартеневская, д. 16. Общая площадь квартиры - 59.50 кв. м., этаж 9 из 24, секция 1. Тип проекта, по которому построен дом - монолит, компания-застройщик - ООО ""А101"". Стоимость квартиры - 15369386 Р. Срок сдачи - 2 квартал 2027. 

ПРЕДЛОЖЕНИЯ ОТ ЗАСТРОЙЩИКА В ЯНВАРЕ 2025:
Акция: скидка до 10% на квартиры только до конца января!
Скидка 5% для семей, ожидающих ребёнка! (Суммируется с другими скидками)
Купи и копи! Ипотека от 1 рубля в месяц - до ввода дома в эксплуатацию!

""Южные сады"" на юго-западе Москвы - это жилой комплекс монолитных домов с авторской архитектурой, холлами в средиземноморском стиле, колясочными, современными лифтами, паркингом и кладовыми. Южную атмосферу в районе создадут:
- перголы с вьющимися растениями, живые изгороди, садовые дорожки
- цветущие, плодовые и вечнозелёные растения
- стилизация под средиземноморский ландшафт
- амфитеатр и игровой кластер со скалодромом.

За безопасность ""отвечают"" закрытые дворы без машин с доступом только для жителей дома, видеонаблюдение, вход по магнитным ключам.
Рядом ландшафтный парк ""Южное Бутово"", Черневские пруды: театры, танцплощадка, крытые беседки, детские и спортивные комплексы, пикниковые зоны, пешеходные дорожки, деревянные настилы.
На первых этажах домов: супермаркеты, кафе, банки, фитнес, пекарни. В пешей доступности - торговые центры, гипермаркет, ФОК, действующая инфраструктура. Для семей с детьми - кружки, секции, детские клубы,центры развития, языковые школы.

Преимущества ""Южных садов"":
- атмосферное ""средиземноморское"" благоустройство
- 3 станции метро: ""Бунинская аллея"", ""Улица Горчакова"", ""Новомосковская"" - в пределах 1,6 км
- в окружении - развитая инфраструктура обжитой локации
- в пешей доступности - Бутовский лесопарк",,59.5,15.4,258.3
https://www.cian.ru/sale/flat/288381755/,https://images.cdn-cian.ru/images/kvartira-moskva-izyumskaya-ulica-1758368959-4.jpg,,"Москва, ЮЗАО, р-н Южное Бутово, м. Бульвар Адмирала Ушакова, Изюмская улица, 50",Пешком,17750000.0,273077.0,2.0,7.0,10.0,65.0,"Продается двухкомнатная квартира в современном, монолитно-кирпичном доме. Удобная планировка, просторные комнаты, очень светлая и теплая квартира, один взрослый собственник, более 5 лет в собственник",,65.0,17.8,273.1
https://www.cian.ru/sale/flat/308254167/,https://images.cdn-cian.ru/images/2302761374-4.jpg,,"Москва, ЮЗАО, р-н Южное Бутово, м. Бульвар Адмирала Ушакова, Южнобутовская улица, 72К1",Транспортом,18500000.0,297428.0,2.0,5.0,5.0,62.2,"Номер лота: вт-0420993.
Продаётся просторная 2-х к.кв. в малоэтажном доме индивидуального проекта серии Юникон. Высокие потолки, уютная кухня-гостиная, красивые виды из окон. Чистый подъезд, хорошие соседи, лифт. Благоустроенная придомовая территория со спортивными и детскими площадками. Есть своё парковочное место. Отличный бонус для покупателя!  Дом расположен в пешей доступности от метро, в окружении ландшафтного парка с красивым прудом и зонами отдыха. Район с развитой инфраструктурой: детские сады, школы, поликлиники, аптеки, магазины и супермаркеты, салоны красоты, кафе и рестораны. Есть всё для комфортной жизни! 1 взрослый собственник. Полная стоимость в ДКП. Альтернатива. Содействие в получении специальных условий и преференций по ипотеке.",,62.2,18.5,297.4
https://www.cian.ru/sale/flat/310897433/,https://images.cdn-cian.ru/images/2342771573-4.jpg,ЖК «Южные сады»,"Москва, ЮЗАО, р-н Южное Бутово, м. Бульвар Адмирала Ушакова, Южные Сады ЖК, к2.3",Транспортом,12225842.0,318381.0,2.0,30.0,30.0,38.4,"Продается двухкомнатная квартира  935 в новостройке ЖК ""Южные Сады"" по адресу Москва, ЮЗАО, Южное Бутово, Жилой комплекс ""Южные Сады"", корп.2.3. Общая площадь квартиры - 38.40 кв. м., этаж 30 из 30, секция 7. Тип проекта, по которому построен дом - монолит, компания-застройщик - ООО ""А101"". Стоимость квартиры - 12225842 Р. Срок сдачи - 2 квартал 2025. 

ПРЕДЛОЖЕНИЯ ОТ ЗАСТРОЙЩИКА В ЯНВАРЕ 2025:
Акция: скидка до 10% на квартиры только до конца января!
Скидка 5% для семей, ожидающих ребёнка! (Суммируется с другими скидками)
Купи и копи! Ипотека от 1 рубля в месяц - до ввода дома в эксплуатацию!

""Южные сады"" на юго-западе Москвы - это жилой комплекс монолитных домов с авторской архитектурой, холлами в средиземноморском стиле, колясочными, современными лифтами, паркингом и кладовыми. Южную атмосферу в районе создадут:
- перголы с вьющимися растениями, живые изгороди, садовые дорожки
- цветущие, плодовые и вечнозелёные растения
- стилизация под средиземноморский ландшафт
- амфитеатр и игровой кластер со скалодромом.

За безопасность ""отвечают"" закрытые дворы без машин с доступом только для жителей дома, видеонаблюдение, вход по магнитным ключам.
Рядом ландшафтный парк ""Южное Бутово"", Черневские пруды: театры, танцплощадка, крытые беседки, детские и спортивные комплексы, пикниковые зоны, пешеходные дорожки, деревянные настилы.
На первых этажах домов: супермаркеты, кафе, банки, фитнес, пекарни. В пешей доступности - торговые центры, гипермаркет, ФОК, действующая инфраструктура. Для семей с детьми - кружки, секции, детские клубы,центры развития, языковые школы.

Преимущества ""Южных садов"":
- атмосферное ""средиземноморское"" благоустройство
- 3 станции метро: ""Бунинская аллея"", ""Улица Горчакова"", ""Новомосковская"" - в пределах 1,6 км
- в окружении - развитая инфраструктура обжитой локации
- в пешей доступности - Бутовский лесопарк",,38.4,12.2,318.4
https://www.cian.ru/sale/flat/308257086/,https://images.cdn-cian.ru/images/kvartira-moskva-yuzhnobutovskaya-ulica-2289272618-4.jpg,,"Москва, ЮЗАО, р-н Южное Бутово, м. Бульвар Адмирала Ушакова, Южнобутовская улица, 121",Транспортом,12200000.0,230189.0,2.0,6.0,10.0,53.0,"Продается двухкомнатная квартира в шаговой доступности от метро Бунинская аллея!Отличный район с очень развитой инфраструктурой.  Один собственник! Свободная продажа! Полная стоимость в договоре! Быстрый выход на сделку.
Квартира под ремонт.",,53.0,12.2,230.2
https://www.cian.ru/sale/flat/302726083/,https://images.cdn-cian.ru/images/2290271965-4.jpg,,"Москва, ЮЗАО, р-н Южное Бутово, м. Бульвар Адмирала Ушакова, проезд Чечерский, 5/5",Пешком,13300000.0,230503.0,2.0,3.0,3.0,57.7,"Код объекта: 1073951.
 2 комнатная квартира в экологически чистом районе Москвы Южное Бутово!

О КВАРТИРЕ : кухня 11 метров, 2 просторные комнаты 14,7 и 19 метров, совмещенный санузел. 
В квартире выполнен свежий ремонт с использованием качественных материалов!
Кондиционер в гостиной.

ТРАНСПОРТНАЯ ДОСТУПНОСТЬ: 13 минут пешком до станции метро Улица Горчакова. Удобный выезд на МКАД.
Охраняемая территория, пропускная система, во дворе зона барбекю, на территории расположены детские и спортивные площадки, парки, пруды.

РАЗВИТАЯ ИНФРАСТРУКТУРА: Благоустроенный район. Школы и детские сады в шаговой доступности. Большой современный парк Южное Бутово. Множество спортивных комплексов: тренажерные залы, спортплощадки.
Просторная квартира СО СВЕЖИМ РЕМОНТОМ, новой мебелью и техникой. Без перепланировок. 3 этаж (из трех). 

ДОКУМЕНТЫ: 1 взрослый собственник, без обременений,  быстрый выход на сделку.",,57.7,13.3,230.5
https://www.cian.ru/sale/flat/309186054/,https://images.cdn-cian.ru/images/2357455799-4.jpg,ЖК «Остафьево»,"Москва, НАО (Новомосковский), м. Бульвар Адмирала Ушакова, с. Остафьево, Остафьево ЖК, к17",Транспортом,11371974.0,183537.0,2.0,14.0,14.0,61.96,"Ипотека 5,9% на два года. Продается 2-комн. квартира. Квартира расположена на 14 этаже 14 этажного монолитного дома (Корпус 17, Секция 6) в ЖК ""Остафьево"" от группы ""Самолет"". 

""Остафьево"" — масштабный жилой комплекс в Новой Москве, рядом с одноименным музеем-усадьбой и городским парком ""Барыши"". До станций МЦД ""Щербинка"" и ""Остафьево"" можно добраться на автомобиле за 57 минут.
Часть домов уже сдана, на территории открыты две школы и два детских сада, а в будущем будет построена поликлиника, ТЦ, еще одна школа и четыре детских сада.
Все необходимое рядом: на первых этажах домов работают магазины, аптеки и кафе. 
Дворы — приватные мини-парки без машин и посторонних. Кроме игровых площадок, для детей обустроили тематический плейхаб ""Маяк"". В будущем появятся плейхаб ""Алиса в стране чудес"", арт-объект ""Тропа зеркал"", а также большой ландшафтный парк.
В квартале — монолитные дома комфортной высоты, от 10 этажей. Светлые фасады украшают кирпичные вставки в теплых природных оттенках.
 
Цена динамическая и может отличаться, уточняйте актуальность у застройщика.",,62.0,11.4,183.5
https://www.cian.ru/sale/flat/308752974/,https://images.cdn-cian.ru/images/kvartira-moskva-checherskiy-proezd-2299912287-4.jpg,,"Москва, НАО (Новомосковский), м. Бульвар Адмирала Ушакова, проезд Чечерский, 122к3",Транспортом,15998000.0,266633.0,2.0,14.0,19.0,60.0,"уникальна квартира, таких в районе всего 4, сумасшедший вид, дизайнерский ремонт продуманный до мелочей, 2а су, душевая кабина, ванна с гидромассажем, теплые полы, качественный материалы. 
оперативный показ, свободная продажа.
Просьба финансово не подготовленным, без понимания как купить, не беспокоить, не большой хвост непогашенной ипотеки.",,60.0,16.0,266.6
https://www.cian.ru/sale/flat/310667826/,https://images.cdn-cian.ru/images/2337782380-4.jpg,ЖК «Скандинавия»,"Москва, НАО (Новомосковский), м. Бульвар Адмирала Ушакова, бульвар Скандинавский, 17",Транспортом,15200000.0,326882.0,2.0,13.0,16.0,46.5,"Номер в базе: 3985661. Продается уютная, светлая 2-комнатная квартира с продуманным ремонтом в доме бизнес класса!

1. Oбщиe xapaктеристики:
- Пpoстopнaя, свeтлaя квартира с шикарным видом на Бутовский лесопарк.
- Дизaйнepский ремонт, выпoлненный для ceбя (подробнее расскажу на показе)
- Панорамные окна в пол
- встроенная техника (посудомоечная машина, холодильник), мойка на кухне встроенная под мраморную столешницу (натуральный камень, не пластик).
- Новому владельцу достанется вся необходимая мебель и техика (стиральная машина, кондиционер).
- Полы из паркета.
- Подоконники из керамогранита.

2. Транспортная доступность:
- Станции метро Потапово (800 м от дома, сокольническая линия).
- Расстояние до МКАД — 6,5 км.
- Удобный выезд на крупные шоссе: Киевское, Калужское, Варшавское.
- Близость к новой трассе Солнцево-Бутово-Варшавское шоссе.

Два взрослых собственника. Свободная продажа.

Не упустите возможность стать владельцем этой уникальной квартиры, где каждый сантиметр продуман до мелочей! Звоните прямо сейчас, чтобы записаться на просмотр!

Код пользователя: 173137",,46.5,15.2,326.9
https://www.cian.ru/sale/flat/309186046/,https://images.cdn-cian.ru/images/2350164984-4.jpg,ЖК «Остафьево»,"Москва, НАО (Новомосковский), м. Бульвар Адмирала Ушакова, с. Остафьево, Остафьево ЖК, к17",Транспортом,13078391.0,195054.0,2.0,6.0,14.0,67.05,"Ипотека 5,9% на два года. Продается 2-комн. квартира. Квартира расположена на 6 этаже 14 этажного монолитного дома (Корпус 17, Секция 6) в ЖК ""Остафьево"" от группы ""Самолет"". 

""Остафьево"" — масштабный жилой комплекс в Новой Москве, рядом с одноименным музеем-усадьбой и городским парком ""Барыши"". До станций МЦД ""Щербинка"" и ""Остафьево"" можно добраться на автомобиле за 57 минут.
Часть домов уже сдана, на территории открыты две школы и два детских сада, а в будущем будет построена поликлиника, ТЦ, еще одна школа и четыре детских сада.
Все необходимое рядом: на первых этажах домов работают магазины, аптеки и кафе. 
Дворы — приватные мини-парки без машин и посторонних. Кроме игровых площадок, для детей обустроили тематический плейхаб ""Маяк"". В будущем появятся плейхаб ""Алиса в стране чудес"", арт-объект ""Тропа зеркал"", а также большой ландшафтный парк.
В квартале — монолитные дома комфортной высоты, от 10 этажей. Светлые фасады украшают кирпичные вставки в теплых природных оттенках.
 
Цена динамическая и может отличаться, уточняйте актуальность у застройщика.",,67.0,13.1,195.1
https://www.cian.ru/sale/flat/311699454/,https://images.cdn-cian.ru/images/2360195111-4.jpg,,"Москва, ЮЗАО, р-н Южное Бутово, м. Бульвар Адмирала Ушакова, Скобелевская улица, 1к1",Пешком,14500000.0,243697.0,2.0,5.0,12.0,59.5,"Id 6957. ПРОСТОРНАЯ ДВУХКОМНАТНАЯ КВАРТИРА ВОЗЛЕ МЕТРО! 
Продается большая 2-комнатная квартира в Южном Бутово в 5 минутах от метро Скобелевская. 

КВАРТИРА:
- общая площадь квартиры 59,5 м2;
- квартира на 5 этаже 12 этажного дома;
- кухня площадью 11,0 м2 оборудована кухонным гарнитуром и всей бытовой техникой;
- изолированные жилые комнаты площадью 18,0 и 12,0 м2, из спальни выход на большую просторную лоджию;
- санузел раздельный;
- просторная прихожая, плюс имеется место для хранения.
- квартира продается со всей мебелью и техникой. При необходимости покупки пустой квартиры- мебель будет вывезена; 
- перепланировок в квартире нет;
- На площадке тамбурная дверь на три квартиры. 
ДОМ:
- В доме произведены ремонтные работы, заменены мусоропровод, пассажирский и грузовой лифты; 
- Дом в управлении ТСЖ, муниципальных квартир в доме нет;
- Видеонаблюдение, комната для консьержа;
- Чистый подъезд, дружелюбные соседи;

- Удобное расположение дома, рядом метро Скобелевская (5 минут пешком), остановки общественного транспорта, парковка во дворе дома; 
- Район с развитой инфраструктурой-все в шаговой доступности. 
ДОКУМЕНТЫ:
1 собственник с момента постройки дома. Полная стоимость в договоре. Квартира без долгов и обременений. В квартире никто не зарегистрирован. Подходит под ипотеку. Продажа свободная.",,59.5,14.5,243.7
https://www.cian.ru/sale/flat/311663637/,https://images.cdn-cian.ru/images/2359444754-4.jpg,ЖК «Столичные поляны»,"Москва, ЮЗАО, р-н Южное Бутово, м. Бульвар Адмирала Ушакова, улица Поляны, 5Ак1",Пешком,17700000.0,266566.0,2.0,9.0,33.0,66.4,"Номер в базе: 4295829. Вашему вниманию предлагается евро-трёхкомнатная квартира в ЖК ""Столичные Поляны"".

Прописка МОСКВА! Подходит под ипотеку ОТ 14,99%!

Отличная планировка - распашонка! Две просторные изолированные комнаты по 18.4 и 12.7 кв.м., можно сделать мастер-спальню с санузлом. Просторная кухня-гостиная 19,1 кв.м. Два санузла. Есть балкон.
Квартира находится на комфортном 9ом этаже 17тиэтажного дома.

Транспортная доступность:
-10 минут пешком до метро ""Скобелевская"";
-Удобный выезд на 35-й километр МКАД (6 минут на машине, 3 километра).

Об инфраструктуре:
Развитая собственная инфраструктура жилого комплекса, есть все розничные магазины, кафе, рестораны. Фитнес-клуб с бассейном в соседнем здании. Школа и детский сад через дорогу.
Концепция ""Двор без машин"" - закрытый двор только для жителей дома! Облагороженный двор с детской площадкой, подземный и наземный паркинги. 

Юридическая часть:
Легко купить! 1 собственник, первый с момента приобретения квартиры.
Квартира без обременений и перепланировок, юридически и физически свободна! Укажем полную стоимость в ДКП.
Готовы к быстрой сделке!

Звоните, оперативно отвечу на все ваши вопросы и организую показ!
Сделку сопровождает агентство ""ЭТАЖИ"".
-Помощь в одобрении ипотеки среди 30 банков-партнёров в режиме одного окна по ставкам с преференциями;
-Полное юридическое сопровождение сделки;
-Финансовая гарантия на приобретаемый объект до 25 000 000 руб.
Код пользователя: 133839",,66.4,17.7,266.6
https://www.cian.ru/sale/flat/310897451/,https://images.cdn-cian.ru/images/2342673915-4.jpg,ЖК «Южные сады»,"Москва, ЮЗАО, р-н Южное Бутово, м. Бульвар Адмирала Ушакова, Южные Сады ЖК, к2.3",Транспортом,14278331.0,305093.0,2.0,22.0,30.0,46.8,"Продается двухкомнатная квартира  896 в новостройке ЖК ""Южные Сады"" по адресу Москва, ЮЗАО, Южное Бутово, Жилой комплекс ""Южные Сады"", корп.2.3. Общая площадь квартиры - 46.80 кв. м., этаж 22 из 30, секция 7. Тип проекта, по которому построен дом - монолит, компания-застройщик - ООО ""А101"". Стоимость квартиры - 14278331 Р. Срок сдачи - 2 квартал 2025. 

ПРЕДЛОЖЕНИЯ ОТ ЗАСТРОЙЩИКА В ЯНВАРЕ 2025:
Акция: скидка до 10% на квартиры только до конца января!
Скидка 5% для семей, ожидающих ребёнка! (Суммируется с другими скидками)
Купи и копи! Ипотека от 1 рубля в месяц - до ввода дома в эксплуатацию!

""Южные сады"" на юго-западе Москвы - это жилой комплекс монолитных домов с авторской архитектурой, холлами в средиземноморском стиле, колясочными, современными лифтами, паркингом и кладовыми. Южную атмосферу в районе создадут:
- перголы с вьющимися растениями, живые изгороди, садовые дорожки
- цветущие, плодовые и вечнозелёные растения
- стилизация под средиземноморский ландшафт
- амфитеатр и игровой кластер со скалодромом.

За безопасность ""отвечают"" закрытые дворы без машин с доступом только для жителей дома, видеонаблюдение, вход по магнитным ключам.
Рядом ландшафтный парк ""Южное Бутово"", Черневские пруды: театры, танцплощадка, крытые беседки, детские и спортивные комплексы, пикниковые зоны, пешеходные дорожки, деревянные настилы.
На первых этажах домов: супермаркеты, кафе, банки, фитнес, пекарни. В пешей доступности - торговые центры, гипермаркет, ФОК, действующая инфраструктура. Для семей с детьми - кружки, секции, детские клубы,центры развития, языковые школы.

Преимущества ""Южных садов"":
- атмосферное ""средиземноморское"" благоустройство
- 3 станции метро: ""Бунинская аллея"", ""Улица Горчакова"", ""Новомосковская"" - в пределах 1,6 км
- в окружении - развитая инфраструктура обжитой локации
- в пешей доступности - Бутовский лесопарк",,46.8,14.3,305.1
https://www.cian.ru/sale/flat/309166722/,https://images.cdn-cian.ru/images/kvartira-moskva-ulica-admirala-lazareva-2350696082-4.jpg,,"Москва, ЮЗАО, р-н Южное Бутово, м. Бульвар Адмирала Ушакова, улица Адмирала Лазарева, 29",Пешком,14200000.0,262963.0,2.0,10.0,16.0,54.0,"Продается двухкомнатная квартира в районе с высокоразвитой инфраструктурой, в пяти минутах ходьбы от метро ""Улица Горчакова"". В шаговой доступности есть все необходимое для комфортного проживания. Преимущество квартиры: Удобная планировка (Две изолированные спальни), лоджия, раздельный санузел. 
Без перепланировок. 
Комфортный средний этаж 
Тихий двор с детской и спортивной площадкой. 
Преимущества дома: Сложившаяся развитая инфраструктура района: рядом школы и детские сады, учреждения до школьного и внешкольного образования. Поликлиники, торговые и развлекательные центры Рядом с домом много парковочных мест. Отличная транспортная доступность: до станции Адмирала Горчакова 5  минут пешком. Прекрасный тематический парк для прогулок с детьми около дома! Удобный выезд на варшавское шоссе. Один взрослый собственник, без прописанных и обременений.",,54.0,14.2,263.0
https://www.cian.ru/sale/flat/308606132/,https://images.cdn-cian.ru/images/2296965368-4.jpg,ЖК «Бунинские луга»,"Москва, НАО (Новомосковский), м. Бульвар Адмирала Ушакова, Сосенское поселение, пос. Коммунарка, улица Александры Монаховой, 94к4",Транспортом,12799000.0,241491.0,2.0,5.0,19.0,53.0,"Код объекта: 1276651.
 Продаётся уютная двухкомнатная квартира в Новомосковском административном округе Москвы, по адресу: посёлок Коммунарка, улица Александры Монаховой, 94к4.

Квартира расположена на 5 этаже 19-этажного панельного дома, построенного в 2017 году. Общая площадь составляет 53 кв. м, из которых 22 кв. м — жилая площадь, а 17 кв. м занимает кухня. Высота потолков — 2,8 м. В квартире выполнен косметический ремонт, комнаты изолированные, окна выходят на улицу.

В доме установлены монолитные перекрытия, есть центральное отопление и грузовой лифт. Дом находится в развитом районе с хорошей инфраструктурой.

Мы гарантируем безопасную сделку и юридическую поддержку нашим клиентам. Поможем одобрить ипотеку с сниженной ставкой.

Не упустите свой шанс стать обладателем этой уютной квартиры!",,53.0,12.8,241.5
https://www.cian.ru/sale/flat/309186052/,https://images.cdn-cian.ru/images/2350162075-4.jpg,ЖК «Остафьево»,"Москва, НАО (Новомосковский), м. Бульвар Адмирала Ушакова, с. Остафьево, Остафьево ЖК, к17",Транспортом,16279960.0,260063.0,2.0,3.0,14.0,62.6,"Ипотека 5,9% на два года. Продается 2-комн. квартира. Квартира расположена на 3 этаже 14 этажного монолитного дома (Корпус 17, Секция 4) в ЖК ""Остафьево"" от группы ""Самолет"". 

""Остафьево"" — масштабный жилой комплекс в Новой Москве, рядом с одноименным музеем-усадьбой и городским парком ""Барыши"". До станций МЦД ""Щербинка"" и ""Остафьево"" можно добраться на автомобиле за 57 минут.
Часть домов уже сдана, на территории открыты две школы и два детских сада, а в будущем будет построена поликлиника, ТЦ, еще одна школа и четыре детских сада.
Все необходимое рядом: на первых этажах домов работают магазины, аптеки и кафе. 
Дворы — приватные мини-парки без машин и посторонних. Кроме игровых площадок, для детей обустроили тематический плейхаб ""Маяк"". В будущем появятся плейхаб ""Алиса в стране чудес"", арт-объект ""Тропа зеркал"", а также большой ландшафтный парк.
В квартале — монолитные дома комфортной высоты, от 10 этажей. Светлые фасады украшают кирпичные вставки в теплых природных оттенках.
 
Цена динамическая и может отличаться, уточняйте актуальность у застройщика.",,62.6,16.3,260.1
https://www.cian.ru/sale/flat/307980484/,https://images.cdn-cian.ru/images/kvartira-moskva-yuzhnobutovskaya-ulica-2320828807-4.jpg,,"Москва, ЮЗАО, р-н Южное Бутово, м. Бульвар Адмирала Ушакова, Южнобутовская улица, 121",Транспортом,12300000.0,231595.0,2.0,10.0,10.0,53.11,"Отличная планировка. Окна во двор. В шаговой доступности от метро! Отличный район с очень развитой инфраструктурой, у дома есть все необходимое. Идеальные документы: приватизация 2006 года, все собственники взрослые. Не сложная альтернатива.",,53.1,12.3,231.6
https://www.cian.ru/sale/flat/304862724/,https://images.cdn-cian.ru/images/2222239209-4.jpg,,"Москва, ЮЗАО, р-н Южное Бутово, м. Бульвар Адмирала Ушакова, улица Горчакова, 1К3",Пешком,12200000.0,217469.0,2.0,14.0,14.0,56.1,"Продается двухкомнатная квартира с отличной планировкой на 2 стороны. В квартире есть лоджия и балкон, большой корридор. Квартира светлая и просторная. Требуется ремонт. Отличная инфраструктура района - все необходимое в пешей доступности: сетевые магазины, спортивные и фитнес комплексы, кинотеатр, кафе и рестораны, аптеки, поликлиники, парк с прудами. В шаговой доступности станции метро Бульвар Адмирала Ушакова 950м и метро Улица Горчакова 800м;
        Два взрослых собственника. БЕЗ ОБРЕМЕНЕНИЙ. Свободная продажа. Полная стоимость в ДКП. Возможен торг.",,56.1,12.2,217.5
https://www.cian.ru/sale/flat/311572498/,https://images.cdn-cian.ru/images/2357455075-4.jpg,ЖК «Остафьево»,"Москва, НАО (Новомосковский), м. Бульвар Адмирала Ушакова, с. Остафьево, Остафьево ЖК, к20",Транспортом,9559979.0,173913.0,2.0,2.0,14.0,54.97,"Ипотека 5,9% на два года. Продается 2-комн. квартира. Квартира расположена на 2 этаже 14 этажного монолитного дома (Корпус 20, Секция 4) в ЖК ""Остафьево"" от группы ""Самолет"". 

""Остафьево"" — масштабный жилой комплекс в Новой Москве, рядом с одноименным музеем-усадьбой и городским парком ""Барыши"". До станций МЦД ""Щербинка"" и ""Остафьево"" можно добраться на автомобиле за 57 минут.
Часть домов уже сдана, на территории открыты две школы и два детских сада, а в будущем будет построена поликлиника, ТЦ, еще одна школа и четыре детских сада.
Все необходимое рядом: на первых этажах домов работают магазины, аптеки и кафе. 
Дворы — приватные мини-парки без машин и посторонних. Кроме игровых площадок, для детей обустроили тематический плейхаб ""Маяк"". В будущем появятся плейхаб ""Алиса в стране чудес"", арт-объект ""Тропа зеркал"", а также большой ландшафтный парк.
В квартале — монолитные дома комфортной высоты, от 10 этажей. Светлые фасады украшают кирпичные вставки в теплых природных оттенках.
 
Цена динамическая и может отличаться, уточняйте актуальность у застройщика.",,55.0,9.6,173.9
https://www.cian.ru/sale/flat/307261632/,https://images.cdn-cian.ru/images/2266667838-4.jpg,,"Москва, ЮЗАО, р-н Южное Бутово, м. Бульвар Адмирала Ушакова, Изюмская улица, 45к2",Транспортом,13600000.0,233677.0,2.0,3.0,14.0,58.2,"Номер лота: вт-0420179.
Продается светлая, уютная квартира: окна одной комнаты и кухни смотрят во двор, а другая комната на частный сектор. В квартире остается вся встроенная мебель, можно заезжать и жить. Имеется две подсобки. Полная стоимость в договоре, два взрослых собственника. Район с развитой инфраструктурой, рядом с домом есть все необходимое для комфортного проживания. В шаговой доступности метро и МЦД-2. Содействие в получении специальных условий и преференций по ипотеке.",,58.2,13.6,233.7
https://www.cian.ru/sale/flat/307539832/,https://images.cdn-cian.ru/images/2274970072-4.jpg,,"Москва, ЮЗАО, р-н Южное Бутово, м. Бульвар Адмирала Ушакова, Скобелевская улица, 23",Пешком,14650000.0,252586.0,2.0,8.0,12.0,58.0,"Продам просторную 2-х комнатную квартиру с косметическим ремонтом. Комнаты раздельные, правильной формы. Квартира идеально подойдет как для собственного проживания, так и для сдачи в аренду. Огромный закрытый тамбур обеспечит дополнительные места хранения. Развитая инфраструктура обжитого района - школы, детские сады, секции дополнительного образования, реконструированная детская поликлиника, новые детские площадки, спортивные площадки, бассейн, прогулочные зоны, торговые центры, супер и мини-маркеты, отделения банков и банкоматы, кафе, рестораны, Бутовский лесопарк и много другое - в шаговой доступности. Возле дома всегда найдется место для парковки автомобиля. Оперативный показ. Звoните прямо сейчас!

Номер объекта: #1/564007/109",,58.0,14.7,252.6
https://www.cian.ru/sale/flat/310897372/,https://images.cdn-cian.ru/images/2342673604-4.jpg,ЖК «Южные сады»,"Москва, ЮЗАО, р-н Южное Бутово, м. Бульвар Адмирала Ушакова, Южные Сады ЖК, к2.4",Транспортом,15101430.0,292663.0,2.0,17.0,30.0,51.6,"Продается двухкомнатная квартира  1120 в новостройке ЖК ""Южные Сады"" по адресу Москва, ЮЗАО, Южное Бутово, Жилой комплекс ""Южные Сады"", корп.2.4. Общая площадь квартиры - 51.60 кв. м., этаж 17 из 30, секция 9. Тип проекта, по которому построен дом - монолит, компания-застройщик - ООО ""А101"". Стоимость квартиры - 15101430 Р. Срок сдачи - 2 квартал 2025. 

ПРЕДЛОЖЕНИЯ ОТ ЗАСТРОЙЩИКА В ЯНВАРЕ 2025:
Акция: скидка до 10% на квартиры только до конца января!
Скидка 5% для семей, ожидающих ребёнка! (Суммируется с другими скидками)
Купи и копи! Ипотека от 1 рубля в месяц - до ввода дома в эксплуатацию!

""Южные сады"" на юго-западе Москвы - это жилой комплекс монолитных домов с авторской архитектурой, холлами в средиземноморском стиле, колясочными, современными лифтами, паркингом и кладовыми. Южную атмосферу в районе создадут:
- перголы с вьющимися растениями, живые изгороди, садовые дорожки
- цветущие, плодовые и вечнозелёные растения
- стилизация под средиземноморский ландшафт
- амфитеатр и игровой кластер со скалодромом.

За безопасность ""отвечают"" закрытые дворы без машин с доступом только для жителей дома, видеонаблюдение, вход по магнитным ключам.
Рядом ландшафтный парк ""Южное Бутово"", Черневские пруды: театры, танцплощадка, крытые беседки, детские и спортивные комплексы, пикниковые зоны, пешеходные дорожки, деревянные настилы.
На первых этажах домов: супермаркеты, кафе, банки, фитнес, пекарни. В пешей доступности - торговые центры, гипермаркет, ФОК, действующая инфраструктура. Для семей с детьми - кружки, секции, детские клубы,центры развития, языковые школы.

Преимущества ""Южных садов"":
- атмосферное ""средиземноморское"" благоустройство
- 3 станции метро: ""Бунинская аллея"", ""Улица Горчакова"", ""Новомосковская"" - в пределах 1,6 км
- в окружении - развитая инфраструктура обжитой локации
- в пешей доступности - Бутовский лесопарк",,51.6,15.1,292.7
https://www.cian.ru/sale/flat/312201392/,https://images.cdn-cian.ru/images/kvartira-moskva-plavskiy-proezd-2371004411-4.jpg,,"Москва, ЮЗАО, р-н Южное Бутово, м. Бульвар Адмирала Ушакова, Плавский проезд, 7",Пешком,13900000.0,255985.0,2.0,4.0,14.0,54.3,"Продается уютная двухкомнатная квартира общая площадь составляет 54,3 кв. м, жилая площадь — 32 кв. м, а кухня — 9,2 кв. м. Квартира находится на 4 этаже 14-этажного дома. Удобное расположение — всего 7 минут пешком до метро ""Бульвар Адмирала Ушакова"".

В квартире сделан косметический ремонт, что позволит вам сразу заселиться и сделать ее уютной по своему вкусу. Просторная кухня, комнаты светлые, с окнами, выходящими на улицу, что обеспечивает хорошую освещенность. 

Дом в хорошем состоянии, оснащен пассажирским и грузовым лифтами. Для автомобилей предусмотрена наземная парковка, поэтому вы всегда найдете место для своего транспорта.

Чистый подъезд, хорошие соседи. Района с высокоразвитой инфраструктурой в шаговой доступности есть все необходимое для комфортного проживания: магазины, в т.ч сетевые, торговые центры, кафе, рестораны, аптеки,  детские сады, школы,  фитнес клубы, бассейн.
 Для прогулок Ландшафтный парк Южное Бутово с прудами велодорожками, оборудованными зонами отдыха.                       
 
Квартира продается без обременений, возможна покупка в ипотеку. 
Свободная продажа.1 собственник. Оперативный показ, быстрый выход на сделку.",,54.3,13.9,256.0
https://www.cian.ru/sale/flat/309102324/,https://images.cdn-cian.ru/images/2308053603-4.jpg,,"Москва, НАО (Новомосковский), м. Бульвар Адмирала Ушакова, Сосенское поселение, Скандинавия ЖК, улица Эдварда Грига, 17",Транспортом,12690000.0,282000.0,2.0,3.0,12.0,45.0,"Код объекта: 1290528.
 Продаётся квартира в Москве

Ищете комфортное жильё в перспективном районе Москвы? Тогда это предложение для вас!

Продаётся уютная двухкомнатная квартира с качественным ремонтом в современном жилом комплексе ""Скандинавия"".

Дом бизнес-класса. Монолитный каркас обеспечивает высокую прочность и долговечность конструкции, а монолитные перекрытия обеспечивают хорошую шумоизоляцию. В доме центральное отопление, что гарантирует комфорт в любое время года.

Общая площадь квартиры составляет 45 кв. м, из которых 22 кв. м приходится на кухню. Жилая площадь — 16 кв. м. Высота потолков — 3 метра.

В квартире выполнен качественный ремонт. Установлены современные стеклопакеты, которые сохраняют тепло зимой и прохладу летом. На полу уложен ламинат, который легко моется и не требует сложного ухода. Санузел отделан керамической плиткой. Квартира полностью готова к заселению.

Жилой комплекс ""Скандинавия"" находится в Новомосковском административном округе Москвы, в районе Коммунарка. Это современный район с развитой инфраструктурой. Здесь есть всё необходимое для комфортной жизни: школы, детские сады, поликлиники, магазины, кафе и рестораны. Рядом с домом находится остановка общественного транспорта, от которой можно быстро добраться до метро.

На территории комплекса есть подземная парковка, где вы можете оставить свой автомобиль. Также около дома есть личная парковка.

Не упустите возможность приобрести квартиру по выгодной цене! Звоните прямо сейчас, чтобы узнать подробности и договориться о просмотре.

Мы гарантируем безопасную сделку и юридическую поддержку нашим Клиентам. Поможем одобрить ипотеку с сниженной ставкой.",,45.0,12.7,282.0
https://www.cian.ru/sale/flat/310897446/,https://images.cdn-cian.ru/images/2342786297-4.jpg,ЖК «Южные сады»,"Москва, ЮЗАО, р-н Южное Бутово, м. Бульвар Адмирала Ушакова, Южные Сады ЖК, к2.3",Транспортом,12937163.0,285589.0,2.0,25.0,30.0,45.3,"Продается двухкомнатная квартира  764 в новостройке ЖК ""Южные Сады"" по адресу Москва, ЮЗАО, Южное Бутово, Жилой комплекс ""Южные Сады"", корп.2.3. Общая площадь квартиры - 45.30 кв. м., этаж 25 из 30, секция 6. Тип проекта, по которому построен дом - монолит, компания-застройщик - ООО ""А101"". Стоимость квартиры - 12937163 Р. Срок сдачи - 2 квартал 2025. 

ПРЕДЛОЖЕНИЯ ОТ ЗАСТРОЙЩИКА В ЯНВАРЕ 2025:
Акция: скидка до 10% на квартиры только до конца января!
Скидка 5% для семей, ожидающих ребёнка! (Суммируется с другими скидками)
Купи и копи! Ипотека от 1 рубля в месяц - до ввода дома в эксплуатацию!

""Южные сады"" на юго-западе Москвы - это жилой комплекс монолитных домов с авторской архитектурой, холлами в средиземноморском стиле, колясочными, современными лифтами, паркингом и кладовыми. Южную атмосферу в районе создадут:
- перголы с вьющимися растениями, живые изгороди, садовые дорожки
- цветущие, плодовые и вечнозелёные растения
- стилизация под средиземноморский ландшафт
- амфитеатр и игровой кластер со скалодромом.

За безопасность ""отвечают"" закрытые дворы без машин с доступом только для жителей дома, видеонаблюдение, вход по магнитным ключам.
Рядом ландшафтный парк ""Южное Бутово"", Черневские пруды: театры, танцплощадка, крытые беседки, детские и спортивные комплексы, пикниковые зоны, пешеходные дорожки, деревянные настилы.
На первых этажах домов: супермаркеты, кафе, банки, фитнес, пекарни. В пешей доступности - торговые центры, гипермаркет, ФОК, действующая инфраструктура. Для семей с детьми - кружки, секции, детские клубы,центры развития, языковые школы.

Преимущества ""Южных садов"":
- атмосферное ""средиземноморское"" благоустройство
- 3 станции метро: ""Бунинская аллея"", ""Улица Горчакова"", ""Новомосковская"" - в пределах 1,6 км
- в окружении - развитая инфраструктура обжитой локации
- в пешей доступности - Бутовский лесопарк",,45.3,12.9,285.6
https://www.cian.ru/sale/flat/309976428/,https://images.cdn-cian.ru/images/kvartira-moskva-skobelevskaya-ulica-2324717973-4.jpg,,"Москва, ЮЗАО, р-н Южное Бутово, м. Бульвар Адмирала Ушакова, Скобелевская улица, 21",Пешком,15100000.0,266784.0,2.0,11.0,16.0,56.6,"Описание: Продается прекрасная 2 комнатная квартира по адресу Москва Скобелевская 21 в Минуте от метро! 11 из 16 этажей, окна на тихий бульвар! Подьезд оснащен пандусом, Коньсьерж, отличные соседи
-ДОКУМЕНТЫ:
- Без обременений, никто не прописан, документы собраны, квартира готова к продаже
- 1 взрослый собственник
- Полная стоимость в договоре 
О КВАРТИРЕ: 
- Квартира с отличным ремонтом, в хорошем состоянии, на полах дубовый паркет фирмы Бобр, стеклопакеты под дуб фирмы Евроокна, двери - массив дерева Неаполь. Общая площадь 56,6м , комнаты раздельные, удачные по планировке
- Кондиционер есть 
- Застекленный балкон
- С/у раздельный, в санузле- теплый пол
- В зале отдельная гардеробная, в детской-шкаф-купе, в коридоре-2 шкафа купе
О ДОМЕ:
- Дом 2002г постройки 
- Открытый двор, детская площадка 
- Парковка наземная 
- Два лифта: грузовой и пассажирский 
О ЛОКАЦИИ: 
- Благоустроенный, экологичный, тихий, чистый, зелёный район обладает развитой инфраструктурой. Рядом с домом несколько супермаркетов, за домом лучшая в ЮЗАО языковая школа 1354, детский сад Теремок, много развивающих детских центров.",,56.6,15.1,266.8
https://www.cian.ru/sale/flat/311429568/,https://images.cdn-cian.ru/images/kvartira-moskva-skobelevskaya-ulica-2354605084-4.jpg,,"Москва, ЮЗАО, р-н Южное Бутово, м. Бульвар Адмирала Ушакова, Скобелевская улица, 1к1",Пешком,14500000.0,243697.0,2.0,5.0,12.0,59.5,"Продается просторная двухкомнатная квартира в Москве на улице Скобелевская, в доме 2001 года постройки. Общая площадь квартиры составляет 59,5 кв. м. с учётом балкона, жилая площадь — 30 кв. м, кухня 11 кв. м. Квартира расположена на 5 этаже 12-этажного панельного дома. Потолки — 2.75 метра.

Квартира с косметическим ремонтом, санузел раздельный. Замена разводки сантехники в 2016г. Окна выходят на улицу, на юг и восток (в большой комнате два окна). Перепланировки не проводились. Балкон застеклён. В лифтовом холе имеется небольшая кладовка (2кв.м.), которую можно использовать для хранения велосипеда, колёс или игрушек.

Дом в хорошем состоянии: есть пандус для удобства подъема с коляской или для маломобильных граждан, мусоропровод, пассажирский и грузовой лифты (заменены летом 2024г). Дом ТСЖ, муниципальных квартир в доме нет. На этаже всего 3 квартиры. Парковка наземная, во дворе.

Один взрослый собственник. Собственность с момента постройки в 2001г. Куплена по ДКП у Департамента внебюджетной политики г. Москва за наличные без ипотек. Никто не прописан. Ограничений и/или обременений нет.

В помощи агентов по продаже не нуждаюсь, пожалуйста не тратьте своё и моё время.",,59.5,14.5,243.7
https://www.cian.ru/sale/flat/310897091/,https://images.cdn-cian.ru/images/2342764113-4.jpg,ЖК «Южные сады»,"Москва, ЮЗАО, р-н Южное Бутово, м. Бульвар Адмирала Ушакова, Южные Сады ЖК",Транспортом,12107793.0,330814.0,2.0,14.0,30.0,36.6,"Продается двухкомнатная квартира  332 в новостройке ЖК ""Южные Сады"" по адресу Москва, ЮЗАО, Южное Бутово, ул. Бартеневская, д. 16. Общая площадь квартиры - 36.60 кв. м., этаж 14 из 30, секция 4. Тип проекта, по которому построен дом - монолит, компания-застройщик - ООО ""А101"". Стоимость квартиры - 12107793 Р. Срок сдачи - 2 квартал 2027. 

ПРЕДЛОЖЕНИЯ ОТ ЗАСТРОЙЩИКА В ЯНВАРЕ 2025:
Акция: скидка до 10% на квартиры только до конца января!
Скидка 5% для семей, ожидающих ребёнка! (Суммируется с другими скидками)
Купи и копи! Ипотека от 1 рубля в месяц - до ввода дома в эксплуатацию!

""Южные сады"" на юго-западе Москвы - это жилой комплекс монолитных домов с авторской архитектурой, холлами в средиземноморском стиле, колясочными, современными лифтами, паркингом и кладовыми. Южную атмосферу в районе создадут:
- перголы с вьющимися растениями, живые изгороди, садовые дорожки
- цветущие, плодовые и вечнозелёные растения
- стилизация под средиземноморский ландшафт
- амфитеатр и игровой кластер со скалодромом.

За безопасность ""отвечают"" закрытые дворы без машин с доступом только для жителей дома, видеонаблюдение, вход по магнитным ключам.
Рядом ландшафтный парк ""Южное Бутово"", Черневские пруды: театры, танцплощадка, крытые беседки, детские и спортивные комплексы, пикниковые зоны, пешеходные дорожки, деревянные настилы.
На первых этажах домов: супермаркеты, кафе, банки, фитнес, пекарни. В пешей доступности - торговые центры, гипермаркет, ФОК, действующая инфраструктура. Для семей с детьми - кружки, секции, детские клубы,центры развития, языковые школы.

Преимущества ""Южных садов"":
- атмосферное ""средиземноморское"" благоустройство
- 3 станции метро: ""Бунинская аллея"", ""Улица Горчакова"", ""Новомосковская"" - в пределах 1,6 км
- в окружении - развитая инфраструктура обжитой локации
- в пешей доступности - Бутовский лесопарк",,36.6,12.1,330.8
https://www.cian.ru/sale/flat/312236564/,https://images.cdn-cian.ru/images/kvartira-moskva-plavskiy-proezd-2371724836-4.jpg,,"Москва, ЮЗАО, р-н Южное Бутово, м. Бульвар Адмирала Ушакова, Плавский проезд, 2",Пешком,13000000.0,232143.0,2.0,6.0,17.0,56.0,"В квартире есть косметический ремонт, который придаёт помещениям свежий и аккуратный вид. Просторная кухня площадью 10 квадратных метров станет отличным местом для семейных обедов и ужинов. Санузел раздельный, а наличие балкона позволяет наслаждаться свежим воздухом и видом на улицу. В квартире также установлены все необходимые инженерные коммуникации.

Дом находится в хорошем состоянии, оборудован двумя пассажирскими и одним грузовым лифтом, есть мусоропровод, что делает жизнь в нем комфортной. Для автомобилистов предусмотрена наземная парковка, поэтому можно легко найти место для машины.

Район с развитой инфраструктурой: в шаговой доступности находятся школы, детские сады, клиники и магазины. Все необходимые объекты для комфортной жизни расположены рядом, что экономит ваше время и силы.

Условия сделки: продажа квартиры осуществляется по договору купли-продажи. Возможна покупка в ипотеку, квартира без обременений. Все документы готовы к сделке.

Приезжайте на просмотр, чтобы лично оценить все преимущества этой квартиры. Записывайтесь на просмотр уже сегодня!",,56.0,13.0,232.1
https://www.cian.ru/sale/flat/296565248/,https://images.cdn-cian.ru/images/kvartira-moskva-ulica-admirala-lazareva-2064035258-4.jpg,,"Москва, ЮЗАО, р-н Южное Бутово, м. Бульвар Адмирала Ушакова, улица Адмирала Лазарева, 26",Пешком,12990000.0,242804.0,2.0,2.0,14.0,53.5,"дом расположен в 10 минутах ходьбы до двух станций метро-""Бульвар Адмирала Ушакова"" и ""Улица Горчакова"",развитая инфраструктура- вокруг школы, детсады, детская и взрослая поликлиники, магазины, банки, торговые центры, спортивный комплекс, парк -прекрасное место для прогулок и отдыха,во дворе благоустроенные спортивная и детская площадки,квартира требует косметического ремонта, окна ПВХ,балкон застеклен,остается кухонный гарнитур, холодильник, большой шкаф в комнате, двуспальная кровать, три взрослых собственника, свободная продажа",,53.5,13.0,242.8
https://www.cian.ru/sale/flat/309710773/,https://images.cdn-cian.ru/images/2351711707-4.jpg,ЖК «Остафьево»,"Москва, НАО (Новомосковский), м. Бульвар Адмирала Ушакова, с. Остафьево, Остафьево ЖК, к22",Транспортом,11102002.0,201965.0,2.0,10.0,14.0,54.97,"Ипотека 5,9% на два года. Продается 2-комн. квартира. Квартира расположена на 10 этаже 14 этажного монолитного дома (Корпус 22, Секция 7) в ЖК ""Остафьево"" от группы ""Самолет"". 

""Остафьево"" — масштабный жилой комплекс в Новой Москве, рядом с одноименным музеем-усадьбой и городским парком ""Барыши"". До станций МЦД ""Щербинка"" и ""Остафьево"" можно добраться на автомобиле за 57 минут.
Часть домов уже сдана, на территории открыты две школы и два детских сада, а в будущем будет построена поликлиника, ТЦ, еще одна школа и четыре детских сада.
Все необходимое рядом: на первых этажах домов работают магазины, аптеки и кафе. 
Дворы — приватные мини-парки без машин и посторонних. Кроме игровых площадок, для детей обустроили тематический плейхаб ""Маяк"". В будущем появятся плейхаб ""Алиса в стране чудес"", арт-объект ""Тропа зеркал"", а также большой ландшафтный парк.
В квартале — монолитные дома комфортной высоты, от 10 этажей. Светлые фасады украшают кирпичные вставки в теплых природных оттенках.
 
Цена динамическая и может отличаться, уточняйте актуальность у застройщика.",,55.0,11.1,202.0
https://www.cian.ru/sale/flat/309532176/,https://images.cdn-cian.ru/images/kvartira-moskva-venevskaya-ulica-2315671283-4.jpg,,"Москва, ЮЗАО, р-н Южное Бутово, м. Бульвар Адмирала Ушакова, Веневская улица, 7",Пешком,13000000.0,254902.0,2.0,11.0,17.0,51.0,"В шаговой доступности от трех станций метро продается светлая двухкомнатная квартира на высоком, видовом этаже. Большая  комната с выходом на застекленный балкон с  красивым видом на окрестности. Комнаты изолированы. Раздельный санузел. Кухня имеет функциональную планировку. Один взрослый собственник, документы в полном порядке и готовы к сделке. Нет задолженностей и обременений. Показ в любое удобное для вас время.
Безопасный спальный район, вся необходимая инфраструктура: детские сады, школы ( в том числе в непосредственной близости один из крупнейших комплексов в Юго-Западном административном округе Москвы, объединивший 12 зданий: 4 школьных и 7 дошкольных отделений и отделение дополнительного образования ГБОУ 1883, в шаговой доступности школа 2007 с углубленным изучением физики и математики, а также 1354 с углубленным изучением английского языка), поликлиники, салоны, банки, есть бассейн в шаговой доступности, спортивные тренажеры, футбольное поле. Для досуга с семьей рядом с домом есть ландшафтный парк с прогулочной зоной, детскими и спортивными площадками. Оперативный показ, быстрый выход на сделку, свободная продажа.",,51.0,13.0,254.9
https://www.cian.ru/sale/flat/312206503/,https://images.cdn-cian.ru/images/kvartira-moskva-ulica-admirala-rudneva-2371170644-4.jpg,,"Москва, ЮЗАО, р-н Южное Бутово, м. Бульвар Адмирала Ушакова, улица Адмирала Руднева, 12",Пешком,12000000.0,230769.0,2.0,1.0,14.0,52.0,"Дом серии гмс2001, потолки 2.85, просторная ванная и санузел. Кухня 12м2, кладовка, комнаты 17 м2 с двумя окнами и 9 м2. Окна на две стороны во двор и на парк с прудами. Два встроенных шкафа-купе в прихожей. Во дворе детсад, рядом школа, до мето 5 минут пешком.  Три взрослых собственника, дкп  2010 года, выписка до сделки, возможна свободная продажа, показ оперативно",,52.0,12.0,230.8
https://www.cian.ru/sale/flat/309186045/,https://images.cdn-cian.ru/images/2350160537-4.jpg,ЖК «Остафьево»,"Москва, НАО (Новомосковский), м. Бульвар Адмирала Ушакова, с. Остафьево, Остафьево ЖК, к17",Транспортом,13220066.0,199067.0,2.0,14.0,14.0,66.41,"Ипотека 5,9% на два года. Продается 2-комн. квартира. Квартира расположена на 14 этаже 14 этажного монолитного дома (Корпус 17, Секция 6) в ЖК ""Остафьево"" от группы ""Самолет"". 

""Остафьево"" — масштабный жилой комплекс в Новой Москве, рядом с одноименным музеем-усадьбой и городским парком ""Барыши"". До станций МЦД ""Щербинка"" и ""Остафьево"" можно добраться на автомобиле за 57 минут.
Часть домов уже сдана, на территории открыты две школы и два детских сада, а в будущем будет построена поликлиника, ТЦ, еще одна школа и четыре детских сада.
Все необходимое рядом: на первых этажах домов работают магазины, аптеки и кафе. 
Дворы — приватные мини-парки без машин и посторонних. Кроме игровых площадок, для детей обустроили тематический плейхаб ""Маяк"". В будущем появятся плейхаб ""Алиса в стране чудес"", арт-объект ""Тропа зеркал"", а также большой ландшафтный парк.
В квартале — монолитные дома комфортной высоты, от 10 этажей. Светлые фасады украшают кирпичные вставки в теплых природных оттенках.
 
Цена динамическая и может отличаться, уточняйте актуальность у застройщика.",,66.4,13.2,199.1
https://www.cian.ru/sale/flat/311281102/,https://images.cdn-cian.ru/images/kvartira-moskva-yuzhnobutovskaya-ulica-2350932144-4.jpg,,"Москва, ЮЗАО, р-н Южное Бутово, м. Бульвар Адмирала Ушакова, Южнобутовская улица, 133",Транспортом,13200000.0,248120.0,2.0,9.0,10.0,53.2,"Продается двухкомнатная квартира с просторными изолированными комнатами!  Отличное расположение дома, из подъезда сразу в парк! Вся инфраструктура в шаговой доступности! Отличная планировка квартиры, функциональная кухня, раздельный сан.узел, шикарный вид на парк!!!
Свободная продажа, документы более 3-х лет в собственности, без залогов и обременений!",,53.2,13.2,248.1
https://www.cian.ru/sale/flat/309888337/,https://images.cdn-cian.ru/images/2323008600-4.jpg,,"Москва, ЮЗАО, р-н Южное Бутово, м. Бульвар Адмирала Ушакова, Веневская улица, 15",Пешком,15000000.0,259516.0,2.0,4.0,17.0,57.8,"Id 25802. В продаже замечательный семейный вариант !
 Двухкомнатная квартира - распашонка в 5 мин ходьбы от метро Бульвар Адмирала Ушакова!

  О квартире :
-Комфортный 4-й этаж ,окна на 2 стороны ,изолированные комнаты,застекленная лоджия ,просторный коридор , кухня 12,9 м2 !!
-раздельный санузел 
-окна стеклопакеты 
- кухня под единой столешницей 

  о Доме :
- дом надежной серии П-44 1994 года постройки
-очень ухоженный подъезд после ремонта с консьержем ! 
- два лифта ( грузовой и пассажирский ) 
- всего 4 квартиры на этаже !

  Инфраструктура: 
- в доме со стороны дороги располагается большой супермаркет Перекресток !
- метро в реальной пешей доступности! 
- все магазины, поликлиники, школы ,пункты вайлдберис и озон , салоны красоты ,кафе и т.д. в соседних домах 
-детский сад во дворе! 
- большие торговые центры рядом 
- парковка  вокруг дома ! 

Опека! Альтернатива подобрана! Полная стоимость в договоре. 
Звоните,пишите,показ оперативный! 
Помощь в одобрении ипотеки по самым выгодным ставкам!",,57.8,15.0,259.5
https://www.cian.ru/sale/flat/311216753/,https://images.cdn-cian.ru/images/2349576613-4.jpg,ЖК «Южные сады»,"Москва, ЮЗАО, р-н Южное Бутово, м. Бульвар Адмирала Ушакова, Южные Сады ЖК, к2.1",Транспортом,14358499.0,353658.0,2.0,6.0,30.0,40.6,"Продается двухкомнатная квартира  87 в новостройке ЖК ""Южные Сады"" по адресу Москва, ЮЗАО, Южное Бутово, Жилой комплекс ""Южные Сады"", корп.2.1. Общая площадь квартиры - 40.60 кв. м., этаж 6 из 30, секция 2. Тип проекта, по которому построен дом - монолит, компания-застройщик - ООО ""А101"". Стоимость квартиры - 14358499 Р. Срок сдачи - 2 квартал 2025. 

ПРЕДЛОЖЕНИЯ ОТ ЗАСТРОЙЩИКА В ЯНВАРЕ 2025:
Акция: скидка до 10% на квартиры только до конца января!
Скидка 5% для семей, ожидающих ребёнка! (Суммируется с другими скидками)
Купи и копи! Ипотека от 1 рубля в месяц - до ввода дома в эксплуатацию!

""Южные сады"" на юго-западе Москвы - это жилой комплекс монолитных домов с авторской архитектурой, холлами в средиземноморском стиле, колясочными, современными лифтами, паркингом и кладовыми. Южную атмосферу в районе создадут:
- перголы с вьющимися растениями, живые изгороди, садовые дорожки
- цветущие, плодовые и вечнозелёные растения
- стилизация под средиземноморский ландшафт
- амфитеатр и игровой кластер со скалодромом.

За безопасность ""отвечают"" закрытые дворы без машин с доступом только для жителей дома, видеонаблюдение, вход по магнитным ключам.
Рядом ландшафтный парк ""Южное Бутово"", Черневские пруды: театры, танцплощадка, крытые беседки, детские и спортивные комплексы, пикниковые зоны, пешеходные дорожки, деревянные настилы.
На первых этажах домов: супермаркеты, кафе, банки, фитнес, пекарни. В пешей доступности - торговые центры, гипермаркет, ФОК, действующая инфраструктура. Для семей с детьми - кружки, секции, детские клубы,центры развития, языковые школы.

Преимущества ""Южных садов"":
- атмосферное ""средиземноморское"" благоустройство
- 3 станции метро: ""Бунинская аллея"", ""Улица Горчакова"", ""Новомосковская"" - в пределах 1,6 км
- в окружении - развитая инфраструктура обжитой локации
- в пешей доступности - Бутовский лесопарк",,40.6,14.4,353.7
https://www.cian.ru/sale/flat/308317425/,https://images.cdn-cian.ru/images/kvartira-moskva-ulica-admirala-lazareva-2290524696-4.jpg,,"Москва, ЮЗАО, р-н Южное Бутово, м. Бульвар Адмирала Ушакова, улица Адмирала Лазарева, 52",Пешком,13000000.0,254902.0,2.0,12.0,12.0,51.0,"Предлагаю Вашему вниманию двухкомнатную квартиру в чистом и спокойном районе Столицы в 7 минутах ходьбы от метро Бунинская аллея.  Общая площадь квартиры составляет 51кв.м.+лоджия, изолированные комнаты (19-11,7)кв.м., площадь кухня 8,3 кв.м., раздельный сан/узел.
Район, в котором расположена квартира, обладает богатой инфраструктурой: в шаговой доступности находятся школы, детские сады, поликлиники, сетевые магазины и торговые центры, а также ландшафтный парк Южное Бутово с живописными прудами, где Вы сможете проводить время на свежем воздухе и заниматься спортом. 
Собственность с 2014г., перепланировок нет. 

Мебель и техника остаются 
Свободная продажа .

Оперативный показ.",,51.0,13.0,254.9
https://www.cian.ru/sale/flat/280523214/,https://images.cdn-cian.ru/images/84/381/341/kvartira-kommunarka-aleksandry-monahovoy-ulica-1431834861-4.jpg,ЖК «Бунинские луга»,"Москва, НАО (Новомосковский), м. Бульвар Адмирала Ушакова, Сосенское поселение, пос. Коммунарка, улица Александры Монаховой, 94к2",Транспортом,13500000.0,232759.0,2.0,3.0,10.0,58.0,"Продается в новом доме просторная, светлая евродвушка в хорошем состоянии.
Одна комната изолирована-13кв.м,в другой комнате24кв.м-3 окна и совмещённая со встроенной кухней.
В каждой комнате кондиционер.Окна во двор.
Рядом современная школа и детский сад.
Два собственника.Альтернатива. Услуги не предлагать.",,58.0,13.5,232.8
https://www.cian.ru/sale/flat/310897110/,https://images.cdn-cian.ru/images/2342817744-4.jpg,ЖК «Южные сады»,"Москва, ЮЗАО, р-н Южное Бутово, м. Бульвар Адмирала Ушакова, Южные Сады ЖК",Транспортом,14037467.0,331855.0,2.0,13.0,22.0,42.3,"Продается двухкомнатная квартира  482 в новостройке ЖК ""Южные Сады"" по адресу Москва, ЮЗАО, Южное Бутово, ул. Бартеневская, д. 16. Общая площадь квартиры - 42.30 кв. м., этаж 13 из 22, секция 5. Тип проекта, по которому построен дом - монолит, компания-застройщик - ООО ""А101"". Стоимость квартиры - 14037467 Р. Срок сдачи - 2 квартал 2027. 

ПРЕДЛОЖЕНИЯ ОТ ЗАСТРОЙЩИКА В ЯНВАРЕ 2025:
Акция: скидка до 10% на квартиры только до конца января!
Скидка 5% для семей, ожидающих ребёнка! (Суммируется с другими скидками)
Купи и копи! Ипотека от 1 рубля в месяц - до ввода дома в эксплуатацию!

""Южные сады"" на юго-западе Москвы - это жилой комплекс монолитных домов с авторской архитектурой, холлами в средиземноморском стиле, колясочными, современными лифтами, паркингом и кладовыми. Южную атмосферу в районе создадут:
- перголы с вьющимися растениями, живые изгороди, садовые дорожки
- цветущие, плодовые и вечнозелёные растения
- стилизация под средиземноморский ландшафт
- амфитеатр и игровой кластер со скалодромом.

За безопасность ""отвечают"" закрытые дворы без машин с доступом только для жителей дома, видеонаблюдение, вход по магнитным ключам.
Рядом ландшафтный парк ""Южное Бутово"", Черневские пруды: театры, танцплощадка, крытые беседки, детские и спортивные комплексы, пикниковые зоны, пешеходные дорожки, деревянные настилы.
На первых этажах домов: супермаркеты, кафе, банки, фитнес, пекарни. В пешей доступности - торговые центры, гипермаркет, ФОК, действующая инфраструктура. Для семей с детьми - кружки, секции, детские клубы,центры развития, языковые школы.

Преимущества ""Южных садов"":
- атмосферное ""средиземноморское"" благоустройство
- 3 станции метро: ""Бунинская аллея"", ""Улица Горчакова"", ""Новомосковская"" - в пределах 1,6 км
- в окружении - развитая инфраструктура обжитой локации
- в пешей доступности - Бутовский лесопарк",,42.3,14.0,331.9
https://www.cian.ru/sale/flat/311475782/,https://images.cdn-cian.ru/images/kvartira-moskva-checherskiy-proezd-2355354390-4.jpg,,"Москва, ЮЗАО, р-н Южное Бутово, м. Бульвар Адмирала Ушакова, проезд Чечерский, 118",Транспортом,12500000.0,227273.0,2.0,4.0,6.0,55.0,"Евгений. Вашему вниманию предлагается двухкомнатная квартира отличной планировки - распашонка (окна выходят на обе стороны дома). Комнаты изолированные. Санузел раздельный. ДВА БАЛКОНА. Стеклопакеты на всех окнах НОВЫЕ! Квартира продается со всей мебелью и бытовой техникой.
Документ-основание: наследство по закону более 4-х лет. Без перепланировок. Обременений нет. СВОБОДНАЯ продажа. Зарегистрирован один взрослый: снимется с регистрационного учета до сделки.
На все дополнительные вопросы с удовольствием отвечу по телефону!",,55.0,12.5,227.3
https://www.cian.ru/sale/flat/308995661/,https://images.cdn-cian.ru/images/kvartira-moskva-izyumskaya-ulica-2304624895-4.jpg,,"Москва, ЮЗАО, р-н Южное Бутово, м. Бульвар Адмирала Ушакова, Изюмская улица, 37к3",Транспортом,13950000.0,273529.0,2.0,2.0,17.0,51.0,"В шаговой доступности от метро  улица Скобелевской Продается светлая, уютная 2-х комнатная квартира общей площадью 51 кв.м.( без учета лоджии - 1.4), с двумя изолированными комнатами 16,3 кв.м. и 12,2 кв.м.(с выходом на застекленную лоджию),  кухней 8.3 кв.м., сан.узлы раздельные, большим коридором  и оборудованной Гардеробной. В квартире сделан качественный ремонт. 

Квартира распашной планировки (окна на обе стороны). Окна НЕ выходят на козырек подъезда. 
Чистый подъезд,  большой, ухоженный  двор с детскими площадками.

Дом расположен в одном из зеленых, обжитых  районов Москвы ЮЗАО, с очень развитой  инфраструктурой в шаговой доступности - школы, д.сады, ТЦ, магазины, поликлиники, банки, аптеки, МФЦ и т.д..  В шаговой доступности  метро Скобелевская,  Д2 Бутово, в ближайшей перспективе выезд на  ЮВХ, МСД,М2, МКАД, Варшавское шоссе, Калужское шоссе и т.д.
Два взрослый собственника, полная стоимость в Договоре, без обременения. Торг возможен.",,51.0,13.9,273.5
https://www.cian.ru/sale/flat/310897453/,https://images.cdn-cian.ru/images/2342779793-4.jpg,ЖК «Южные сады»,"Москва, ЮЗАО, р-н Южное Бутово, м. Бульвар Адмирала Ушакова, Южные Сады ЖК, к2.3",Транспортом,15413942.0,298142.0,2.0,17.0,30.0,51.7,"Продается двухкомнатная квартира  725 в новостройке ЖК ""Южные Сады"" по адресу Москва, ЮЗАО, Южное Бутово, Жилой комплекс ""Южные Сады"", корп.2.3. Общая площадь квартиры - 51.70 кв. м., этаж 17 из 30, секция 6. Тип проекта, по которому построен дом - монолит, компания-застройщик - ООО ""А101"". Стоимость квартиры - 15413942 Р. Срок сдачи - 2 квартал 2025. 

ПРЕДЛОЖЕНИЯ ОТ ЗАСТРОЙЩИКА В ЯНВАРЕ 2025:
Акция: скидка до 10% на квартиры только до конца января!
Скидка 5% для семей, ожидающих ребёнка! (Суммируется с другими скидками)
Купи и копи! Ипотека от 1 рубля в месяц - до ввода дома в эксплуатацию!

""Южные сады"" на юго-западе Москвы - это жилой комплекс монолитных домов с авторской архитектурой, холлами в средиземноморском стиле, колясочными, современными лифтами, паркингом и кладовыми. Южную атмосферу в районе создадут:
- перголы с вьющимися растениями, живые изгороди, садовые дорожки
- цветущие, плодовые и вечнозелёные растения
- стилизация под средиземноморский ландшафт
- амфитеатр и игровой кластер со скалодромом.

За безопасность ""отвечают"" закрытые дворы без машин с доступом только для жителей дома, видеонаблюдение, вход по магнитным ключам.
Рядом ландшафтный парк ""Южное Бутово"", Черневские пруды: театры, танцплощадка, крытые беседки, детские и спортивные комплексы, пикниковые зоны, пешеходные дорожки, деревянные настилы.
На первых этажах домов: супермаркеты, кафе, банки, фитнес, пекарни. В пешей доступности - торговые центры, гипермаркет, ФОК, действующая инфраструктура. Для семей с детьми - кружки, секции, детские клубы,центры развития, языковые школы.

Преимущества ""Южных садов"":
- атмосферное ""средиземноморское"" благоустройство
- 3 станции метро: ""Бунинская аллея"", ""Улица Горчакова"", ""Новомосковская"" - в пределах 1,6 км
- в окружении - развитая инфраструктура обжитой локации
- в пешей доступности - Бутовский лесопарк",,51.7,15.4,298.1
https://www.cian.ru/sale/flat/312086229/,https://images.cdn-cian.ru/images/2368425064-4.jpg,,"Москва, ЮЗАО, р-н Южное Бутово, м. Бульвар Адмирала Ушакова, Южнобутовская улица, 86",Транспортом,12400000.0,251012.0,2.0,1.0,9.0,49.4,"Номер лота: вт-0423318.
Продаётся уютная 2-х комнатная квартира-распашонка с хорошим ремонтом в экологически чистом районе на юге Москвы. Чистый подъезд, хорошие соседи. Благоустроенный двор с детской и спортивной площадками. Всегда есть парковочные места. Пешая доступность до метро. Отличная инфраструктура: школы, д/сады, магазины, поликлиники, аптеки, банки, ТЦ, салоны красоты, конный клуб, бассейн, теннисный корт, шикарный парк с прудом - есть всё необходимое для комфортной жизни! Удобная транспортная доступность: остановки общественного транспорта рядом с домом, выезд на Калужское, Варшавское шоссе и МКАД. 1 взрослый собственник. Свободная продажа. Содействие в получении специальных условий и преференций по ипотеке.",,49.4,12.4,251.0
https://www.cian.ru/sale/flat/312256436/,https://images.cdn-cian.ru/images/2372013241-4.jpg,ЖК «Скандинавия»,"Москва, НАО (Новомосковский), м. Бульвар Адмирала Ушакова, бульвар Скандинавский, 19",Транспортом,18600000.0,275148.0,2.0,5.0,8.0,67.6,"Id 49710. Продаётся просторная двухкомнатная квартира с ремонтом, сделанным под себя, в Жилом комплексе ""Скандинавия"".

Сам комплекс находится в 6,5 км от МКАД на юго-западе. Несмотря на близость к трем станциям метро и трем крупным шоссе, жилые дома защищены от суеты и шума мегаполиса. Бутовский лесопарк и небольшие водоемы создают обособленное пространство для гармоничной жизни и спокойного отдыха в окружении природы.
Микрорайон возводится в уже сложившемся районе Новой Москвы, где для детей уже построены детские сады и школа, а для взрослых работают магазины, банки и кафе.

Транспортная доступность: метро Потапово и метро Бунинская аллея.

Остались вопросы? - Звоните!",,67.6,18.6,275.1
https://www.cian.ru/sale/flat/312106112/,https://images.cdn-cian.ru/images/2368858708-4.jpg,ЖК «Остафьево»,"Москва, НАО (Новомосковский), м. Бульвар Адмирала Ушакова, с. Остафьево, Остафьево ЖК, к19",Транспортом,13396059.0,238279.0,2.0,12.0,14.0,56.22,"Ипотека 5,9% на два года. Продается 2-комн. квартира. Квартира расположена на 12 этаже 14 этажного монолитного дома (Корпус 19, Секция 12) в ЖК ""Остафьево"" от группы ""Самолет"". 

""Остафьево"" — масштабный жилой комплекс в Новой Москве, рядом с одноименным музеем-усадьбой и городским парком ""Барыши"". До станций МЦД ""Щербинка"" и ""Остафьево"" можно добраться на автомобиле за 57 минут.
Часть домов уже сдана, на территории открыты две школы и два детских сада, а в будущем будет построена поликлиника, ТЦ, еще одна школа и четыре детских сада.
Все необходимое рядом: на первых этажах домов работают магазины, аптеки и кафе. 
Дворы — приватные мини-парки без машин и посторонних. Кроме игровых площадок, для детей обустроили тематический плейхаб ""Маяк"". В будущем появятся плейхаб ""Алиса в стране чудес"", арт-объект ""Тропа зеркал"", а также большой ландшафтный парк.
В квартале — монолитные дома комфортной высоты, от 10 этажей. Светлые фасады украшают кирпичные вставки в теплых природных оттенках.
 
Цена динамическая и может отличаться, уточняйте актуальность у застройщика.",,56.2,13.4,238.3
https://www.cian.ru/sale/flat/303875605/,https://images.cdn-cian.ru/images/kvartira-moskva-ulica-admirala-lazareva-2203997464-4.jpg,,"Москва, ЮЗАО, р-н Южное Бутово, м. Бульвар Адмирала Ушакова, улица Адмирала Лазарева, 30",Пешком,13200000.0,247191.0,2.0,8.0,14.0,53.4,"Чистый подъезд, хорошие соседи. Района с высокоразвитой инфраструктурой в шаговой доступности есть все необходимое для комфортного проживания: магазины, в т.ч сетевые, торговые центры, кафе, рестораны, аптеки, во дворе соседнего дома 2 детских сада 5-10 мин. пешком несколько школ, входящих в ТОП-200 лучших московских школ, в 7 мин. пешком - физ-мат. школа 2007 (ТОП-20 лучших школ Москвы), спортивные школа фитнес клубы, бассейн. Для прогулок Ландшафтный парк Южное Бутово с прудами велодорожками, оборудованными зонами отдыха.                        Основание права собственности Договор купли-продажи, более 5 лет, 2 взрослый собственника, есть вся история квартиры. Легкая альтернатива. Оперативный показ, быстрый выход на сделку.  Торг уместен!",,53.4,13.2,247.2
https://www.cian.ru/sale/flat/306940004/,https://images.cdn-cian.ru/images/kvartira-moskva-skobelevskaya-ulica-2260502315-4.jpg,,"Москва, ЮЗАО, р-н Южное Бутово, м. Бульвар Адмирала Ушакова, Скобелевская улица, 8",Пешком,13900000.0,239655.0,2.0,3.0,17.0,58.0,"Продаётся 2 комнатная квартира.  Удачная планировка : комнаты изолированные, распашонка. Комнаты 18 кв.м и 14 кв.м. Лоджия застекленная. Большой тамбур, чистый подъезд. Уютный зелёный двор, детские и спортивные площадки. Отличная инфраструктура: школы,детские сады, фитнес клубы,бассейн. В пешей доступности лесопарковая зона.",,58.0,13.9,239.7
https://www.cian.ru/sale/flat/312256488/,https://images.cdn-cian.ru/images/2372015469-4.jpg,ЖК «Остафьево»,"Москва, НАО (Новомосковский), м. Бульвар Адмирала Ушакова, с. Остафьево, Остафьево ЖК, к14",Транспортом,12004791.0,228228.0,2.0,5.0,14.0,52.6,"Ипотека 5,9% на два года. Продается 2-комн. квартира. Квартира расположена на 5 этаже 14 этажного монолитного дома (Корпус 14, Секция 1) в ЖК ""Остафьево"" от группы ""Самолет"". 

""Остафьево"" — масштабный жилой комплекс в Новой Москве, рядом с одноименным музеем-усадьбой и городским парком ""Барыши"". До станций МЦД ""Щербинка"" и ""Остафьево"" можно добраться на автомобиле за 57 минут.
Часть домов уже сдана, на территории открыты две школы и два детских сада, а в будущем будет построена поликлиника, ТЦ, еще одна школа и четыре детских сада.
Все необходимое рядом: на первых этажах домов работают магазины, аптеки и кафе. 
Дворы — приватные мини-парки без машин и посторонних. Кроме игровых площадок, для детей обустроили тематический плейхаб ""Маяк"". В будущем появятся плейхаб ""Алиса в стране чудес"", арт-объект ""Тропа зеркал"", а также большой ландшафтный парк.
В квартале — монолитные дома комфортной высоты, от 10 этажей. Светлые фасады украшают кирпичные вставки в теплых природных оттенках.
 
Цена динамическая и может отличаться, уточняйте актуальность у застройщика.",,52.6,12.0,228.2
https://www.cian.ru/sale/flat/309733888/,https://images.cdn-cian.ru/images/kvartira-moskva-ulica-akademika-semenova-2319713708-4.jpg,,"Москва, ЮЗАО, р-н Южное Бутово, м. Бульвар Адмирала Ушакова, улица Академика Семенова, 15",Транспортом,13100000.0,260437.0,2.0,9.0,9.0,50.3,"Уютная двухкомнатная квартира-распашёнка с большой лоджией, с ремонтом, готовая к проживанию или сдаче в аренду. 10 минут пешком до станции метро Бунинская аллея, 25 минут пешком до станции метро Потапово. Вся инфраструктура обжитого района. 5 минут пешком до ландшафтного парка Южное Бутово. Свободная продажа!",,50.3,13.1,260.4
https://www.cian.ru/sale/flat/311481842/,https://images.cdn-cian.ru/images/2360240164-4.jpg,ЖК «Бунинские луга»,"Москва, НАО (Новомосковский), м. Бульвар Адмирала Ушакова, Сосенское поселение, пос. Коммунарка, улица Александры Монаховой, 94к5",Транспортом,13900000.0,239655.0,2.0,17.0,18.0,58.0,"Номер в базе: 3896148. С нами ипотека 14,99%!

ЖК Бунинские луга, прописка Москва. 
В продаже новая полноценная 2-хкомнатная квартирa (2 спальни) с ремонтом общей площадью  58 кв.м, жилая площадь 26.67 кв.м, площадь кухни — 11.2 кв.м., лоджия 4.26 кв.м.
Санузел раздельный.
Расположена на 17/18 этаже.
Окна выходят на улицу и во двор, что обеспечивает  наличие солнечного света весь день.Также с окон видно школу

ГЛАВНЫМ ПРЕИМУЩЕСТВОМ КВАРТИРЫ ЯВЛЯЕТСЯ НАЛИЧИЕ ЛОДЖИИ.

Квартира с современным  ремонтом, полностью готова к проживанию и не требует финансовых вложений, ранее не сдавалась в аренду.

Развитaя инфрacтруктура pайона - детcкий caд и школа во дворе, дeтcкая поликлиникa в шаговой доступности, нa первых этaжax жилого комплекса мaгaзины, кафe, дeтcкие рaзвивающие цeнтры. Автобусная остановка у дома!

До станции м. Потапово (красная ветка) 10 минут пешком или 1 остановка на транспорте, м. Бунинская аллея 20 мин спокойным шагом, 2 остановки транспортом, до МЦД-2 Щербинка 20 мин. 
Рядом зелёные парковые зоны, у метро Бунинская аллея Ландшафтный парк ""Южное Бутово"", идеально для прогулок и занятий  спортом.

О СДЕЛКЕ:
-документы готовы
-полная стоимость в ДКП
-в собственности более 5 лет
-квартира приобреталась по ДДУ со 100% оплатой
-1 взрослый собственник
-материнский капитал не использовался
-возможна ипотека
-свободная продажа
Гарантия юридической чистоты сделки! 


 

Код пользователя: 157432",,58.0,13.9,239.7
https://www.cian.ru/sale/flat/312256509/,https://images.cdn-cian.ru/images/2372015701-4.jpg,ЖК «Остафьево»,"Москва, НАО (Новомосковский), м. Бульвар Адмирала Ушакова, с. Остафьево, Остафьево ЖК, к13",Транспортом,14534418.0,247184.0,2.0,8.0,14.0,58.8,"Ипотека 5,9% на два года. Продается 2-комн. квартира. Квартира расположена на 8 этаже 14 этажного монолитного дома (Корпус 13, Секция 3) в ЖК ""Остафьево"" от группы ""Самолет"". 

""Остафьево"" — масштабный жилой комплекс в Новой Москве, рядом с одноименным музеем-усадьбой и городским парком ""Барыши"". До станций МЦД ""Щербинка"" и ""Остафьево"" можно добраться на автомобиле за 57 минут.
Часть домов уже сдана, на территории открыты две школы и два детских сада, а в будущем будет построена поликлиника, ТЦ, еще одна школа и четыре детских сада.
Все необходимое рядом: на первых этажах домов работают магазины, аптеки и кафе. 
Дворы — приватные мини-парки без машин и посторонних. Кроме игровых площадок, для детей обустроили тематический плейхаб ""Маяк"". В будущем появятся плейхаб ""Алиса в стране чудес"", арт-объект ""Тропа зеркал"", а также большой ландшафтный парк.
В квартале — монолитные дома комфортной высоты, от 10 этажей. Светлые фасады украшают кирпичные вставки в теплых природных оттенках.
 
Цена динамическая и может отличаться, уточняйте актуальность у застройщика.",,58.8,14.5,247.2
https://www.cian.ru/sale/flat/308588162/,https://images.cdn-cian.ru/images/kvartira-moskva-ulica-akademika-pontryagina-2296651799-4.jpg,,"Москва, ЮЗАО, р-н Южное Бутово, м. Бульвар Адмирала Ушакова, улица Академика Понтрягина, 25",Транспортом,13800000.0,235495.0,2.0,6.0,12.0,58.6,"Просторная, светлая квартира с удобной планировкой- большая кухня с эркером, два балкона, эркер в комнате, распашонка. Дом 2006 года постройки, хорошие соседи, хороший район, развитая инфраструктура. Рядом с домом магазины, аптека, школа, д/сад, ландшафтный парк Южное Бутово, Черневский пруд. Два взрослый собственника с 2007 года. Квартира без обременений, без перепланировок и долгов. Ипотека приветствуется. Свободная продажа. Помощь в получении ипотеки. Содействие в получении специальных условий и преференций по ипотеке.",,58.6,13.8,235.5
https://www.cian.ru/sale/flat/311207789/,https://images.cdn-cian.ru/images/kvartira-moskva-ulica-admirala-lazareva-2349427042-4.jpg,,"Москва, ЮЗАО, р-н Южное Бутово, м. Бульвар Адмирала Ушакова, улица Адмирала Лазарева, 22",Пешком,13900000.0,259328.0,2.0,5.0,14.0,53.6,"Эксклюзив!!!

Продам Двухкомнaтную квартиpу 53.6 м2+ 2.2 м2(балкон).

Моcква, ул. Адмирала Лазарева дoм 22.

Квартирa раcпoлoжeнa на 5 этaже 14 этажного пaнельнoго домa (П-3М 2001 г.п.).

Кваpтирa состоит из:

- комнaты 17.9 м2+14.4 м2

- кухня 9.2 м2

- caнузел с ванной раздельные

- балкон 2.2 м2

Чистый пoдъeзд, 2 лифтa, oдин лифт (гpузовой).

Альтернатива на 3-х комнатную в Этом районе.

1 взрослый собственник, 1/2 Приватизация 2013г+1/2 Наследство от мамы 2022 г.

Перепланировок и обременений нет.

Полная стоимость в ДКП.

Добро пожаловать на просмотр.

Показы по предварительной договорённости.",,53.6,13.9,259.3
https://www.cian.ru/sale/flat/312256518/,https://images.cdn-cian.ru/images/2372015805-4.jpg,ЖК «Остафьево»,"Москва, НАО (Новомосковский), м. Бульвар Адмирала Ушакова, с. Остафьево, Остафьево ЖК, к13",Транспортом,12115818.0,208893.0,2.0,14.0,14.0,58.0,"Ипотека 5,9% на два года. Продается 2-комн. квартира. Квартира расположена на 14 этаже 14 этажного монолитного дома (Корпус 13, Секция 3) в ЖК ""Остафьево"" от группы ""Самолет"". 

""Остафьево"" — масштабный жилой комплекс в Новой Москве, рядом с одноименным музеем-усадьбой и городским парком ""Барыши"". До станций МЦД ""Щербинка"" и ""Остафьево"" можно добраться на автомобиле за 57 минут.
Часть домов уже сдана, на территории открыты две школы и два детских сада, а в будущем будет построена поликлиника, ТЦ, еще одна школа и четыре детских сада.
Все необходимое рядом: на первых этажах домов работают магазины, аптеки и кафе. 
Дворы — приватные мини-парки без машин и посторонних. Кроме игровых площадок, для детей обустроили тематический плейхаб ""Маяк"". В будущем появятся плейхаб ""Алиса в стране чудес"", арт-объект ""Тропа зеркал"", а также большой ландшафтный парк.
В квартале — монолитные дома комфортной высоты, от 10 этажей. Светлые фасады украшают кирпичные вставки в теплых природных оттенках.
 
Цена динамическая и может отличаться, уточняйте актуальность у застройщика.",,58.0,12.1,208.9
https://www.cian.ru/sale/flat/309397282/,https://images.cdn-cian.ru/images/kvartira-moskva-bartenevskaya-ulica-2368683960-4.jpg,,"Москва, ЮЗАО, р-н Южное Бутово, м. Бульвар Адмирала Ушакова, Бартеневская улица, 9",Пешком,13900000.0,260788.0,2.0,12.0,14.0,53.3,"Продается просторная полностью меблированная 2х-комнатная квартира в прекрасном районе Южное Бутово. Идеально как для пары, так и для семьи с детьми, школа у дома. Подойдет как для проживания, так и для сдачи в аренду.

В квартире сделан качественный ремонт, идеально ровный основательный пол. Просторная кухня оснащена всей необходимой мебелью и техникой ведущих марок. В квартире много мест для хранения, имеется большой шкаф-купе и встроенная зона под кладовку. 2 кондиционера. Раздельный санузел, застекленная лоджия. Отличный вид из окна. Обе комнаты изолированные и просторные. Большой коридор. В большой комнате хороший новый раскладной диван. 

Квартира уютная и очень теплая. Хорошие соседи, ухоженный двор и входная группа. Вокруг много зелени. Всегда есть парковочные места рядом с домом.

Дом расположен в Южном Бутово - в обжитом районе с благоприятной экологической обстановкой, развитой инфраструктурой и отличной транспортной доступностью. В пешей доступности всё, что нужно для комфортной жизни: объекты социальной инфраструктуры (школа, детский сад, поликлиника и др.), сетевые продуктовые магазины, неподалеку лесной массив для прогулок и очень красивый Ландшафтный парк Южное Бутово с ухоженной территорией, прогулочными и велосипедными дорожками, детскими площадками, красивыми пространствами для активного спорта и отдыха. 
Южное Бутово это отличный выбор для покупки недвижимости!

До ст.м. Бульвар Адмирала Ушакова 10 минут пешком. Рядом остановки общественного транспорта в разные направления. Удобное транспортное сообщение в сторону МКАД, а так же Коммунарки.

1 взрослый собственник, полная стоимость в ДКП, свободная продажа, оперативные показы. Звоните, уважаемые покупатели и коллеги!",,53.3,13.9,260.8
https://www.cian.ru/sale/flat/312213327/,https://images.cdn-cian.ru/images/2371327350-4.jpg,,"Москва, ЮЗАО, р-н Южное Бутово, м. Бульвар Адмирала Ушакова, улица Адмирала Лазарева, 39",Пешком,14600000.0,235484.0,2.0,6.0,14.0,62.0,"Пpодаeтcя cветлaя, уютная 2-х комнатнaя кваpтирa в 14-ти- этажном панeльном домe 2003 гoдa пocтpойки, в районe Южнoe Бутово гоpoдa Mocквы. Oкнa на две cтоpоны. B квартиpе тpи лoджии, oгромная лоджия, площадью без кoэффициeнтa 7 кв.м . Tакжe имeется ещё двe лоджии. Лoджии заcтeклeны, cтeклoпакeты, нa oкнаx cтеклопакеты. Отличный панорамный вид из окон. Большая кухня - 11 кв.м, комнаты изолированные-17,2 и 12,4 кв.м. Остаются два шкафа с зеркалом, встроенная кухня, остальная мебель по договоренности.

Чистый подъезд, консьерж, видеонаблюдение.

До метро Улица Горчакова 8 минут пешком. Очень зелёный район, рядом парк, сквер, пруд.. Дорога до метро проходит через ландшафтный парк. Высокоразвитая инфраструктура района, рядом детский сад, школа, много магазинов, фитнес центр. Более пяти лет в собственности. Альтернатива подобрана. Без обременений. Ипотека приветствуется. ТОРГ. ЦЕНА ОБСУЖДАЕТСЯ.",,62.0,14.6,235.5
https://www.cian.ru/sale/flat/312256545/,https://images.cdn-cian.ru/images/2372016234-4.jpg,ЖК «Остафьево»,"Москва, НАО (Новомосковский), м. Бульвар Адмирала Ушакова, с. Остафьево, Остафьево ЖК, к20",Транспортом,9634549.0,181647.0,2.0,14.0,14.0,53.04,"Ипотека 5,9% на два года. Продается 2-комн. квартира. Квартира расположена на 14 этаже 14 этажного монолитно-кирпичного дома (Корпус 20, Секция 7) в ЖК ""Остафьево"" от группы ""Самолет"". 

""Остафьево"" — масштабный жилой комплекс в Новой Москве, рядом с одноименным музеем-усадьбой и городским парком ""Барыши"". До станций МЦД ""Щербинка"" и ""Остафьево"" можно добраться на автомобиле за 57 минут.
Часть домов уже сдана, на территории открыты две школы и два детских сада, а в будущем будет построена поликлиника, ТЦ, еще одна школа и четыре детских сада.
Все необходимое рядом: на первых этажах домов работают магазины, аптеки и кафе. 
Дворы — приватные мини-парки без машин и посторонних. Кроме игровых площадок, для детей обустроили тематический плейхаб ""Маяк"". В будущем появятся плейхаб ""Алиса в стране чудес"", арт-объект ""Тропа зеркал"", а также большой ландшафтный парк.
В квартале — монолитные дома комфортной высоты, от 10 этажей. Светлые фасады украшают кирпичные вставки в теплых природных оттенках.
 
Цена динамическая и может отличаться, уточняйте актуальность у застройщика.",,53.0,9.6,181.6
https://www.cian.ru/sale/flat/310552983/,https://images.cdn-cian.ru/images/kvartira-moskva-yuzhnobutovskaya-ulica-2335535366-4.jpg,,"Москва, ЮЗАО, р-н Южное Бутово, м. Бульвар Адмирала Ушакова, Южнобутовская улица, 77",Транспортом,23800000.0,369565.0,2.0,9.0,17.0,64.4,"Будите жить в счастливой квартире,  для вас  Ключи у меня звоните! Оперативный просмотр! КВАРТИРА С ШИКАРНЫМ ВИДОМ, !!  Собственность. СВОБОДНАЯ ПРОДАЖА, Потрясающие архитектурное решение, изолированные комнаты, ЛУЧШЕЕ ПРЕДЛОЖЕНИЕ В РАЙОНЕ. ОТЛИЧНЫЙ ВИД ИЗ ОКОН. Удобное расположение квартиры в комплексе и по сторонам света. Закрытая охраняемая, огороженная территория. Подземный паркинг. Собственная инфраструктура. Звоните!!",,64.4,23.8,369.6
https://www.cian.ru/sale/flat/306368899/,https://images.cdn-cian.ru/images/kvartira-moskva-izyumskaya-ulica-2250484190-4.jpg,,"Москва, ЮЗАО, р-н Южное Бутово, м. Бульвар Адмирала Ушакова, Изюмская улица, 43к1",Транспортом,13500000.0,240214.0,2.0,7.0,14.0,56.2,"Просторная 2-комнатная квартира 56 кв м в Зеленом Бутово.  Распашная планировка, окна выходят на юг и север, такие квартиры хорошо проветриваются, просторны, более удобны и пользуются наибольшим спросом. Планировка: Кухня 11 кв м, с выходом на балкон. Две комнаты, разнесенные на разные стороны квартиры и не имеющие общих стенок 16,2 и 12,2 кв м. Рядом школа, детский сад, и лесопарк. Рядом метро скобелевская.",,56.2,13.5,240.2
https://www.cian.ru/sale/flat/310975014/,https://images.cdn-cian.ru/images/2352786679-4.jpg,ЖК «Остафьево»,"Москва, НАО (Новомосковский), м. Бульвар Адмирала Ушакова, с. Остафьево, Остафьево ЖК, к13",Транспортом,13276359.0,254336.0,2.0,5.0,14.0,52.2,"Ипотека 5,9% на два года. Продается 2-комн. квартира. Квартира расположена на 5 этаже 14 этажного монолитного дома (Корпус 13, Секция 5) в ЖК ""Остафьево"" от группы ""Самолет"". 

""Остафьево"" — масштабный жилой комплекс в Новой Москве, рядом с одноименным музеем-усадьбой и городским парком ""Барыши"". До станций МЦД ""Щербинка"" и ""Остафьево"" можно добраться на автомобиле за 57 минут.
Часть домов уже сдана, на территории открыты две школы и два детских сада, а в будущем будет построена поликлиника, ТЦ, еще одна школа и четыре детских сада.
Все необходимое рядом: на первых этажах домов работают магазины, аптеки и кафе. 
Дворы — приватные мини-парки без машин и посторонних. Кроме игровых площадок, для детей обустроили тематический плейхаб ""Маяк"". В будущем появятся плейхаб ""Алиса в стране чудес"", арт-объект ""Тропа зеркал"", а также большой ландшафтный парк.
В квартале — монолитные дома комфортной высоты, от 10 этажей. Светлые фасады украшают кирпичные вставки в теплых природных оттенках.
 
Цена динамическая и может отличаться, уточняйте актуальность у застройщика.",,52.2,13.3,254.3
https://www.cian.ru/sale/flat/304481393/,https://images.cdn-cian.ru/images/kvartira-moskva-yuzhnobutovskaya-ulica-2215281709-4.jpg,,"Москва, ЮЗАО, р-н Южное Бутово, м. Бульвар Адмирала Ушакова, Южнобутовская улица, 56К2",Пешком,19999000.0,307677.0,2.0,2.0,5.0,65.0,"Продается современная двухкомнатная квартира студия с дизайнрским ремонтом.В квартире поменяно все!!!Электрика, сантехника, вся инжинерка,окна,батареи.Стены  выровнены под уровень 90 градусов. На полу сделана стяжка.Встроенная кухня  с техникой. Дорогие, сделанные на заказ шкафы в гостинной и спальне в одном стиле с кухней.  Кухня и гостинная объединены в единое пространство. В санузле установлена душевая кабина и ванная. Лоджии утеплены и застеклены стеклопакетами. Окна выходят во двор. Чистый дом и подъезд.   Дом стоит в парке и примыкает к благоустроенному парку с прудами. В парке в 2018 году была произведена полная реконструкция. Развитая инфраструктура района.Рядом школы,детские сады,магазины,кафе.",,65.0,20.0,307.7
https://www.cian.ru/sale/flat/311853837/,https://images.cdn-cian.ru/images/kvartira-moskva-ulica-admirala-lazareva-2363099580-4.jpg,,"Москва, ЮЗАО, р-н Южное Бутово, м. Бульвар Адмирала Ушакова, улица Адмирала Лазарева, 19к1",Пешком,21000000.0,347682.0,2.0,6.0,16.0,60.4,"Пожалуйста пишите сообщения, на звонки отвечаю редко. 
Продается уютная двухкомнатная квартира в Москве, на улице Адмирала Лазарева, 19к1. Общая площадь квартиры составляет 60.4 кв. м, расположена на 6 этаже 16-этажного панельного дома, построенного в 2003 году. Высокие потолки 2.9 метра создают ощущение простора. Просторная кухня площадью 12 кв. м позволит с комфортом готовить и принимать гостей.

В квартире выполнен качественный евроремонт, поэтому здесь можно сразу жить без дополнительных вложений. Комнаты светлые и уютные, окна выходят как на улицу, так и во двор, поэтому всегда есть возможность насладиться тишиной или городской жизнью. В квартире есть один балкон, где можно устроить зону отдыха. Санузел раздельный, что добавляет комфорта для семьи.

Дом находится в хорошем состоянии, оборудован пассажирским и грузовым лифтами, есть мусоропровод, поэтому можно не беспокоиться о бытовых мелочах. Двор ухоженный, с детской площадкой и зелеными зонами. Парковка возле дома позволит всегда найти место для автомобиля.

Район обладает развитой инфраструктурой: в шаговой доступности расположены школы, детские сады, клиники и магазины. До метро Бульвар Адмирала Ушакова всего 8 минут пешком, поэтому добираться до центра города будет удобно и быстро.

Условия сделки прозрачные, возможна ипотека. Квартира без обременений, поэтому оформление пройдет без задержек. Продается от собственника. Есть свой риэлтор, обращайтесь пожалуйста с конкретными клиентами. 

Приходите на просмотр, чтобы убедиться в достоинствах этой квартиры. Записывайтесь заранее, чтобы выбрать удобное время. Мы будем рады показать вам ваш будущий дом!",,60.4,21.0,347.7
https://www.cian.ru/sale/flat/309186058/,https://images.cdn-cian.ru/images/2350162080-4.jpg,ЖК «Остафьево»,"Москва, НАО (Новомосковский), м. Бульвар Адмирала Ушакова, с. Остафьево, Остафьево ЖК, к17",Транспортом,14839102.0,271331.0,2.0,14.0,14.0,54.69,"Ипотека 5,9% на два года. Продается 2-комн. квартира. Квартира расположена на 14 этаже 14 этажного монолитного дома (Корпус 17, Секция 4) в ЖК ""Остафьево"" от группы ""Самолет"". 

""Остафьево"" — масштабный жилой комплекс в Новой Москве, рядом с одноименным музеем-усадьбой и городским парком ""Барыши"". До станций МЦД ""Щербинка"" и ""Остафьево"" можно добраться на автомобиле за 57 минут.
Часть домов уже сдана, на территории открыты две школы и два детских сада, а в будущем будет построена поликлиника, ТЦ, еще одна школа и четыре детских сада.
Все необходимое рядом: на первых этажах домов работают магазины, аптеки и кафе. 
Дворы — приватные мини-парки без машин и посторонних. Кроме игровых площадок, для детей обустроили тематический плейхаб ""Маяк"". В будущем появятся плейхаб ""Алиса в стране чудес"", арт-объект ""Тропа зеркал"", а также большой ландшафтный парк.
В квартале — монолитные дома комфортной высоты, от 10 этажей. Светлые фасады украшают кирпичные вставки в теплых природных оттенках.
 
Цена динамическая и может отличаться, уточняйте актуальность у застройщика.",,54.7,14.8,271.3
https://www.cian.ru/sale/flat/311657874/,https://images.cdn-cian.ru/images/2359320444-4.jpg,,"Москва, НАО (Новомосковский), м. Бульвар Адмирала Ушакова, Сосенское поселение, Скандинавия ЖК, улица Эдварда Грига, 17",Транспортом,13490000.0,355000.0,2.0,6.0,16.0,38.0,"Номер в базе: 647134. О квартире:
Квартира с двумя изолированными комнатами и дизайнерским ремонтом, полностью укомплектована мебелью. В квартире никто не проживал. Высота потолков 3 метра, высота дверей 2м 30см. Комнаты изолированы.
Дом - бизнес класса. Двор без машин, имеется подземный паркинг.

Об инфраструктуре:
Находится в экологически чистом, с развитой инфраструктурой, районе (школы, сады, супермаркеты в пешей доступности).
Район, в котором находится квартира, окружен Битцевским парком.
Ближайшие станции метро - Бульвар Адмирала Ушакова, Бунинская Аллея. В 2023 году в пешей доступности будет открыта еще одна станция метро Потапово.

О документах:
1 собственник, обременений нет.

Звоните!
Код пользователя: 99310",,38.0,13.5,355.0
https://www.cian.ru/sale/flat/310937508/,https://images.cdn-cian.ru/images/kvartira-moskva-skandinavskiy-bulvar-2343491837-4.jpg,ЖК «Скандинавия»,"Москва, НАО (Новомосковский), м. Бульвар Адмирала Ушакова, бульвар Скандинавский, 23к1",Транспортом,17500000.0,305410.0,2.0,5.0,12.0,57.3,"Продаю светлую просторную 2-х комнатную квартиру с новым дизайнерским ремонтом. Распашонка. Комната 17 метров выходит на внутренний двор, комната 15 и кухня 10 метров  с лоджией 5 метров, на Бутовский лесопарк. В стоимость входит  кухня со встроенной техникой: холодильником,  посудомоечной машинкой, духовкой, варочной, многофункциональной СВЧ, вытяжкой. Вся техника Hansa. На стенах декоративная штукатурка: жидкий шёлк в комнатах, лючитеца в кухне и коридоре. Полы в кухне, санузле и коридоре с подогревом. Потолки гипсокартон. Огороженная, закрытая, охраняемая территория. Во дворе дома школа и детский сад. Покупали у застройщика. 1 взрослый собственник. Свободная продажа. Без обременений и зарегистрированных. Полная стоимость в договоре купли-продажи. В 10 минутах пешком от дома метро Потапово(Новомосковская). Рядом вход в Бутовский лесопарк.",,57.3,17.5,305.4
https://www.cian.ru/sale/flat/310897104/,https://images.cdn-cian.ru/images/2342816776-4.jpg,ЖК «Южные сады»,"Москва, ЮЗАО, р-н Южное Бутово, м. Бульвар Адмирала Ушакова, Южные Сады ЖК",Транспортом,12849382.0,353005.0,2.0,30.0,30.0,36.4,"Продается двухкомнатная квартира  412 в новостройке ЖК ""Южные Сады"" по адресу Москва, ЮЗАО, Южное Бутово, ул. Бартеневская, д. 16. Общая площадь квартиры - 36.40 кв. м., этаж 30 из 30, секция 4. Тип проекта, по которому построен дом - монолит, компания-застройщик - ООО ""А101"". Стоимость квартиры - 12849382 Р. Срок сдачи - 2 квартал 2027. 

ПРЕДЛОЖЕНИЯ ОТ ЗАСТРОЙЩИКА В ЯНВАРЕ 2025:
Акция: скидка до 10% на квартиры только до конца января!
Скидка 5% для семей, ожидающих ребёнка! (Суммируется с другими скидками)
Купи и копи! Ипотека от 1 рубля в месяц - до ввода дома в эксплуатацию!

""Южные сады"" на юго-западе Москвы - это жилой комплекс монолитных домов с авторской архитектурой, холлами в средиземноморском стиле, колясочными, современными лифтами, паркингом и кладовыми. Южную атмосферу в районе создадут:
- перголы с вьющимися растениями, живые изгороди, садовые дорожки
- цветущие, плодовые и вечнозелёные растения
- стилизация под средиземноморский ландшафт
- амфитеатр и игровой кластер со скалодромом.

За безопасность ""отвечают"" закрытые дворы без машин с доступом только для жителей дома, видеонаблюдение, вход по магнитным ключам.
Рядом ландшафтный парк ""Южное Бутово"", Черневские пруды: театры, танцплощадка, крытые беседки, детские и спортивные комплексы, пикниковые зоны, пешеходные дорожки, деревянные настилы.
На первых этажах домов: супермаркеты, кафе, банки, фитнес, пекарни. В пешей доступности - торговые центры, гипермаркет, ФОК, действующая инфраструктура. Для семей с детьми - кружки, секции, детские клубы,центры развития, языковые школы.

Преимущества ""Южных садов"":
- атмосферное ""средиземноморское"" благоустройство
- 3 станции метро: ""Бунинская аллея"", ""Улица Горчакова"", ""Новомосковская"" - в пределах 1,6 км
- в окружении - развитая инфраструктура обжитой локации
- в пешей доступности - Бутовский лесопарк",,36.4,12.8,353.0
https://www.cian.ru/sale/flat/300565562/,https://images.cdn-cian.ru/images/kvartira-moskva-yuzhnobutovskaya-ulica-2142538235-4.jpg,,"Москва, ЮЗАО, р-н Южное Бутово, м. Бульвар Адмирала Ушакова, Южнобутовская улица, 29",Пешком,13400000.0,231434.0,2.0,8.0,10.0,57.9,Просторная двухкомнатная квартира с окнами на две стороны. Свободная продажа. Под ремонт.,,57.9,13.4,231.4
https://www.cian.ru/sale/flat/310163584/,https://images.cdn-cian.ru/images/2327940235-4.jpg,,"Москва, НАО (Новомосковский), м. Бульвар Адмирала Ушакова, проезд Чечерский, 122к1",Транспортом,13600000.0,236522.0,2.0,14.0,17.0,57.5,"Код объекта: 1311218.
 Светлая, теплая квартира с хорошим ремонтом и изолированными комнатами. Окна на две стороны, великолепный панорамный вид из окна! Встроенная кухонная мебель, техника и бойлер в санузле остаются в подарок покупателю!
  Развитая инфраструктура района, школа, детский сад, торговый центр рядом, множество объектов сферы обслуживания в первом нежилом этаже дома.
  Пешая доступность до станции метро Бунинская Аллея, автобусом можно доехать до станций метро Улица Горчакова, Ольховая, станции МЦД Щербинка.
  Продает первый собственник квартиры, более 5 лет назад покупал у застройщика, в квартире никто не зарегистрирован! Правовой сертификат от компании Миэль!",,57.5,13.6,236.5
https://www.cian.ru/sale/flat/311638914/,https://images.cdn-cian.ru/images/2358954047-4.jpg,ЖК «Остафьево»,"Москва, НАО (Новомосковский), м. Бульвар Адмирала Ушакова, с. Остафьево, Остафьево ЖК, к17",Транспортом,14679038.0,245059.0,2.0,7.0,14.0,59.9,"Ипотека 5,9% на два года. Продается 2-комн. квартира. Квартира расположена на 7 этаже 14 этажного монолитного дома (Корпус 17, Секция 2) в ЖК ""Остафьево"" от группы ""Самолет"". 

""Остафьево"" — масштабный жилой комплекс в Новой Москве, рядом с одноименным музеем-усадьбой и городским парком ""Барыши"". До станций МЦД ""Щербинка"" и ""Остафьево"" можно добраться на автомобиле за 57 минут.
Часть домов уже сдана, на территории открыты две школы и два детских сада, а в будущем будет построена поликлиника, ТЦ, еще одна школа и четыре детских сада.
Все необходимое рядом: на первых этажах домов работают магазины, аптеки и кафе. 
Дворы — приватные мини-парки без машин и посторонних. Кроме игровых площадок, для детей обустроили тематический плейхаб ""Маяк"". В будущем появятся плейхаб ""Алиса в стране чудес"", арт-объект ""Тропа зеркал"", а также большой ландшафтный парк.
В квартале — монолитные дома комфортной высоты, от 10 этажей. Светлые фасады украшают кирпичные вставки в теплых природных оттенках.
 
Цена динамическая и может отличаться, уточняйте актуальность у застройщика.",,59.9,14.7,245.1
https://www.cian.ru/sale/flat/309046371/,https://images.cdn-cian.ru/images/kvartira-moskva-checherskiy-proezd-2306146839-4.jpg,,"Москва, НАО (Новомосковский), м. Бульвар Адмирала Ушакова, проезд Чечерский, 126к1",Транспортом,13500000.0,241071.0,2.0,3.0,16.0,56.0,"Продается уютная двухкомнатная квартира в тихом, зелёном районе Москвы по адресу ул. Чечерский пр. д. 126, корп. 1. Квартира расположена на 3 этаже 16 этажного панельного дома, общая площадь 56,7 кв.м., большая комната 18 кв.м., маленькая 11 кв.м. кухня 11 кв.м, выход на балкон из кухни, гардеробная. Планировка распашонка окна выходят на 2 стороны. Состояние квартиры хорошее,жилое.
 ДОКУМЕНТЫ:
 1 взрослый собственник,  полная стоимость . Обременений, долгов по квартире нет. Квартира подходит под ипотеку любого банка.
 ИНФРАСТРУКТУРА:
 - Школа и детский сад;
 - Поликлиника;
 - ТЦ Бутово Молл
 - Фитнесс СССР
 - Множество магазинов, кафе, медицинские центры;
 - В шаговой доступности парк Южное Бутово, с каскадами прудов;
 - До МКАД 10 км, до Варшавского ш. 6 км, до Калужского ш. 8 км;
 - До ближайшей станции метро Бунинская аллея 15 минут пешком. Разумный торг обсуждается.",,56.0,13.5,241.1
https://www.cian.ru/sale/flat/311975176/,https://images.cdn-cian.ru/images/kvartira-moskva-checherskiy-proezd-2366030744-4.jpg,,"Москва, ЮЗАО, р-н Южное Бутово, м. Бульвар Адмирала Ушакова, проезд Чечерский, 2",Пешком,13500000.0,270000.0,2.0,1.0,6.0,50.0,"Продаётся 2- х комнатная квартира  5-ти минутах ходьбы от м. Адмирала Ушакова. Просторная 57, 6 кв. м. комнаты изолированные (12.7 + 13.20) кухня 12,4, балкон и лоджия. Спокойный, тихий двор. Во дворе детская площадка, развита инфраструктура, рядом магазины, школы, детские сады и поликлиники. Свободная продажа, взрослый собственник, идеально под ипотеку, разумный торг. Быстрый выход на сделку.",,50.0,13.5,270.0
https://www.cian.ru/sale/flat/310897373/,https://images.cdn-cian.ru/images/2342673515-4.jpg,ЖК «Южные сады»,"Москва, ЮЗАО, р-н Южное Бутово, м. Бульвар Адмирала Ушакова, Южные Сады ЖК, к2.4",Транспортом,16020630.0,288660.0,2.0,30.0,30.0,55.5,"Продается двухкомнатная квартира  1187 в новостройке ЖК ""Южные Сады"" по адресу Москва, ЮЗАО, Южное Бутово, Жилой комплекс ""Южные Сады"", корп.2.4. Общая площадь квартиры - 55.50 кв. м., этаж 30 из 30, секция 9. Тип проекта, по которому построен дом - монолит, компания-застройщик - ООО ""А101"". Стоимость квартиры - 16020630 Р. Срок сдачи - 2 квартал 2025. 

ПРЕДЛОЖЕНИЯ ОТ ЗАСТРОЙЩИКА В ЯНВАРЕ 2025:
Акция: скидка до 10% на квартиры только до конца января!
Скидка 5% для семей, ожидающих ребёнка! (Суммируется с другими скидками)
Купи и копи! Ипотека от 1 рубля в месяц - до ввода дома в эксплуатацию!

""Южные сады"" на юго-западе Москвы - это жилой комплекс монолитных домов с авторской архитектурой, холлами в средиземноморском стиле, колясочными, современными лифтами, паркингом и кладовыми. Южную атмосферу в районе создадут:
- перголы с вьющимися растениями, живые изгороди, садовые дорожки
- цветущие, плодовые и вечнозелёные растения
- стилизация под средиземноморский ландшафт
- амфитеатр и игровой кластер со скалодромом.

За безопасность ""отвечают"" закрытые дворы без машин с доступом только для жителей дома, видеонаблюдение, вход по магнитным ключам.
Рядом ландшафтный парк ""Южное Бутово"", Черневские пруды: театры, танцплощадка, крытые беседки, детские и спортивные комплексы, пикниковые зоны, пешеходные дорожки, деревянные настилы.
На первых этажах домов: супермаркеты, кафе, банки, фитнес, пекарни. В пешей доступности - торговые центры, гипермаркет, ФОК, действующая инфраструктура. Для семей с детьми - кружки, секции, детские клубы,центры развития, языковые школы.

Преимущества ""Южных садов"":
- атмосферное ""средиземноморское"" благоустройство
- 3 станции метро: ""Бунинская аллея"", ""Улица Горчакова"", ""Новомосковская"" - в пределах 1,6 км
- в окружении - развитая инфраструктура обжитой локации
- в пешей доступности - Бутовский лесопарк",,55.5,16.0,288.7
https://www.cian.ru/sale/flat/301299602/,https://images.cdn-cian.ru/images/kvartira-moskva-ostafevskaya-ulica-2156968746-4.jpg,,"Москва, ЮЗАО, р-н Южное Бутово, м. Бульвар Адмирала Ушакова, Остафьевская улица, 50к1",Транспортом,29500000.0,468254.0,2.0,1.0,3.0,63.0,"Квартира с отличной планировкой , в отделке  использованы  дорогостоящие отделочные материалы ,мебель и техника входит в стоимость. 
Отличная функциональная планировка , гардеробная комната, большая прихожая , санузел с ванной, кухня 15м2 , гостиная 20м2  и спальня 16м2 . 

Свободная продажа, прописанных нет, один собственник, документы готовы к сделке. 

Шикарный Вид из окна на березовую рощу и храм. 
Огороженный охраняемый (пропускная система, патрулирует ГБР, видеонаблюдение)  коттеджный поселок с развитой инфраструктурой (на территории расположены д/с , школа, тениссные корты, пекарня, досуговый центр, 20 детских площадок, футбольное, баскетбольное и волейбольное поле, пруды с пляжной зоной и лодочной станцией)

В пешей доступности (2 минуты) фитнесс центр с бассейнами , спа зона, Азбука вкуса, ресторан, банный комплекс, детский спортивный центр .",,63.0,29.5,468.3
https://www.cian.ru/sale/flat/311855226/,https://images.cdn-cian.ru/images/2363147803-4.jpg,,"Москва, НАО (Новомосковский), м. Бульвар Адмирала Ушакова, проезд Чечерский, 128",Транспортом,14990000.0,249418.0,2.0,10.0,16.0,60.1,"Арт. 553110 

Двухкомнатная квартира площадью 60.1 кв.м. в монолитном доме 2015г. в спальном районе Москвы со всей развитой инфраструктурой.

СВОБОДНАЯ продажа
ПОЛНАЯ стоимость в договоре
Основание собственности - ДКП 
Два взрослых собственника

Квартира в хорошем жилом состоянии продается со всей мебелью, кухней и встроенной техникой.

Дом очень теплый, дружелюбные соседи, окна квартиры выходят на 2 стороны и обе во двор, нет шума дорог.

Вся инфраструктура в пешей доступности от дома (ТЦ Бутово молл, школы и детские сады, поликлиники, банки аптеки, фитнес и прочее).
Ландшафтный парк для прогулок, отдыха и спорта в 5 мин от дома.

Хорошая транспортная доступность до Варшавского и Калужского шоссе. Остановка автобуса у дома, до м. Бунинская аллея пешком 25 мин спокойным шагом.

Звоните Уважаемые покупатели и коллеги, рассмотрим ипотеку или  вашу альтернативу!

Объект  553110

Номер объекта: #1/553110/16438",,60.1,15.0,249.4
https://www.cian.ru/sale/flat/309186200/,https://images.cdn-cian.ru/images/2351711124-4.jpg,ЖК «Остафьево»,"Москва, НАО (Новомосковский), м. Бульвар Адмирала Ушакова, с. Остафьево, Остафьево ЖК, к22",Транспортом,11395650.0,204921.0,2.0,4.0,14.0,55.61,"Ипотека 5,9% на два года. Продается 2-комн. квартира. Квартира расположена на 4 этаже 14 этажного монолитного дома (Корпус 22, Секция 7) в ЖК ""Остафьево"" от группы ""Самолет"". 

""Остафьево"" — масштабный жилой комплекс в Новой Москве, рядом с одноименным музеем-усадьбой и городским парком ""Барыши"". До станций МЦД ""Щербинка"" и ""Остафьево"" можно добраться на автомобиле за 57 минут.
Часть домов уже сдана, на территории открыты две школы и два детских сада, а в будущем будет построена поликлиника, ТЦ, еще одна школа и четыре детских сада.
Все необходимое рядом: на первых этажах домов работают магазины, аптеки и кафе. 
Дворы — приватные мини-парки без машин и посторонних. Кроме игровых площадок, для детей обустроили тематический плейхаб ""Маяк"". В будущем появятся плейхаб ""Алиса в стране чудес"", арт-объект ""Тропа зеркал"", а также большой ландшафтный парк.
В квартале — монолитные дома комфортной высоты, от 10 этажей. Светлые фасады украшают кирпичные вставки в теплых природных оттенках.
 
Цена динамическая и может отличаться, уточняйте актуальность у застройщика.",,55.6,11.4,204.9
https://www.cian.ru/sale/flat/307054176/,https://images.cdn-cian.ru/images/kvartira-kommunarka-aleksandry-monahovoy-ulica-2262374715-4.jpg,ЖК «Бунинские луга»,"Москва, НАО (Новомосковский), м. Бульвар Адмирала Ушакова, Сосенское поселение, пос. Коммунарка, улица Александры Монаховой, 94к1",Транспортом,14800000.0,210227.0,2.0,2.0,10.0,70.4,"Просторная светлая 2х комнатная квартира с двумя с/у. 1 собственник, полная стоимость в договоре, квартира приобреталась по ДДУ в 2017 году. В квартире никто не зарегистрирован и не проживает. Хорошая транспортная доступность - в 10-15 минутах пешком новая ст. м. Потапово, на автобусе или маршрутке можно добраться от м. Теплый Стан, Коммунарка. В комплексе полностью развитая инфраструктура - школа, детские сады, множество магазинов и кафе, службы бытовых услуг , благоустроенные детские и спортивные площадки.",,70.4,14.8,210.2
https://www.cian.ru/sale/flat/307079237/,https://images.cdn-cian.ru/images/kvartira-moskva-skandinavskiy-bulvar-2262836873-4.jpg,ЖК «Скандинавия»,"Москва, НАО (Новомосковский), м. Бульвар Адмирала Ушакова, бульвар Скандинавский, 17",Транспортом,14800000.0,279773.0,2.0,11.0,14.0,52.9,"Продается 2-х комнатная квартира в ЖК Скандинавия.
Преимущества этой квартиры:
-до станции метро Потапово 10 минут пешком;
-дом сдан в эксплуатацию в 2023 году.
- в квартире сделан ремонт white box, то есть сделаны все черновые работы, выведены стены, выведены все коммуникации(свет, вода, кондиционеры) и поэтому сложный и грязный период ремонта вас не коснется!! 
- панорамные окна выходят во двор. 
-дом комфорт класса- в доме есть подземный паркинг, кладовки, двор без машин, закрытая охраняемая территория.
-развитая инфраструктура: магазины, кафе; рестораны, аптеки, службы доставки, маркетплейсы, салоны-парикмахерские, груминг-салоны и т.д.
- кухня 12.1 кв.метров, комнаты раздельные, 2 с/у(или один можно использовать как постирочную или кладовую).
- Московская прописка!!!
- есть возможность вместе с квартирой купить кладовку.
1 собственник, никто не прописан, обременений нет. Готова к продаже!
Агентствам прошу не беспокоить!!!!!!АГЕНТАМ ПРОШУ НЕ ЗВОНИТЬ!!!!",,52.9,14.8,279.8
https://www.cian.ru/sale/flat/310897439/,https://images.cdn-cian.ru/images/2342765672-4.jpg,ЖК «Южные сады»,"Москва, ЮЗАО, р-н Южное Бутово, м. Бульвар Адмирала Ушакова, Южные Сады ЖК, к2.3",Транспортом,13740379.0,315871.0,2.0,9.0,30.0,43.5,"Продается двухкомнатная квартира  675 в новостройке ЖК ""Южные Сады"" по адресу Москва, ЮЗАО, Южное Бутово, Жилой комплекс ""Южные Сады"", корп.2.3. Общая площадь квартиры - 43.50 кв. м., этаж 9 из 30, секция 6. Тип проекта, по которому построен дом - монолит, компания-застройщик - ООО ""А101"". Стоимость квартиры - 13740379 Р. Срок сдачи - 2 квартал 2025. 

ПРЕДЛОЖЕНИЯ ОТ ЗАСТРОЙЩИКА В ЯНВАРЕ 2025:
Акция: скидка до 10% на квартиры только до конца января!
Скидка 5% для семей, ожидающих ребёнка! (Суммируется с другими скидками)
Купи и копи! Ипотека от 1 рубля в месяц - до ввода дома в эксплуатацию!

""Южные сады"" на юго-западе Москвы - это жилой комплекс монолитных домов с авторской архитектурой, холлами в средиземноморском стиле, колясочными, современными лифтами, паркингом и кладовыми. Южную атмосферу в районе создадут:
- перголы с вьющимися растениями, живые изгороди, садовые дорожки
- цветущие, плодовые и вечнозелёные растения
- стилизация под средиземноморский ландшафт
- амфитеатр и игровой кластер со скалодромом.

За безопасность ""отвечают"" закрытые дворы без машин с доступом только для жителей дома, видеонаблюдение, вход по магнитным ключам.
Рядом ландшафтный парк ""Южное Бутово"", Черневские пруды: театры, танцплощадка, крытые беседки, детские и спортивные комплексы, пикниковые зоны, пешеходные дорожки, деревянные настилы.
На первых этажах домов: супермаркеты, кафе, банки, фитнес, пекарни. В пешей доступности - торговые центры, гипермаркет, ФОК, действующая инфраструктура. Для семей с детьми - кружки, секции, детские клубы,центры развития, языковые школы.

Преимущества ""Южных садов"":
- атмосферное ""средиземноморское"" благоустройство
- 3 станции метро: ""Бунинская аллея"", ""Улица Горчакова"", ""Новомосковская"" - в пределах 1,6 км
- в окружении - развитая инфраструктура обжитой локации
- в пешей доступности - Бутовский лесопарк",,43.5,13.7,315.9
https://www.cian.ru/sale/flat/310774242/,https://images.cdn-cian.ru/images/2351996180-4.jpg,ЖК «LIFE-Лазаревское»,"Москва, ЮЗАО, р-н Южное Бутово, м. Бульвар Адмирала Ушакова, улица Адмирала Лазарева, 63к3",Транспортом,15500000.0,293006.0,2.0,6.0,24.0,52.9,"Арт. 86102348 Предлагается Вашему вниманию 2-х комнатная квартира в ЖК бизнес класса ""Life-Лазаревское"", с круглосуточной охраной и консьержем, подземная парковка, дом 2011 года постройки, монолитный. 
Одна из комнат изолирована, широкий квадратный холл со встроенным шкафом купе, просторная светлая кухня, наличие застеклённой лоджии, раздельный санузел. В одной из комнат установлен кондиционер. 

Подъезд чистый и ухоженный. 2 пассажирских лифта и 1 грузовой.
 
Московская прописка. Удобная транспортная доступность, до метро ""Бунинская аллея"" пешком 8 минут, удобный выезд на МКАД и Калужское шоссе. Рядом вся инфраструктура: необходимые продовольственные магазины, салоны красоты, аптеки, школы и детские сады. В 10-15ти минутах обновленная детская поликлиника, до взрослой поликлиники 10 минут пешком.

 Для прогулок на свежем воздухе через дорогу расположился ландшафтный парк ""Южное Бутово"" с каскадными прудами. Парк оборудован множеством детских и спортивных площадок, зонами отдыха, есть площадки для баскетбола и футбола,  отмечены беговые маршруты.  По всему парку проложены велодорожки, протяженностью  6 250 м. 

Неподалеку прeкрacный cпoртивный комплекс ""Изумрудный"", где проводятся индивидуальные и групповые занятия по плаванию (в том числе синхронному) и занятия по водному поло. Для любителей хоккея, недалеко ледовый дворец спортивная школа ""Метеор"". 

Один  взрослый собственник, квартира физически свободна.
Быстрый выход на сделку. 
Показы по договоренности. 

Помощь покупателю в получении ипотеки на самых выгодных условиях.",,52.9,15.5,293.0
https://www.cian.ru/sale/flat/309472953/,https://images.cdn-cian.ru/images/dolya-v-kvartire-moskva-ulica-admirala-lazareva-2314593291-4.jpg,,"Москва, ЮЗАО, р-н Южное Бутово, м. Бульвар Адмирала Ушакова, улица Адмирала Лазарева, 40",Пешком,6000000.0,119522.0,,,,,"Я собственник. Продаю 2/3 доли в двушке для проживания и постоянной регистрации (прописки) в Москве. Торг уместен.
План квартиры полностью соответствует действительности
Преимущества:
- Документы для продажи идеально чистые
- Оформление договора только через нотариуса, с регистрацией в Росреестре и МФЦ, без переплаты на риэлторов
- Метро в шаговой доступности, отличная инфраструктура, экологически чистый район
- Две изолированные комнаты, два собственника
- Проживают два вечно работающих человека - я и соседка
- Несовершеннолетних в квартире нет
- Животных нет
- Доля каждого соответствует площади занимаемой комнаты
- Лицевые счета разделены
- Низкие коммунальные платежи
- Плюс долевой собственности - соседка не имеет права пустить в свою комнату квартирантов без моего согласия
- При желании можно прекратить право долевой собственности и выделить свою долю из общего (долевого) имущества в натуре в виде отдельной изолированной комнаты
- Преимущественное право покупки
- Моя комната площадью 18,9 кв.м., с ремонтом, полностью готова для проживания
- Санузел раздельный, просторная кухня, плита электрическая, у каждого свой холодильник, своя стиралка, свой кухонный гарнитур
Риэлторам просьба звонить только при наличии покупателей!
Альтернатива.",,nan,6.0,119.5
https://www.cian.ru/sale/flat/310897437/,https://images.cdn-cian.ru/images/2342674013-4.jpg,ЖК «Южные сады»,"Москва, ЮЗАО, р-н Южное Бутово, м. Бульвар Адмирала Ушакова, Южные Сады ЖК, к2.3",Транспортом,13363366.0,292415.0,2.0,2.0,30.0,45.7,"Продается двухкомнатная квартира  633 в новостройке ЖК ""Южные Сады"" по адресу Москва, ЮЗАО, Южное Бутово, Жилой комплекс ""Южные Сады"", корп.2.3. Общая площадь квартиры - 45.70 кв. м., этаж 2 из 30, секция 6. Тип проекта, по которому построен дом - монолит, компания-застройщик - ООО ""А101"". Стоимость квартиры - 13363366 Р. Срок сдачи - 2 квартал 2025. 

ПРЕДЛОЖЕНИЯ ОТ ЗАСТРОЙЩИКА В ЯНВАРЕ 2025:
Акция: скидка до 10% на квартиры только до конца января!
Скидка 5% для семей, ожидающих ребёнка! (Суммируется с другими скидками)
Купи и копи! Ипотека от 1 рубля в месяц - до ввода дома в эксплуатацию!

""Южные сады"" на юго-западе Москвы - это жилой комплекс монолитных домов с авторской архитектурой, холлами в средиземноморском стиле, колясочными, современными лифтами, паркингом и кладовыми. Южную атмосферу в районе создадут:
- перголы с вьющимися растениями, живые изгороди, садовые дорожки
- цветущие, плодовые и вечнозелёные растения
- стилизация под средиземноморский ландшафт
- амфитеатр и игровой кластер со скалодромом.

За безопасность ""отвечают"" закрытые дворы без машин с доступом только для жителей дома, видеонаблюдение, вход по магнитным ключам.
Рядом ландшафтный парк ""Южное Бутово"", Черневские пруды: театры, танцплощадка, крытые беседки, детские и спортивные комплексы, пикниковые зоны, пешеходные дорожки, деревянные настилы.
На первых этажах домов: супермаркеты, кафе, банки, фитнес, пекарни. В пешей доступности - торговые центры, гипермаркет, ФОК, действующая инфраструктура. Для семей с детьми - кружки, секции, детские клубы,центры развития, языковые школы.

Преимущества ""Южных садов"":
- атмосферное ""средиземноморское"" благоустройство
- 3 станции метро: ""Бунинская аллея"", ""Улица Горчакова"", ""Новомосковская"" - в пределах 1,6 км
- в окружении - развитая инфраструктура обжитой локации
- в пешей доступности - Бутовский лесопарк",,45.7,13.4,292.4
https://www.cian.ru/sale/flat/311731970/,https://images.cdn-cian.ru/images/2360824095-4.jpg,ЖК «Столичные поляны»,"Москва, ЮЗАО, р-н Южное Бутово, м. Бульвар Адмирала Ушакова, улица Поляны, 5Ак2",Пешком,17199900.0,301753.0,2.0,18.0,33.0,57.0,"Арт. 90208799 ВНИМАНИЕ !!!
Продается уютная, светлая, видовая Евро-3 квартира в ЖК ""Столичные Поляны"".

ЖК ""Столичные Поляны"" с развитой инфраструктурой, где в шаговой доступности находятся школа, детский сад, магазины. До ближайшей станции метро 600м.

Для наших покупателей: помощь в получении ипотеки в ведущих банках с высокой степенью одобрения.
Сопровождение сделки для покупателей бесплатно!
Гарантируем Вам безопасность проведения сделки.
Оперативный показ в удобное для Вас время!
Звоните прямо сейчас!
Рады будем ответить на все ваши вопросы с 9:00 до 21:00.",,57.0,17.2,301.8
https://www.cian.ru/sale/flat/309891873/,https://images.cdn-cian.ru/images/kvartira-moskva-yuzhnobutovskaya-ulica-2323117676-4.jpg,,"Москва, ЮЗАО, р-н Южное Бутово, м. Бульвар Адмирала Ушакова, Южнобутовская улица, 105",Транспортом,14500000.0,260791.0,2.0,5.0,7.0,55.6,"В продажe отличнaя пpосторнaя квартира в 5-6 минутаx xoдьбы oт мeтpо. Собственник. Квартиpа в oтличном cocтoянии. В apeнду нe сдавaлась. Заезжай и живи (не надо терять время и деньги на ремонт, важный плюс с высокими ценами на стройматериалы и специалистов по ремонту в данный момент).

Немаловажный плюс дома - это высота (всего 7 этажей) и небольшое количество квартир в доме, что дает возможность легко найти парковку рядом с домом. Отличный внутренний двор с детскими и спортивными площадками.

Две изолированные комнаты 23,6 кв.м. и 12.1 кв.м., небольшой кабинет и зона отдыха. Кухня со встроенной техникой (холодильник, посудомоечная машина, вытяжка, духовой шкаф, варочная панель).

Bcя инфраструктура в шаговой дocтупнocти: несколько школ, детские сады, поликлиника, ландшафтный парк Южное Бутово, банки, paзвлекательные центры, магазины, фитнес, бассейн и многое другое. Более 5 лет в собственности. Два взрослых собственника.",,55.6,14.5,260.8
https://www.cian.ru/sale/flat/309185884/,https://images.cdn-cian.ru/images/2350163338-4.jpg,ЖК «Остафьево»,"Москва, НАО (Новомосковский), м. Бульвар Адмирала Ушакова, с. Остафьево, Остафьево ЖК, к19",Транспортом,15380723.0,259546.0,2.0,14.0,14.0,59.26,"Ипотека 5,9% на два года. Продается 2-комн. квартира. Квартира расположена на 14 этаже 14 этажного монолитного дома (Корпус 19, Секция 9) в ЖК ""Остафьево"" от группы ""Самолет"". 

""Остафьево"" — масштабный жилой комплекс в Новой Москве, рядом с одноименным музеем-усадьбой и городским парком ""Барыши"". До станций МЦД ""Щербинка"" и ""Остафьево"" можно добраться на автомобиле за 57 минут.
Часть домов уже сдана, на территории открыты две школы и два детских сада, а в будущем будет построена поликлиника, ТЦ, еще одна школа и четыре детских сада.
Все необходимое рядом: на первых этажах домов работают магазины, аптеки и кафе. 
Дворы — приватные мини-парки без машин и посторонних. Кроме игровых площадок, для детей обустроили тематический плейхаб ""Маяк"". В будущем появятся плейхаб ""Алиса в стране чудес"", арт-объект ""Тропа зеркал"", а также большой ландшафтный парк.
В квартале — монолитные дома комфортной высоты, от 10 этажей. Светлые фасады украшают кирпичные вставки в теплых природных оттенках.
 
Цена динамическая и может отличаться, уточняйте актуальность у застройщика.",,59.3,15.4,259.5
https://www.cian.ru/sale/flat/307723764/,https://images.cdn-cian.ru/images/2278666654-4.jpg,ЖК «Столичные поляны»,"Москва, ЮЗАО, р-н Южное Бутово, м. Бульвар Адмирала Ушакова, улица Поляны, 5Ак2",Пешком,17200000.0,301754.0,2.0,18.0,33.0,57.0,"В продаже прекрасная, светлая и очень уютная видовая квартира евротрешка с прекрасным понарамным видом , имеются два санузла, кухня -гостинная 17 м и две комнаты по 13м,
Очень хорошая транспортная доступность: до метро Скобелевская 10 мин пешком, рядом остановка общественного транспорта. Также рядом вся необходимая инфраструктура: детские площадки, сады, школа, различные магазины и кафе, медучреждения, тренажёрные и фитнес-залы и бассейн..
В квартире никто не прописан, собственник один.Квартира готова к быстрой продаже и заселению..
Документы все готовы.
Объект 1-306661",,57.0,17.2,301.8
https://www.cian.ru/sale/flat/311498764/,https://images.cdn-cian.ru/images/kvartira-moskva-checherskiy-proezd-2356803493-4.jpg,,"Москва, НАО (Новомосковский), м. Бульвар Адмирала Ушакова, проезд Чечерский, 122к1",Транспортом,13250000.0,205426.0,2.0,11.0,18.0,64.5,"Лучший подарок к новому году!

Продается  двухкомнатная квартира на 11 этаже  с потрясающими видами на закат и рассвет из окон, выходящих на две стороны. 

Идеальное расположение для жизни и отдыха: всего в нескольких шагах от метро Бунинская аллея и непосредственно через дорогу находится торгово-развлекательный комплекс Бутово Молл, обеспечивающий полный комплекс услуг для всей семьи. Для семей с детьми важно отметить наличие различных образовательных учреждений поблизости, включая школы и детские сады.

Любители активного отдыха и спорта оценят расположенный рядом парк Южное Бутово, где есть велодорожки, спортивные и детские площадки, а также набережная для прогулок и отдыха. 

Отличная транспортная доступность: до МКАД всего 6 км, а также удобный выезд на Варшавское, Симферопольское и Калужское шоссе делает поездки на автомобиле максимально комфортными в любую точку Москвы и области.

Эта квартира станет вашим идеальным выбором благодаря сочетанию удобного расположения, развитой инфраструктуры и потрясающим видам прямо из вашего окна. Не упустите возможность начать новую жизнь в этом замечательном месте!

Один собственник, без обременений, полная стоимость в договоре!
Ваш новый дом ждет вас!",,64.5,13.2,205.4
https://www.cian.ru/sale/flat/310897521/,https://images.cdn-cian.ru/images/2342674633-4.jpg,ЖК «Южные сады»,"Москва, ЮЗАО, р-н Южное Бутово, м. Бульвар Адмирала Ушакова, Южные Сады ЖК, к2.1",Транспортом,16408178.0,406143.0,2.0,30.0,30.0,40.4,"Продается двухкомнатная квартира  219 в новостройке ЖК ""Южные Сады"" по адресу Москва, ЮЗАО, Южное Бутово, Жилой комплекс ""Южные Сады"", корп.2.1. Общая площадь квартиры - 40.40 кв. м., этаж 30 из 30, секция 2. Тип проекта, по которому построен дом - монолит, компания-застройщик - ООО ""А101"". Стоимость квартиры - 16408178 Р. Срок сдачи - 2 квартал 2025. 

ПРЕДЛОЖЕНИЯ ОТ ЗАСТРОЙЩИКА В ЯНВАРЕ 2025:
Акция: скидка до 10% на квартиры только до конца января!
Скидка 5% для семей, ожидающих ребёнка! (Суммируется с другими скидками)
Купи и копи! Ипотека от 1 рубля в месяц - до ввода дома в эксплуатацию!

""Южные сады"" на юго-западе Москвы - это жилой комплекс монолитных домов с авторской архитектурой, холлами в средиземноморском стиле, колясочными, современными лифтами, паркингом и кладовыми. Южную атмосферу в районе создадут:
- перголы с вьющимися растениями, живые изгороди, садовые дорожки
- цветущие, плодовые и вечнозелёные растения
- стилизация под средиземноморский ландшафт
- амфитеатр и игровой кластер со скалодромом.

За безопасность ""отвечают"" закрытые дворы без машин с доступом только для жителей дома, видеонаблюдение, вход по магнитным ключам.
Рядом ландшафтный парк ""Южное Бутово"", Черневские пруды: театры, танцплощадка, крытые беседки, детские и спортивные комплексы, пикниковые зоны, пешеходные дорожки, деревянные настилы.
На первых этажах домов: супермаркеты, кафе, банки, фитнес, пекарни. В пешей доступности - торговые центры, гипермаркет, ФОК, действующая инфраструктура. Для семей с детьми - кружки, секции, детские клубы,центры развития, языковые школы.

Преимущества ""Южных садов"":
- атмосферное ""средиземноморское"" благоустройство
- 3 станции метро: ""Бунинская аллея"", ""Улица Горчакова"", ""Новомосковская"" - в пределах 1,6 км
- в окружении - развитая инфраструктура обжитой локации
- в пешей доступности - Бутовский лесопарк",,40.4,16.4,406.1
https://www.cian.ru/sale/flat/308094731/,https://images.cdn-cian.ru/images/kvartira-sosenskoe-kuprina-prospekt-2286367703-4.jpg,ЖК «Скандинавия»,"Москва, НАО (Новомосковский), м. Бульвар Адмирала Ушакова, Сосенское поселение, проспект Куприна, 1к2",Транспортом,12600000.0,255578.0,2.0,8.0,15.0,49.3,"Продается просторная квартира в новом жилом комплексе Скандинавия

Квартира расположена на 8 этаже, с которого открывается отличный вид на район и прилегающую лесную территорию
Благодаря наличию трех окон в квартире, возможны несколько вариантов планировок. Есть возможность сделать как две изолированные спальни и кухню, так и просторную кухню-гостиную и отдельную спальню
В квартире два стояка, что позволит вам сделать несколько санузлов

Развитая инфраструктура района. Уже сейчас есть вся необходимая коммерция для комфортной жизни: кафе, супермаркеты и другие магазины. Также есть возможность пользоваться инфраструктурой более ранней очереди строительства ЖК Скандинавия
Рядом есть школы и детские сады

Хорошая транспортная доступность. До границ Старой Москвы на автомобиле примерно 20 минут езды. Рядом построена новая станция метро в шаговой доступности около 10-13 минут 

Звоните! Ответим на все ваши вопросы!",,49.3,12.6,255.6
https://www.cian.ru/sale/flat/310633643/,https://images.cdn-cian.ru/images/2337157803-4.jpg,,"Москва, НАО (Новомосковский), м. Бульвар Адмирала Ушакова, Сосенское поселение, Скандинавия ЖК, улица Эдварда Грига, 14",Транспортом,15200000.0,259386.0,2.0,8.0,16.0,58.6,"Номер в базе: 534410. Прекрасный шанс стать счастливым обладателем уютной и просторной двухкомнатной квартиры распашонки 58.6 м2 (фактическая площадь 59.9 м2) в живописном ЖК ""СКАНДИНАВИЯ - ЮГ""! 
Метро ""Потапово"" ближе всех от этого дома, Сокольническая линия.

Квартира распашонка, без ремонта, с двумя совмещёнными санузлами. Удобное расположение, развитая инфраструктура и отличное транспортное сообщение делают это жилье идеальным выбором для комфортной жизни. 

Во дворе комплекса есть детская площадка, парковки для автомобилей, а также магазины, школы и детские сады в пешей доступности. Один взрослый собственник, прописанных нет, ключи на руках. Показы квартиры проводятся по предварительной договорённости.

Компания ЭТАЖИ предлагает выгодные условия для покупки этой недвижимости: покупка данной недвижимости доступна в ипотеку с пониженной % ставкой, расчёт индивидуально, обращайтесь., юридическое сопровождение сделки, гарантированные безопасные расчеты по электронной сделке. Мы обеспечиваем финансовую безопасность сделки до 25 000 000 рублей!


Код пользователя: 140010",,58.6,15.2,259.4
https://www.cian.ru/sale/flat/311214710/,https://images.cdn-cian.ru/images/2349514671-4.jpg,ЖК «Остафьево»,"Москва, НАО (Новомосковский), м. Бульвар Адмирала Ушакова, с. Остафьево, Остафьево ЖК, к22",Транспортом,12379956.0,232226.0,2.0,2.0,14.0,53.31,"Ипотека 5,9% на два года. Продается 2-комн. квартира. Квартира расположена на 2 этаже 14 этажного монолитного дома (Корпус 22, Секция 10) в ЖК ""Остафьево"" от группы ""Самолет"". 

""Остафьево"" — масштабный жилой комплекс в Новой Москве, рядом с одноименным музеем-усадьбой и городским парком ""Барыши"". До станций МЦД ""Щербинка"" и ""Остафьево"" можно добраться на автомобиле за 57 минут.
Часть домов уже сдана, на территории открыты две школы и два детских сада, а в будущем будет построена поликлиника, ТЦ, еще одна школа и четыре детских сада.
Все необходимое рядом: на первых этажах домов работают магазины, аптеки и кафе. 
Дворы — приватные мини-парки без машин и посторонних. Кроме игровых площадок, для детей обустроили тематический плейхаб ""Маяк"". В будущем появятся плейхаб ""Алиса в стране чудес"", арт-объект ""Тропа зеркал"", а также большой ландшафтный парк.
В квартале — монолитные дома комфортной высоты, от 10 этажей. Светлые фасады украшают кирпичные вставки в теплых природных оттенках.
 
Цена динамическая и может отличаться, уточняйте актуальность у застройщика.",,53.3,12.4,232.2
https://www.cian.ru/sale/flat/311138114/,https://images.cdn-cian.ru/images/2347925691-4.jpg,ЖК «Скандинавия»,"Москва, НАО (Новомосковский), м. Бульвар Адмирала Ушакова, Сосенское поселение, Скандинавия ЖК, улица Эдварда Грига, 14",Транспортом,16200000.0,276923.0,2.0,13.0,16.0,58.5,"Арт. 87966425 Продам просторную 2-х комнатную квартиру 58.5 кв.м., 13/16 этаж  в современном ЖК ""СКАНДИНАВИЯ - ЮГ"".
 
Самый близкий дом к ст. метро ""Потапово"" ( Сокольническая линия).
Вид из окон - панорамный, в сторону метро.

Квартира без ремонта, удобная планировка, два санузла (раздельный и совмещенный).
В ЖК и вокруг дома развитая инфраструктура, магазины, аптеки, детские сады, школа ""Конструктор"" и др. Во дворе детская площадка.
Отличная транспортная локация - до ст. метро ""Потапово"" 5 мин пешком, выезд на Калужское шоссе 10 мин. 

Дополнительно в подземном паркинге есть семейная парковка на 2 авто.

ЖК ""Скандинавия"" строится на границе Бутовского лесопарка в экологически благоприятной юго-западной части Москвы — для тех, кто выбирает для себя и своей семьи комфорт мегаполиса, но жить предпочитает в окружении природы.

Один взрослый собственник.
Без обременений. 
Оперативный показ.
Звоните!",,58.5,16.2,276.9
https://www.cian.ru/sale/flat/308499522/,https://images.cdn-cian.ru/images/kvartira-skandinaviya-edvarda-griga-ulica-2294179428-4.jpg,,"Москва, НАО (Новомосковский), м. Бульвар Адмирала Ушакова, Сосенское поселение, Скандинавия ЖК, улица Эдварда Грига, 15",Транспортом,15700000.0,269297.0,2.0,10.0,12.0,58.3,"Уютная светлая евротрешка в доме бизнес класса свободной планировки без ремонта. ЕСТЬ ДИЗАЙН ПРОЕКТ КВАРТИРЫ.
Красивый панорамный вид, окна выходят на парковую зону. Рядом несколько дет.садов и школ, магазины в пешей доступности .
Отличное расположение дома, двор без машин, 10 минут пешком от станции метро Потапово.
Большая кухня-гостиная 17,3 м, две комнаты 12,4 и 12,8, 2 санузла, высокие потолки 315 см.

Полная стоимость в договоре, квартира без обременений, один собственник, свободная продажа. 
Агентов прошу не беспокоить!",,58.3,15.7,269.3
https://www.cian.ru/sale/flat/310897135/,https://images.cdn-cian.ru/images/2342768467-4.jpg,ЖК «Южные сады»,"Москва, ЮЗАО, р-н Южное Бутово, м. Бульвар Адмирала Ушакова, Южные Сады ЖК",Транспортом,14585444.0,300112.0,2.0,7.0,11.0,48.6,"Продается двухкомнатная квартира  172 в новостройке ЖК ""Южные Сады"" по адресу Москва, ЮЗАО, Южное Бутово, ул. Бартеневская, д. 16. Общая площадь квартиры - 48.60 кв. м., этаж 7 из 11, секция 2. Тип проекта, по которому построен дом - монолит, компания-застройщик - ООО ""А101"". Стоимость квартиры - 14585444 Р. Срок сдачи - 2 квартал 2027. 

ПРЕДЛОЖЕНИЯ ОТ ЗАСТРОЙЩИКА В ЯНВАРЕ 2025:
Акция: скидка до 10% на квартиры только до конца января!
Скидка 5% для семей, ожидающих ребёнка! (Суммируется с другими скидками)
Купи и копи! Ипотека от 1 рубля в месяц - до ввода дома в эксплуатацию!

""Южные сады"" на юго-западе Москвы - это жилой комплекс монолитных домов с авторской архитектурой, холлами в средиземноморском стиле, колясочными, современными лифтами, паркингом и кладовыми. Южную атмосферу в районе создадут:
- перголы с вьющимися растениями, живые изгороди, садовые дорожки
- цветущие, плодовые и вечнозелёные растения
- стилизация под средиземноморский ландшафт
- амфитеатр и игровой кластер со скалодромом.

За безопасность ""отвечают"" закрытые дворы без машин с доступом только для жителей дома, видеонаблюдение, вход по магнитным ключам.
Рядом ландшафтный парк ""Южное Бутово"", Черневские пруды: театры, танцплощадка, крытые беседки, детские и спортивные комплексы, пикниковые зоны, пешеходные дорожки, деревянные настилы.
На первых этажах домов: супермаркеты, кафе, банки, фитнес, пекарни. В пешей доступности - торговые центры, гипермаркет, ФОК, действующая инфраструктура. Для семей с детьми - кружки, секции, детские клубы,центры развития, языковые школы.

Преимущества ""Южных садов"":
- атмосферное ""средиземноморское"" благоустройство
- 3 станции метро: ""Бунинская аллея"", ""Улица Горчакова"", ""Новомосковская"" - в пределах 1,6 км
- в окружении - развитая инфраструктура обжитой локации
- в пешей доступности - Бутовский лесопарк",,48.6,14.6,300.1
https://www.cian.ru/sale/flat/304620270/,https://images.cdn-cian.ru/images/kvartira-moskva-checherskiy-proezd-2217773956-4.jpg,ЖК «Новое Бутово»,"Москва, НАО (Новомосковский), м. Бульвар Адмирала Ушакова, проезд Чечерский, 122к3",Транспортом,15000000.0,245499.0,2.0,3.0,17.0,61.1,"Продаётся двухкомнатная квартира в современном жилом комплексе ""Новое Бутово"". Удачное расположение дома, большая парковая зона, в шаговой доступности большие торговые центры, а также современные школа и детский сад. удачная планировка квартиры, большие изолированные комнаты и просторная кухня. Утепленная лоджия. 1 взрослый собственник более 5 лет. легкая альтернатива.",,61.1,15.0,245.5
https://www.cian.ru/sale/flat/311205875/,https://images.cdn-cian.ru/images/2349277932-4.jpg,,"Москва, ЮЗАО, р-н Южное Бутово, м. Бульвар Адмирала Ушакова, Южнобутовская улица, 72К2",Транспортом,18800000.0,258597.0,2.0,1.0,5.0,72.7,"Номер лота: вт-0422961.
Продается квартира в монолитном доме 2001 года постройки серии ЮНИКОН. Улучшенная планировка с 2-мя санузлами, высокими потолками 2.78м, гардеробной комнатой и кухней гостиной. Малоэтажный дом, приличные соседи. Удачное расположение дома с видом на парк. 6 мин до метро, 1 мин до школы. В пешей доступности все необходимые объекты инфраструктуры. Квартира с хорошим ремонтом, заезжай и живи. 1 собственник, полная стоимость, юр свободна, оперативные показы. Содействие в получении специальных условий и преференций по ипотеке.",,72.7,18.8,258.6
https://www.cian.ru/sale/flat/310897139/,https://images.cdn-cian.ru/images/2342768265-4.jpg,ЖК «Южные сады»,"Москва, ЮЗАО, р-н Южное Бутово, м. Бульвар Адмирала Ушакова, Южные Сады ЖК",Транспортом,14703919.0,303800.0,2.0,11.0,11.0,48.4,"Продается двухкомнатная квартира  196 в новостройке ЖК ""Южные Сады"" по адресу Москва, ЮЗАО, Южное Бутово, ул. Бартеневская, д. 16. Общая площадь квартиры - 48.40 кв. м., этаж 11 из 11, секция 2. Тип проекта, по которому построен дом - монолит, компания-застройщик - ООО ""А101"". Стоимость квартиры - 14703919 Р. Срок сдачи - 2 квартал 2027. 

ПРЕДЛОЖЕНИЯ ОТ ЗАСТРОЙЩИКА В ЯНВАРЕ 2025:
Акция: скидка до 10% на квартиры только до конца января!
Скидка 5% для семей, ожидающих ребёнка! (Суммируется с другими скидками)
Купи и копи! Ипотека от 1 рубля в месяц - до ввода дома в эксплуатацию!

""Южные сады"" на юго-западе Москвы - это жилой комплекс монолитных домов с авторской архитектурой, холлами в средиземноморском стиле, колясочными, современными лифтами, паркингом и кладовыми. Южную атмосферу в районе создадут:
- перголы с вьющимися растениями, живые изгороди, садовые дорожки
- цветущие, плодовые и вечнозелёные растения
- стилизация под средиземноморский ландшафт
- амфитеатр и игровой кластер со скалодромом.

За безопасность ""отвечают"" закрытые дворы без машин с доступом только для жителей дома, видеонаблюдение, вход по магнитным ключам.
Рядом ландшафтный парк ""Южное Бутово"", Черневские пруды: театры, танцплощадка, крытые беседки, детские и спортивные комплексы, пикниковые зоны, пешеходные дорожки, деревянные настилы.
На первых этажах домов: супермаркеты, кафе, банки, фитнес, пекарни. В пешей доступности - торговые центры, гипермаркет, ФОК, действующая инфраструктура. Для семей с детьми - кружки, секции, детские клубы,центры развития, языковые школы.

Преимущества ""Южных садов"":
- атмосферное ""средиземноморское"" благоустройство
- 3 станции метро: ""Бунинская аллея"", ""Улица Горчакова"", ""Новомосковская"" - в пределах 1,6 км
- в окружении - развитая инфраструктура обжитой локации
- в пешей доступности - Бутовский лесопарк",,48.4,14.7,303.8
https://www.cian.ru/sale/flat/311560834/,https://images.cdn-cian.ru/images/2358435937-4.jpg,ЖК «Скандинавия»,"Москва, НАО (Новомосковский), м. Бульвар Адмирала Ушакова, Сосенское поселение, Скандинавия ЖК, улица Эдварда Грига, 17",Транспортом,13490000.0,355000.0,2.0,5.0,17.0,38.0,"Арт. 89922630 Лучшее предложение в  ЖК "" Скандинавия""!
Светлая двухкомнатная квартира. Удобная функциональная планировка. Ремонт в  квартире делали для себя. Использовали только качественные материалы.  Комнаты изолированы! В квартире никто не проживал.  Дом находится в экологически чистом, с развитой инфраструктурой районе. Двор- лес с местами для отдыха. Квартира без обременений. 
Для приобретения данной квартиры доступна ипотека со сниженной процентной ставкой (ставка ниже ключевой ставки ЦБ). Оформить заявку на ипотеку возможно в нашем офисе или дистанционно. Банки партнеры Сбербанк, ВТБ, Совкомбанк, Газпромбанк, Альфа банк, Абсолют банк и другие. Покупая данную квартиру с компанией Самолет Плюс вы получаете: безопасность сделки (используем СБР), максимально выгодную ставку по ипотечному кредитованию (субсидирование от Самолет Плюс), удобство (используем СЭР), а также гарантийный сертификат юридической чистоты объекта недвижимости. Наша профессиональная ответственность застрахована компанией РЭСО.",,38.0,13.5,355.0
https://www.cian.ru/sale/flat/309323743/,https://images.cdn-cian.ru/images/kvartira-moskva-venevskaya-ulica-2311723758-4.jpg,,"Москва, ЮЗАО, р-н Южное Бутово, м. Бульвар Адмирала Ушакова, Веневская улица, 9",Пешком,17200000.0,337255.0,2.0,4.0,17.0,51.0,"Уважаемые агенты/риелторы/магипродаж/богипродвижения, просьба не звонить, хотите заявить , о ваших способностях обращайтесь на TV3 .

Продается уютная 2-комнатная квартира в Москве, на Венёвской улице. Общая площадь квартиры составляет 51 кв. м, из которых 30 кв. м приходится на жилую площадь, а 9 кв. м - на кухню. Квартира
расположена на 3 этаже 17-этажного дома, построенного в 1994 году. Высота потолков — 2.8 метра. До метро ""Бульвар Адмирала Ушакова"" всего 5 минут пешком.
Квартира с косметическим ремонтом, поэтому вы сможете сразу же заехать и жить. Планировка удобная, с одной лоджией и окнами, выходящими на улицу. В квартире есть один отдельный санузел, что делает её комфортной для проживания небольшой семьи.
Дом в хорошем состоянии, оснащен пассажирским и грузовым лифтами. Также есть мусоропровод и пандус для удобства жителей.

В шаговой доступности от дома находятся школы, детские сады, клиники и магазины, поэтому все необходимое для жизни будет у вас под рукой. Удобное транспортное сообщение с остальными районами города.
Квартира готова к продаже, все документы в порядке. Ипотека
возможна. Это отличное
предложение для тех, кто хочет жить в обустроенном районе Москвы.",,51.0,17.2,337.3
https://www.cian.ru/sale/flat/309185888/,https://images.cdn-cian.ru/images/2351651466-4.jpg,ЖК «Остафьево»,"Москва, НАО (Новомосковский), м. Бульвар Адмирала Ушакова, с. Остафьево, Остафьево ЖК, к19",Транспортом,14464732.0,275100.0,2.0,12.0,14.0,52.58,"Ипотека 5,9% на два года. Продается 2-комн. квартира. Квартира расположена на 12 этаже 14 этажного монолитного дома (Корпус 19, Секция 7) в ЖК ""Остафьево"" от группы ""Самолет"". 

""Остафьево"" — масштабный жилой комплекс в Новой Москве, рядом с одноименным музеем-усадьбой и городским парком ""Барыши"". До станций МЦД ""Щербинка"" и ""Остафьево"" можно добраться на автомобиле за 57 минут.
Часть домов уже сдана, на территории открыты две школы и два детских сада, а в будущем будет построена поликлиника, ТЦ, еще одна школа и четыре детских сада.
Все необходимое рядом: на первых этажах домов работают магазины, аптеки и кафе. 
Дворы — приватные мини-парки без машин и посторонних. Кроме игровых площадок, для детей обустроили тематический плейхаб ""Маяк"". В будущем появятся плейхаб ""Алиса в стране чудес"", арт-объект ""Тропа зеркал"", а также большой ландшафтный парк.
В квартале — монолитные дома комфортной высоты, от 10 этажей. Светлые фасады украшают кирпичные вставки в теплых природных оттенках.
 
Цена динамическая и может отличаться, уточняйте актуальность у застройщика.",,52.6,14.5,275.1
https://www.cian.ru/sale/flat/311621982/,https://images.cdn-cian.ru/images/2358565643-4.jpg,ЖК «Новое Бутово»,"Москва, НАО (Новомосковский), м. Бульвар Адмирала Ушакова, проезд Чечерский, 126к1",Транспортом,13900000.0,250450.0,2.0,16.0,16.0,55.5,"Номер лота: вт-0419347.
2-х комн. квартира с планировкой ""Евротрешка"". Кухня-гостинная 14 кв.м плюс 2 отдельные спальни, просторный холл, оборудованная гардеробная. Лоджия с балконом. Сделан качественный ремонт.Кондиционеры в каждой комнате. Встроенная кухня с техникой. Окна на две стороны. Дом образцового содержания.Презентабельная входная группа.Вся инфраструктура: гипермаркет Бутово Молл , 5-ка,  Вкусвил, Дикси, школьные и детские  учреждения, остановки до 3 ст. метро. Зона отдыха со спортивными площадками и озером. До метро реально 15 минут пешком. Содействие в получении специальных условий и преференций по ипотеке.",,55.5,13.9,250.4
https://www.cian.ru/sale/flat/311344559/,https://images.cdn-cian.ru/images/kvartira-moskva-ulica-admirala-lazareva-2352443145-4.jpg,,"Москва, ЮЗАО, р-н Южное Бутово, м. Бульвар Адмирала Ушакова, улица Адмирала Лазарева, 35",Пешком,15400000.0,254545.0,2.0,15.0,16.0,60.5,"В свободной продаже квартира с двумя изолированными комнатами, гардеробной и двумя утепленными лоджиями.
Квартира без перепланировок, общая площадь 60,5 кв.м + 4,7 кв.м площадь лоджий, окна во двор и на улицу (юго-запад и северо-восток).
По периметру дома видеонаблюдение, в подъезде дежурит консьерж, въезд на придомовую территорию через автоматический шлагбаум.

Район с хорошей экологией и отличной инфраструктурой. В пешей доступности школы (входят в рейтинг лучших школ Москвы), детские сады, поликлиники, магазины, парки и спортивные комплексы.
До м. Улица Горчакова 7 мин. пешком, до м. Бунинская аллея 13 мин. пешком.
Удобный выезд на МКАД и Калужское шоссе. 

Один взрослый собственник, ДКП более 5 лет, документы готовы к сделке.
Просмотры по договорённости.",,60.5,15.4,254.5
https://www.cian.ru/sale/flat/310874328/,https://images.cdn-cian.ru/images/2342273266-4.jpg,ЖК «Новое Бутово»,"Москва, НАО (Новомосковский), м. Бульвар Адмирала Ушакова, проезд Чечерский, 126",Транспортом,16600000.0,271242.0,2.0,6.0,16.0,61.2,"Арт. 87296801 Вашему вниманию предлагается светлая и уютная 2-ух комнатная квартира в ЖК ""Новое Бутово"". Дом монолитный, 2014 года постройки. Московская прописка. 

Квартира с изолированными комнатами, кухня со встроенным гарнитуром и бытовой техникой (посудомоечная машина, вытяжка, духовой шкаф, варочная панель), всё в светлых тонах, что визуально еще больше увеличивает пространство. Из кухни выход на застеклённую лоджию. 
Окна выходят во двор. 
Санузел раздельный. 

Подъезд чистый, без посторонних запахов. 1 грузовой и 1 пассажирский лифт.

Развитая инфраструктура: в пешей доступности большой ТЦ ""Бутово Молл"", на первых этажах магазины, аптеки, медицинский центр, неподалеку школа и садик. 15 минут до спортивного комплекса ""Изумрудный"", где есть бассейн для взрослых и детей. Для любителей хоккея, также в пешей доступности ледовый дворец спортивная школа ""Метеор"".

Транспортная доступность: до метро Бунинская аллея и Бульвар Адмирала Ушакова ходят автобусы, остановка пешком в 5-ти минутах.
Показы по договоренности.

Помощь покупателю в получении ипотеки на самых выгодных условиях.",,61.2,16.6,271.2
https://vidnoye.cian.ru/sale/flat/293247417/,https://images.cdn-cian.ru/images/2023588982-4.jpg,,"Московская область, м. Бульвар Адмирала Ушакова, Ленинский городской округ, Бутово рп, Бутово Парк ЖК, 29",Транспортом,10450000.0,179862.0,2.0,10.0,25.0,58.1,"Светлая и уютная квартира на 10-ом этаже 25-ти этажного монолитного дома 2013 года постройки с отличным видом на лесопарковую зону. 

Дом расположен в обжитом и сложившемся районе, вся необходимая инфраструктура в пешей доступности: детские сады, детские площадки, школа, спортплощадки, различные зоны отдыха, поликлиника, аптеки, ТРЦ, супермаркеты, кафе, кинотеатр, фитнес, пункты выдачи и т.п.

Развитая транспортная доступность: в 1.6 км. станция Второго Диаметра Бутово, несколько маршрутов общественного транспорта да различных станций метрополитена (Улица Скобелевская, Старокачаловская, Дмитрия Донского, Анино)  около 20 минут, удобный выезд на автомобиле на Варшавское и Симферопольское шоссе, до МКАДа около 4 км. 

В квартире выполнен качественный ремонт, две изолированные комнаты - большая детская и спальня с выходом лоджию, просторная кухня, гардероб, раздельный санузел.

Один взрослый собственник, более 5 лет, полная стоимость, без обременений, свободная продажа.",,58.1,10.4,179.9
https://www.cian.ru/sale/flat/311954675/,https://images.cdn-cian.ru/images/2366866531-4.jpg,ЖК «Скандинавия»,"Москва, НАО (Новомосковский), м. Бульвар Адмирала Ушакова, бульвар Скандинавский, 19",Транспортом,14999000.0,256832.0,2.0,8.0,16.0,58.4,"Лот: 291. БЕЗ КОМИССИИ. Продаётся 2-х комнатная квартира в ЖК Скандинавия (корпус 7.2 — Юг).
Торг уместен.

О КВАРТИРЕ
Без отделки. Свободная планировка. Высокие потолки — 3,15 м.
Общая площадь — 58,4, в том числе (по плану от застройщика, но возможно иная функциональная планировка)
Комнаты — 18,6 и 11м2
Кухня — 13,5 м2
Лоджия — 1,2 м2
Большой сан.узел — 4,2 м2.
Малый сан.узел — 1,4 м2

О ДОМЕ
Монолитный дом, отделка современными материалами.
Этажность 8-16.
Закрытый двор без машин, безопасен и комфортен в любое время суток и в любой сезон. 
Доступ только для жителей по магнитным ключам. Видеонаблюдение 
Спортивные площадки с оборудованием международного уровня.
Детские игровые площадки.
Места для отдыха и работы на свежем воздухе.
Освещение и комплексное озеленение.

ИНФРАСТРУКТУРА
ЖК Скандинавия на границе Бутовского лесопарка в экологически благоприятной юго-западной части Москвы — для тех, кто выбирает для себя и своей семьи комфорт мегаполиса, но жить предпочитает в окружении природы.
Объекты на территории жилого комплекса: 
8 детских садов и 5 школ уже открыты, еще 6 детских садов и 3 школы строятся.
Спортивные площадки, Места для отдыха, 
Рядом Бутовский лесопарк 1610 га.
100 га городских и парковых пространств.
На первых этажах домов жилого комплекса в пешей доступности разнообразная инфраструктура: магазины, кафе, рестораны, спортивные секции и пр.

ТРАНСПОРТНАЯ ДОСТУПНОСТЬ
ЖК Скандинавия отличается высокой транспортной доступностью. Всего в 100 метрах от границы района открылась станция Сокольнической линии метро Потапово. Она позволит вам быстро добраться до любой точки города. Около 2,5 км — до действующих станций Новомосковская и Улица Горчакова.
Из разных точек жилого комплекса удобно выезжать на новую скоростную автотрассу Солнцево Бутово Варшавское шоссе (южный дублёр МКАД). До Киевского, Варшавского или Калужского шоссе — не более 1015 минут на автомобиле.

О СДЕЛКЕ
Свободная продажа (не переуступка).
Без обременений.
Один взрослый",,58.4,15.0,256.8
https://www.cian.ru/sale/flat/305465425/,https://images.cdn-cian.ru/images/kvartira-moskva-yuzhnobutovskaya-ulica-2233603696-4.jpg,,"Москва, ЮЗАО, р-н Южное Бутово, м. Бульвар Адмирала Ушакова, Южнобутовская улица, 56",Пешком,15000000.0,294695.0,2.0,5.0,10.0,50.9,"ПРОСЬБА АГЕНТОВ И РИЭЛТОРОВ НЕ БЕСПОКОИТЬ!!!

Продается уютная 2-комнатная квартира по адресу: Москва, Южнобутовская улица, 56, в 9 минутах пешком от метро Улица Горчакова. Общая площадь квартиры составляет 50.9 кв. м, кухня  10 кв. м. Квартира расположена на 5 этаже 10-этажного монолитного дома, построенного в 1999 году. Высота потолков  2.64 метра.

В квартире сделан качественный евроремонт. Современная мебель и вся необходимая бытовая техника уже установлены, поэтому можно сразу заезжать и жить. Планировка квартиры включает одну отдельную спальню и просторную гостиную. Санузел раздельный, что удобно для семьи. Окна выходят на улицу, поэтому внутри всегда светло и уютно. Есть балкон, где можно устроить зону отдыха.

Дом находится в отличном состоянии, подъезд чистый и ухоженный. В доме есть пассажирский и грузовой лифты, а также мусоропровод, поэтому можно легко выносить мусор и перевозить крупные вещи. На территории дома предусмотрена парковка для жильцов.

Рядом с домом расположены все необходимые инфраструктурные объекты: школы, детские сады, клиники и магазины. Отличная транспортная доступность: до метро Улица Горчакова всего 9 минут пешком, что позволяет быстро добираться до центра города.

Квартира продается от собственника, без посредников. Вся документация в порядке, обременений нет, что гарантирует чистоту сделки. Возможна продажа в ипотеку.

Звоните и записывайтесь на просмотр! Эта квартира  отличное решение для комфортной жизни в Москве.НЕ",,50.9,15.0,294.7
https://www.cian.ru/sale/flat/307724363/,https://images.cdn-cian.ru/images/novostroyka-buninskie-luga-2280334567-4.jpg,ЖК «Бунинские луга»,"Москва, НАО (Новомосковский), м. Бульвар Адмирала Ушакова, пос. Коммунарка, Бунинские Луга ЖК, 3.4.1",Транспортом,12350000.0,339286.0,2.0,6.0,17.0,36.4,"Продаётся евродвушка - 2-х комнатная квартира площадью 36,4 кв.м. на 6 этаже 17-ти этажного дома (Корпус 3.4.1, Секция 1) проекта ПИК ""Бунинские луга"". Дом совсем недавно сдан застройщиком, скоро начнётся заселение. Светлый просторный подъезд на уровне земли, функциональная планировка, большие окна, c отделкой.  Окна квартиры выходят на зеленый массив между школой и детским садом, на запад. Квартира солнечная, на удобном 6-м этаже. Продажа по переуступке.
Жилой квартал ""Бунинские луга"" расположен в Новой Москве, в 7 км от МКАД, рядом с прудами и парками. До недавно открытой конечной станции метро ""Потапово"" можно дойти пешком за 8 минут, а до станции - ""Бунинские аллеи"" доехать за 10 минут на автомобиле. Станция ""Столбово"" в 20 минутах ходьбы. А в 2027 году в 15 минутах езды от ЖК на автомобиле откроется станция метро ""Сосенки"" Троицкой линии. В ""Бунинских лугах"" предусмотрено всё для комфортной жизни: школы, детские сады и поликлиники. Из каждого дома есть выход в уютные дворы-парки, где можно отдохнуть и позаниматься спортом, пока дети играют на детской площадке. Есть дворы-парки и с необычными объектами, например с зеркальным прудом. Также в проекте построен собственный скейт-парк. Рядом с домами находится PlayHub ""Пирамиды"" - игровое и творческое пространство для детей любых возрастов и их родителей. На его территории есть террасы, навесы, кафе, высокие открытые и закрытые горки, подземные тоннели и даже ручей с плотинами. В нескольких минутах на машине - торговый центр ""Мега"", гипермаркеты Globus, ""Ашан"", OBI и спортивный комплекс с бассейном. В жилом квартале есть контейнеры для крупногабаритного мусора и раздельного сбора отходов.
Один взрослый собственник, без обременений, возможна ипотека, переуступка, продажа по ДДУ.",,36.4,12.3,339.3
https://www.cian.ru/sale/flat/309497595/,https://images.cdn-cian.ru/images/kvartira-moskva-ulica-polyany-2357827932-4.jpg,ЖК «Столичные поляны»,"Москва, ЮЗАО, р-н Южное Бутово, м. Бульвар Адмирала Ушакова, улица Поляны, 5Ак1",Пешком,17700000.0,266566.0,2.0,9.0,17.0,66.4,"СРОЧНО ПРОДАМ! 
Просторная и светлая евротрешка. Распашонка. Отличное расположение. Окна на 3 стороны, ни одного вида на дорогу, тишина.

1 СОБСТВЕННИК с момента постройки и сдачи дома.

Большая кухня-гостинная (19 кв м) позволяет не только готовить, но и устраивать семейные обеды. 2 изолированные спальни. В одной из спален выделенная гардеробная и балкон. 2 санузла удобно для семьи.

Юридически свободна. Мгновенный выход на сделку.

Для семьи идеальный вариант. Детская площадка благоустроена внутри дома, без доступа машин. Квартира в идеальном состоянии, чистая, светлая. Ничего не меняли в цвете стен, обои под покраску чтобы новый собственник сделал все под себя. Все самое необходимое в шаговой доступности  магазины, дет. сады, школы, поликлиника.

Дом в отличном состоянии, 3 лифта, есть подземный паркинг.
До станции метро ""Улица Скобелевская"" всего 10 минут пешком.

Квартира продается от собственника, поэтому дополнительные комиссии исключены.",,66.4,17.7,266.6
https://www.cian.ru/sale/flat/309015227/,https://images.cdn-cian.ru/images/2305443176-4.jpg,ЖК «Южные сады»,"Москва, ЮЗАО, р-н Южное Бутово, м. Бульвар Адмирала Ушакова, Южные Сады ЖК, к2.4",Транспортом,11806013.0,290788.0,2.0,15.0,30.0,40.6,"Переуступка прав требования! 99К-2.4-1109

Продаётся квартира в новостройке — ЖК ""Южные Сады"" по адресу: Москва, ЮЗАО, Южное Бутово, Жилой комплекс ""Южные Сады"",
Общая площадь квартиры — 40,6 кв. м., этаж 15 из 30
Тип проекта, по которому построен дом — монолит
Срок сдачи — 2-й квартал 2025 
Черновая отделка.
Более подробная информация по телефону:

Жилой комплекс ""Южные сады"" возводится неподалеку от Бутовского лесопарка, в юго-западной части Москвы. Дома с выразительной архитектурой надолго сохранят актуальный внешний облик, формируя уютное пространство нового города.
Входные группы имеют безбарьерный доступ. Витражное остекление обеспечивает приток света, вестибюль хорошо просматривается.
Интерьер лобби создан по авторскому проекту Studio 211. Гармонично подобранные оттенки и тёплое ненавязчивое освещение создают ощущение ""я дома"" еще до входа в квартиру.
Предусмотрен круглосуточный ресепшен, общее пространство разделено на функциональные зоны: лаундж-зона с библиотекой, комната для посылок, колясочные помещения, пост охраны.
На уровне подземного этажа располагается двухуровневый паркинг с доступом на лифте, индивидуальными и семейными машино-местами.
В ""средиземноморском"" благоустройстве дворов района ""Южные сады"" используются геопластика и живые изгороди, появятся амфитеатр и игровой кластер со скалодромом.
Первые этажи отведены под коммерцию, здесь откроются фитнес-студия, кафе, супермаркет и пекарня.

Преимущества жилого комплекса:
•в пределах 15 минут пешком работают 3 станции метро: ""Потапово"", ""Бунинская аллея"", ""Улица Горчакова""
•школы, детские сады и развивающие центры в пешей доступности
•вертикальное озеленение территории, мини-сады в лобби
•рядом ландшафтный парк ""Южное Бутово"", сквер у Потаповских прудов и обширный Бутовский лесопарк (1610 га)""",,40.6,11.8,290.8
https://www.cian.ru/sale/flat/297901785/,https://images.cdn-cian.ru/images/kvartira-kommunarka-potapovskaya-roshca-ulica-2089304384-4.jpg,,"Москва, НАО (Новомосковский), м. Бульвар Адмирала Ушакова, пос. Коммунарка, улица Потаповская Роща, 5к2",Транспортом,16200000.0,305660.0,2.0,3.0,3.0,53.0,"Уютная светлая двушка на 3-м этаже 3-этажного дома. Наверху еще технический этаж. 

Дом расположен в ЖК Бутовские аллеи, все дома малоэтажной застройки. Куплена у застройщика Эст-а-тет, который строит объекты бизнес-класса.

Возле дома всегда есть место для парковки. Рядом школа и детский сад. Метро Потапово рядом с домом (Сокольническая линия, около 10 мин пешком). 

Ремонт делался под себя, применены качественные материалы. На балконах панорамные окна. Кухня из Германии Nobilla. Вся встроенная техника остается новому владельцу. Теплый пол на балконах, санузлах и коридоре. На стенах штукатурка. Инсталляция и унитаз Villeroy Boch. Тумбы с раковинами пр-ва Франция.
Паркет. Кондиционер. Умный дом

Квартира без обременений. Полная стоимость в договоре. Быстрый выход на сделку

РИЭЛТОРОВ ПРОСЬБА НЕ БЕСПОКОИТЬ",,53.0,16.2,305.7
https://www.cian.ru/sale/flat/308460460/,https://images.cdn-cian.ru/images/2293111649-4.jpg,ЖК «Бунинские кварталы»,"Москва, НАО (Новомосковский), м. Бульвар Адмирала Ушакова, Бунинские Кварталы ЖК, к1.3",Транспортом,12100000.0,224074.0,2.0,6.0,19.0,54.0,"Код объекта: 1183830.
 Продаётся 2-комнатная квартира в ЖК ""Бунинские кварталы"" на 6 этаже. Общая площадь составляет 54 квадратных метра, из которых жилая площадь занимает 24.7 квадратных метров, а площадь кухни-столовой - 11,8 квадратных метров. Квартира очень светлая, без проходных комнат, что делает её комфортной для больших семей. В квартире есть один балкон, один совмещённый и один раздельный санузел. Высота потолков составляет 2.99 метра.

Квартира сдаётся без отделки, но уже установлены стеклопакеты с повышенной тепло- и шумоизоляцией, элементы отопления, входная дверь и заведены все коммуникации. Это даёт вам возможность реализовать свой собственный дизайн-проект.

Также в комплексе имеется свой подземный паркинг.

звоните уважаемые покупатели и их представители.",,54.0,12.1,224.1
https://www.cian.ru/sale/flat/303580322/,https://images.cdn-cian.ru/images/kvartira-sosenskoe-aleksandry-monahovoy-ulica-2196891217-4.jpg,ЖК «Бунинские луга»,"Москва, НАО (Новомосковский), м. Бульвар Адмирала Ушакова, Сосенское поселение, улица Александры Монаховой, 85",Транспортом,16250000.0,253906.0,2.0,16.0,17.0,64.0,"Собственник. Метро Потапово в 2 минутах пешком от подъезда уже работает!

Просторная евро 3ка с отделкой от застройщика (2 отдельные комнаты и большая кухня-гостиная 25м²) в ЖК Бунинские луга, корпус 3.8.1.
Срок сдачи 1кв 2025 года. Последний корпус в ЖК, уже есть все необходимое. Строится поликлиника, срок сдачи в 2025, несколько школ и дет садов - большая школа со стадионом и сад без необходимости переходить дорогу уже скоро сдадут. Пешком 7 минут до ТЦ Глобус, почты, Вкусно и точка. Рядом СДЭК, пвз Озон, ВБ, Я.Маркет, салоны красоты, кафе, пекарни. Автобусные остановки так же рядом на направлении Александры Монаховой и выезд на Солнцево-Бутово-Варшавское шоссе.. 

ДДУ переуступка один собственник (сейчас ипотека в Дом.рф).
Агент уже есть, риелторам не беспокоить",,64.0,16.2,253.9
https://www.cian.ru/sale/flat/309297442/,https://images.cdn-cian.ru/images/kvartira-moskva-skobelevskaya-ulica-2311258071-4.jpg,,"Москва, ЮЗАО, р-н Южное Бутово, м. Бульвар Адмирала Ушакова, Скобелевская улица, 12",Пешком,16500000.0,285962.0,2.0,8.0,22.0,57.7,"Продается красивая и уютная двухкомнатная квартира, 8/22-эт дома. Дом  управляется ЖСК. Очень чистый, красивый подъезд с консьержем и видеонаблюдением.  Новые 2 пассажирских и грузовой лифта. В лифтовом холле сделан ремонт. 
     В квартире большое количество мест хранения, качественной мебели, выполненной под заказ и техники.  Вся мебель, техника и декор остаются. Дизайн квартиры современный, выполнен в светлых тонах. 
    Кухонная мебель от компании Стильные Кухни, фасады натуральный бук, Техника: холодильник Liebherr, варочная панель и встроенный духовой шкаф AEG, встроенная посудомойка Bosch, стиралка Bosch, встроенная вытяжка Kaiser, микроволновка Samsung. 
Шкафы и стеллажи Mr.Doors. Кровать Dreamland класса люкс, с подъемным механизмом и дополнительным местом хранения. 
   Во всех комнатах установлены кондиционеры General (Japan), на кухне General Climate. 
Проведен проводной телефон и оптоволоконный интернет GPON с wifi роутером от МГТС.
   В санузлах итальянская плитка Viva Ceramica, чугунная ванна Roca, новая тумба с раковиной и с зеркалом Aqwella. Вся сантехника Hansgrohe, в том числе душ с термостатом.
    Межкомнатные двери Софья из натурального шпона вишни.
Балкон застеклен и обшит вагонкой, на нем организована дополнительная зона отдыха.
   Проведен профессиональный клининг, квартира освобождена от личных вещей и полностью готова для заезда и комфортного проживания
ИНФРАСТРУКТУРА: Район с хорошей экологией, транспортной доступностью и развитой инфраструктурой. Окружен лесом (рядом Бутовский лесопарк с прогулочными и велодорожками, лыжными трассами и лыжной базой).
В шаговой доступности огромный ландшафтный парк с каскадом прудов, прогулочными и велодорожками, детскими и спортивными площадками, пляжем и лодочной станцией. 
Во дворе игровые и спортивные площадки, рядом сетевые розничные магазины (Перекресток, Пятерочка, Магнит и т.п.), аптеки, детские и взрослые поликлиники, ТРЦ с кинотеатром, фитнесс центры, бассейны.
   2 Детских сада и 2 Общеобразовательные школы во дворе и несколько в шаговой доступности, включая высокорейтинговые 1354 и 2007. Детские досуговые центры (Лира и Школа искусств).
  Также возможна продажа машино-места на плоскостной парковке и гаража, в 8 и 20 минутах пешком
    Оперативный показ, свободная продажа, больше 5 лет в собственности, 2 взрослых собственника, никто не прописан.",,57.7,16.5,286.0
https://www.cian.ru/sale/flat/311394133/,https://images.cdn-cian.ru/images/kvartira-moskva-yuzhnobutovskaya-ulica-2353606940-4.jpg,,"Москва, ЮЗАО, р-н Южное Бутово, м. Бульвар Адмирала Ушакова, Южнобутовская улица, 68",Транспортом,13700000.0,256075.0,2.0,7.0,9.0,53.5,"Продается двухкомнатная квартира, в хорошем районе, до метро 8 минут пешком, рядом парк с каскадом прудов.  Поблизости несколько школ и садов, напротив дома детская и взрослая поликлиники. С парковкой авто проблем нет. Поблизости много разных магазинов. Балкон застеклен. Один собственник. В помощи в продаже не нуждаюсь.",,53.5,13.7,256.1
https://www.cian.ru/sale/flat/299699821/,https://images.cdn-cian.ru/images/2125240500-4.jpg,ЖК «Эталон-Сити»,"Москва, ЮЗАО, р-н Южное Бутово, м. Бульвар Адмирала Ушакова, улица Поляны, 5",Транспортом,18900000.0,295313.0,2.0,15.0,31.0,64.0,"Id 37466. Продаётся просторная евро-3х комнатная квартира в жилом комплексе ""Эталон-Сити"".

О комплексе:
""Эталон Сити"" - современный и уютный жилой комплекс, расположенный в сердце ""Бутово"". Рядом с ним находится прекрасный лесопарк, а также в шаговой доступности школы, салоны красоты, фитнес клуб, магазины, кафе и рестораны. Территория ограждена и охраняется. Есть подземный паркинг. Это оптимальное место для комфортной и стильной жизни.

Транспортная доступность:
В пешей доступности (2 минуты) находится остановка общественного транспорта.
До метро Бульвар Дмитрия Донского 9 минут на автобусе.
До метро Улица Скобелевская 8 минут на автобусе.
До МЦД Бутово 12 минут на автобусе.
До МКАДа 4км на машине.

Оперативный показ.
Остались вопросы? - звоните!",,64.0,18.9,295.3
https://www.cian.ru/sale/flat/310382360/,https://images.cdn-cian.ru/images/kvartira-moskva-checherskiy-proezd-2332429953-4.jpg,,"Москва, НАО (Новомосковский), м. Бульвар Адмирала Ушакова, проезд Чечерский, 136",Транспортом,13000000.0,239852.0,2.0,6.0,16.0,54.2,"Продается уютная 2-комнатная квартира в современном жилом комплексе в Москве, поселение Воскресенское, Чечёрский проезд, 136. Общая площадь квартиры составляет 54.2 кв. м, жилая площадь — 24.6 кв. м, кухня — просторные 16.9 кв. м. Квартира расположена на 6 этаже 16-этажного дома, построенного в 2022 году. Высота потолков — 2.7 метра. До метро ""Бунинская аллея"" всего 4 минуты на автомобиле.

Квартира с косметическим ремонтом, что позволяет вам сразу же заехать и жить. Планировка удобная и функциональная, с одной лоджией, где можно наслаждаться свежим воздухом. Санузел раздельный, окна выходят во двор, поэтому в квартире всегда тихо и спокойно.

Дом монолитно-кирпичный, новый и в отличном состоянии. В нем есть как пассажирский, так и грузовой лифт, что особенно удобно для переезда. На территории дома предусмотрена наземная парковка. Мусоропровод обеспечивает дополнительный комфорт для жителей.

Рядом с домом находятся школы и детские сады, что идеально для семей с детьми. Также в шаговой доступности расположены магазины, где можно приобрести все необходимое для повседневной жизни.

Квартира продается от собственника, поэтому вы не будете переплачивать за комиссии. Все документы готовы к сделке, ипотека возможна. 

Не упустите шанс стать собственником этой замечательной квартиры! Записывайтесь на просмотр и приезжайте оценить все преимущества лично.",,54.2,13.0,239.9
https://www.cian.ru/sale/flat/311523162/,https://images.cdn-cian.ru/images/kvartira-moskva-alleya-vitte-2356901853-4.jpg,,"Москва, ЮЗАО, р-н Южное Бутово, м. Бульвар Адмирала Ушакова, аллея Витте, 2",Пешком,15500000.0,290262.0,2.0,10.0,17.0,53.4,"Вашему вниманию предлагается двухкомнатная квартира чистая, очень теплая, уютная с качественным ремонтом, с панорамным видом, окна выходят на восток. Дом расположен в пешей доступности от метро. Остается деревянная кухня ,выполненная по индивидуальному проекту со встроенной духовкой и варочной панелью
Whirlpool, и каменной мойкой. По договоренности посудомоечная машина и кухонный дополнительный буфет. В квартире немецкие стеклопакеты rehau, немецкий ламинат, обои производство Италия .
Подъезд чистый, есть консьерж.
Зеленый двор, недалеко находится пруд с прогулочными зонами, детскими и спортивными площадками. Один из экологически чистых районов Москвы, рядом нет крупных производств. Тихий, современный двор с площадками для детей разного возраста.
Отличная инфраструктура: рядом школы, детские сады, в минуте ходьбы располагается термоленд с подогреваемыми круглогодичными бассейнами, летом есть возможность загорать на лежаках, два фитнес-клуб, ФОК ""Южное Бутово"", аптеки, магазины, салоны красоты, мед центры и поликлиники, рестораны, Гипермаркет Перекресток, ТРЦ Витте-Молл и многое другое.
Район зелёный, в 10 минутах пешком Бутовский парк с прудами и велодорожками.
Один взрослый собственник, легкая альтернатива .
Без обременений и перепланировок.",,53.4,15.5,290.3
https://www.cian.ru/sale/flat/309707252/,https://images.cdn-cian.ru/images/kvartira-moskva-checherskiy-proezd-2319266614-4.jpg,,"Москва, ЮЗАО, р-н Южное Бутово, м. Бульвар Адмирала Ушакова, проезд Чечерский, 94",Транспортом,13000000.0,244821.0,2.0,5.0,9.0,53.1,"я один совершеннолетний собственник. обременений нет. комнаты изолированные., распашонка. развитый район, школы, дет сады. метро бунинская в 10 мин ходьбы или короткие остановки на автобусе. свободная продажа. полная стоимость в договоре. агентства (агентов) просьба не беспокоить. продаю сама, не тороплюсь.",,53.1,13.0,244.8
https://www.cian.ru/sale/flat/310415260/,https://images.cdn-cian.ru/images/2333054083-4.jpg,,"Москва, ЮЗАО, р-н Южное Бутово, м. Бульвар Адмирала Ушакова, проезд Чечерский, 116",Транспортом,12000000.0,225564.0,2.0,3.0,4.0,53.2,"Id 26063. Продается отличная двухкомнатная квартира в малоэтажном и малоквартирном доме (подъезд 4-х. этажный), в пешей доступности от станции метро Бунинская Аллея. Общая площадь квартиры с учетом лоджий 56.4 кв. м. Квартира — распашонка, на две стороны дома. В квартире две лоджии, обе застеклены, на кухне и в комнате. Чистый, ухоженный подъезд с лифтом и мусоропроводом. Во дворе всегда достаточно места для парковки машины. Один взрослый собственник, приватизация 2010 года. Свободная продажа.",,53.2,12.0,225.6
https://www.cian.ru/sale/flat/310084281/,https://images.cdn-cian.ru/images/2326675391-4.jpg,,"Москва, ЮЗАО, р-н Южное Бутово, м. Бульвар Адмирала Ушакова, Изюмская улица, 37к2",Транспортом,15500000.0,276786.0,2.0,12.0,14.0,56.0,"Шикарная двухкoмнaтнaя квaртира. Рaспaшонкa - окнa нa двe cтopoны.
Пpocтoрная кухня - 12м2 с выходoм нa утепленную зacтеклeнную лoджию. Большaя прихожая, с клaдовкoй-гapдеробной. Paздeльный сaн.узел.
B кoмнатах и прихoжeй покрытие пoла - пpoбкa. Koндиционеры в жилыx кoмнaтaх. Нa кухне и в ванной полы отделаны плиткой, с регулируемым подогревом. Установлен проточный водонагреватель для нагрева воды, при сезоном отключении горячего водоснабжения. В комнатах и на лоджии установлены стеклопакеты.
Квартира чистая и уютная.
Подъезд ухоженный, чистый. Консьерж.
Дом расположен во дворе. Вокруг развитая инфраструктура: поликлиника (взрослая и детская) в двух шагах, магазины, пункты выдачи маркетплейсов, аптеки, учреждения досуга, школы, дет.сад, парк, Торгово-развлекательные центры. До метро - 12 минут пешком по освещенной улице.",,56.0,15.5,276.8
https://www.cian.ru/sale/flat/310606177/,https://images.cdn-cian.ru/images/kvartira-moskva-checherskiy-proezd-2336516227-4.jpg,ЖК «Новое Бутово»,"Москва, НАО (Новомосковский), м. Бульвар Адмирала Ушакова, проезд Чечерский, 130",Транспортом,12990000.0,201395.0,2.0,12.0,17.0,64.5,"Вашему вниманию квартира в новом доме ЖК Новое Бутово, без отделки для реализации фантазии дизайнера. Квартира свободной  планировки, большая лоджия и кухня. Полная стоимость в договоре  первичные документы 1 взрослый собственник. Развитая инфраструктура рядом ТЦ Бутово-Молл, сетевые продуктовые  магазины, школа, До метро Бунинская аллея 7 минут на городском траспорте. Подробности по телефону поеазы по согласованию",,64.5,13.0,201.4
https://www.cian.ru/sale/flat/309622311/,https://images.cdn-cian.ru/images/kvartira-moskva-ulica-gorchakova-2329651931-4.jpg,,"Москва, ЮЗАО, р-н Южное Бутово, м. Бульвар Адмирала Ушакова, улица Горчакова, 5К1",Пешком,13400000.0,250000.0,2.0,11.0,14.0,53.6,"Просторная светлая двушка в 8 мин. от метро Улица Горчакова и ландшафтного парка Гавриково с прудами и детскими площадками. Дом находится во дворе, окна на юг, тихо. В квартире сделан дизайнерский ремонт, ОДНАКО ТРЕБУЕТСЯ КОСМЕТИКА. 
Установлена качественная входная дверь, развернута ванная, заменены инженерные коммуникации, электрика, установлен кондиционер, спутниковая антенна, в большой комнате сделан теплый пол и уложен керамогранит. Стены выровнены и окрашены вододисперсионной краской. Деревянные стеклопакеты, балкон застеклен алюминиевым профилем Provedal.  
В квартире остается кухонный гарнитур и бытовая техника (огромный холодильник, стиральная машина, посудомойка, стеклокерамическая плита суммарной стоимостью около 250к). 
Чистый подъезд, адекватные соседи, зеленый двор с детскими площадками.
Отличная инфраструктура - в пешей доступности находится все необходимое для спокойной и счастливой жизни: сетевые магазины, спортивные и фитнес комплексы, 2 бассейна, кинотеатр, кафе и рестораны, аптеки,  поликлиники и т.д.
Рядом три детских сада, школа. 
В шаговой доступности 3 станции метро:
- 8 мин пешком до станции метро Улица Горчакова;
- 12 мин пешком до станции метро Бульвар Адмирала Ушакова;
- 15 мин пешком до станции метро Бунинская аллея.
- Приватизация 2006 г. 
- 1 совершеннолетний собственник. 
- Свободная продажа. 
- Полная стоимость в ДКП. 
- Оперативный показ.

В услугах риэлторов не нуждаюсь, просьба не беспокоить предложениями ""продать за 3%""",,53.6,13.4,250.0
https://www.cian.ru/sale/flat/308021897/,https://images.cdn-cian.ru/images/2285015890-4.jpg,ЖК «Новое Бутово»,"Москва, НАО (Новомосковский), м. Бульвар Адмирала Ушакова, проезд Чечерский, 124к3",Транспортом,13500000.0,231959.0,2.0,12.0,17.0,58.2,"Номер лота: вт-0420856.
Продаётся ухоженная двухкомнатная квартира в идеальном состоянии с хорошим ремонтом, просторной кухней - 13 квадратных метров, кладовой из которой можно сделать второй санузел, лоджией и маленьким балкончиком. Развитая инфраструктура района включает в себя современную школу, детский сад, торговый центр, фитнес-центр, что делает эту локацию идеальной для семейного проживания. Отличная транспортная доступность позволяет быстро добраться до различных районов города. Рядом расположен благоустроенный парк ""Южное Бутово"" с велодорожками, площадками, обустроенными набережными для отдыха.  Это прекрасный выбор для тех, кто ценит комфорт, качество жилья и желает жить в молодом современном районе с развитой инфраструктурой. 1 собственник с 2017 года. Содействие в получении специальных условий и преференций по ипотеке.",,58.2,13.5,232.0
https://www.cian.ru/sale/flat/309970947/,https://images.cdn-cian.ru/images/kvartira-moskva-ulica-admirala-lazareva-2324639325-4.jpg,,"Москва, ЮЗАО, р-н Южное Бутово, м. Бульвар Адмирала Ушакова, улица Адмирала Лазарева, 34",Пешком,13500000.0,245455.0,2.0,7.0,12.0,55.0,"Двухкомнатная квартира в чистом и спокойном районе Столицы в 6 минутах ходьбы от метро улица Горчакова.  Общая площадь квартиры составляет 55кв.м. 2лоджии, изолированные комнаты (17-13.3)кв.м., площадь кухня 11.9 кв.м., раздельный сан/узел. 1 взрослый собственник по приватизации
Район, в котором расположена квартира, обладает богатой инфраструктурой: в шаговой доступности находятся школы, детские сады, поликлиники, сетевые магазины и торговые центры, а также ландшафтный парк Южное Бутово с живописными прудами, где Вы сможете проводить время на свежем воздухе и заниматься спортом. Собственность., перепланировок нет. Оперативный показ.",,55.0,13.5,245.5
https://www.cian.ru/sale/flat/308107856/,https://images.cdn-cian.ru/images/2286624943-4.jpg,,"Москва, НАО (Новомосковский), м. Бульвар Адмирала Ушакова, проезд Чечерский, 122к3",Транспортом,15700000.0,263866.0,2.0,8.0,16.0,59.5,"Id 25006. ЛУЧШЕЕ ПРЕДЛОЖЕНИЕ ""ЕВРОТРЕШКИ""!

Современная квартира расположена на 8-ом этаже 16-и этажного блочного дома, квартира в состоянии ""купи и живи"" или ""купи и живи на ренту"".
Окна выходят на две стороны дома, что гарантирует жильцам наиболее комфортный акустический режим, а также комфортное солнечное освещение. Наличие застекленного балкона, который включен в общий метраж, даёт возможность в полной мере насладиться замечательным пейзажем двора.

Подъезд содержится в чистоте, есть пассажирский и грузовой лифты.
Дом имеет отличную транспортную развязку  это достаточно близко, чтобы было удобно добраться до дома, и достаточно далеко, чтобы оказаться вдали от транспортной суеты.

Дом находится в районе с развитой инфраструктурой: детские сады, школы, гимназия, музыкальные и спортивные детские учреждения, магазины, кафе и салоны красоты. В десяти минутах ходьбы от дома расположен лесопарк-парк, где можно гулять и заряжаться энергией, дыша свежим лесным воздухом.
Добрые и тихие соседи просили ""отдать"" квартиру в ""хорошие руки"". Может быть это Вы?

Документы к сделке будут собраны специалистами агентства и полностью подготовлены к производству.
В собственности продавца квартира находится более 5-ти лет, быстрый выход на сделку.

В цену квартиры включен кухонный гарнитур, который ещё не один год прослужит Вам верой и правдой и остальная мебель.
Возможно использование разных схем оплаты.
Звоните сегодня, чтобы записаться на просмотр!",,59.5,15.7,263.9
https://www.cian.ru/sale/flat/310521119/,https://images.cdn-cian.ru/images/kvartira-moskva-checherskiy-proezd-2335056353-4.jpg,,"Москва, НАО (Новомосковский), м. Бульвар Адмирала Ушакова, проезд Чечерский, 134к1",Транспортом,11500000.0,218216.0,2.0,6.0,18.0,52.7,"Продается просторная двухкомнатная квартира в Москве, в поселении Воскресенское, по адресу ЖК Новое Бутово Чечёрский проезд, 134к1. Общая площадь квартиры составляет 52.7 кв. м, жилая площадь — 28.3 кв. м, кухня — 10 кв. м. Квартира расположена на 6 этаже 18-этажного панельного дома, построенного в 2021 году. Высота потолков — 2.65 метра. Окна выходят во двор, что обеспечивает тишину и комфорт.

Квартира без отделки, что дает вам возможность воплотить любые дизайнерские идеи и создать пространство своей мечты. Санузел раздельный, есть один балкон, где можно организовать зону отдыха или дополнительное место хранения.

Дом современный, с многоуровневой парковкой, что решает вопрос с местом для вашего автомобиля. В нем установлены два грузовых и один пассажирский лифт, поэтому можно без проблем подниматься на любой этаж. Дом и подъезд в отличном состоянии, так как здание совсем новое.

Район имеет развитую инфраструктуру: рядом есть школы, детские сады и магазины, что делает его удобным для проживания семей с детьми. До станции метро ""Бунинская аллея"" можно доехать на автомобиле всего за 4 минуты, или 15 мин. пешком.Рядом прогулочная зона вдоль Чечерского пруда,100 м Бутово Молл,магазин Лента

Квартира продается от собственника, без обременений и юридических проблем, поэтому процесс покупки пройдет быстро и без лишних хлопот. Возможна покупка в ипотеку.

Приглашаем вас на просмотр, чтобы оценить все преимущества этой квартиры лично. Звоните, чтобы договориться о времени визита и задать интересующие вопросы.Услуги по продаже не предлагать,есть риэлтор. Торг реальным покупателям",,52.7,11.5,218.2
https://www.cian.ru/sale/flat/310346939/,https://images.cdn-cian.ru/images/2331549671-4.jpg,,"Москва, НАО (Новомосковский), м. Бульвар Адмирала Ушакова, проезд Чечерский, 128",Транспортом,14400000.0,238806.0,2.0,13.0,16.0,60.3,"Арт. 83618351 Свободная продажа! Без обременений! Ипотека от 14.5%!
Продается 2-ком. квартира распашного типа, площадью 60.3 м2, на 13-ом этаже из 18-ти.  
В шаговой доступности от метро *Бунинская Аллея* 12-15 минут.
До МЦД Щербинка 7-10 минут на транспорте.

Описание:
-Общая площадь 60.3м2
-Комната 1 -  14 м2
-Комната 2 - 17 м2
-Кухня - 11 м2
Квартира очень просторная, светлая, уютная и тёплая! Соседи очень интеллигентные, тихие. Чистый подъезд.

Отличная инфраструктура, в шаговой доступности:
-Взрослые и детские поликлиники!
-Школы
-Сады
-Магазины
-Аптеки
-Детские площадки
-ТЦ Бутово Молл

Легко купить: 
- По документам всё прозрачно, любые проверки. - Два взрослых собственника. - Ипотека приветствуется. - Свободная продажа! Звоните! Записывайтесь на показ объекта прямо сейчас! Рады будем ответить на все ваши вопросы.",,60.3,14.4,238.8
https://www.cian.ru/sale/flat/311184169/,https://images.cdn-cian.ru/images/2348883385-4.jpg,ЖК «Скандинавия»,"Москва, НАО (Новомосковский), м. Бульвар Адмирала Ушакова, бульвар Скандинавский, 23к2",Транспортом,16550000.0,290351.0,2.0,5.0,14.0,57.0,"Арт. 88092838 Продаётся двухкомнатная квартира на 4-м этаже 14-этажного кирпично-монолитного дома в ЖК Скандинавия
Квартира с просторным коридором, отдельной спальней 13 м² и просторной кухней-гостинной 24 м²,  раздельными санузлами. Квартира без перепанировок.
Общая площадь  58 м²
Выcотa пoтолкoв 2,7 м.
Квартира в хорошем состоянии состоянии, чистота и порядок.
Окна выходят на тихую улицу комплекса.
Есть вся необходимая инфраструктура: магазины, поликлиники, школы, детские сады. 
Хорошо обустроенный жилой комплекс
бизнес-класса с развитой инфраструктурой и транспортной доступностью. На
территории комплекса детские площадки, школа, детский сад, магазины.
17-20 минут пешком до метро Потапово.
В 5-ти минутах автобусная остановка : 5-7
минут на транспорте до метро Потапово и 12-15 минут до метро Бунинская аллея.

Дом сдан в 2018г. Документы на руках. Два
взрослых собственник, быстрый выход на сделку.

Для наших покупателей:
• помощь в получении ипотеки в ведущих
банках, с высокой степенью одобрения
• специальные скидки по ставкам 0.3-1%
• юридическое сопровождение сделки",,57.0,16.6,290.4
https://www.cian.ru/sale/flat/311524085/,https://images.cdn-cian.ru/images/2356394149-4.jpg,,"Москва, ЮЗАО, р-н Южное Бутово, м. Бульвар Адмирала Ушакова, Южнобутовская улица, 66",Транспортом,13900000.0,257407.0,2.0,1.0,12.0,54.0,"Номер в базе: 4265349. О КВАРТИРЕ: 2-комнатная квартира с общей площадью 54 м². Осуществлена перепланировка: кухня и малая жилая комната поменяны местами, что дало возможность создать просторную кухню (14 м²) и две жилые комнаты (18 м² и 9 м²). В квартире установлены два кондиционера: в кухне и в большой комнате. В квартире выполнен качественный, современный ремонт. Квартира продается укомплектованная встроенной кухней и бытовой техникой. 

О ДОМЕ: 12-этажный дом 2000 года постройки. 2 лифта: грузовой и пассажирский. Много парковочных мест благодаря удачному расположению подъезда и дома в целом.
 
О ЛОКАЦИИ: В шаговой доступности Черневский парк, Черневский пруд, развитая инфраструктура: поликлиника, школы, детские сады, магазины, салоны красоты и ПВЗ.

О ТРАНСПОРТЕ: В пешей доступности станции метро Бунинская Аллея и Улица Горчакова.

ДОКУМЕНТЫ: Один взрослый собственник, обременений нет, полная стоимость в ДКП.

Звоните, организую оперативный показ!
Код пользователя: 172987",,54.0,13.9,257.4
https://www.cian.ru/sale/flat/310593408/,https://images.cdn-cian.ru/images/kvartira-moskva-skandinavskiy-bulvar-2336316879-4.jpg,ЖК «Скандинавия»,"Москва, НАО (Новомосковский), м. Бульвар Адмирала Ушакова, бульвар Скандинавский, 19",Транспортом,18600000.0,275964.0,2.0,5.0,8.0,67.4,"Новая, чистая двухкомнатная квартира после свежего ремонта. Никто не жил. Огромная прихожая с возможностью установки большого шкафа. Просторная кухня с балконом. Две довольно большие комнаты. Два санузла. 
Полная стоимость в договоре! Свободная продажа. Один взрослый собственник, никто не прописан, быстрый выход на сделку. До метро спокойным шагом 10 минут.",,67.4,18.6,276.0
https://www.cian.ru/sale/flat/310083571/,https://images.cdn-cian.ru/images/2326670788-4.jpg,ЖК «Скандинавия»,"Москва, НАО (Новомосковский), м. Бульвар Адмирала Ушакова, бульвар Скандинавский, 17",Транспортом,12980000.0,254510.0,2.0,2.0,16.0,51.0,"Код объекта: 1312819.
 Срочно продаётся уютная 2-комнатная квартира в новом доме!

Хотите приобрести недвижимость в живописном районе Москвы? Тогда наше предложение для вас! Представляем вашему вниманию просторную двухкомнатную квартиру, расположенную в современном жилом комплексе.

Квартира находится на втором этаже шестнадцатиэтажного монолитного дома 2022 года постройки. Дом оборудован пассажирским и грузовым лифтами. Для вашего удобства предусмотрена подземная парковка.

Общая площадь квартиры составляет 51 кв. м, из которых 33 кв. м — жилая площадь. Кухня площадью 10 кв. м позволит вам воплотить в жизнь самые смелые кулинарные идеи. Высота потолков — 3 метра. В квартире нет ремонта, что даёт возможность обустроить всё по своему вкусу. Большие окна выходят на улицу.

Район, где расположена квартира, отличается развитой инфраструктурой и хорошей транспортной доступностью. Рядом с домом есть всё необходимое для комфортной жизни: школы, детские сады, поликлиники, магазины и кафе.

Мы гарантируем безопасность сделки и юридическую поддержку нашим клиентам. Поможем одобрить ипотеку с выгодной процентной ставкой. Не упустите свой шанс стать обладателем этой замечательной квартиры! Звоните прямо сейчас!",,51.0,13.0,254.5
https://www.cian.ru/sale/flat/309834615/,https://images.cdn-cian.ru/images/kvartira-moskva-checherskiy-proezd-2321977018-4.jpg,,"Москва, НАО (Новомосковский), м. Бульвар Адмирала Ушакова, проезд Чечерский, 126к1",Транспортом,13450000.0,235965.0,2.0,14.0,16.0,57.0,"Продается светлая уютная квартира, дом расположен во дворе в тихом месте. 
Рядом находится школа, детский сад, много детских площадок. Торговый центр Бутово Молл. в 5 минутах ходьбы ландшафтный парк Южного Бутово. 
Рядом автобусная остановка , до метро 5 минут ехать, ( транспорт часто ходит ) пешком 15-20 минут через красивый ухоженный парк. 
Подъезд чистый, на этаже есть просторный тамбур, соседи не конфликтные. 
Квартира чистая, не прокуренная, без посторонних запахов, без перепланировок. Лоджия на кухни утепленная, Зимой очень тепло.  Квартира распашонка, оба окна во двор . 
Квартира в собственности более 5 лет по договору переуступки права. 
Юридически свободна, собственник 1 взрослый, которым я являюсь.  В договоре полная стоимость. Квартира без обременений ( без ипотеки, материнского капитала) 
торг уместен, но обоснованный. 

На просмотр договариваться заранее.
Спасибо за понимание. 

ЧИТАЕМ ВНИМАТЕЛЬНО! Агентам не беспокоить, ищите себе клиентов в другом месте ! Уважаемые агенты, как вы себя рекламируете и навязываете, работать с вами не хочется!!!.)",,57.0,13.4,236.0
https://www.cian.ru/sale/flat/311433275/,https://images.cdn-cian.ru/images/2354537969-4.jpg,ЖК «Скандинавия»,"Москва, НАО (Новомосковский), м. Бульвар Адмирала Ушакова, бульвар Скандинавский, 17",Транспортом,18600000.0,249664.0,2.0,7.0,14.0,74.5,"Номер в базе: 2459346. С нами ипотека 14,99%
О КВАРТИРЕ:
- евро 3-х комнатная  квартира 74,5 кв.м. в новом монолитно-кирпичном доме 2022 года постройки (Бизнес-класс), ЖК ""Скандинавия-юг"".
- отличный вариант как для себя, так и для сдачи в аренду
- огромная кухня-гостиная: 22,6 м²
- жилая площадь: 33,1 м²
- видовой 7 этаж
- балкон с панорамным остеклением
- прекрасный вид
- 2 санузла 
- высота потолков 3 м

О ДОМЕ:
- дом бизнес-класса 2022 года постройки
- в доме подземный паркинг с выходом к грузовому лифту
- 2 лифта, грузовой спускается на -1 этаж (паркинг)
- на 1 этаже есть колясочная

О ЖК:
- лучший жилой комплекс в Новой Москве с удобной локацией
- выезд на новую трассу Солнцево — Бутово — Варшавское шоссе, выезд на МКАД
- до  метро Потапово и гипермаркета ""Глобус"" 5 мин. спокойным шагом
- рядом живописный лес и скверы с зонами отдыха 
- территория комплекса находится под круглосуточной охраной, дворовая и внутренняя территория без машин с ландшафтом в скандинавском стиле
- большой выбор школ : 2070 (входит в ТОП-100 школ), 338, несколько детских садов и поликлиник. 

О СДЕЛКЕ:
- документы готовы к сделке, никто не прописан
- полная стоимость в ДКП, квартира приобреталась по ДДУ, в   собственности более 3 лет
- без долгов и обременений, материнский капитал не использовался
- свободная продажа
- возможна ипотека от 14.99%


СОТРУДНИЧАЯ С НАМИ ВЫ:
-Экономите по Ипотеке до 1.5 млн;
-Экономите на страховке до 40%;
-Подбор и юридическое сопровождение на всех этапах работы;
-На покупку финансовая гарантия 25 млн;
-Звоните, оперативно организую показ и с удовольствием более подробно расскажу о квартире



Код пользователя: 157432",,74.5,18.6,249.7
https://www.cian.ru/sale/flat/302504472/,https://images.cdn-cian.ru/images/novostroyka-nikolskie-luga-2177552066-4.jpg,ЖК «Никольские луга»,"Москва, ЮЗАО, р-н Южное Бутово, м. Бульвар Адмирала Ушакова, Никольские Луга ЖК, 2.3",Транспортом,9950000.0,224099.0,2.0,2.0,17.0,44.4,"Временно не могу отвечать на звонки  пишите пожалуйста. ЦЕНА ВРЕМЕННАЯ ! Пока не продали объект которую хочу купить .
Продам однушка и евро двушка
44, 20 кв Метров. Никольские луга 2,3 В этом корпусе уже не осталось в продаже самый лучший, удобный, солнечный корпус. У застройщика в этом корпусе цена была от 11.000.000.
Срок сдачи 2024г. Октябрь, ноябрь. По ДДУ Декабря. Но обещают раньше. И по практике так и есть.) 
С Евро Ремонтом. Под Ключ.
Окна на улицу.
Первая линия. Шутки шутки
Все на ладони.
Метро 7 мин пешком.
Подходит под семейную ипотеку 5.5%.
Помогу с одобрением. Бесплатно.!
Можно без п/в",,44.4,9.9,224.1
https://www.cian.ru/sale/flat/310319478/,https://images.cdn-cian.ru/images/2330972403-4.jpg,ЖК «Скандинавия»,"Москва, НАО (Новомосковский), м. Бульвар Адмирала Ушакова, бульвар Скандинавский, 19",Транспортом,22500000.0,264706.0,2.0,8.0,9.0,85.0,"Свободная продажа.
дом бизнес классавысокие потолки2 санузлапарковочное место и кладовка
Квартира в новом доме. Евроремонт.
КОМНАТЫ раздельные. 17,5 и 18 кв.м.
КУХНЯ -гостиная 30 кв.м . Кухонный гарнитур спокойного теплого оттенка, встроенная бытовая техника. Большой обеденный стол со стульями.
Зона гостиной с большим удобным диваном и TV.
САНУЗЛЫ : В одном расположены: стиральная машина, сушилка, полноценная ванна, унитаз. В другом- душевая кабина и унитаз. Отделаны плиткой .

ТРАНСПОРТНАЯ ДОСТУПНОСТЬ : новая станция метро ПОТАПОВО. 12 минут пешком.
По дороге от метро много различных магазинчиков, салонов, пунктов выдачи заказов.

СОЦИАЛЬНЫЕ ОБЪЕКТЫ: Школа/детский сад внутри ЖК",,85.0,22.5,264.7
https://www.cian.ru/sale/flat/310581600/,https://images.cdn-cian.ru/images/kvartira-moskva-ulica-admirala-lazareva-2336050785-4.jpg,,"Москва, ЮЗАО, р-н Южное Бутово, м. Бульвар Адмирала Ушакова, улица Адмирала Лазарева, 41",Пешком,16700000.0,309259.0,2.0,13.0,17.0,54.0,"Уютная, светлая квартира - окна во двор, комнаты изолированные 18 и 14 м2, кухня 9,2 м2, чистый подъезд, домофон, консьерж, в подъезде круглосуточно ведется видеонаблюдение. Дом окружают спортивные и детские игровые площадки, рядом пруды и зеленый массив, несколько паркингов. В шаговой доступности магазины, аптеки, 4 школы, д/сады, физкультурно-оздоровительный комплекс, до метро 10 мин. пешком. Квартира оборудована кондиционерами; кухня и коридор  керамогранит, комнаты - паркетная доска, полностью заменена проводка; двери- натуральный шпон. Один собственник, ДКП более 10 лет.",,54.0,16.7,309.3
https://www.cian.ru/sale/flat/303762528/,https://images.cdn-cian.ru/images/2201401379-4.jpg,ЖК «Эталон-Сити»,"Москва, ЮЗАО, р-н Южное Бутово, м. Бульвар Адмирала Ушакова, улица Поляны, 5",Транспортом,21000000.0,345395.0,2.0,16.0,31.0,60.8,"Арт. 68489248 Подходит под ипотеку от 11.75%
Продается светлая и большая двухкомнатная квартира с отличным ремонтом!
------------------------------------------------- -----
- Параметры сделки:
Сопровождение сделки на всех этапах
1 взрослый собственник, без обременений
Подходит под ипотеку
Можно использовать материнский капитал в счет первоначального взноса.
Быстрый выход на сделку.
------------------------------------------------- -----
Описание:
-Продaётся простoрная двухкомнaтная квaртиpa c дизайнерским peмoнтoм в жилoм кoмплексе ""Эталон-Сити"".
-Ремонт из высококачественных материалов. Делался для себя!
-Окна выходят во двор! Открывается прекрасный вид на экопарк!
-В квартире никто не проживал!
-Район со сложившейся инфраструктурой: школы и детские сады в шаговой доступности, торговые центры!
-Экологически чистый район. В окружении лесов и парков (Бутовский лесопарк, экопарк Северное Бутово, парк Битца, парк Южное Бутово)!
-Есть возможность приобретения автомобильной парковки в подземном паркинге за дополнительную стоимость.
------------------------------------------------- -----
Транспортная доступность:
-В пешей доступности (2 минуты) находится остановка общественного транспорта.
-До метро Бульвар Дмитрия Донского и м Старокачаловская 9 минут на автобусе или 25 минут прогулочным шагом через лесопарк.
До метро Улица Скобелевская 8 минут на автобусе или 15 минут прогулочным шагом.
До МЦД Бутово 12 минут на автобусе.
До МКАДа 4км на машине.
------------------------------------------------- -----
- Параметры квартиры:
Жилая площадь - 30 м
Кухня - 12 м
Быстрый выход на сделку!
БОНУС ОТ САМОЛЕТ ПЛЮС: Чистота сделки, помощь с одобрением ипотеки под 10.5%, бесплатная смета по дизайнерскому ремонту, можем включить ремонт в тело ипотеки.
Гарантия юридической чистоты сделки от компании.
Звоните. Записывайтесь на показ объекта прямо сейчас.
Рады будем ответить на все ваши вопросы с 9:00 до 21:00.",,60.8,21.0,345.4
https://www.cian.ru/sale/flat/308459637/,https://images.cdn-cian.ru/images/2293094086-4.jpg,ЖК «Бунинские кварталы»,"Москва, НАО (Новомосковский), м. Бульвар Адмирала Ушакова, Бунинские Кварталы ЖК, 9.1",Транспортом,10750000.0,175654.0,2.0,5.0,19.0,61.2,"Код объекта: 1272901.
 Предлагаем Вашему вниманию отличный вариант для жизни.  Просторная светлая квартира. Без ремонта, что позволит устроить все по своему вкусу. Два санузла.  Высота потолков 2,99 метра и увеличенные окна.  В дизайнерских входных группах предусмотрены зона ожидания, санузел, лапомойки и места для хранения колясок.
    В закрытых дворах жилого комплекса ""Бунинские кварталы"" расположены детские и спортивные площадки, спроектированы места для отдыха. На территории комплекса предусмотрен образовательный центр. На первых этажах домов расположены коммерческие помещения, а для владельцев автомобилей предусмотрен подземный паркинг с прямым доступом на лифте.
    ЖК ""Бунинские кварталы"" расположен в районе Новая Москва. В пешей доступности находятся Ивановский пруд, Потаповские пруды, крытый каток МИЦ ""Арена"", фитнес клуб, ландшафтный парк ""Южное Бутово"", магазины, школы и детские сады. Метро ""Бунинская Аллея"" находится в 10 минутах транспортом.
    Один взрослый собственник. Быстрый выход на сделку..",,61.2,10.8,175.7
https://www.cian.ru/sale/flat/312030665/,https://images.cdn-cian.ru/images/kvartira-moskva-checherskiy-proezd-2367216014-4.jpg,ЖК «Новое Бутово»,"Москва, НАО (Новомосковский), м. Бульвар Адмирала Ушакова, проезд Чечерский, 134к1",Транспортом,14300000.0,209985.0,2.0,2.0,18.0,68.1,"ЖК ""Новое Бутово"" . Новый монолитный - кирпичный дом. Один собственник. никто не прописан, свободная продажа. Квартира без отделки. Развитая инфраструктура-  дет/сад. школы. Рядом с домом  магазины ""Пятерочка"" и ""Дикси"", многоуровневая парковка. торговый центр. Обустроенный парк , озеро с пляжем и  лодочной станцией",,68.1,14.3,210.0
https://www.cian.ru/sale/flat/311594646/,,,"Москва, ЮЗАО, р-н Южное Бутово, м. Бульвар Адмирала Ушакова, улица Академика Понтрягина, 17",Транспортом,8000000.0,153846.0,,,,,"Доля 2/3 . Собственников 3. До метро Бунинская аллея 10 минут пешком. Все магазины рядом, школа, детский сад во дворе дома. Поликлиника - 2 остановки на автобусе.  Доступа к просмотру квартиры нет.",,nan,8.0,153.8
https://www.cian.ru/sale/flat/308948863/,https://images.cdn-cian.ru/images/2303888376-4.jpg,ЖК «Скандинавия»,"Москва, НАО (Новомосковский), м. Бульвар Адмирала Ушакова, бульвар Скандинавский, 17",Транспортом,12980000.0,254510.0,2.0,2.0,16.0,51.0,"Арт. 77143356 Продается 2-комнатная квартира в ЖК бизнес-класса ""Скандинавия"" с высокими потолками 3 метра. 
Пешая доступность метро Потапово около 800 метров.
Дом монолитный, окружен двумя ландшафтными мини-парками (один из них с прудом) и огромным Бутовским лесопарком. Чистота экологии в этой локации не вызывает сомнений.
Двор закрыт от машин, есть подземный паркинг и гостевая наземная парковка.
Все дома в округе новые, выполнены в едином скандинавском стиле, что будет постоянно радовать ваш взгляд и дарить ощущение, что вы находитесь в уникальном красивейшем городе. Контингент отличный, здесь заселяются много семейных людей благополучного статуса. Рядом вся необходимая инфраструктура: дет.сады, школы, гипермаркет Глобус, множество супермаркетов, кафе, салонов красоты и пр.

Квартира без отделки, что позволит вам воплотить все ваши фантазии в дизайне и создать свою квартиру мечты. Один взрослый собственник. Квартира готова к сделке. 

Обращайтесь, я проведу оперативный показ, а также помогу с одобрением ипотеки под сниженный процент.",,51.0,13.0,254.5
https://www.cian.ru/sale/flat/311008122/,https://images.cdn-cian.ru/images/kvartira-moskva-checherskiy-proezd-2345053443-4.jpg,,"Москва, НАО (Новомосковский), м. Бульвар Адмирала Ушакова, проезд Чечерский, 130",Транспортом,16000000.0,266667.0,2.0,17.0,17.0,60.0,"Квартира с шумоизоляцией, с  современной системой очищения воздуха и прекрасными видами.",,60.0,16.0,266.7
https://www.cian.ru/sale/flat/310554100/,https://images.cdn-cian.ru/images/2339036569-4.jpg,,"Москва, ЮЗАО, р-н Южное Бутово, м. Бульвар Адмирала Ушакова, Бартеневская улица, 41",Пешком,16000000.0,277778.0,2.0,11.0,12.0,57.6,"Арт. 84073034 Вашему вниманию представляется просторная 2-к квартира 57.6 м² в уже развитом районе Москвы.

Квартира находится всего в 10 минутах пешком от метро ""Улица Горчакова"". Рядом находится вся необходимая инфраструктура и огромный ландшафтный парк протяжённостью в несколько станций метро.

Квартира имеет две изолированные жилые комнаты, раздельный санузел и просторную кухню 13 м². Продаётся вместе со всей мебелью.

Не упустите шанс приобрести данную прекрасную квартиру. Звоните и я с радостью отвечу на все интересующие вас вопросы.",,57.6,16.0,277.8
https://www.cian.ru/sale/flat/307911300/,https://images.cdn-cian.ru/images/novostroyka-buninskie-luga-2282828112-4.jpg,ЖК «Бунинские луга»,"Москва, НАО (Новомосковский), м. Бульвар Адмирала Ушакова, пос. Коммунарка, Бунинские Луга ЖК, 3.4.1",Транспортом,12200000.0,355685.0,2.0,7.0,17.0,34.3,"Собственник!!! Не агент!
Двухкомнатная квартира, с большой кухней, окна во двор! В доме подземный паркинг!От метро Потапово (красная ветка) 5 минут пешком! Срок сдачи дома ноябрь 2024 года, полностью готовая отделка, продажа по переуступке, квартира куплена без ипотеки, быстрый выход на сделку!

Продаётcя 2-комн.квартиpа площадью 34.3 кв.м на 7 этaже 17 этaжногo дома (Корпуc 3.4.1, сeкция 1) пpoeктa ПИК Бунинские луга. Cвeтлый простopный пoдъeзд нa уpoвнe зeмли, функциoнальная планиpовка, большие oкна, c oтдeлкой.

Жилой квартaл Бунинcкие лугa pасполoжeн в Новой Moсквe, в ceми килoмeтpах от MКAД. Район окружают пруды и лесопарковые зоны. До станции метро Потапово 3 минуты ходьбы, а до станции Коммунарка — 5 минут на автомобиле.

Собственная инфраструктура Бунинских лугов включает всё, что нужно для комфортной жизни: здесь есть школы, детские сады, поликлиники и паркинги. Рядом с проектом открыта уникальная детская площадка Пирамиды. На её территории есть террасы, навесы, кафе, высокие открытые и закрытые горки, паутина, подземные тоннели и даже настоящий ручей с плотинами — всё это создаёт удивительное творческое пространство не только для детей и подростков, но и для родителей. На первых этажах домов предусмотрены магазины и предприятия сферы услуг. В нескольких минутах езды расположены ТРЦ МЕГА, гипермаркеты Glоbus, Ашан, ОВI и спортивный комплекс с бассейном.

Сдача дома до 30.12.2024.
Подземный паркинг. Двор без машин. Любая форма оплаты, в т.ч. ипотека.

Собственник!!! Не агент!",,34.3,12.2,355.7
https://vidnoye.cian.ru/sale/flat/311378000/,https://images.cdn-cian.ru/images/kvartira-suhanovo-park-parkovaya-ulica-2353231904-4.jpg,ЖК «Суханово Spa Deluxe»,"Московская область, м. Бульвар Адмирала Ушакова, Ленинский городской округ, д. Суханово, Суханово Парк ЖК, улица Парковая, 1к2",Транспортом,10000000.0,232558.0,2.0,2.0,5.0,43.0,"В закрытом охраняемом малоэтажном ЖК бизнес класса Суханово Спа Делюкс продаётся 2х комнатная квартира 43 кв.м. БЕЗ ОТДЕЛКИ (на фото визуализация дизайн проекта), в свободной планировке. За счёт окон планируется как двушка, либо евродвушка (есть готовые дизайн проекты). Квартира с потрясающим видом на лес. Особую атмосферу этой квартире создает угловое окно. Дом монолит-кирпич, оснащен лифтом, а также колясочной. В ЖК, в тени леса, расположены детские и спортивные площадки. Главной особенностью проекта является собственный фитнес клуб Высота с 2 мя бассейнами, зонами Спа, залами групповых занятий и детской академией спорта, а также кафе Витае и подземным паркингом (здесь можно приобрести или арендовать машиноместо). В непосредственной близости расположена широкая коммерческая и социальная инфраструктура. А также наземная парковка. Рядом находится частный детский сад и школа Гулливер. Магазины, аптека, салон красоты, пиццерия расположены в соседнем доме. В Жилой Комплекс приезжают все доставки известных сетевых магазинов, пункты Маркетплейсов ( Озон, Яндекс Маркет, Авито, Вайлдберриз) в шаговой доступности. Удобная транспортная доступность, остановка автобуса и маршрутного такси рядом с ЖК. Время в пути до метро Бульвар Дмитрия Донского или МЦД Бутово, а также жд станции Расторгуево около 15-20 минут. Возможна ипотека. Оперативные показы.",,43.0,10.0,232.6
https://www.cian.ru/sale/flat/302594355/,https://images.cdn-cian.ru/images/kvartira-kommunarka-lipovyy-park-ulica-2179133118-4.jpg,,"Москва, НАО (Новомосковский), м. Бульвар Адмирала Ушакова, пос. Коммунарка, улица Липовый Парк, 5к2",Транспортом,17000000.0,242857.0,2.0,16.0,16.0,70.0,"Квартира расположена в обжитом районе рядом школа, детский сад, магазины. Огороженный двор, имеется круглосуточная охрана.Ближайшая станция метро Коммунарка в 15-20 минутах ходьбы. Высота потолков-3м. Ремонт сделан в 2015 году, состояние хорошее. Один взрослый собственник. Квартира покупалась на этапе строительства, собственник не менялся. Рядом с домом расположен многоуровневый паркинг, возможна покупка/аренда машиноместа.",,70.0,17.0,242.9
https://www.cian.ru/sale/flat/311780700/,https://images.cdn-cian.ru/images/2361832526-4.jpg,ЖК «LIFE-Лазаревское»,"Москва, ЮЗАО, р-н Южное Бутово, м. Бульвар Адмирала Ушакова, улица Адмирала Лазарева, 63к3",Транспортом,15500000.0,293006.0,2.0,6.0,24.0,52.9,"Арт. 90324306 Продается 2-комнатная квартира, общей площадью 52,9 кв м., с хорошим ремонтом, техникой и мебелью (все остается). В монолитном доме 2011 года постройки, с закрытой  дворовой территорией. 

ИНФРАСТРУКТУРА: в пешей доступности детские сады, школы, поликлиники, спортивные центры, все необходимые магазины, торговые центры, МФЦ и ПВЗ. 

ТРАНСПОРТ: до станции метро Бунинская аллея 5 минут пешком, до метро Потапово 15 минут на маршрутке, до МКАД  6,3 км, до Варшавского шоссе 5 км, до Калужского шоссе 4,8 км.

О СДЕЛКЕ: 1 взрослый собственник, без обременений, полная стоимость в ДКП, оперативный показ.",,52.9,15.5,293.0
https://www.cian.ru/sale/flat/305826917/,https://images.cdn-cian.ru/images/kvartira-moskva-skandinavskiy-bulvar-2240724522-4.jpg,ЖК «Скандинавия»,"Москва, НАО (Новомосковский), м. Бульвар Адмирала Ушакова, бульвар Скандинавский, 19",Транспортом,25500000.0,359155.0,2.0,5.0,8.0,71.0,"Продается просторная 3-комнатная квартира в новом доме по адресу: Москва, Новомосковский административный округ, район Коммунарка, Скандинавский бульвар, 19 , Квартира расположена на 5-м этаже 8-этажного корпуса дома 2022 года постройки. Высокие потолки (3 метра) и окна, выходящие на улицу и во двор,. Закрытый двор ,  без барьерные удобны для колясок    Пешеходный бульвар  много сетевых магазинов . Несколько скверов и парков. Плюс Бутовский лесопарк ., Метро потапово 10 минут пешком , Ушакова 10 на автобусе я новомосковское (комунарка) 20 мину автобус .  Удобная транспортная развязка 

Дом новый, оснащен пассажирским и грузовым лифтами,  В шаговой доступности находятся школы и детские сады, что особенно удобно для семей с детьми. 
Сделка прямая, . Документы готовы к продаже, квартира без обременений. Подходит для ипотеки, если требуется. Собственник один, что упрощает процесс оформления.  Риэлторам не беспокоить. Для особо умных риэлторов : ваши сообщения и звонки не нужны",,71.0,25.5,359.2
https://www.cian.ru/sale/flat/311762447/,https://images.cdn-cian.ru/images/2361472586-4.jpg,,"Москва, НАО (Новомосковский), м. Бульвар Адмирала Ушакова, проезд Чечерский, 126",Транспортом,16500000.0,270492.0,2.0,6.0,17.0,61.0,"Номер в базе: 3978690. Продаётся уютная двухкомнатная квартира с качественным ремонтом в зелёном и спокойном районе.

Кирпичный дом, построенный в 2014 году. Общая площадь квартиры составляет 61 кв.м., большая кухня 11 кв.м.

Окна выходят во двор, обеспечивая тишину и спокойствие. Во дворе расположены детская и спортивная площадки, где ваши дети смогут безопасно играть и заниматься спортом.

Расположение:
  - В непосредственной близости от дома находятся сетевые магазины, торговый центр ""Бутово Молл"", школы, детские сады, поликлиники и остановки общественного транспорта.
  - В пешей доступности находится живописный ландшафтный парк ""Южное Бутово"" с красивым прудом.
  - До станции метро ""Бунинская Аллея"" всего 1520 минут пешком.

* Свободная продажа, один владелец, без обременений и задолженностей. Отличный выбор для тех, кто ищет комфорт и высокое качество жизни!

Код пользователя: 155509",,61.0,16.5,270.5
https://www.cian.ru/sale/flat/310066533/,https://images.cdn-cian.ru/images/2326345486-4.jpg,ЖК «Новое Бутово»,"Москва, НАО (Новомосковский), м. Бульвар Адмирала Ушакова, проезд Чечерский, 126к1",Транспортом,13400000.0,241007.0,2.0,14.0,16.0,55.6,"Арт. 77186575   2-комнатная квартира в ЖК ""Новое Бутово""
Продаётся функциональная 2-комнатная квартира в ЖК ""Новое Бутово"".
Характеристики:
планировка ""распашонка"";

изолированные просторные и светлые комнаты (12 + 18 м²);

большая и комфортная кухня (11 м²);

раздельный санузел;

гардеробная комната с удобными стеллажами и полками;

тёплая застеклённая лоджия.
Расположение:
до метро ""Бунинская Аллея"" можно дойти пешком за 1520 минут или доехать на общественном транспорте за 5 минут (остановки рядом);

расположен в тихом спальном районе;

в шаговой доступности находится ландшафтный парк с прудами.
Инфраструктура:
школа;

детский сад;

магазины, аптеки, ателье на первых этажах домов;

ТЦ ""Бутово Молл"" с сетевыми магазинами, бутиками, фитнесом, кинотеатром.
Особенности:
1 взрослый собственник;

юридически свободна;

быстрый выход на сделку;

специальные условия и преференции по ипотеке (понижение ставки от 12,9%).
Если вас заинтересовало это предложение, пожалуйста, свяжитесь с нами.",,55.6,13.4,241.0
https://www.cian.ru/sale/flat/257934136/,https://images.cdn-cian.ru/images/75/312/141/novostroyka-kommunarka-potapovskaya-roshca-ulica-1412135797-4.jpg,ЖК «Белые ночи»,"Москва, НАО (Новомосковский), м. Бульвар Адмирала Ушакова, Новомосковский ао, пос. Коммунарка, улица Потаповская Роща, 20к2",Транспортом,9290000.0,255220.0,2.0,4.0,15.0,36.4,"Продаётся двухкомнатная квартира в ЖК Белые ночи, на юго-западе Москвы, 36,4 кв.м, на 4 этаже, 15 этажного корпуса. Кухня-гостиная 15 м. с лоджией, комната 12 м. Окна во двор на запад. Развитая инфраструктура района, магазины, кафе, аптеки, салоны красоты. Школы и детские сады, лесопарковая зона, рядом ландшафтный парк Южное Бутово. Хорошая транспортная доступность, рядом несколько станций метро, открыта новая станция метро Потапово, в 400 метрах от ЖК. Удобный выезд на автостраду Солнцево-Бутово-Варшавское шоссе. Рядом три крупных шоссе, калужское, киевское, варшавское. Гипермаркет Глобус в пешей доступности. ЖК расположен в большом новом развивающемся районе Москвы. Два взрослых собственника, никаких обременений, быстрый выход на сделку. Продается по ДКП",,36.4,9.3,255.2
https://www.cian.ru/sale/flat/308924346/,https://images.cdn-cian.ru/images/kvartira-moskva-yuzhnobutovskaya-ulica-2303389037-4.jpg,,"Москва, ЮЗАО, р-н Южное Бутово, м. Бульвар Адмирала Ушакова, Южнобутовская улица, 66",Пешком,13900000.0,257407.0,2.0,1.0,12.0,54.0,"Продается уютная светлая двухкомнатная квартира с качественным ремонтом.
- Высокий и теплый первый этаж с видом на территорию православного храма.
- Много парковочных мест благодаря удачному расположению подъезда и дома в целом.
- Приятные и тихие соседи.
- Осуществлена перепланировка: кухня и малая жилая комната поменяны местами, что дало возможность создать просторную кухню (14 кв.м) и две жилые комнаты (18 кв.м и 9 кв.м).
- В квартире установлены два кондиционера: в кухне и в большой комнате.
- Удобное расположение: рядом метро, парк, поликлиника, школы, детские сады и другая инфраструктура.
- Один собственник более 3 лет. Продажа от собственника.",,54.0,13.9,257.4
https://www.cian.ru/sale/flat/311340201/,https://images.cdn-cian.ru/images/2352372661-4.jpg,,"Москва, НАО (Новомосковский), м. Бульвар Адмирала Ушакова, проезд Чечерский, 124к3",Транспортом,14500000.0,249141.0,2.0,5.0,17.0,58.2,"Номер в базе: 3935829. Предлагаем вашему вниманию великолепную 2-комнатную квартиру в престижном жилом комплексе ""ЖК Новое Бутово ""! Эта просторная распашонка с современным ремонтом  и уютной кухней станет идеальным местом для комфортной жизни. 
Эксклюзивное предложение , данную квартиру можно купить в ипотеку по ставке 14.99% или получить 30 % скидку на ежемесячный платеж .
Квартира выполнена в современном стиле и полностью готова к заселению: здесь уже установлена качественная мебель, а кухня оборудована всей необходимой техникой. Вам не придется тратить время на ремонт или покупки — просто заезжайте и наслаждайтесь жизнью в новом доме!
Особое внимание стоит уделить юридическим аспектам: квартира имеет одного собственника, полная стоимость указана в договоре, и отсутствуют какие-либо обременения. Это гарантирует вам безопасность и прозрачность сделки.
Для клиентов компании ЭТАЖИ мы предлагаем уникальные условия: помощь в получении положительного ипотечного решения в ведущих банках с пониженной процентной ставкой, а также страхование со скидкой. Мы обеспечим полное юридическое сопровождение сделки, что позволит вам чувствовать себя уверенно на каждом этапе покупки. 
Не упустите шанс стать владельцем этой замечательной квартиры! Безопасные расчеты и финансовая гарантия до 30 000 000 рублей — мы заботимся о вашем спокойствии и уверенности в будущем. Звоните прямо сейчас, и мы организуем просмотр в удобное для вас время!
Код пользователя: 106476",,58.2,14.5,249.1
https://www.cian.ru/sale/flat/311108208/,https://images.cdn-cian.ru/images/kvartira-moskva-skandinavskiy-bulvar-2347312411-4.jpg,ЖК «Скандинавия»,"Москва, НАО (Новомосковский), м. Бульвар Адмирала Ушакова, бульвар Скандинавский, 17",Транспортом,25650000.0,426789.0,2.0,15.0,16.0,60.1,"Вашему вниманию предлагается двухкомнатная квартира с панорамной системой остеклением, выход окон на лес.
Видовая квартира. Самая стильная квартира в ЖК, состоит из двух двух изолированных комнат, кухни-гостиной, гардеробной. Отделочные работы выполнены из дорогостоящих материалов, в санузле смеситель, душевая система, гигиенический душ фирмы Bossini, Унитаз, Scarabeo, Glam, подвесной, теплый пол, перегородка с водоотталкивающим эффектом, использовалась эпоксидная затирка для ванной комнаты, полотенцесушитель с температурным режимом на выбор. Кухня-гостинная с комплектацией по современным тенденциям (материалы производства Испания, Италия). Кухонные фасады из эмали, двухсторонний окрас. Технический встроенный шкаф на кухне скрытого монтажа.
Встроенный холодильник, Св печь+духовой шкаф. Система доводчиков Blum. Фасады покрытие эмаль (двусторонний выкрас).
Напольное покрытие керамогранит (Испания), кварц виниловый ламинат. Напольные конвекторы в каждой комнате. Смешанный потолок (по проекту) натяжной+отшлифованный бетон и покрыт матовым лаком Mons. Краска на стенах Mons (углы все 90*). Двери скрытого монтажа, полотно 2.55 см (гарантия 3 года), гардеробная дверь invisible. Весь свет Центр света свет меняется от пульта от теплого до холодного. Плинтус скрытового монтажа, алюминевый профиль
Гардероб (укомплектован). Кабинет или детская комната (свободны для решения), укомплектован диваном. Дизайн проект и все решения сохранены. Развитая инфраструктура, расположение вблизи нескольких станций метро. В квартире никто не жил. Юридически и физически свободна. Возможно ипотека. 
Ключи на руках, показ через 30 минут после Вашего звонка.",,60.1,25.6,426.8
https://www.cian.ru/sale/flat/311526789/,https://images.cdn-cian.ru/images/2356430058-4.jpg,,"Москва, НАО (Новомосковский), м. Бульвар Адмирала Ушакова, проезд Чечерский, 136",Транспортом,16000000.0,305344.0,2.0,8.0,17.0,52.4,"Номер в базе: 4267750. Продается 2-комнатная квартира в экологически чистом районе!

Описание квартиры:

Состояние: Отличное. Был сделан качественный ремонт для себя из дорогих материалов.

Инфраструктура и удобства:
В шаговой доступности: школа, детские сады, магазины (Пятерочка, Дикси, Лента), огромный торговый центр Бутово Молл и прекрасный парк с водоемом.

Ремонт и оснащение:
Трубы отопления: REXAU.
Батареи: RIFAR monolit 500.
Гребенки водоснабжения: FAR.
Электрика: Полностью новая, с большим количеством розеток, проходными выключателями, интернет-проводами и ТВ-кабелем
Окна: Пластиковые, двойные стеклопакеты.
Входная дверь: Современная металлическая с хорошей шумоизоляцией
Кухня: Качественная, встроенная бытовая техника (плита, духовка, посудомойка, вытяжка), смеситель с переключением на фильтрованную питьевую воду (фильтры АКВАФОР).
Гигиенический душ: В туалете с терморегулятором фирмы KERN.
Напольные покрытия: Ламинат высокого класса, керамогранит в входной зоне.
Лоджии: 2 с панорамным остеклением.

Юридическая информация:
В собственности 1 год, 1 собственник. Квартира без долгов и обременений. Покупалась по ДКП.

Причина продажи: Расширение жилой площади в связи с пополнением в семье (3 детей)

Услуги агентства:
Мы гарантируем чистоту  сделки и даем гарантию до 25 000 000.
Профессиональное юридическое сопровождение на всех этапах сделки, вплоть до получения ключей.
Помощь в оформлении ипотеки, даже если у Вас есть сложности в её получении от 14% годовых.

Не упустите возможность стать обладателем уютной квартиры в прекрасном районе! Звоните нам прямо сейчас, чтобы узнать больше о нашем предложении.
Код пользователя: 164231",,52.4,16.0,305.3
https://vidnoye.cian.ru/sale/flat/309089606/,https://images.cdn-cian.ru/images/kvartira-suhanovo-park-parkovaya-ulica-2312604937-4.jpg,ЖК «Суханово Spa Deluxe»,"Московская область, м. Бульвар Адмирала Ушакова, Ленинский городской округ, д. Суханово, Суханово Парк ЖК, улица Парковая, 1к4",Транспортом,14500000.0,322222.0,2.0,4.0,5.0,45.0,"Квартира с дизайнерским ремонтом. Есть отдельная постирочная. везде установлены скрытые двери Юнион, в санузле сантехника Hansgrohe , ванна Villeroy Boch. На кухне установлена встраиваемая посудомоечная машина .",,45.0,14.5,322.2
https://www.cian.ru/sale/flat/311196945/,https://images.cdn-cian.ru/images/2349086742-4.jpg,ЖК «Новое Бутово»,"Москва, НАО (Новомосковский), м. Бульвар Адмирала Ушакова, проезд Чечерский, 124к3",Транспортом,14500000.0,249141.0,2.0,5.0,17.0,58.2,"Лот: 884994  Продаётся просторная двухкомнатная квартира в  ЖК "" Новое Бутово"", в 22 минутах пешком от станции метро Бунинская Аллея. Квартира расположена на 5 этаже 17 этажного панельного дома 2015 года постройки. Изолированные комнаты  18,3 и 12,3, кв. м.,  просторная кухня 13,1 кв. м., холл 8,9 кв.м., застеклённая лоджия и маленький балкон. Окна на две стороны. В квартире есть всё для комфортного проживания: встроенная кухня с техникой, мебель в комнатах. Раздельный санузел. Металлическая дверь. Хороший ремонт. Чистый подъезд, интеллигентные соседи. развитая инфраструктура, рядом парк с обустроенными площадками для занятий спортом и отдыха, пруды. Удобная транспортная доступность до 3-х станций метро, удобный выезд на Варшавское и Калужское шоссе. Один взрослый собственник, ДКП 2022 года. Полная стоимость в договоре. Свободная продажа!",,58.2,14.5,249.1
https://www.cian.ru/sale/flat/311096910/,https://images.cdn-cian.ru/images/2347080569-4.jpg,ЖК «Бунинские кварталы»,"Москва, НАО (Новомосковский), м. Бульвар Адмирала Ушакова, Бунинские Кварталы ЖК, к3.5",Транспортом,10200000.0,209446.0,2.0,4.0,17.0,48.7,"Двухкомнатная квартира в ЖК ""Бунинские кварталы""
Прописка город Москва!
Две раздельные комнаты (11.9 м  и 11 м ), лоджия (2.7 м ), кухня (10.7 м ) и совмещённый санузел (4.1 м )

В дизайнерских входных группах предусмотрены зона ожидания, санузел, лапомойки и места для хранения колясок.
В закрытых дворах жилого комплекса расположены детские и спортивные площадки, спроектированы места для отдыха. На территории комплекса предусмотрен образовательный центр. На первых этажах домов расположены коммерческие помещения, а для владельцев автомобилей предусмотрен подземный паркинг с прямым доступом на лифте.

ЖК расположен в районе Новая Москва. 
В пешей доступности находятся Ивановский пруд, Потаповские пруды, крытый каток МИЦ  Арена , фитнес клуб, ландшафтный парк  Южное Бутово , магазины, школы и детские сады. 
Метро  Бунинская Аллея  находится в 10 минутах транспортом. 

Помогаем с одобрением ипотеки, по всем возникшим вопросам обращайтесь, София!",,48.7,10.2,209.4
https://www.cian.ru/sale/flat/310861539/,https://images.cdn-cian.ru/images/2341951765-4.jpg,,"Москва, НАО (Новомосковский), м. Бульвар Адмирала Ушакова, проезд Чечерский, 136",Транспортом,15750000.0,300573.0,2.0,8.0,16.0,52.4,"Арт. 84692371 Продается двухкомнатная квартира с возможностью приобретения по субсидированной ставке 14,75% в ипотеку!

Быстрый выход на сделку. Один собственник, обременений нет, прописаны два человека.

О квартире:
Просторная двухкомнатная квартира общей площадью 52,4 м².
Удобная планировка: 2 изолированные комнаты (зал 11,2 м², спальня 12 м²).
Кухня-гостиная 16,9 м².
Ванная комната (1,781,78 м²) и туалет (1,780,4 м²).
Два коридора (первый 2,730,84 м², второй 4,41,5 м²).
Лоджия 4,7 м² и балкон 3,36 м².

Теплые полы во всех помещениях, кроме лоджии и балкона.

Квартира меблирована и готова к проживанию.

О доме:
Новый дом, построен в 2022 году.
Два грузовых и один пассажирский лифт.

Достаточное количество парковочных мест.

Интеллигентные и аккуратные соседи.

Инфраструктура:
Отличная транспортная доступность:
Ближайшая станция метро ""Бунинская аллея"" — 18 минут пешком.
МЦД2 ""Щербинка"" — 4 км.
В районе много продуктовых магазинов, пунктов выдачи заказов, ТЦ ""Бутово Молл"", школ, детских садов, центров развития детей и салонов красоты.
Прекрасный парк с водоемом для прогулок, велопрогулок и активного отдыха.
Территория благоустроена и ухожена.

Звоните, быстрый показ и оперативный выход на сделку!",,52.4,15.8,300.6
https://www.cian.ru/sale/flat/295143277/,https://images.cdn-cian.ru/images/kvartira-moskva-ulica-polyany-2030868112-4.jpg,ЖК «Столичные поляны»,"Москва, ЮЗАО, р-н Южное Бутово, м. Бульвар Адмирала Ушакова, улица Поляны, 5Ак2",Пешком,17200000.0,301754.0,2.0,18.0,33.0,57.0,"Продам прекрасную светлую евротрешку , Кухня -гостинная 17 м и две комнаты по 13м, два санузла, видовая, с прекрасным панорамным видом (не окна в окна) Квартира с чистыми документами без каких либо проблем.Никто не прописан, собственник один.Готова к продаже.Звоните и пишите напрямую 8985 346 22 девяносто шесть.",,57.0,17.2,301.8
https://www.cian.ru/sale/flat/304066163/,https://images.cdn-cian.ru/images/2210587675-4.jpg,ЖК «Бунинские кварталы»,"Москва, НАО (Новомосковский), м. Бульвар Адмирала Ушакова, Бунинские Кварталы ЖК, к2.3",Транспортом,10500000.0,269923.0,2.0,4.0,19.0,38.9,"Арт. 68951945 Данный объект можно купить по субсидированной ставке 14.75%!
Продается светлая, на комфортном четвертом этаже, евро - двухкомнатная квартира в Новой Москве. 
Квартира будет сдаваться полностью  с отделкой- ремонт ""Стандарт"". Идеальное решение для молодой семьи, заезд сразу же после получения ключей.  Панорамное остекление.
Новый район из монолитных домов с безопасными закрытыми дворами и подземными паркингами строится на юго-западе Москвы, в живописном природном окружении. Рядом  крупные автомагистрали и станции метро. 
Сдача объекта середина 2025 года. До метро Потапово  15 минут пешком, открытие планируется до конца 2024 года.
Один взрослый собственник.",,38.9,10.5,269.9
https://www.cian.ru/sale/flat/310697816/,https://images.cdn-cian.ru/images/kvartira-kommunarka-potapovskaya-roshca-ulica-2338572715-4.jpg,,"Москва, НАО (Новомосковский), м. Бульвар Адмирала Ушакова, пос. Коммунарка, улица Потаповская Роща, 5к2",Транспортом,11500000.0,319444.0,2.0,1.0,4.0,36.0,"ПРОДАЖА ОТ СОБСТВЕННИКА. Продается евро 2-комнатная квартира. 36 м2. Функциональная кухня-гостиная, отдельная спальня с лоджией, совмещенный с/у и гардеробная комната. В пешей доступности метро Потапово, школа, детские сады, спортплощадка/каток.ю, детский плей-хаб. Лучший ЖК в данной локации: трехэтажные современные корпуса, закрытая территория, березовая роща, полное отсутствие проблем с парковкой авто (низкая плотность застройки). Комфорт загородной жизни в мегаполисе. Хороший ремонт (делали для себя).",,36.0,11.5,319.4
https://www.cian.ru/sale/flat/273531938/,https://images.cdn-cian.ru/images/66/079/921/kvartira-sosenskoe-kuprina-prospekt-1299706602-4.jpg,ЖК «Эко Бунино»,"Москва, НАО (Новомосковский), м. Бульвар Адмирала Ушакова, Сосенское поселение, проспект Куприна, 40к1",Транспортом,16800000.0,279767.0,2.0,9.0,12.0,60.05,"Продаётся просторная двухкомнатная квартира с дизайнерским ремонтом по договору купли-продажи в ЖК ЭКО -Бунино. Дом сдан в 2021 году, собственник один. Подходит под ипотеку.

В квартире полностью произведена замена труб тепловодоснабжения, а также  установлена система от протечек, блокирующая доступ воды в аварийном случае. 
Проведена трасса для кондиционера в две комнаты с выводом в канализацию, установлены кондиционеры в 2-х комнатах фирмы Royal. 

Кухня Мария с умной фурнитурной из Германии Hettich со встроенной техникой (посудомойка Electrolux, варочная панель Electrolux, духовой шкаф Electrolux), холодильник Indesit с системой NoFrost. Мойка и смеситель немецкого бренда Paulmark. Под мойку установлен тройной фильтр очистки воды Аквафор. 

Входная дверь от застройщика заменена на НОВУЮ.

Рядом с жилым комплексом располагается лесной массив и река Варварка. 
На территории ЖК  есть сданный детский сад, школа, рядом с домом ледовая арена, а также магазин Пятерочка, ВкусВилл, Магнит, Пекарня, Аптеки, Цветочные магазины и тд. 
Доставка еды и продуктов на дом (Самокат(15 мин), Яндекс, Лавка, и тд.)

Расстояние до МКАД всего 6,5км. Всего за 8 минут на машине можно добраться до станции метро Коммунарка, Тёплый стан, Ольховая, Потапова, а территории ЖК есть автобусная остановка, а также зона доступа для каршеринга. Автобусы ходят каждые 10 мин. До станции метро Коммунарка можно дойти по эко-тропе вдоль леса (дорога асфальтирована и освещена). 

В 10-20 минут езды: гипермаркет Глобус, ФудСити, большая современная детская/взрослая поликлиника, два больших природных парка для прогулок. 
Перед домом есть большая охраняемая парковка.

Ремонт делали для себя, но в связи с семейными обстоятельствами вынуждены продать.
Риелторов просьба не беспокоить!!!",,60.0,16.8,279.8
https://www.cian.ru/sale/flat/291469272/,https://images.cdn-cian.ru/images/kvartira-skandinaviya-edvarda-griga-ulica-1896406374-4.jpg,ЖК «Скандинавия»,"Москва, НАО (Новомосковский), м. Бульвар Адмирала Ушакова, Сосенское поселение, Скандинавия ЖК, улица Эдварда Грига, 17",Транспортом,13490000.0,355000.0,2.0,5.0,17.0,38.0,"Не евродвушка! Комнаты изолированы !Продается от собственника квартира с дизайнерским ремонтом( полностью укомплектована мебелью ,что не мало важно- в квартире никто не проживал ). Высота потолков 3 метра, высота дверей 2м30см( сделаны на заказ).Комнаты изолированы- не евродвушка. Дом - бизнес класса. Двор без машин, имеется подземный паркинг , находиться в экологически чистом, с развитой инфраструктурой, районе ( школы, сады, супермаркеты в пешей доступности).
Район, в котором находится квартира, окружен Битцевским парком, который является
легкими Москвы.
Ближайшие станции метро Потапово, Ул.Горчакова, Адмирала Ушакова.
Просьба звонить после 15 часов ( до этого времени телефон выключен) или писать в сообщениях. Один собственник,быстрая сделка. Никто не прописан..Полная стоимость в договоре.",,38.0,13.5,355.0
https://vidnoye.cian.ru/sale/flat/278842057/,https://images.cdn-cian.ru/images/34/341/941/kvartira-suhanovo-parkovaya-ulica-1491434340-4.jpg,ЖК «Суханово Spa Deluxe»,"Московская область, м. Бульвар Адмирала Ушакова, Ленинский городской округ, д. Суханово, Суханово Парк ЖК, улица Парковая, 1к4",Транспортом,9750000.0,226744.0,2.0,3.0,5.0,43.0,"7 км от МКАД . ЛУЧШЕЕ в ЖК БИЗНЕС КЛАССА !                                                       Панорамный вид , 5 окон на две стороны !  Свободная планировка . За ОТОПЛЕНИЕ и ГОРЯЧУЮ ВОДУ НЕ ПЛАТИМ ! В квартире : газовый котел ( Италия ) , качественные радиаторы , отопление включается и регулируется автономно , окна 3-х камерные , ламинированные Рехао , качественная  железная дверь , Разведено электричество , установлено несколько розеток, интернет , домофон . Подземный паркинг , Фитнес-- Спа центр три с половиной тысячи кв. м в соседнем корпусе. Охрана круглосуточно . Детский сад , школа.  Детские площадки , футбольное поле ,хоккейный комплекс , теннисные корты , конно  спортивный комплекс , озеро , пляж оборудован лежаками , зонтами с площадками для пляжного волейбола, мангальные зоны ,мед центр , салон красоты , кафе , бары, магазины на территории . Общественный транспорт у ворот ЖК . М Бутово 8 мин . Бульвар Дмитрия Донского , Анино ,  Битца 10 мин . МКАД - 7км Симферопольское ш , Варшавское ш.  Предлагающие помощь в продаже , ПРОСЬБА НЕ БЕСПОКОИТЬ !",,43.0,9.8,226.7
https://www.cian.ru/sale/flat/310322446/,https://images.cdn-cian.ru/images/kvartira-moskva-checherskiy-proezd-2331079757-4.jpg,,"Москва, НАО (Новомосковский), м. Бульвар Адмирала Ушакова, проезд Чечерский, 136",Транспортом,15999999.0,305343.0,2.0,8.0,16.0,52.4,"СОБСТВЕННИК! АЛЬТЕРНАТИВНАЯ СДЕЛКА!

Продается 2-х комнатная квартира в экологически чистом районе, с развитой инфраструктурой. Квартира находится на 8-м этаже 16 этажного дома. В ШАГОВОЙ ДОСТУПНОСТИ ШКОЛА, ДЕТСКИЕ САДЫ, МАГАЗИНЫ:ПЯТЕРОЧКА, ДИКСИ , ЛЕНТА, ОГРОМНЫЙ ТОРГОВЫЙ ЦЕНТР БУТОВО МОЛЛ И ПРЕКРАСНЫЙ ПАРК С ВОДОЕМОМ, ГДЕ ВЫ ВСЕЙ СЕМЬЕЙ МОЖЕТЕ НАСЛАЖДАТЬСЯ ПРОГУЛКАМИ НА ВЕЛОСИПЕДАХ, СПОРТИВНЫХ ПЛОЩАДКАХ, ПРОВОДИТЬ ВСЕ СВОИ ВЫХОДНЫЕ В ХОРОШЕМ НАСТРОЕНИИ. .

В квартире сделан КАЧЕСТВЕННЫЙ ремон, делался для себя из качественных материалов. Трубы отопления фирмы REXAU, батареи RIFAR monolit 500, гребёнки водоснабжения фирмы FAR, вся электрика сделана с нуля, выведено большое количество розеток, проходные выключатели, интернет провода и кабель ТВ. В квартире пластиковые окна, двойные стеклопакеты, установлена современная входная металлическая дверь(с хорошей шумоизоляцией), установлена качественная кухня(меньше года ), со всей встроенной бытовой техникой(плита, духовка, посудомойка, вытяжка), смеситель , с переключением на фильтрованную питьевую воду с фильтрами фирмы АКВАФОР, в туалете гигиенический душ с терморегулятором фирмы KERN, по всей квартире выложен ламинат высокого класса, керамогранит во входной зоне. Имеется 2 лоджии с панорамным остеклением, в квартире много света, уюта и тепла. Квартира в собственности 1 год. Полная стоимость в договоре. Причина продажи нашей любимой квартиры, расширение жилой площади, в связи с пополнением 3-мя детьми в нашей семье. 

В квартире 1 совершеннолетний собственник, прописаны 2 человека, выписка до сделки, мат. капитал не использовался, без обременений и долгов.

ПРОШУ РИЭЛТОРОВ НЕ БЕСПОКОИТЬ, ЕСТЬ СВОЙ ЮРИСТ И РИЭЛТОР.",,52.4,16.0,305.3
https://www.cian.ru/sale/flat/295745831/,https://images.cdn-cian.ru/images/kvartira-moskva-bartenevskaya-ulica-2202783367-4.jpg,ЖК «Южные сады»,"Москва, ЮЗАО, р-н Южное Бутово, м. Бульвар Адмирала Ушакова, Бартеневская улица, 18к2",Транспортом,13900000.0,276342.0,2.0,19.0,23.0,50.3,"Собственник! Свидетельство получено! Продаю двухкомнатную квартиру! Отличный вид в ЖК Южные сады, на юго-западе Москвы. Надежный застройщик. Квартира площадью - 50,3 кв.м, Квартира предлагается без отделки. Развитая инфраструктура, отличная экология, прекрасная транспортная доступность: школа, детские сады, поликлиника. Рядом расположены: магазины, кафе, салоны красоты, фитнес-залы, аптеки, банки. Не далеко находится пруд для купания с песчаным пляжем и зоной для пикника и лесной массив. В округе множество детских и спортивных площадки.",,50.3,13.9,276.3
https://www.cian.ru/sale/flat/310171290/,https://images.cdn-cian.ru/images/kvartira-moskva-checherskiy-proezd-2345838034-4.jpg,,"Москва, НАО (Новомосковский), м. Бульвар Адмирала Ушакова, проезд Чечерский, 124к3",Транспортом,14500000.0,249141.0,2.0,5.0,19.0,58.2,"Рядом ТЦ Бутово Мол, Аптека, Анализы, Пятерочка, Магнит, Перекресток, Салон красоты и много всего другого. Во дворе детская площадка, за домом детский сад и школа. До метро 7 минут на транспорте.",,58.2,14.5,249.1
https://www.cian.ru/sale/flat/304922410/,https://images.cdn-cian.ru/images/kvartira-moskva-checherskiy-proezd-2225415012-4.jpg,,"Москва, НАО (Новомосковский), м. Бульвар Адмирала Ушакова, проезд Чечерский, 122к3",Транспортом,14900000.0,244262.0,2.0,3.0,17.0,61.0,"Продаётся просторная двухкомнатная квартира в ""ЖК Новое Бутово"",. Общая площадь 61,1 Кв.м. Квартира на 3 этаже 17 этажного дома.Большая, уютная и светлая. Выполнен качественный ремонт. В квартире есть - два кондиционера, посудомоечная машина и керамическая плита  Bosch. Есть городской телефон. В туалетной комнате установлена дополнительная раковина. Большая просторная гардеробная с встроенным шкафом.Частично в квартире остаётся мебель. Уютный район со всей инфраструктурой. Рядом есть все необходимое для жизни, детский сад и школа в 3 минутах ходьбы. Вблизи большой ТЦ""Бутово Молл"", спортивный комплекс-бассейн ""Изумруд"". Во дворе большая детская площадка. В пешей доступности парк и пруд. До метро 15 минут пешком. Один собственник. Показ в любое удобное время. Звонить с  9.00 до 22.00 Агенты, не тратьте свое и моё время.",,61.0,14.9,244.3
https://www.cian.ru/sale/flat/301751071/,https://images.cdn-cian.ru/images/novostroyka-buninskie-luga-2164714804-4.jpg,ЖК «Бунинские луга»,"Москва, НАО (Новомосковский), м. Бульвар Адмирала Ушакова, Сосенское поселение, пос. Коммунарка, улица Александры Монаховой, 85к1",Транспортом,11350000.0,349231.0,2.0,2.0,17.0,32.5,"Двухкомнатная квартира, с большой кухней, окна во двор! В доме подземный паркинг!От метро Потапово (красная ветка) 5 минут пешком! Срок сдачи дома ноябрь 2024 года, полностью готовая отделка, продажа по переуступке, квартира куплена без ипотеки, быстрый выход на сделку!",,32.5,11.3,349.2
https://www.cian.ru/sale/flat/309412094/,https://images.cdn-cian.ru/images/kvartira-kommunarka-potapovskaya-roshca-ulica-2313282376-4.jpg,ЖК «Белые ночи»,"Москва, НАО (Новомосковский), м. Бульвар Адмирала Ушакова, пос. Коммунарка, улица Потаповская Роща, 20к2",Транспортом,12700000.0,325641.0,2.0,2.0,16.0,39.0,"Пpодаетcя 2-х кoмнaтная квартирa в ЖК Бeлые Ночи. Бoльшaя кухня-гоcтинaя и изoлиpoвaнная комната. 

Квaртиpa бeз oтдeлки, Вы сможетe воплотить сaмые смелые дизaйнеpcкие решения. Oбщая площадь 38 кв.м. Kомнaты: 12.2 и 16.6 кв.м. куxня-гоcтинaя с зacтеклённый балконом. 

Огoрoжeннaя теpритория ЖK, двоp бeз машин, видео наблюдение, прогулочные зоны, велодорожки, детские площадки, спортивные и игровые зоны.

Развитая Инфраструктура: сетевые магазины, аптеки, пункты выдачи(Оzоn, Wildbеrriеs),открыта современная школа и детский сад, поликлиники, салоны красоты, кафе и.т.п.
В пешей доступности находятся лесопарки Южное Бутово и Бутовский. 

Микрорайон ""Белые ночи"" находится в 6 км от МКАД. Прописка - Москва

Транспортная доступность: 20 минут на общественном транспорте до станции метро Бульвар Дмитрия Ушакова.
В 2024 году планируется открытие станции метро Потапово в 2 минута пешей доступности от ЖК.

Два взрослых собственника.",,39.0,12.7,325.6
https://www.cian.ru/sale/flat/306196290/,https://images.cdn-cian.ru/images/novostroyka-podsobnogo-hozyaystva-voskresenskoe-2247243797-4.jpg,ЖК «Воскресенское»,"Москва, НАО (Новомосковский), м. Бульвар Адмирала Ушакова, пос. Подсобного хозяйства Воскресенское, 41к4",Транспортом,16700000.0,225676.0,2.0,5.0,10.0,74.0,"Строящийся объект. Плановая дата сдачи - 1 квартал 2025 года. Стройка идет полным ходом!
Продаётся 2-комнатная квартира общей площадью 74,19м2 м² без отделки, на 5 этаже 10-этажного монолитно-кирпичного дома.
Раздельный санузел, кухня 13,4 м² и лоджия  , комната 22,1 м2 и 15,6 м2 и лоджия 4,12м2 и раздельный санузел.
Развитая инфраструктура - школы, детский сад, ТЦ , Больницы , санатории , магазины, аптеки, кафе, рестораны, фитнес клубы и парки  и др.
Зеленый район, парк с рекой в пешей доступности. 
Удобная транспортная развязка, общественный транспорт в пешей доступности, выезд на МКАД (8 км от Калужского шоссе). Ближайшие станции метро Коммунарка и Бунинская аллея.
Московская прописка. 
Квартира в собственности у физ. лица по договору долевого участия.
Зарегистрирована в Росреестре. Продажа по договору уступки права требования.
Все документы для сделки на руках. 
Агентов и риелторов просьба не беспокоить.",,74.0,16.7,225.7
,,,,,14346706.614349775,263452.7264573991,—,—,—,55.073242009132414,Средние значения,223,55.1,14.3,263.5
,,,,,14990958.823529411,261393.33333333334,—,—,—,57.65999999999999,Средние значения,51,57.7,15.0,261.4
,,,,,14155678.343023255,264063.3604651163,—,—,—,54.307928994082836,Средние значения,172,54.3,14.2,264.1
,,,,,14267735.44347826,270274.68695652176,—,—,—,53.70026086956522,Средние значения,115,53.7,14.3,270.3
,,,,,14430796.287037037,256188.60185185185,—,—,—,56.591442307692304,Средние значения,108,56.6,14.4,256.2
