card_url,image_url,В ЖК,Адрес,От метро,"Цена, ₽","Цена за м², ₽",Комнат,Этаж,Этажность,Площадь,description,Количество,"Площадь, м²","Цена, млн. ₽","Цена за м², тыс. ₽"
https://www.cian.ru/sale/flat/297239206/,https://images.cdn-cian.ru/images/2253604982-4.jpg,"ЖК «Новые Ватутинки, мкр. Заречный»","Москва, НАО (Новомосковский), м. Пыхтино, Новые Ватутинки жилрайон, Заречный мкр, 5/3",Транспортом,14819920.0,231200.0,2.0,11.0,12.0,64.1,"Продается 2-комн. квартира с отделкой в ЖК ""Новые Ватутинки. Заречный"" на 11 этаже. Общая площадь: 64.1 кв.м., жилая: 33.90 кв.м., площадь кухни-столовой: 14.4 кв.м. Высота потолков 2.82 м.

 Район находится в 14 километрах от МКАД по Калужскому шоссе в центре Новой Москвы. Доехать до района можно от станций метро Ольховая, Теплый Стан, и Бульвар Адмирала Ушакова на городских автобусах и маршрутных такси. Дорога от м. Теплый Стан и Ольховая занимает в среднем не более 20 минут даже в часы пик. В 2025 году начнется строительство собственной станции метро ""Десна"" в пешей доступности. Удобное расположение района и развитая социальная инфраструктура делают Новые Ватутинки образовательным и культурным центром Новой Москвы. 

Застройка нового микрорайона началась с трех корпусов с подземным паркингом, индивидуальными кладовыми и коммерческой галерей на первом этаже. Заречный имеет два удобных индивидуальных въезда на Калужское шоссе. Благодаря такому транспортному решению на въезде и выезде из района не будут образовываться пробки, а в перспективе жители, предпочитающие общественный транспорт, смогут пользоваться станцией метро Десна (Троицкой ветки). Так же здесь будут построены два общеобразовательных комплекса с детскими садами и школами, поликлиника и торговый центр. Через всю застройку микрорайона от проектируемой станции метро Десна до набережной реки и уже открытого парка ""Андерсен"" пройдет бульвар протяженностью 1,5 км с мини плазами, садами и скверами. Архитектурная концепция проекта предусматривает комфортную застройку с понижением этажности к бульвару, что создаст комфортную для человека среду. Концепция соблюдения баланса между городом и природой дополняется дворами без машин и без барьерной среды внутри всей застройки. Во дворах акцент делается на тихий отдых и игры для детей, а основная активность будет сосредоточена на масштабных плейхабах в зонах общественных пространств. Так, например, в парке ""Андерсен"" помимо пешеходных и велосипедных маршрутов, предусмотрены площадки для активных видов спорта, индивидуальных outdoor-тренировок, зоны для рыбалки, сапбординга и тюбинга. 

Предусмотрена обширная типология квартир с превосходными характеристиками просторные планировки, большие лоджии, две ванные комнаты. Свободная планировка квартир позволит с легкостью организовать место для отдыха, рабочее пространство и комфортную гостевую зону. На -1 этаже предусмотрены кладовые помещения для хранения сезонных и крупногабаритных вещей и паркинг с индивидуальными и семейными машино-местами. Для удобства автовладельцев в зону подземного паркинга можно попасть, спустившись на лифте со своего этажа. В проекте предусмотрена система видеодомофонии. В режиме онлайн жители будут получать оповещения о приходе гостя с возможностью открыть ему дверь в подъезд. Можно сохранять фотографии с камеры вызывной панели, чтобы посмотреть кто приходил, пока вас не было дома. Есть возможность подключения в приложении к видеокамерам в лифтах.",,64.1,14.8,231.2
https://www.cian.ru/sale/flat/310936541/,https://images.cdn-cian.ru/images/2369374156-4.jpg,ЖК «Бристоль»,"Москва, НАО (Новомосковский), м. Пыхтино, улица Шекспира, 2А",Транспортом,15105612.0,281296.0,2.0,3.0,4.0,53.7,"Лот fm32989 В продаже квартира с двумя спальнями в ЖК ""Бристоль"" в пяти минутах от Внуково Оutlet village.

Видовая квартира! Окна выходят на Ульяновский лесопарк и во двор. Вместительная планировка, тихая локация, своя детская игровая площадка и зона для занятий спортом. Правильная форма квартиры позволяет разместить гардеробную комнату и хозяйственный блок.

Жилой комплекс Бристоль расположен по Киевскому шоссе, в 7 километрах от МКАД, на территории Ульяновского лесопарка, вблизи населенного пункта Лапшинка. Недалеко находится аэропорт Внуково.

Вся инфраструктура в шаговой доступности: магазины, школы, детские сады, прогулочные зоны, зоопарк. Ближайшее метро - Рассказовка/Саларьево.

Оперативные показы. Возможность согласования дополнительной скидки в декабря! Успейте купить до нового года.

Юридическое сопровождение сделки входит в стоимость.

Помощь в одобрении ипотеки в ведущих банках Москвы.",,53.7,15.1,281.3
https://www.cian.ru/sale/flat/308255933/,https://images.cdn-cian.ru/images/2289265448-4.jpg,ЖК «Солнцево парк»,"Москва, НАО (Новомосковский), м. Пыхтино, Внуковское поселение, улица Летчика Ульянина, 3А",Пешком,11000000.0,214844.0,2.0,7.0,13.0,51.2,"Номер в базе: 960942. Уникальные видовые двухкомнатные апартаменты с изолированной кухней, общей площадью 51.2 кв.м. В 5 минутах от метро и с возможностью РЕГИСТРАЦИИ!

О апартаментах: 
Апартаменты расположены на 7 этаже 13 этажного дома. Прекрасный вид из окна! Все делали и покупали для себя, продаем в связи с потребностью расширения площади! Высота потолков 2,7 метра. Квартира очень светлая и приятная. Свежий ремонт, мебель и техника в прекрасном состоянии. Как для жизни, так и для сдачи подходит идеально. 

Окружение: 
Экологически чистый район Москвы. Развитый микрорайон. Две школы и три сада, взрослая и детская поликлиника, в 2 минутах центр развития творчества, спортивные секции, кружки для детей, а также частная школа. В пешей доступности отличный парк на берегу реки Ликова с мангальными зонами, лежаками для загара, прокатом лодок и сапов, а также Боровский парк с каскадными прудами, площадками для детей, кроссфита, выгула собак, лыжным прокатом. Дворы благоустроенные, с современными детскими и спортивными/скейт площадками.В составе комплекса: на первых этажах жилых домов (магазины, пункты выдачи, аптеки, салоны красоты). Новый, но обжитой район (без строек) с современными стандартами инфраструктуры. 

О доме: 
Дом 2020 года. В доме 2 лифта, 1 грузовой и 1 пассажирский. В подъезде всегда чисто. В вечернее и ночное время охрана! На этаже есть место для личных вещей (коляска, велосипед и тд.) Соседи тихие и спокойные. Просторная входная группа и на этажах есть так же домофон (прохожий с улицы не зайдет). 90% жильцов проживают на постоянной основе с соблюдением законов тишины, общедомовой чат с инициативной группой. 

Транспортная доступность: 
* 5 минут пешком до метро ""Пыхтино""
* 2 минуты пешком до остановки ""Улица Лётчика Ульянина""
* До МКАДа 15 минут на машине 

О документах: 
ДДУ. 1 взрослый собственник. Полная стоимость в договоре. Свободная продажа.
Код пользователя: 72568",,51.2,11.0,214.8
https://www.cian.ru/sale/flat/297239001/,https://images.cdn-cian.ru/images/2253602355-4.jpg,"ЖК «Новые Ватутинки, мкр. Заречный»","Москва, НАО (Новомосковский), м. Пыхтино, Новые Ватутинки жилрайон, Заречный мкр, 5/1",Транспортом,14954530.0,233300.0,2.0,6.0,14.0,64.1,"Продается 2-комн. квартира с отделкой в ЖК ""Новые Ватутинки. Заречный"" на 6 этаже. Общая площадь: 64.1 кв.м., жилая: 33.90 кв.м., площадь кухни-столовой: 14.4 кв.м. Высота потолков 2.82 м.

 Район находится в 14 километрах от МКАД по Калужскому шоссе в центре Новой Москвы. Доехать до района можно от станций метро Ольховая, Теплый Стан, и Бульвар Адмирала Ушакова на городских автобусах и маршрутных такси. Дорога от м. Теплый Стан и Ольховая занимает в среднем не более 20 минут даже в часы пик. В 2025 году начнется строительство собственной станции метро ""Десна"" в пешей доступности. Удобное расположение района и развитая социальная инфраструктура делают Новые Ватутинки образовательным и культурным центром Новой Москвы. 

Застройка нового микрорайона началась с трех корпусов с подземным паркингом, индивидуальными кладовыми и коммерческой галерей на первом этаже. Заречный имеет два удобных индивидуальных въезда на Калужское шоссе. Благодаря такому транспортному решению на въезде и выезде из района не будут образовываться пробки, а в перспективе жители, предпочитающие общественный транспорт, смогут пользоваться станцией метро Десна (Троицкой ветки). Так же здесь будут построены два общеобразовательных комплекса с детскими садами и школами, поликлиника и торговый центр. Через всю застройку микрорайона от проектируемой станции метро Десна до набережной реки и уже открытого парка ""Андерсен"" пройдет бульвар протяженностью 1,5 км с мини плазами, садами и скверами. Архитектурная концепция проекта предусматривает комфортную застройку с понижением этажности к бульвару, что создаст комфортную для человека среду. Концепция соблюдения баланса между городом и природой дополняется дворами без машин и без барьерной среды внутри всей застройки. Во дворах акцент делается на тихий отдых и игры для детей, а основная активность будет сосредоточена на масштабных плейхабах в зонах общественных пространств. Так, например, в парке ""Андерсен"" помимо пешеходных и велосипедных маршрутов, предусмотрены площадки для активных видов спорта, индивидуальных outdoor-тренировок, зоны для рыбалки, сапбординга и тюбинга. 

Предусмотрена обширная типология квартир с превосходными характеристиками просторные планировки, большие лоджии, две ванные комнаты. Свободная планировка квартир позволит с легкостью организовать место для отдыха, рабочее пространство и комфортную гостевую зону. На -1 этаже предусмотрены кладовые помещения для хранения сезонных и крупногабаритных вещей и паркинг с индивидуальными и семейными машино-местами. Для удобства автовладельцев в зону подземного паркинга можно попасть, спустившись на лифте со своего этажа. В проекте предусмотрена система видеодомофонии. В режиме онлайн жители будут получать оповещения о приходе гостя с возможностью открыть ему дверь в подъезд. Можно сохранять фотографии с камеры вызывной панели, чтобы посмотреть кто приходил, пока вас не было дома. Есть возможность подключения в приложении к видеокамерам в лифтах.",,64.1,15.0,233.3
https://www.cian.ru/sale/flat/311042271/,https://images.cdn-cian.ru/images/kvartira-vnukovskoe-letchika-gricevca-ulica-2345816743-4.jpg,ЖК «Солнцево парк»,"Москва, НАО (Новомосковский), м. Пыхтино, Внуковское поселение, улица Летчика Грицевца, 8",Пешком,12800000.0,234004.0,,,,,"О КВАРТИРЕ: Предлагаем вашему вниманию 2х комнатную квартиру в ЖК ""Солнцево Парк"".

Квартира видовая, светлая и очень просторная с правильной планировкой. Окна выходят в тихий двор, где располагаются современные детские площадки.
Квартира с хорошим, качественным ремонтом, полностью меблирована и готова к проживания.
В подъезде всегда чисто и убрано. Есть консьерж.

ИНФРАСТРУКТУРА:
Два детских садика, кафе и магазины, школы, банки, поликлиника и большой торговый центр. Рядом располагаются два парка Ульяновский лесопарк и Парк Пыхтино.
Удобно добираться до метро Пыхтино. Буквально 8-10 минут пешком.

О КОМПЛЕКСЕ:
На момент строительства ЖК ""Солнцево Парк"" был одним из крупнейших строящихся проектов Новой Москвы, имеющий мощное инфраструктурное ядро, строительство которого велось параллельно с возведением жилья. Изначально в основу проекта была заложена идея создания комфортной и безопасной территории для жизни, работы и отдыха, а более половины территории было отдано под зоны общественного пользования.

- Прямая продажа
- Полная стоимость в договоре
- Документы готовы к сделке

Звоните, отвечу на любые вопросы!",,nan,12.8,234.0
https://www.cian.ru/sale/flat/308905382/,https://images.cdn-cian.ru/images/kvartira-vnukovo-2-ya-reysovaya-ulica-2303060036-4.jpg,,"Москва, ЗАО, р-н Внуково, м. Пыхтино, улица 2-я Рейсовая, 25А",Транспортом,8800000.0,190065.0,2.0,11.0,12.0,46.3,"Предлагаем Вашему вниманию квартиру на 11 этаже с прекрасными видовыми характеристиками. Квартира теплая и уютная, комнаты изолированные, с/у раздельный, имеется большая застекленная лоджия. Удачное расположение, рядом парк и речка Ликова. Рядом спортивные, торговые и образовательные учреждения. Удобная транспортная доступность, до метро Внуково 17 минут пешком, до метро Пыхтино 25 минут пешком. В собственности более 5 лет, один взрослый собственник, свободная продажа, перепланировок нет. Рассмотрим все предложения.",,46.3,8.8,190.1
https://www.cian.ru/sale/flat/297238626/,https://images.cdn-cian.ru/images/2253603464-4.jpg,"ЖК «Новые Ватутинки, мкр. Заречный»","Москва, НАО (Новомосковский), м. Пыхтино, Новые Ватутинки жилрайон, Заречный мкр, 5/2",Транспортом,14884020.0,232200.0,2.0,6.0,9.0,64.1,"Продается 2-комн. квартира с отделкой в ЖК ""Новые Ватутинки. Заречный"" на 6 этаже. Общая площадь: 64.1 кв.м., жилая: 33.90 кв.м., площадь кухни-столовой: 14.4 кв.м. Высота потолков 2.82 м.

 Район находится в 14 километрах от МКАД по Калужскому шоссе в центре Новой Москвы. Доехать до района можно от станций метро Ольховая, Теплый Стан, и Бульвар Адмирала Ушакова на городских автобусах и маршрутных такси. Дорога от м. Теплый Стан и Ольховая занимает в среднем не более 20 минут даже в часы пик. В 2025 году начнется строительство собственной станции метро ""Десна"" в пешей доступности. Удобное расположение района и развитая социальная инфраструктура делают Новые Ватутинки образовательным и культурным центром Новой Москвы. 

Застройка нового микрорайона началась с трех корпусов с подземным паркингом, индивидуальными кладовыми и коммерческой галерей на первом этаже. Заречный имеет два удобных индивидуальных въезда на Калужское шоссе. Благодаря такому транспортному решению на въезде и выезде из района не будут образовываться пробки, а в перспективе жители, предпочитающие общественный транспорт, смогут пользоваться станцией метро Десна (Троицкой ветки). Так же здесь будут построены два общеобразовательных комплекса с детскими садами и школами, поликлиника и торговый центр. Через всю застройку микрорайона от проектируемой станции метро Десна до набережной реки и уже открытого парка ""Андерсен"" пройдет бульвар протяженностью 1,5 км с мини плазами, садами и скверами. Архитектурная концепция проекта предусматривает комфортную застройку с понижением этажности к бульвару, что создаст комфортную для человека среду. Концепция соблюдения баланса между городом и природой дополняется дворами без машин и без барьерной среды внутри всей застройки. Во дворах акцент делается на тихий отдых и игры для детей, а основная активность будет сосредоточена на масштабных плейхабах в зонах общественных пространств. Так, например, в парке ""Андерсен"" помимо пешеходных и велосипедных маршрутов, предусмотрены площадки для активных видов спорта, индивидуальных outdoor-тренировок, зоны для рыбалки, сапбординга и тюбинга. 

Предусмотрена обширная типология квартир с превосходными характеристиками просторные планировки, большие лоджии, две ванные комнаты. Свободная планировка квартир позволит с легкостью организовать место для отдыха, рабочее пространство и комфортную гостевую зону. На -1 этаже предусмотрены кладовые помещения для хранения сезонных и крупногабаритных вещей и паркинг с индивидуальными и семейными машино-местами. Для удобства автовладельцев в зону подземного паркинга можно попасть, спустившись на лифте со своего этажа. В проекте предусмотрена система видеодомофонии. В режиме онлайн жители будут получать оповещения о приходе гостя с возможностью открыть ему дверь в подъезд. Можно сохранять фотографии с камеры вызывной панели, чтобы посмотреть кто приходил, пока вас не было дома. Есть возможность подключения в приложении к видеокамерам в лифтах.",,64.1,14.9,232.2
https://www.cian.ru/sale/flat/303625618/,https://images.cdn-cian.ru/images/2197889651-4.jpg,ЖК «Солнцево парк»,"Москва, НАО (Новомосковский), м. Пыхтино, Внуковское поселение, улица Летчика Грицевца, 12",Пешком,14300000.0,244027.0,2.0,17.0,17.0,58.6,"Номер в базе: 666359. Продается 2-x кoмнaтная квартира в ЖК Солнцево-Парк. В экологически чистом районе Москвы, напротив Ульяновского лесопарка.
Сделан косметический ремонт - в приятных светлых тонах. Квартира удобной планировки на две стороны. 
Просторная кухня (12,9 кв м), комнаты просторные, правильной формы, два балкона. Квартира расположена на 17 этаже, это большой плюс, есть технический этаж, тишина и покой, минимум соседей. Из окон вид во двор, напротив нет высоких зданий. Квартира очень тёплая.
В доме консьерж, приятные чистые парадные, ухоженная придомовая территория.
В доме расположены аптеки, магазины, во дворе детский сад и поликлиника.
Школа в 5 минутах ходьбы. Рядом магазины ""Перекрёсток"", ""Дикси"", ""Пятёрочка"", в 15 мин ходьбы Selgros.
В 5 минутах ходьбы излюбленное место жителей микрорайона- парк Боровский , в парке есть зона для активного отдыха, занятий спортом, детская площадка, площадка для выгула собак, скейт площадка, парк Пыхтино в 10 минутах хотьбы, в даный момент идет строительство второй школы. 
Отличная транспортная развязка , метро Пыхтино 12 минут пешком, Рассказовка 7 мин на транспорте. 
Удобный выезд на Боровское, Киевское и Минское шоссе.
Звоните и записывайтесь на просмотр!
Код пользователя: 44698",,58.6,14.3,244.0
https://www.cian.ru/sale/flat/287506603/,https://images.cdn-cian.ru/images/kvartira-vnukovskoe-borisa-pasternaka-ulica-2303906397-4.jpg,,"Москва, НАО (Новомосковский), м. Пыхтино, Внуковское поселение, улица Бориса Пастернака, 43",Транспортом,11500000.0,222437.0,2.0,4.0,19.0,51.7,"Квартира без ремонта, от застройщика. 
Собственность, без долей, без мат. капитала. СРОЧНАЯ ПРОДАЖА ! торг уместен",,51.7,11.5,222.4
https://www.cian.ru/sale/flat/305331265/,https://images.cdn-cian.ru/images/2345611704-4.jpg,ЖК «Переделкино Ближнее Город-парк»,"Москва, НАО (Новомосковский), м. Пыхтино, Переделкино Ближнее мкр, 17-й кв-л, к3",Пешком,16987528.0,311127.0,2.0,16.0,17.0,54.6,"Дома у парка ""Рассказовка""! 
Продается двухкомнатная квартира  с отделкой в городе-парке ""Переделкино Ближнее"".
Общая площадь квартиры - 54,6 кв. м, этаж 16 из 17. 
Срок сдачи - 3 квартал 2025 года.
Тип дома - монолитный. 
 
В квартире будет выполнена высококачественная отделка ""под ключ"". На выбор представлены два стиля отделки: 
- Classic (классический стиль)  традиционное сочетание материалов и фактур  тёмный, тёплый по тону пол и светлые нейтральные стены, керамогранит с рисунком под мрамор. 
- Smart+ (современный стиль)  нейтральная цветовая гамма с использованием бетонных фактур и темного керамогранита, керамическая плитка до потолка в ванной и санузле.
Независимо от того, какой стиль отделки выберите Вы, можете быть уверенными, что цветовое сочетание будет актуальным долгие годы. 
 
Город-парк ""Переделкино Ближнее"" расположен в 8 км от МКАД по Боровскому шоссе. 
 
ТРАНСПОРТНАЯ ДОСТУПНОСТЬ: 
 
- В пешей доступности находится МЦД-4 ""Мичуринец""
- 7 минут пешком до станции метро ""Рассказовка"" Солнцевской линии
- 14 минут на машине до станции метро ""Филатов Луг"" Сокольнической линии
- 30 минут до центра Москвы 
 
БЛАГОУСТРОЙСТВО: 
 
Новая фаза строительства уникальна своим расположением -  в шаговой доступности от парка ""Рассказовка"", а также  рядом с современным парком ""Переделкино Ближнее"". Все жители 17 фазы смогут комфортно провести время рядом с домом: инфраструктура нового парка включает в себя  благоустроенный пляж, площадки детского развития, современный спортивный кластер с пунктом проката инвентаря, велотрассу, памптрек, ресторан на воде, пирс, лодочную станцию. 
 
ВНУТРЕННЯЯ ИНФРАСТРУКТУРА: 
 
На территории проекта есть все необходимые объекты социальной и бытовой инфраструктуры: 7 детских садов, 3 школы, магазины, паркинги, аптеки и др.
Огороженный двор без машин, в каждом дворе будут установлены уникальные игровые и спортивные площадки, разработанные ведущими мировыми экспертами. 
 
АВТОРСКИЙ ДИЗАЙН: 
 
Современный монолитный дом. Входные группы домов выполнены по авторскому дизайну. Колясочные располагаются при входе. Велопарковка располагается на -1 этаже. Первые этажи облицованы клинкерным кирпичом. На фасаде предусмотрены корзины для установки кондиционеров.",,54.6,17.0,311.1
https://www.cian.ru/sale/flat/309814205/,https://images.cdn-cian.ru/images/2321193394-4.jpg,ЖК «Рассказово»,"Москва, НАО (Новомосковский), м. Пыхтино, Внуковское поселение, бульвар Андрея Тарковского, 10",Транспортом,13000000.0,225694.0,2.0,2.0,22.0,57.6,"КЛЮЧИ ПОЛУЧИМ 17.01.25
О КВАРТИРЕ 
Продается 2-комнатная квартира в ЖК Рассказово . В квартире предусмотрена большая лоджия. Второй этаж находиться на высоте 3-го этажа, поскольку высокий первый этаж.  У Вас будет уникальная возможность воплотить свои фантазии в реальность и сделать ремонт своей мечты. 
Квартира без отделки. 
О Комплексе
Роскошные входные группы, отделанные мрамором, с высотой потолков 4,5 м, белыми лепными карнизами и стойкой ресепшн с авторской отделкой создают атмосферу уюта, полностью отражая дух и воплощение уникальной архитектурной концепции 30-40 годов, являясь ее логическим продолжением.
О ЛОКАЦИИ 
Преимущество локации заключается в благоприятной экологической обстановке с трех сторон комплекс окружен Ульяновским лесопарком и отсутствием промышленных предприятий, обеспечивая жителей чистым воздухом. До ближайшей станции метро ""Рассказовка"" всего 850 метров, а до центра можно доехать за 30 минут. Проект предполагает комплексное освоение территории, создание комфортной жилой застройки с развитой качественной инфраструктурой: - большое количество парковочных мест предусмотрены как закрытые подземные паркинги, так и крытые наземные парковки с дополнительно выделенными открытыми парковочными местами возле домов; - круглосуточно охраняемая территория, закрытая от посторонних для безопасности каждого жителя; - двор-парк без машин, где можно не переживать за играющих детей; - социальные объекты: своя поликлиника, детские сады и школы; - здоровая среда: воркаут - площадки, обустроенные места для занятий спортом на свежем воздухе, живописные места для утренних пробежек, велосипедные маршруты любой сложности; - благоустроенная набережная лесного озера для тихих прогулок или семейного отдыха.
О ДОКУМЕНТАХ 
ДДУ, один собственник, полная сумма в ДКП ! 
Быстрый выход на сделку!
 
Лот:1260.",,57.6,13.0,225.7
https://www.cian.ru/sale/flat/310399039/,https://images.cdn-cian.ru/images/2332766812-4.jpg,ЖК «Рассказово»,"Москва, НАО (Новомосковский), м. Пыхтино, Внуковское поселение, бульвар Андрея Тарковского, 8",Транспортом,14750000.0,368750.0,2.0,5.0,8.0,40.0,"Арт. 83833268 лучшее предложение в ЖК Рассказово!
Продается  уютная и  светлая 2-комнатная квартира с качественным дизайнерским ремонтом 
-Квартира  имеет 2 отдельные изолированные комнаты, просторную кухню-гостиную , гардеробную и  совмещенный  санузел. общ.площадь 39,5 м² . 
Высота потолков 3 метра  

документы:
 • 1 взрослый собственник 
 • Без обременений.
 • Никто не прописан.
 • Квартира покупалась не в браке, материнский капитал не использовался.
 • Продается с полным комплектом мебели и техники — заезжайте и живите!

О квартире:
 • 8 дом, 5 этаж, окна выходят во двор.
 • Уютные 2 комнаты, идеально подходят для личного проживания или сдачи в аренду.
 • Платежи,  как за однокомнатную, но вы получаете полноценную ""двушку"".

Выгодное предложение  для инвесторов:-
Вы получаете квартиру с готовым ремонтом, мебелью и техникой — идеальный вариант для инвестиции.
В доме  есть подземный паркинг ! 
Прописка Москва.

Рядом с домом можно найти всё необходимое для комфортной жизни: продуктовые и фермерские магазины , ателье , аптеки , уютные кафе ,салоны красоты ,  пункты выдачи заказов,  детский сад, школа  , много блогоустроенных мест для прогулок , красивый пруд , свой выход в лес.  
ЖК Рассказово - это новый благоустроенный микрорайон в окружении Ульяновского лесопарка.  
Охраняемая территория ЖК. Два  КПП.  Наземный паркинг в 6 этажей и три подземных.  
 Все это делает жизнь в этом районе максимально комфортной и удобной для всей семьи. Близость к  метро Рассказовка обеспечит быструю и удобную транспортную доступность к любой точке города.  Быстрый и удобный выезд на Киевское и Боровское шоссе.",,40.0,14.8,368.8
https://www.cian.ru/sale/flat/304059053/,https://images.cdn-cian.ru/images/2207571975-4.jpg,ЖК «Переделкино Ближнее Город-парк»,"Москва, НАО (Новомосковский), м. Пыхтино, Переделкино Ближнее мкр, 17-й кв-л, к3",Пешком,16727675.0,282562.0,2.0,1.0,17.0,59.2,"Дома у парка ""Рассказовка""! 
Продается двухкомнатная квартира  с отделкой в городе-парке ""Переделкино Ближнее"".
Общая площадь квартиры - 59,2 кв. м, этаж 1 из 17. 
Срок сдачи - 3 квартал 2025 года.
Тип дома - монолитный. 
 
В квартире будет выполнена высококачественная отделка ""под ключ"". На выбор представлены два стиля отделки: 
- Classic (классический стиль)  традиционное сочетание материалов и фактур  тёмный, тёплый по тону пол и светлые нейтральные стены, керамогранит с рисунком под мрамор. 
- Smart+ (современный стиль)  нейтральная цветовая гамма с использованием бетонных фактур и темного керамогранита, керамическая плитка до потолка в ванной и санузле.
Независимо от того, какой стиль отделки выберите Вы, можете быть уверенными, что цветовое сочетание будет актуальным долгие годы. 
 
Город-парк ""Переделкино Ближнее"" расположен в 8 км от МКАД по Боровскому шоссе. 
 
ТРАНСПОРТНАЯ ДОСТУПНОСТЬ: 
 
- В пешей доступности находится МЦД-4 ""Мичуринец""
- 7 минут пешком до станции метро ""Рассказовка"" Солнцевской линии
- 14 минут на машине до станции метро ""Филатов Луг"" Сокольнической линии
- 30 минут до центра Москвы 
 
БЛАГОУСТРОЙСТВО: 
 
Новая фаза строительства уникальна своим расположением -  в шаговой доступности от парка ""Рассказовка"", а также  рядом с современным парком ""Переделкино Ближнее"". Все жители 17 фазы смогут комфортно провести время рядом с домом: инфраструктура нового парка включает в себя  благоустроенный пляж, площадки детского развития, современный спортивный кластер с пунктом проката инвентаря, велотрассу, памптрек, ресторан на воде, пирс, лодочную станцию. 
 
ВНУТРЕННЯЯ ИНФРАСТРУКТУРА: 
 
На территории проекта есть все необходимые объекты социальной и бытовой инфраструктуры: 7 детских садов, 3 школы, магазины, паркинги, аптеки и др.
Огороженный двор без машин, в каждом дворе будут установлены уникальные игровые и спортивные площадки, разработанные ведущими мировыми экспертами. 
 
АВТОРСКИЙ ДИЗАЙН: 
 
Современный монолитный дом. Входные группы домов выполнены по авторскому дизайну. Колясочные располагаются при входе. Велопарковка располагается на -1 этаже. Первые этажи облицованы клинкерным кирпичом. На фасаде предусмотрены корзины для установки кондиционеров.",,59.2,16.7,282.6
https://www.cian.ru/sale/flat/311963914/,https://images.cdn-cian.ru/images/2370456402-4.jpg,ЖК «Солнцево парк»,"Москва, НАО (Новомосковский), м. Пыхтино, Внуковское поселение, улица Летчика Ульянина, 6",Пешком,15990000.0,277123.0,,,,,"Номер в базе: 4300714. 2-х комнатная квартира ЖK ""Солнцево парк"" 

ДОКУМЕНТЫ:
Квартира оформлена на одного взрослого собственника, приобретена у застройщика по ДДУ и подходит для оформления ипотеки. Мы готовы помочь вам с открытием ипотечного кредита на выгодных условиях!
КВАРТИРА:
Отличная2-х комнатная квартира для семьи. Ремонт сделан из качественных, экологичных материалов. Просторная кухня, гостиная, спальня, раздельный сан.узел.  Кухня оборудована встроенной бытовой техникой: посудомоечная машина, варочная поверхность, духовой шкаф, холодильник, также установлены фильтры для воды. Кондиционер.
ДОМ:
Квартира расположена в современном монолитно-панельном доме, построенном в 2015 году. Жилой комплекс ""Солнцево парк"" предлагает своим жителям все необходимые удобства: собственная поликлиника, разнообразные магазины, офисный центр, детские сады и школы. Здесь вы найдете все для комфортной жизни!
РАЙОН:
Жилой комплекс находится в живописной юго-западной части Москвы, всего в 9 км от МКАД по Боровскому шоссе. Окруженный тремя лесопарками — Валуевским, Баковским и Ульяновским, этот район предлагает прекрасные возможности для отдыха на природе. Отличная транспортная доступность и удобный выезд на Боровское шоссе, а также близость к станции метро Пыхтино делают жизнь здесь еще более комфортной.

Не упустите возможность стать владельцем этой замечательной квартиры! Звоните прямо сейчас, и я с удовольствием организую оперативный показ!
Код пользователя: 144916",,nan,16.0,277.1
https://www.cian.ru/sale/flat/309721300/,https://images.cdn-cian.ru/images/kvartira-vnukovo-3-ya-reysovaya-ulica-2319458517-4.jpg,,"Москва, ЗАО, р-н Внуково, м. Пыхтино, улица 3-я Рейсовая, 9",Транспортом,8000000.0,195122.0,2.0,1.0,1.0,41.0,"Жить как зa гopодoм, но c московскoй прoпиской. Квартира в однoэтaжном малоквaртиpном дoме c oтдeльным вxoдом для каждой квартиры. Дом рacполoжeн на зeмeльнoм участке 39 cотoк (участок не рaзмежeвaн, иcпoльзуетcя влaдeльцaми вcеx квapтир), кaтегopия - ""земли населенныx пунктoв"". Bид из oкoн вo двop, нa участок с дубами, бepезами и яблонями. В пешей доступности новая станция метро ""Аэропорт Внуково"", магазины, школы, поликлиника. Все городские коммуникации (электричество, водоснабжение, канализация, магистральный газ). В квартире всегда будет температура, какая вам нужна, и горячая вода - установлен газовый котел АОГВ-11,6-3. В 2021 году были установлены новые окна во всех комнатах, заменено утепление крыши. Высокие потолки (3 м), есть подсобное помещение под полом в коридоре. Санузел совмещенный (душ, раковина, унитаз), ванны нет.  Один взрослый собственник, наследство больше 20 лет. Никто не зарегистрирован, без долгов и обременений.",,41.0,8.0,195.1
https://www.cian.ru/sale/flat/304059115/,https://images.cdn-cian.ru/images/2210095493-4.jpg,ЖК «Переделкино Ближнее Город-парк»,"Москва, НАО (Новомосковский), м. Пыхтино, Переделкино Ближнее мкр, 17-й кв-л, к3",Пешком,17363396.0,307862.0,2.0,16.0,17.0,56.4,"Дома у парка ""Рассказовка""! 
Продается двухкомнатная квартира  с отделкой в городе-парке ""Переделкино Ближнее"".
Общая площадь квартиры - 56,4 кв. м, этаж 16 из 17. 
Срок сдачи - 3 квартал 2025 года.
Тип дома - монолитный. 
 
В квартире будет выполнена высококачественная отделка ""под ключ"". На выбор представлены два стиля отделки: 
- Classic (классический стиль)  традиционное сочетание материалов и фактур  тёмный, тёплый по тону пол и светлые нейтральные стены, керамогранит с рисунком под мрамор. 
- Smart+ (современный стиль)  нейтральная цветовая гамма с использованием бетонных фактур и темного керамогранита, керамическая плитка до потолка в ванной и санузле.
Независимо от того, какой стиль отделки выберите Вы, можете быть уверенными, что цветовое сочетание будет актуальным долгие годы. 
 
Город-парк ""Переделкино Ближнее"" расположен в 8 км от МКАД по Боровскому шоссе. 
 
ТРАНСПОРТНАЯ ДОСТУПНОСТЬ: 
 
- В пешей доступности находится МЦД-4 ""Мичуринец""
- 7 минут пешком до станции метро ""Рассказовка"" Солнцевской линии
- 14 минут на машине до станции метро ""Филатов Луг"" Сокольнической линии
- 30 минут до центра Москвы 
 
БЛАГОУСТРОЙСТВО: 
 
Новая фаза строительства уникальна своим расположением -  в шаговой доступности от парка ""Рассказовка"", а также  рядом с современным парком ""Переделкино Ближнее"". Все жители 17 фазы смогут комфортно провести время рядом с домом: инфраструктура нового парка включает в себя  благоустроенный пляж, площадки детского развития, современный спортивный кластер с пунктом проката инвентаря, велотрассу, памптрек, ресторан на воде, пирс, лодочную станцию. 
 
ВНУТРЕННЯЯ ИНФРАСТРУКТУРА: 
 
На территории проекта есть все необходимые объекты социальной и бытовой инфраструктуры: 7 детских садов, 3 школы, магазины, паркинги, аптеки и др.
Огороженный двор без машин, в каждом дворе будут установлены уникальные игровые и спортивные площадки, разработанные ведущими мировыми экспертами. 
 
АВТОРСКИЙ ДИЗАЙН: 
 
Современный монолитный дом. Входные группы домов выполнены по авторскому дизайну. Колясочные располагаются при входе. Велопарковка располагается на -1 этаже. Первые этажи облицованы клинкерным кирпичом. На фасаде предусмотрены корзины для установки кондиционеров.",,56.4,17.4,307.9
https://www.cian.ru/sale/flat/310343544/,https://images.cdn-cian.ru/images/kvartira-vnukovo-aeroflotskaya-ulica-2331506711-4.jpg,,"Москва, ЗАО, р-н Внуково, м. Пыхтино, улица Аэрофлотская, 10/13",Транспортом,9000000.0,208333.0,2.0,1.0,5.0,43.2,"Вашему вниманию предлагается 2-Х комнатная квартира в кирпичном доме после капитального ремонта общей площадью 43.2 кв.м в пешей доступности от станции метро  Кнуково.Въезд на территорию через шлагбаум.
Рядом с домом расположены школы, детские сады, почта, салоны связи, отделения банков и медицинские учреждения. Множество магазинов и торгово-развлекательных комплексов позволят вам совершить необходимые покупки и приятно провести время.
Отличная транспортная доступность:
Удобный выезд на Боровское, Минское и Киевское шоссе. Рядом новая станция метро Внуково. Поезда аэроэкспресс и международный аэропорт Внуково находятся в шаговой доступности.
Через подземный переход станция имеет выходы в Терминал А аэропорта, подземный терминал Аэроэкспресса, на привокзальную площадь и к 1-й Рейсовой улице.",,43.2,9.0,208.3
https://www.cian.ru/sale/flat/310697114/,https://images.cdn-cian.ru/images/kvartira-vnukovskoe-letchika-gricevca-ulica-2338556005-4.jpg,ЖК «Солнцево парк»,"Москва, НАО (Новомосковский), м. Пыхтино, Внуковское поселение, улица Летчика Грицевца, 5",Пешком,12700000.0,249020.0,2.0,8.0,17.0,51.0,"Продаётся 2-х комнатная квартира в центре микрорайона Солнцево-Парк в 7 минутах пешком от метро Пыхтино. Дом серии П-44Т построен в 2013 году. Общая площадь 52 кв.м. Комнаты-изолированные 19 и 12 кв.м., кухня с эркером- 10 кв.м. В подъезде консъерж, все окна в тихий двор. В квартире сделан ремонт. Кондиционер, встроенный шкаф-купе в коридоре. Застекленная и утеплённая лоджия в большой комнате. В стоимость входит встроенная кухня с бытовой техникой. Свободная продажа, в собственности более 5 лет",,51.0,12.7,249.0
https://odintsovo.cian.ru/sale/flat/311617839/,https://images.cdn-cian.ru/images/2358498459-4.jpg,ЖК «Рублевский Квартал»,"Московская область, м. Пыхтино, Одинцовский городской округ, с. Лайково, Город-событие мкр, Рублевский Квартал ЖК, к56",Транспортом,9862078.0,189911.0,2.0,2.0,9.0,51.93,"Продаётся 2-комнатная квартира в строящемся доме (Корпус 56), срок сдачи: III-кв. 2025, общей площадью 51.93 кв.м., на 2 этаже. Новый жилой комплекс ""Рублёвский квартал"" от Группы Самолет",,51.9,9.9,189.9
https://www.cian.ru/sale/flat/307386807/,https://images.cdn-cian.ru/images/kvartira-vnukovskoe-letchika-gricevca-ulica-2269884936-4.jpg,ЖК «Солнцево парк»,"Москва, НАО (Новомосковский), м. Пыхтино, Внуковское поселение, улица Летчика Грицевца, 5",Пешком,13100000.0,256360.0,2.0,11.0,17.0,51.1,"Предлагаю Вашему вниманию уютную двухкомнатную квартиру с ремонтом. Рядом вся необходимая инфраструктура: магазины, поликлиника, школа, дет. сад, парк Пыхтино, пешая доступность до метро. Документ  основания ДКП более 5 лет. Один взрослый собственник. Полная сумма в договоре. Легкая альтернатива на меньшую площадь.",,51.1,13.1,256.4
https://www.cian.ru/sale/flat/312134629/,https://images.cdn-cian.ru/images/kvartira-vnukovo-2-ya-reysovaya-ulica-2369668474-4.jpg,,"Москва, ЗАО, р-н Внуково, м. Пыхтино, улица 2-я Рейсовая, 25Б",Транспортом,14950000.0,276852.0,2.0,16.0,17.0,54.0,"отличная квартира, в 15 минутах пешком от метро Внуково и в 25 от аэропорта. Вокруг парковая территория и развитая инфраструктура( школа, сад, бассейн, каток, магазин). Чистый подъезд, свежий лифт, свежий ремонт в квартире. 
2 изолированные комнаты, застекленный балкон, просторная кухня со всей необходимой техникой( посудомоечная машина, холодильник, духовой шкаф, варочная панель, телевизор). 
ванная комната оборудована стиральной машиной. Все дополнительные вопросы можно задать по телефону, в дневное время.",,54.0,14.9,276.9
https://odintsovo.cian.ru/sale/flat/311029023/,https://images.cdn-cian.ru/images/2345436359-4.jpg,ЖК «Рублевский Квартал»,"Московская область, м. Одинцово, Одинцовский городской округ, с. Лайково, Город-событие мкр, Рублевский Квартал ЖК",Транспортом,10654265.0,201290.0,2.0,1.0,12.0,52.93,"Продаётся 2-комнатная квартира в строящемся доме (Корпус 60), срок сдачи: I-кв. 2025, общей площадью 52.93 кв.м., на 1 этаже. Новый жилой комплекс ""Рублёвский квартал"" от Группы Самолет",,52.9,10.7,201.3
https://www.cian.ru/sale/flat/309281897/,https://images.cdn-cian.ru/images/kvartira-vnukovskoe-andreya-tarkovskogo-bulvar-2311036289-4.jpg,ЖК «Рассказово»,"Москва, НАО (Новомосковский), м. Пыхтино, Внуковское поселение, бульвар Андрея Тарковского, 7",Транспортом,21400000.0,321321.0,2.0,3.0,11.0,66.6,"Вашему вниманию предлагается светлая стильная и просторная 2х-комнатная квартира в современном закрытом охраняемом ЖК Рассказово. Квартира выбиралась с особой внимательностью и любовью, ремонт выполнен в светлых тонах, делали для себя по индивидуальному проекту, отдавая предпочтение лучшим материалам в отделке и меблировке. Особым преимуществом является планировка  распашонка, а так же месторасположение в шаговой доступности от ст.м. Рассказовка.

Покупка в ЖК Рассказово это не только удачное вложение денежных средств, но и инвестиция в своё настоящее и будущее. Объекты в данном ЖК всегда в цене.

Удачная организация пространства позволяет реализовать все свои потребности и задачи, планировка предполагает: шикарную просторную кухню-гостиную с зоной самой кухни, столовой и зоной отдыха, уютную спальню, оборудованную гардеробную комнату, 2 санузла, просторный холл и лоджию с теплым полом. 
Теплый пол так же имеется в коридоре и в мокрых зонах.

В отделке использованы только качественные материалы, корпусная мебель изготавливалась на заказ, качественная техника и сантехника. Имеются датчики протечки, кондиционер, бойлер.
Квартира продаётся с мебелью и техникой - заезжай и живи!. 

ЖК расположен в окружении зелени Ульяновского и Боровского лесопарков, что обеспечивает благоприятную экологическую обстановку района и атмосферу загородной жизни внутри города.
Красивая ухоженная входная группа, приличные соседи.
Собственная инфраструктура включает в себя всё, что нужно для жизни: объекты социальной инфраструктуры, детские сады, школа, магазины, аптеки, кафе, салоны красоты, пункты выдачи OZON, Wildberries и многое другое. Имеется многоуровневый крытый паркинг, так же в ЖК всегда есть парковочные места. Закрытая придомовая территория, концепция двор без машин с современными детскими и спортивными площадками, зонами отдыха и красивыми элементами озеленения и ландшафтного дизайна, имеется свой пруд.

Современный жилой комплекс Рассказово это проект высокого уровня, задающий новые стандарты качества жизни. Разработанная архитектурная концепция, камерность, а так же инфраструктура продумана до мелочей, что порадует самых взыскательных клиентов, ценящих эстетику, комфорт и безопасность. Идеальное месторасположение, удобная транспортная доступность и развитая инфраструктура обеспечивают жизнь высокого уровня комфорта в одном из престижных районов Новой Москвы.

До ст.м. Рассказово 10-15 минут пешком, 5-6 минут езды до ст.м. Новопеределкино и Пыхтино, удобное транспортное сообщение и выезд как на Боровское и Киевское шоссе, так и в другие направления.

Квартира приобреталась по ДДУ, 1 взрослый собственник, никто не прописан, без обременений, свободная продажа, оперативный выход на сделку. Звоните, уважаемые покупатели и коллеги!",,66.6,21.4,321.3
https://www.cian.ru/sale/flat/306592060/,https://images.cdn-cian.ru/images/novostroyka-vnukovskoe-andreya-tarkovskogo-bulvar-2254257840-4.jpg,ЖК «Рассказово»,"Москва, НАО (Новомосковский), м. Пыхтино, Внуковское поселение, бульвар Андрея Тарковского, 10",Транспортом,14700000.0,253448.0,2.0,7.0,23.0,58.0,"Квартира с панорамными видами на лес в современном ЖК комфорт класса с водоемом и набережной, с живописной территорией, детской площадкой и подземным паркингом( машино место также имеется). В ЖК имеются школа, садик, магазины и кафе. Риэлторов прошу не беспокоить",,58.0,14.7,253.4
https://odintsovo.cian.ru/sale/flat/311618015/,https://images.cdn-cian.ru/images/2358500220-4.jpg,ЖК «Рублевский Квартал»,"Московская область, м. Пыхтино, Одинцовский городской округ, с. Лайково, Город-событие мкр, Рублевский Квартал ЖК",Транспортом,12328934.0,209569.0,2.0,7.0,8.0,58.83,"Продаётся 2-комнатная квартира в строящемся доме (Корпус 59), срок сдачи: I-кв. 2025, общей площадью 58.83 кв.м., на 7 этаже. Новый жилой комплекс ""Рублёвский квартал"" от Группы Самолет",,58.8,12.3,209.6
https://www.cian.ru/sale/flat/312059998/,https://images.cdn-cian.ru/images/kvartira-vnukovskoe-letchika-gricevca-ulica-2367847519-4.jpg,ЖК «Солнцево парк»,"Москва, НАО (Новомосковский), м. Пыхтино, Внуковское поселение, улица Летчика Грицевца, 6",Пешком,14200000.0,256781.0,2.0,6.0,14.0,55.3,"Уютная, теплая квартира с удобной планировкой (распашонка). Комнаты изолированные 18, 2 и 12,4 кв.м. Окна выходят на разные стороны. В хорошем состоянии. Есть кладовка. Три кондиционера. Заменили все окна застройщика на новые с замком от детей. Встроенная кухня с европейской техникой ELECTROLUX. Кухонная столешница-искусственный камень. В раковине установлен измельчитель пищевых отходов, фильтр для питьевой воды. Кухонные фасады (дверцы) из массива дерева.
Качественная входная дверь. Просторный холл (прихожая).
На лоджии установлены стеклопакеты.
Мебель при желании можем оставить новому собственнику.

Для вашего удобства во дворе дома расположены детская и спортивная площадки, а также предусмотрена парковка. Безопасность жильцов обеспечивают консьерж и кодовая дверь.

Расположение дома позволяет быстро добраться до различных объектов инфраструктуры, таких как школа, детский сад, торговый центр, фитнес-центр и парк.

Звоните прямо сейчас, чтобы договориться о просмотре этой замечательной квартиры!
Документы основания - ДДУ от 2011г. Собственник один. Никто и никогда не был прописан.",,55.3,14.2,256.8
https://www.cian.ru/sale/flat/311990147/,https://images.cdn-cian.ru/images/kvartira-vnukovo-2-ya-reysovaya-ulica-2366367332-4.jpg,,"Москва, ЗАО, р-н Внуково, м. Пыхтино, улица 3-я Рейсовая, 3",Транспортом,14900000.0,185093.0,2.0,1.0,1.0,80.5,Продается просторная двухкомнатная квартира с высокими потолками. Наличие двух кухонь и двух санузлов обеспечит дополнительное удобство. Большие окна наполняют комнаты дополнительным естественным светом. Площадь квартиры позволяет реализовать любые дизайнерские решения. Удобное расположение дома обеспечивает  доступ ко всей необходимой инфраструктуре.,,80.5,14.9,185.1
https://odintsovo.cian.ru/sale/flat/311029007/,https://images.cdn-cian.ru/images/2345437796-4.jpg,ЖК «Рублевский Квартал»,"Московская область, м. Пыхтино, Одинцовский городской округ, с. Лайково, Город-событие мкр, Рублевский Квартал ЖК, к56",Транспортом,9184693.0,172775.0,2.0,4.0,9.0,53.16,"Продаётся 2-комнатная квартира в строящемся доме (Корпус 56), срок сдачи: III-кв. 2025, общей площадью 53.16 кв.м., на 4 этаже. Новый жилой комплекс ""Рублёвский квартал"" от Группы Самолет",,53.2,9.2,172.8
https://www.cian.ru/sale/flat/308103934/,https://images.cdn-cian.ru/images/kvartira-vnukovskoe-aviakonstruktora-petlyakova-ulica-2286519563-4.jpg,,"Москва, НАО (Новомосковский), м. Пыхтино, Внуковское поселение, улица Авиаконструктора Петлякова, 5",Пешком,14700000.0,249576.0,2.0,12.0,17.0,58.9,"Уютная двухкомнатная квартира в живописном уголке Москвы ждет вас!  Каждое утро здесь начинается с захватывающего вида на зеленый лесопарк, зеркальную гладь Пыхтинского пруда и величественную реку Ликова. Это идеальное место для тех, кто ценит спокойствие и близость к природе. 
Ваш новый дом расположен в районе с развитой инфраструктурой: рядом находятся две школы и три муниципальных детских сада, три частных садика, а также два крупных торговых центра.  В шаговой доступности супермаркеты Вкусвилл, Пятерочка и Дикси. Три шоссе  Киевское, Минское и Боровское  обеспечат вам легкий доступ в любую точку города. 
Все необходимое для счастья  всего в нескольких шагах от вашего дома!  В пяти минутах ходьбы расположена станция метро Пыхтино Солнцевской линии, что позволяет легко добраться до любой точки столицы. 
Но главная изюминка  парк Пыхтино, где всей семьей можно отдохнуть и насладиться активным отдыхом!  Здесь есть все: от прогулочных зон и зон для барбекю до спортивных площадок.    Не упустите шанс начать новую жизнь в гармонии с природой!  Свяжитесь с нами прямо сейчас, чтобы узнать больше и организовать просмотр."" ДКП 2014 года. 2 взрослых собственника. Без обременений. Лёгкая альтернатива, активно смотрим.",,58.9,14.7,249.6
https://www.cian.ru/sale/flat/310145220/,https://images.cdn-cian.ru/images/kvartira-vnukovskoe-letchika-gricevca-ulica-2327751399-4.jpg,ЖК «Солнцево парк»,"Москва, НАО (Новомосковский), м. Пыхтино, Внуковское поселение, улица Летчика Грицевца, 5",Пешком,12900000.0,248077.0,2.0,15.0,17.0,52.0,"Продается просторная двухкомнатная квартира в шаговой доступности от метро ""Пыхтино""
Удобное  расположение дома. Район с развитой инфраструктурой: рядом магазины, аптеки, рынок, МФЦ,  до метро 5-7 минут пешком. Квартира без обременений. Один взрослый собственник.  Полная стоимость в ДКП.",,52.0,12.9,248.1
https://odintsovo.cian.ru/sale/flat/311617900/,https://images.cdn-cian.ru/images/2358499055-4.jpg,ЖК «Рублевский Квартал»,"Московская область, м. Пыхтино, Одинцовский городской округ, с. Лайково, Город-событие мкр, Рублевский Квартал ЖК, к54",Транспортом,11359714.0,212808.0,2.0,4.0,9.0,53.38,"Продаётся 2-комнатная квартира в строящемся доме (Корпус 54), срок сдачи: III-кв. 2025, общей площадью 53.38 кв.м., на 4 этаже. Новый жилой комплекс ""Рублёвский квартал"" от Группы Самолет",,53.4,11.4,212.8
https://www.cian.ru/sale/flat/309124851/,https://images.cdn-cian.ru/images/kvartira-vnukovskoe-andreya-tarkovskogo-bulvar-2307894815-4.jpg,ЖК «Рассказово»,"Москва, НАО (Новомосковский), м. Пыхтино, Внуковское поселение, бульвар Андрея Тарковского, 8",Транспортом,15100000.0,241987.0,2.0,11.0,11.0,62.4,"Продается 2-х комнатная квартира без отделки, свободной планировки.
Жилой комплекс с развитой инфраструктурой (город в городе). 
Детские сады, магазины, рестораны, доставки. 
В ближайшее время достроится школа.
Отличное предложение  для жизни. 

Свободная продажа! Звоните!",,62.4,15.1,242.0
https://www.cian.ru/sale/flat/304420737/,https://images.cdn-cian.ru/images/kvartira-vnukovskoe-aviakonstruktora-petlyakova-ulica-2214047248-4.jpg,ЖК «Солнцево парк»,"Москва, НАО (Новомосковский), м. Пыхтино, Внуковское поселение, улица Авиаконструктора Петлякова, 13",Пешком,12900000.0,233273.0,2.0,7.0,17.0,55.3,"Продается просторная двухкомнатная квартира, площадью 55.3м2. В квартире хорошая планировка: большая кухня с выходом на балкон, две изолированные спальни, просторный с/у, небольшая гардеробная и холл. Окна в квартире выходят на обе стороны дома, с внешней стороны дома частный жилой сектор с хорошим видом на зеленые насаждения, а окна во двор выходят на потрясающую детскую игровую площадку и благоустроенные прогулочные аллеи. Дом расположен в благоустроенном районе Москвы, с развитой инфраструктурой, в шаговой доступности от ТЦ, супермаркетов, школ и детских садов. Отличная транспортная доступность до Москвы, в 5 минутах ходьбы метро Пыхтино, 15 минут на машине до МКАД, удобная транспортная Развязка. Перепланировок нет, возможна ипотека, никаких обременений, один собственник, основание ДКП, более 5 лет в собственности, полная стоимость в ДКП.",,55.3,12.9,233.3
https://odintsovo.cian.ru/sale/flat/311617899/,https://images.cdn-cian.ru/images/2358499043-4.jpg,ЖК «Рублевский Квартал»,"Московская область, м. Пыхтино, Одинцовский городской округ, с. Лайково, Город-событие мкр, Рублевский Квартал ЖК, к54",Транспортом,9606498.0,178294.0,2.0,6.0,9.0,53.88,"Продаётся 2-комнатная квартира в строящемся доме (Корпус 54), срок сдачи: III-кв. 2025, общей площадью 53.88 кв.м., на 6 этаже. Новый жилой комплекс ""Рублёвский квартал"" от Группы Самолет",,53.9,9.6,178.3
https://www.cian.ru/sale/flat/310994439/,https://images.cdn-cian.ru/images/kvartira-vnukovo-bazovaya-ulica-2347772288-4.jpg,,"Москва, ЗАО, р-н Внуково, м. Пыхтино, улица Базовая, 2к1",Транспортом,11950000.0,218066.0,2.0,2.0,7.0,54.8,"Продается уютная двухкомнатная квартира в Москве, в посёлке Внуково, на Базовой улице в новом доме малой этажности. Удобное расположение позволяет добраться до метро Аэропорт Внуково, Рассказовка всего за 10-15 минут на автомобиле или общественном транспорте.

В квартире выполнен качественный евроремонт. Все комнаты светлые и просторные, окна выходят как на улицу, так и во двор.  
Кухня оборудована и готова к использованию. Кухня и техника остаются в квартире: холодильник BOSCH, посудомойка Vestfrost, индукционная плита Darina, духовка Darina, телевизор LG, вытяжка Graude.
Остается большой встроенный шкаф в коридоре и в детской, стиральная машина Vestfrost, а также кое-что по мебели в комнатах. 
В квартире есть отдельная постирочная.

Наземная парковка рядом с домом позволяет всегда найти место для вашего автомобиля. Есть парковочное место в ТЦ рядом с домом за 5500р в месяц. Можем его передать по наследству.

В шаговой доступности находятся: бассейн Пегас, 2 детских сада, 2 школы, ТЦ с круглосуточным Перекрестком, фитнес-клуб, боулинг с рестораном, кафе. Район тихий и зеленый, с развитой инфраструктурой. 

Квартира продается без обременений, все документы готовы к сделке. Полная стоимость в ДКП. Собственность 10 лет. Один взрослый собственник. Свободная продажа. Возможна ипотека.",,54.8,11.9,218.1
https://www.cian.ru/sale/flat/309470913/,https://images.cdn-cian.ru/images/kvartira-vnukovskoe-aviakonstruktora-petlyakova-ulica-2314570148-4.jpg,ЖК «Солнцево парк»,"Москва, НАО (Новомосковский), м. Пыхтино, Внуковское поселение, улица Авиаконструктора Петлякова, 25",Пешком,15600000.0,274165.0,2.0,10.0,25.0,56.9,"ЛУЧШЕЕ ПРЕДЛОЖЕНИЕ В ЖК СОЛНЦЕВО-ПАРК! 
В живописном, экологически чистом районе западной Москвы продается замечательная, очень красивая распашная двухкомнатная квартира с изолированными комнатами. 
Квартира не требует вложений- ЗАЕЗЖАЙ И ЖИВИ! Ремонт делали для себя с огромной любовью, продумали все до мелочей! Из дорогих и качественных материалов. 2 балкона и лоджия, раздельный санузел, ПОЛЫ  в ванной и на кухне С ПОДОГРЕВОМ. Без перепланировок. На огромной лоджии организованы места для хранения и сушки белья и вещей. 

Развитая инфраструктура: на территории ЖК есть все для комфортного проживания: детские сады, школы, поликлиники, сетевые супермаркеты, ТЦ, салоны красоты, пункты выдачи Озон и Вайлдберрис, и многое другое. Рядом гипермаркет Зельгрос.
В шаговой доступности благоустроенный Ульяновский лесопарк, парк Рассказовка, зоны отдыха, беседки, пляж на берегу реки Ликова- излюбленное место отдыха местных жителей. 
 
Транспортная доступность: в 12 минутах ходьбы станция метро Пыхтино, рядом с домом остановки общественного транспорта, удобный выезд на Боровское, Киевское, Минское шоссе. 

Чистый подъезд, консьерж. Благоустроенный двор с детскими площадками, многоуровневый паркинг.  

1 взрослый собственник. ДКП 2012 г. БЕЗ ОБРЕМЕНЕНИЙ И ДОЛГОВ. 
Никто не зарегистрирован. Оперативный показ. Быстрый выход на сделку! 
Свободная продажа.",,56.9,15.6,274.2
https://odintsovo.cian.ru/sale/flat/311029294/,https://images.cdn-cian.ru/images/2345447356-4.jpg,ЖК «Рублевский Квартал»,"Московская область, м. Пыхтино, Одинцовский городской округ, с. Лайково, Город-событие мкр, Рублевский Квартал ЖК",Транспортом,11054013.0,202900.0,2.0,5.0,8.0,54.48,"Продаётся 2-комнатная квартира в строящемся доме (Корпус 59), срок сдачи: I-кв. 2025, общей площадью 54.48 кв.м., на 5 этаже. Новый жилой комплекс ""Рублёвский квартал"" от Группы Самолет",,54.5,11.1,202.9
https://www.cian.ru/sale/flat/293788248/,https://images.cdn-cian.ru/images/kvartira-vnukovo-2-ya-reysovaya-ulica-1993616684-4.jpg,,"Москва, ЗАО, р-н Внуково, м. Пыхтино, улица 2-я Рейсовая, 25",Транспортом,10300000.0,224891.0,2.0,3.0,12.0,45.8,"Квартира с отличным ремонтом , заходи и живи , не требует дополнительных вложений! Общая площадь 45,8 ( без учета лоджии).  Комнаты изолированные, большие , квадратные ! Раздельный санузел, застекленная лоджия. Есть небольшая кладовка. В пешей доступности от метро ! Один взрослый собственник , первичные документы, более пяти лет в собственности.",,45.8,10.3,224.9
https://www.cian.ru/sale/flat/307861600/,https://images.cdn-cian.ru/images/2282035200-4.jpg,ЖК «Солнцево парк»,"Москва, НАО (Новомосковский), м. Пыхтино, Внуковское поселение, улица Летчика Ульянина, 2",Пешком,14800000.0,259194.0,2.0,12.0,18.0,57.1,"Номер в базе: 1895124. Продается просторная, светлая квартира в ЖК Солнцево парк!

Шикарная планировка: просторная кухня-гостиная , 2 изолированные комнаты, раздельный сан узел, лоджия, кладовая комната и  прихожая. Идеальна для семьи.

Все комнаты правильной формы!

Квартира находится на 12 этаже. В доме есть лифт. Окна выходят на дву стороны: во двор и тихую улицу. Идеально для семьи!

Сам дом, очень удобный и спокойный. "" Всегда есть место для парковки. Очень дружные и интеллигентные соседи. На площадке всего 4 квартиры. 

Рядом с домом есть вся инфраструктура- кафе, круглосуточная аптека, Озон , ВкуссВил, фитнес, салоны красоты, детский сад прямо во дворе,  школа , поликлиника.

Отличная транспортная доступность: в семи минутах ходьбы станция метро Пыхтино. Удобный выезд на Боровское шоссе.

Один взрослый собственник, свободная продажа, быстрый выход на сделку.

Помощь покупателю в одобрении ипотеки по ставке ниже, чем в банке! Возможность одобрение ипотеки под 12,99%!

С удовольствием покажем в удобное для Вас время! Звоните!
Код пользователя: 110828",,57.1,14.8,259.2
https://odintsovo.cian.ru/sale/flat/312215804/,https://images.cdn-cian.ru/images/2371340961-4.jpg,ЖК «Рублевский Квартал»,"Московская область, м. Пыхтино, Одинцовский городской округ, с. Лайково, Город-событие мкр, Рублевский Квартал ЖК",Транспортом,11628986.0,224932.0,2.0,5.0,9.0,51.7,"Продаётся 2-комнатная квартира в сданном доме (Корпус 61), срок сдачи: III-кв. 2024, общей площадью 51.7 кв.м., на 5 этаже. Новый жилой комплекс ""Рублёвский квартал"" от Группы Самолет",,51.7,11.6,224.9
https://www.cian.ru/sale/flat/311546990/,https://images.cdn-cian.ru/images/kvartira-vnukovskoe-andreya-tarkovskogo-bulvar-2356964978-4.jpg,ЖК «Рассказово»,"Москва, НАО (Новомосковский), м. Пыхтино, Внуковское поселение, бульвар Андрея Тарковского, 10",Транспортом,13950000.0,263208.0,2.0,2.0,22.0,53.0,"Продается просторная квартира, ключи на руках, в собственности! В новом доме,  Квартира находится на 2 этаже 22-этажного здания. Удобная свободная планировка позволяет создать уникальное жилое пространство по вашему вкусу. Жилая площадь составляет 22.6 кв. м, а кухня — 11 кв. м, поэтому в квартире достаточно места для комфортного проживания. Окна выходят во двор, что обеспечит вам тишину и уют.

Квартира без ремонта, что дает возможность воплотить в жизнь любые дизайнерские идеи. В наличии просторная лоджия и один совмещенный санузел. Комплекс окружен Ульяновским лесопарком. 
Роскошные входные группы, отделанные мрамором, высота потолков 4.5м.,
 пассажирские и грузовые  лифты , а также пандус  для удобства передвижения. Для вашего автомобиля предусмотрена подземная и гостевая  парковка. 

Район Внуково, где расположена квартира, обладает развитой инфраструктурой. В пешей доступности находятся детские сады и магазины, что делает его идеальным местом для семейной жизни. До станции метро ""Рассказовка"" можно дойти за 20 минут.

Условия сделки просты и прозрачны. Квартира готова к продаже, без обременений, возможна ипотека. Все юридические документы в порядке, а собственник готов к оперативному оформлению сделки.

Не упустите возможность приобрести эту квартиру и сделать её своим уютным домом. Звоните и записывайтесь на просмотр!",,53.0,13.9,263.2
https://www.cian.ru/sale/flat/310037533/,https://images.cdn-cian.ru/images/kvartira-vnukovskoe-omskaya-ulica-2325858699-4.jpg,,"Москва, НАО (Новомосковский), м. Пыхтино, Внуковское поселение, улица Омская, 9",Транспортом,9600000.0,258065.0,2.0,2.0,17.0,37.2,"Продается квартира евродвушка с мебелью и техникой ,кухня совмещенная с гостиной  и отдельная комната . Квартира находится на 2 этаже , окна на улицу .
Собственник ,без обременений , без догов, свободная продажа .
Напротив дома дет сад, рядом школа, супермаркеты и вся развитая инфраструктура .
До метро Пыхтино и Внуково 5 мин на автобусе .
До станции Внуково МЦД 7 мин на автобусе.
Риелтором просьба не беспокоить !",,37.2,9.6,258.1
https://odintsovo.cian.ru/sale/flat/312215802/,https://images.cdn-cian.ru/images/2371340964-4.jpg,ЖК «Рублевский Квартал»,"Московская область, м. Пыхтино, Одинцовский городской округ, с. Лайково, Город-событие мкр, Рублевский Квартал ЖК",Транспортом,13104313.0,224774.0,2.0,7.0,9.0,58.3,"Продаётся 2-комнатная квартира в сданном доме (Корпус 61), срок сдачи: III-кв. 2024, общей площадью 60.07 кв.м., на 7 этаже. Новый жилой комплекс ""Рублёвский квартал"" от Группы Самолет",,58.3,13.1,224.8
https://www.cian.ru/sale/flat/310995219/,https://images.cdn-cian.ru/images/kvartira-vnukovskoe-omskaya-ulica-2344791811-4.jpg,,"Москва, НАО (Новомосковский), м. Пыхтино, Внуковское поселение, улица Омская, 18",Транспортом,10000000.0,242131.0,2.0,5.0,18.0,41.3,"Предлагаем вашему вниманию уютную евро 2-х комнатную квартиру в современном доме на Омской улице, в поселении Внуковское, Москва. Квартира находится на 5 этаже 18-этажного кирпичного дома, построенного в 2017 году. Общая площадь квартиры составляет 41,3 кв. м, а кухня — 6,5 кв. м. Высота потолков — 2,8 метра. Окна выходят во двор, что обеспечит вам спокойствие и тишину.

В квартире сделан качественный евроремонт, который создаст атмосферу уюта и комфорта. Просторные комнаты позволяют удобно разместить мебель и технику для вашего удобства. Санузел совмещенный, а также имеется балкон, где можно наслаждаться свежим воздухом. 

Дом оборудован  пассажирским и грузовым лифтом, есть пандус и мусоропровод. В подъезде есть консьерж. Инфраструктура дома позволяет комфортно проживать в нем, а значит, вам не придется беспокоиться о бытовых мелочах. В шаговой доступности от дома находятся школы, детские сады и магазины, что особенно удобно для семей с детьми.

Метро ""Аэропорт Внуково"" находится всего в 5 минутах езды на автомобиле, что делает перемещение по городу быстрым и удобным. Это отличное место для проживания тем, кто ценит время и комфорт.

Не упустите возможность стать владельцем этой замечательной квартиры. Звоните, чтобы записаться на просмотр и оценить все преимущества этой недвижимости лично. Мы будем рады показать вам вашу будущую квартиру!",,41.3,10.0,242.1
https://www.cian.ru/sale/flat/310661350/,https://images.cdn-cian.ru/images/kvartira-vnukovo-centralnaya-ulica-2338054338-4.jpg,,"Москва, ЗАО, р-н Внуково, м. Пыхтино, Центральная улица, 11",Транспортом,9400000.0,218605.0,2.0,2.0,5.0,43.0,"Место отличное, тихое, зелёное, один собственник. Кв. свободна и готова к сделке. 
Агентам не беспокоить!!!",,43.0,9.4,218.6
https://odintsovo.cian.ru/sale/flat/311028847/,https://images.cdn-cian.ru/images/2345429511-4.jpg,ЖК «Рублевский Квартал»,"Московская область, м. Пыхтино, Одинцовский городской округ, с. Лайково, Город-событие мкр, Рублевский Квартал ЖК",Транспортом,13371790.0,208283.0,2.0,8.0,9.0,64.2,"Продаётся 2-комнатная квартира в строящемся доме (Корпус 57), срок сдачи: I-кв. 2025, общей площадью 64.2 кв.м., на 8 этаже. Новый жилой комплекс ""Рублёвский квартал"" от Группы Самолет",,64.2,13.4,208.3
https://www.cian.ru/sale/flat/309200951/,https://images.cdn-cian.ru/images/kvartira-vnukovo-internacionalnaya-ulica-2309394757-4.jpg,,"Москва, ЗАО, р-н Внуково, м. Пыхтино, Интернациональная улица, 2",Транспортом,10870000.0,203178.0,2.0,13.0,17.0,53.5,"Продается двухкомнатная квартира
Просторная и уютная квартира на солнечной стороне, с хорошей тепло- и звукоизоляцией площадью 53,5 м². Отличная планировка: большие комнаты, просторная кухня и раздельный санузел. Лоджия застеклена (холодное остекление). На этаже установлена тамбурная дверь для четырех квартир. В подъезде работает консьерж.
Большое количество парковочных мест. В округе имеются несколько охраняемых автостоянок. Чистый, ухоженный двор, летом весь в зелени. Во дворе есть зона для детей и спортивная площадка. Так же обновлен тренажерный инвентарь.
Микрорайон обжит, тихий и спокойный с развитой инфраструктурой: рядом находятся детский сад, школа и новый спортивный комплекс с бассейном Пегас (всего 2 минуты пешком). В шаговой доступности сетевые магазины, ветеринарная клиника, пункты выдачи, а также лесной массив для прогулок как летом, так и зимой на лыжах. 
Удобное транспортное сообщение: в близость 3 станции метро (6-8 минут на транспорте) и остановке общественного транспорта (3 минуты пешком). Микрорайон расположен на Боровском шоссе, с быстрым выездом на Киевское и Минское шоссе, и др. магистрали города. Очень удобно для тех, кто часто летает — рядом расположен аэропорт Внуково. Свободная продажа, один собственник, без обременений.
Быстрый выход на сделку. Полная стоимость в договоре. Торг возможен!",,53.5,10.9,203.2
https://www.cian.ru/sale/flat/311483671/,https://images.cdn-cian.ru/images/2355530722-4.jpg,ЖК «Солнцево парк»,"Москва, НАО (Новомосковский), м. Пыхтино, Внуковское поселение, улица Летчика Ульянина, 6",Пешком,15980000.0,266333.0,2.0,10.0,22.0,60.0,"Код объекта: 1345241.
 Продаётся уютная двухкомнатная квартира в Новомосковском административном округе Москвы, по адресу: улица Лётчика Ульянина, 6.

Квартира расположена на удобном этаже 24-этажного панельного дома, построенного в 2015 году. Общая площадь квартиры составляет 60 квадратных метров, из которых 40 кв. м — жилая площадь. Кухня занимает 16 кв. м. В квартире выполнен евроремонт, что позволяет новым владельцам сразу заселиться и наслаждаться комфортом без дополнительных вложений.

Окна квартиры выходят на улицу, что обеспечивает хорошее естественное освещение и приятный вид из окон. Подъезд оснащён пассажирским и грузовым лифтами, а также подземной парковкой, что добавляет удобства и безопасности жильцам.

Расположение квартиры идеально для тех, кто ценит комфорт и доступность городской инфраструктуры. Район Внуково предлагает развитую социальную и транспортную инфраструктуру, что делает проживание здесь удобным и приятным.

Мы гарантируем безопасную сделку и юридическую поддержку нашим клиентам. Поможем одобрить ипотеку с сниженной ставкой. Не упустите свой шанс стать владельцем этой замечательной квартиры!",,60.0,16.0,266.3
https://odintsovo.cian.ru/sale/flat/311617803/,https://images.cdn-cian.ru/images/2358498126-4.jpg,ЖК «Рублевский Квартал»,"Московская область, м. Пыхтино, Одинцовский городской округ, с. Лайково, Город-событие мкр, Рублевский Квартал ЖК, к56",Транспортом,11182328.0,189885.0,2.0,4.0,9.0,58.89,"Продаётся 2-комнатная квартира в строящемся доме (Корпус 56), срок сдачи: III-кв. 2025, общей площадью 58.89 кв.м., на 4 этаже. Новый жилой комплекс ""Рублёвский квартал"" от Группы Самолет",,58.9,11.2,189.9
https://www.cian.ru/sale/flat/302488188/,https://images.cdn-cian.ru/images/dolya-v-kvartire-vnukovo-3-ya-reysovaya-ulica-2308904363-4.jpg,,"Москва, ЗАО, р-н Внуково, м. Пыхтино, улица 3-я Рейсовая, 14",Транспортом,2990000.0,54963.0,,,,,"Предлагаем Вашему вниманию Московскую постоянную регистрацию (прописку) и жилье в собственность на первое время, в виде 1/2 доли в праве собственности, в 2-х комнатной квартире, расположенной в частном малоквартирном доме. Собственность на одного взрослого с 2001 года и опреден по суду порядок пользования жилым помещением в виде комнаты, площадью 8,6 м.кв. Комната - изолированная, вход со двора. Выполнен свежий и качественный ремонт - заезжай и живи (500 т. р. за ремонт). Пол утеплен, новый стеклопакет. Автоматы на комнату и места общего пользования. Дополнительные люминисцентные лампы освещения на кухню и ванную. Рядом с комнатой расположен раздельный санузел и кухня. Все коммуникации централизованные: газ (газовая плита), центральный водопровод, центральная канализация - все как в квартире, только в частном доме. В распоряжении жителей дома имеются огороды для сбора урожая, шашлыков, отдыха на природе. У кого-то имеется хозблок, навес под машину. Тихое, стародачное место отдыха и проживания Советской номенклатуры. В пешей доступности (15 минут) станция метро Внуково. Удобно добираться, магазины, школы, детские сады, бассейн, развитая инфраструктура Москвы. Свободная продажа. Не упустите свой шанс приобрести бюджетное жилье в городе Москва.",,nan,3.0,55.0
https://www.cian.ru/sale/flat/310261947/,https://images.cdn-cian.ru/images/kvartira-vnukovskoe-letchika-gricevca-ulica-2329818201-4.jpg,ЖК «Солнцево парк»,"Москва, НАО (Новомосковский), м. Пыхтино, Внуковское поселение, улица Летчика Грицевца, 12",Пешком,13900000.0,272549.0,2.0,5.0,17.0,51.0,"Мария.

Продается уютная 2-комнатная квартира в Москве, в современном районе поселения Внуковское, окна выходят во двор, что обеспечивает тишину и спокойствие.

В квартире сделан качественный косметический ремонт. Просторные комнаты и удобная планировка позволят вам комфортно обустроить своё жилье. Кухня оснащена необходимой техникой и мебелью, что делает её готовой к использованию. В квартире есть один отдельный санузел и лоджия, где можно насладиться свежим воздухом.

Дом находится в отличном состоянии, с ухоженной придомовой территорией. Для вашего удобства в доме есть как пассажирский, так и грузовой лифт, а также пандус и мусоропровод. Наземная парковка позволит вам без труда найти место для автомобиля.

Район отличается развитой инфраструктурой: в пешей доступности расположены школы, детские сады, клиники и магазины. До станции метро Пыхтино всего 12 минут пешком, что делает передвижение по городу быстрым и удобным.

Возможна ипотека. 

Покупка этой квартиры — отличная возможность для комфортной жизни в современном районе Москвы.

Приглашаем вас на просмотр! 
Не упустите шанс стать владельцем уютного жилья в столице!",,51.0,13.9,272.5
https://odintsovo.cian.ru/sale/flat/311617840/,https://images.cdn-cian.ru/images/2358498476-4.jpg,ЖК «Рублевский Квартал»,"Московская область, м. Пыхтино, Одинцовский городской округ, с. Лайково, Город-событие мкр, Рублевский Квартал ЖК, к56",Транспортом,11314595.0,196776.0,2.0,4.0,9.0,57.5,"Продаётся 2-комнатная квартира в строящемся доме (Корпус 56), срок сдачи: III-кв. 2025, общей площадью 57.5 кв.м., на 4 этаже. Новый жилой комплекс ""Рублёвский квартал"" от Группы Самолет",,57.5,11.3,196.8
https://www.cian.ru/sale/flat/310417028/,https://images.cdn-cian.ru/images/2333078788-4.jpg,ЖК «Солнцево парк»,"Москва, НАО (Новомосковский), м. Пыхтино, Внуковское поселение, улица Летчика Ульянина, 7",Пешком,10990000.0,171987.0,2.0,13.0,19.0,63.9,"Номер лота: вт-0413520.
Предлагаю к покупке просторные двухкомнатные апартаменты с прекрасным видом на лес, парк ""Рассказовка"" и храм (утром на фоне солнца переливаются купола). Выполнен современный дизайнерский ремонт из качественных материалов с шумоизоляцией. Апартаменты полностью меблированы, готовы к заселению. Большие светлые комнаты, удачная планировка. Просторная кухня 10,3 м2 с очень вместительной лоджией с панорамным остеклением. Уютный большой холл, где представлена комфортная зона отдыха и функциональная система хранения вещей, установлены датчики протечки. Вся необходимая инфраструктура есть в пешей доступности: школы и детские сады, поликлиника, магазины и фитнесклуб. Весь жилой комплекс окружён парками (Рассказовка, Пыхтинский парк с прудом, Ульяновский лесопарк). Чистый воздух и зеленый ландшафт обеспечат Вам здоровую и комфортную жизнь. Район быстро развивается. Закончено масштабное обновление всех детских площадок и дорожных покрытий. Метро ""Пыхтино"" в шаговой доступности. Квартира без обременений, один взрослый собственник, свободная продажа. Оперативный показ гарантирован! Быстрый выход на сделку.

 Содействие в получении специальных условий и преференций по ипотеке.",,63.9,11.0,172.0
https://www.cian.ru/sale/flat/299757680/,https://images.cdn-cian.ru/images/kvartira-vnukovskoe-letchika-ulyanina-ulica-2126517694-4.jpg,ЖК «Солнцево парк»,"Москва, НАО (Новомосковский), м. Пыхтино, Внуковское поселение, улица Летчика Ульянина, 7",Пешком,9700000.0,169877.0,2.0,4.0,19.0,57.1,"Продаются апартаменты состоящие из двух раздельных комнат, большая , просторная кухня 12м, с/у раздельный, возможно проживание или арендный бизнес. Развита инфраструктура, близость метро, автобусных остановок. Один взрослый собственник, без альтернативы.",,57.1,9.7,169.9
https://odintsovo.cian.ru/sale/flat/311617903/,https://images.cdn-cian.ru/images/2358499081-4.jpg,ЖК «Рублевский Квартал»,"Московская область, м. Пыхтино, Одинцовский городской округ, с. Лайково, Город-событие мкр, Рублевский Квартал ЖК, к54",Транспортом,12268423.0,210943.0,2.0,4.0,9.0,58.16,"Продаётся 2-комнатная квартира в строящемся доме (Корпус 54), срок сдачи: III-кв. 2025, общей площадью 58.16 кв.м., на 4 этаже. Новый жилой комплекс ""Рублёвский квартал"" от Группы Самолет",,58.2,12.3,210.9
https://www.cian.ru/sale/flat/310614395/,https://images.cdn-cian.ru/images/kvartira-vnukovskoe-aviakonstruktora-petlyakova-ulica-2336622528-4.jpg,ЖК «Солнцево парк»,"Москва, НАО (Новомосковский), м. Пыхтино, Внуковское поселение, улица Летчика Грицевца, 8",Пешком,15550000.0,282214.0,2.0,16.0,17.0,55.1,"ПРОДАЕТСЯ 2Х КОМНАТНАЯ КВАРТИРА ЖК СОЛНЦЕВО. 

О КВАРТИРЕ:
Предлагаем вашему вниманию 2х-комнатную квартиру общей площадью 55,1 м. кв. 
 в ЖК ""Солнцево Парк. 

Квартира видовая, светлая и очень просторная с правильной планировкой.Застекленная лоджия.  Окна выходят в тихий двор, где располагаются современные детские площадки.
Квартира с хорошим, качественным евроремонтом, полностью меблирована с полным комплектом бытовой техники:

- Варочная панель;
- Духовой шкаф;
- Холодильник;
- Посудомойка;
- 2 кондиционера; 
- Телевизор;
- Стиральная машина. 

Продается со всей мебелью и бытовой техникой. Вложений не требует, заезжайте и живите!
Или сдавайте в аренду, есть возможность перезаключить договор аренды с нынешними арендаторами.  В подъезде  консьерж.

ИНФРАСТРУКТУРА:

Два детских садика, кафе и магазины, школы, банки, своя районная поликлиника и большой торговый центр. Рядом располагаются два парка Ульяновский лесопарк и Парк Пыхтино.
Удобно добираться до метро Пыхтино. Не более 6-10 минут пешком.


- ПРЯМАЯ ПРОДАЖА
- ПОЛНАЯ СТОИМОСТЬ В ДОГОВОРЕ
- ДОКУМЕНТЫ ГОТОВЫ К СДЕЛКЕ
- В СОБСТВЕННОСТИ БОЛЕЕ 5 ЛЕТ
- БЕЗ ОБРЕМЕНЕНИЙ И ДОЛГОВ , НИКТО НЕ ПРОПИСАН  

ЗВОНИТЕ, ОТВЕЧУ НА ЛЮБЫЕ ВОПРОСЫ!",,55.1,15.6,282.2
https://www.cian.ru/sale/flat/312203304/,https://images.cdn-cian.ru/images/kvartira-vnukovo-2-ya-reysovaya-ulica-2371070991-4.jpg,,"Москва, ЗАО, р-н Внуково, м. Пыхтино, улица 2-я Рейсовая, 25Б",Транспортом,12500000.0,227273.0,2.0,8.0,17.0,55.0,"Двухкомнатная квартира в тихом, зеленом районе. Рядом с парковой зоной и спортивными объектами. До метро 10 минут пешком.  Школы, сады в пешей доступности. Линейная планировка, изолированные комнаты. Кухня 9,3м. Балкон. Ремонт сделан давно, но хороший. Квартира в жилом состоянии, мебель могут оставить. Свободная продажа. Один взрослый собственник. Никто не прописан. Без долгов и обременений.",,55.0,12.5,227.3
https://odintsovo.cian.ru/sale/flat/311617905/,https://images.cdn-cian.ru/images/2358499103-4.jpg,ЖК «Рублевский Квартал»,"Московская область, м. Пыхтино, Одинцовский городской округ, с. Лайково, Город-событие мкр, Рублевский Квартал ЖК, к54",Транспортом,14001606.0,212661.0,2.0,4.0,9.0,65.84,"Продаётся 2-комнатная квартира в строящемся доме (Корпус 54), срок сдачи: III-кв. 2025, общей площадью 65.84 кв.м., на 4 этаже. Новый жилой комплекс ""Рублёвский квартал"" от Группы Самолет",,65.8,14.0,212.7
https://www.cian.ru/sale/flat/304768094/,https://images.cdn-cian.ru/images/kvartira-moskovskiy-shekspira-ulica-2220440793-4.jpg,,"Москва, НАО (Новомосковский), м. Пыхтино, улица Шекспира, 1к3",Транспортом,12000000.0,220183.0,2.0,3.0,4.0,54.5,"Продаю 2-х комнатную квартиру в жилом комплексе Бристоль в 7 км от МКАД по киевскому шоссе на территории Ульяновского лесопарка. 
До ближайшей станции метро Рассказовка — около 3 км. В радиусе 2 км развитая инфраструктура: школы, 4 детских сада, продуктовые супермаркеты, спортивные центры, салон красоты, кафе, поликлиника, медицинский центр и ТЦ Vnukovo Outlet Village. 
В 1 км расположен развлекательный комплекс Глория Парк с водоемом и пляжем.

Высокие потолки, панорамные окна с красивым видом на закрытый двор.
Квартира в собственности, один взрослый собственник, свободная продажа.",,54.5,12.0,220.2
https://www.cian.ru/sale/flat/311664218/,https://images.cdn-cian.ru/images/2359454068-4.jpg,,"Москва, НАО (Новомосковский), м. Пыхтино, Внуковское поселение, улица Омская, 17",Транспортом,9700000.0,267218.0,2.0,12.0,17.0,36.3,"Код объекта: 1345712.
 Продаётся уютная двухкомнатная квартира в Новомосковском административном округе Москвы, по адресу: улица Омская, дом 17.

Квартира расположена на 12 этаже 17-этажного монолитного дома, построенного в 2017 году. Общая площадь квартиры составляет 36,3 квадратных метра, из которых 24 квадратных метра — жилая площадь, а 7,7 квадратных метров — площадь кухни. Высота потолков — 2,8 метра. В квартире выполнен косметический ремонт, комнаты изолированные. Окна выходят на улицу, что обеспечивает хорошее естественное освещение и приятный вид.

В доме установлены пассажирский и грузовой лифты, есть наземная парковка. Отопление центральное.

Расположение квартиры идеально подходит для тех, кто ценит комфорт и удобство. Рядом с домом есть всё необходимое для жизни: магазины, школы, детские сады и другие объекты инфраструктуры.

Мы гарантируем безопасную сделку и юридическую поддержку нашим клиентам. Поможем одобрить ипотеку с сниженной ставкой.

Не упустите свой шанс стать обладателем этой уютной квартиры!",,36.3,9.7,267.2
https://odintsovo.cian.ru/sale/flat/311028839/,https://images.cdn-cian.ru/images/2345435996-4.jpg,ЖК «Рублевский Квартал»,"Московская область, м. Пыхтино, Одинцовский городской округ, с. Лайково, Город-событие мкр, Рублевский Квартал ЖК",Транспортом,10200201.0,210357.0,2.0,1.0,9.0,48.49,"Продаётся 2-комнатная квартира в строящемся доме (Корпус 57), срок сдачи: I-кв. 2025, общей площадью 48.49 кв.м., на 1 этаже. Новый жилой комплекс ""Рублёвский квартал"" от Группы Самолет",,48.5,10.2,210.4
https://www.cian.ru/sale/flat/309495496/,https://images.cdn-cian.ru/images/2364916556-4.jpg,ЖК «Рассказово»,"Москва, НАО (Новомосковский), м. Пыхтино, Внуковское поселение, бульвар Андрея Тарковского, 10",Транспортом,16800000.0,282353.0,2.0,5.0,25.0,59.5,"Код объекта: 1185325.
 Продается 2-комн квартира в ЖК бизнес - класса ""Рассказово"", свободной планировки.
Общей площадью 59,5 кв. м., жилая 31,7 кв. м., кухня 12,4 кв. м., застекленная лоджия, высокие потолки 3 метра!!! В квартире два сан.узла, постирочная, гардеробная, две светлые комнаты, кухня.
Форма комнат - ровный прямоугольник!
Удачная планировка, самая лучшее расположение в данном ЖК!
Отсутствие несущих стен и пилонов в квартире даёт возможность реализовать собственную архитектурно-дизайнерскую задумку, преобразовать пространство под свои потребности и желания. 

Авторская архитектура ЖК. Ресторанный комплекс на территории.
В каждой секции предусмотрены комнаты для консьержей, оборудованы бесшумные итальянские лифты. Огороженная территория обеспечена круглосуточной охраной. По уровню этот жк ближе к бизнес-классу. Тут территория закрытая, очень симпатично внутри, хорошие лобби, консьерж.
Внутренняя инфраструктура комплекса состоит из  двух детских садов, двух многоуровневых паркингов, супермаркета, ресторанов. Идет строительство школы и поликлиники.

До метро Рассказовка пешком 13 мин., авто 3 мин.

Свободная продажа!",,59.5,16.8,282.4
https://www.cian.ru/sale/flat/306939290/,https://images.cdn-cian.ru/images/2260445643-4.jpg,,"Москва, ЗАО, р-н Внуково, м. Пыхтино, улица Спортивная, 4Б",Транспортом,9000000.0,214286.0,2.0,5.0,5.0,42.0,"Лот  72356 Продается 2-х комнатная квартира по адресу: г. Москва, пос. Внуково, ул. Спортивная, д.4Б. Кирпичный дом, квартира светлая и теплая, общая площадь без учета балкона 42 кв.м., комнаты смежные 16,5 кв.м. и 12 кв.м. (плюс кладовая 2 кв. м.), кухня 5,5 кв.м., балкон-остеклен, совмещенный санузел. В доме недавно был капремонт — замена крыши, труб, стелопакетов, чистый отремонтированный подъезд. Рядом парк  Центральный , парк  Аллея Славы , сетевые магазины, детские площадки, школы, детские сады, почта, салоны связи, отделения банков, медицинские учреждения, центр оформления документов. Удобный транспортный выезд на Боровское, Минское, Киевское шоссе, рядом новая станция метро Внуково, поезда аэроэкспресс и международный аэропорт Внуково; Метро в пешей доступности 10 минут от дома. Через подземный переход станция имеет выходы в Терминал А аэропорта, подземный терминал Аэроэкспресса, на привокзальную площадь и к 1-й Рейсовой улице. В квартире никто не прописан, никто не проживает, обременений нет. Свободная продажа. 2 взрослых собственника. Полная стоимость в договопе. Подходит под ипотеку.",,42.0,9.0,214.3
https://odintsovo.cian.ru/sale/flat/311617902/,https://images.cdn-cian.ru/images/2358499068-4.jpg,ЖК «Рублевский Квартал»,"Московская область, м. Пыхтино, Одинцовский городской округ, с. Лайково, Город-событие мкр, Рублевский Квартал ЖК, к54",Транспортом,12180687.0,200373.0,2.0,6.0,9.0,60.79,"Продаётся 2-комнатная квартира в строящемся доме (Корпус 54), срок сдачи: III-кв. 2025, общей площадью 60.79 кв.м., на 6 этаже. Новый жилой комплекс ""Рублёвский квартал"" от Группы Самолет",,60.8,12.2,200.4
https://www.cian.ru/sale/flat/310936538/,https://images.cdn-cian.ru/images/2368132252-4.jpg,ЖК «Бристоль»,"Москва, НАО (Новомосковский), м. Пыхтино, улица Шекспира, 2А",Транспортом,14977844.0,275328.0,2.0,2.0,4.0,54.4,"Лот fm32987 В продаже просторная двухкомнатная квартира в ЖК ""Бристоль"" в пяти минутах от Внуково Оutlet Village.

Светлая квартира с двумя спальнями. Удачная планировка, второй этаж. Отличный вариант для жизни семьей!

Жилой комплекс Бристоль расположен по Киевскому шоссе, в 7 километрах от МКАД, на территории Ульяновского лесопарка, недалеко от населенного пункта Лапшинка. Недалеко находится аэропорт Внуково.

Вся инфраструктура в шаговой доступности: магазины, школы, детские сады, прогулочные зоны, зоопарк. Ближайшее метро - рассказовка/саларьево.

Оперативные показы. Возможность согласования дополнительной скидки в декабря! Успейте купить до нового года.

Юридическое сопровождение сделки входит в стоимость.

Помощь в одобрении ипотеки в ведущих банках Москвы.",,54.4,15.0,275.3
https://www.cian.ru/sale/flat/308332815/,https://images.cdn-cian.ru/images/2290782760-4.jpg,ЖК «Рассказово»,"Москва, НАО (Новомосковский), м. Пыхтино, Внуковское поселение, бульвар Андрея Тарковского, 3",Транспортом,18300000.0,261056.0,2.0,3.0,9.0,70.1,"Id 25101. Вашему вниманию предлагается 2-ая квартира!!!
В экологически чистом районе Новой Москвы в закрытом охраняемом ЖК бизнес класса Рассказово.
Оборудован детской спортивной площадками для комфортных прогулок. Прекрасно развитая инфраструктура, жильцам комплекса доступны все плюсы загородной жизни вместе с удобствами, которые предоставляет современный мегаполис, школа со спортивной площадкой и детский сад, парковочные комплексы, супермаркет, кафе, игровые и спортивные площадки для малышей и детей старшего возраста.
В квартире выполнен евроремонт, имеется большая прихожая и гардеробная комната, а так же совмещенный и раздельный санузлы.
Рассказовка в 800 метрах пешком, метро Саларьево - 10 минут на машине, удобный выезд на Боровское и Киевское шоссе. 

Документы в полном порядке, квартира без обременений, что обеспечивает быстрый выход на сделку!",,70.1,18.3,261.1
https://www.cian.ru/sale/flat/310778476/,https://images.cdn-cian.ru/images/2340121470-4.jpg,,"Москва, ЗАО, р-н Внуково, м. Пыхтино, улица Аэрофлотская, 6",Транспортом,11000000.0,256410.0,2.0,3.0,5.0,42.9,"Номер лота: вт-0421379.
Предлагается светлая, уютная, 2-комнатная квартира, на 3 этаже 5-ти этажного кирпичного дома, общей площадью 42,9 кв.м. Дом утеплён, оштукатурен и покрашен, чистый ухоженный подъезд. На этаже 4 квартиры, дружные соседи. В квартире застекленный балкон, установлены пластиковые окна, выходящие во двор. Совмещенный санузел, просторная гостиная 19,1 кв.м., комната 7,5 кв.м. и полноценная гардеробная 6 кв.м. Дом находится в уютном районе Москвы с развитой инфраструктурой. Заезд на территорию двора осуществляется через шлагбаум, всегда есть место для парковки. В непосредственной близости к дому находятся школа, детский сад, парки, поликлиника, магазины и аптеки. В 5-ти минутах пешком есть торговый центр, в котором находятся сетевые магазины, фитнес центр, МФЦ, Вкусно и точка. Летом на территории приятно и свежо за счет зелени и деревьев. Удобный выезд на Киевское и Минское шоссе 5 минут, пешком до метро Внуково 9 минут. До МКАДа 20 минут на машине. Квартира без обременений, перепланировок и долгов. Квартира полностью готова к проживанию, заезжай и живи. Содействие в получении специальных условий и преференций по ипотеке.",,42.9,11.0,256.4
https://www.cian.ru/sale/flat/306239732/,https://images.cdn-cian.ru/images/2288505384-4.jpg,,"Москва, НАО (Новомосковский), м. Пыхтино, Внуковское поселение, улица Летчика Ульянина, 4",Пешком,14100000.0,253142.0,2.0,3.0,20.0,55.7,"Лот: 275. Просторная двухкомнатная квартира распашонка. Площадь квартиры с учетом лоджии — 60 квадратных метров. Окна выходят на обе стороны дома, что обеспечивает хорошее естественное освещение и проветривание. Дом находится во дворах. Нет шума от дорог.
Удобная планировка квартиры с большой кухней и наличием кладовой комнаты. На кухне — встроенный кухонный гарнитур с техникой. Комнаты просторные и светлые. Санузел раздельный. Остекленная лоджия с выходом из кухни.
На этаже — четыре квартиры. Есть тамбурная дверь от лифтов. Ухоженный подъезд с консьержем. 
Район с прекрасно развитой инфраструктурой. Удобное транспортное сообщение. Всего 7 минут пешей ходьбы до станции метро Пыхтино. 
В шаговой доступности от дома есть все необходимые объекты социальной инфраструктуры: детские сады, школы, поликлиника, множество детских площадок. В непосредственной близости от жилого комплекса находится большой лесопарк. В 5 минутах езды — Мещерский лесопарк.
Полная стоимость в договоре. Собственность на квартиру более 5 лет. Один взрослый собственник.",,55.7,14.1,253.1
https://www.cian.ru/sale/flat/302026483/,https://images.cdn-cian.ru/images/2169368321-4.jpg,,"Москва, ЗАО, р-н Внуково, м. Пыхтино, улица Спортивная, 6/18",Транспортом,11500000.0,212963.0,2.0,4.0,5.0,54.0,"Продается светлая и просторная двухкомнатная квартира в кирпичном доме в шаговой доступности от метро Аэропорт Внуково. В квартире сделан хороший ремонт, осталось только вставить межкомнатные двери и можно заезжать и жить. 

Квартира в собственности с 2020 года, один взрослый собственник, полная стоимость в ДКП, свободная продажа.",,54.0,11.5,213.0
https://www.cian.ru/sale/flat/311622071/,https://images.cdn-cian.ru/images/2358570214-4.jpg,ЖК «Город-парк Первый Московский»,"Москва, НАО (Новомосковский), м. Пыхтино, Московский г., Первый Московский мкр, Первый Московский ЖК, 11-я фаза, к3",Транспортом,13000000.0,240296.0,2.0,13.0,22.0,54.1,"Арт. 89505502 Продается двухкомнатная квартира с отделкой в городе-парке ""Первый Московский"" (11 фаза). Общая площадь квартиры - 54,1 кв. м. Срок сдачи - 3 квартал 2025 года. Тип дома - монолитный. В квартире будет выполнена высококачественная отделка ""под ключ"" - Classic (классический стиль) традиционное сочетание материалов и фактур. Тёмный, тёплый по тону пол и светлые нейтральные стены, керамогранит с рисунком под мрамор, керамическая плитка до потолка в санузле. 
Город-парк ""Первый Московский"" расположен всего в 7 км по Киевскому шоссе (Новая Москва). 
ТРАНСПОРТНАЯ ДОСТУПНОСТЬ:  удобный выезд на Киевское шоссе - 7 мин. на личном автомобиле, 10 мин. на автобусе до станции м. Филатов Луг или 15 мин. на автобусе до станции м. Рассказовка или Саларьево. 
ВНУТРЕННЯЯ ИНФРАСТРУКТУРА: Приватное дворовое пространство с детскими площадками, зонами для занятий спортом с центральной площадкой с двухуровневой беседкой и качелями. Дворы свободны от машин - прогулочные маршруты (с зонами отдыха), объединяющие дома 11 фазы в единое пространство . Детский сад, школа. Многоуровневая эко-тропа, велодорожки, Рядом Ульяновский лесопарк. В каждом из домов предусмотрены кладовые помещения на -1 и жилых этажах, а также коммерческие помещения на 1 этажах.
АВТОРСКИЙ ДИЗАЙН: Входные группы 11 фазы будут выполнены по авторскому дизайну, оснащены системой ""тёплый пол"". В каждой входной группе будет располагаться комфортабельная зона ожидания с мягким диваном и кашпо с крупными растениями. При входе предусмотрено помещение для хранения колясок и на -1 этаже располагается велопарковка.
На территории, прилегающей  к 11 фазе,  запланировано строительство 2 многоуровневых паркингов.",,54.1,13.0,240.3
https://www.cian.ru/sale/flat/306934684/,https://images.cdn-cian.ru/images/kvartira-moskva-shekspira-ulica-2260364898-4.jpg,,"Москва, НАО (Новомосковский), м. Пыхтино, улица Шекспира, 1к2",Транспортом,9250000.0,209751.0,2.0,3.0,4.0,44.1,"Продается Евродвушка 44,1 м.кв. на 3 этаже в черновой отделке в современном малоэтажном ЖК ""Бристоль"" . Ключи на руках.

- 1 взрослый собственник. Покупали за наличные по ДДУ. Без обременений. Не в залоге. Подойдет ипотека любого банка. Мат. капитал не использовали. Никто не зарегистрирован. Продажа свободная, быстрый выход на сделку.

- Кухня-гостиная 18,21 м.кв., спальня 13,04 м.кв., санузел совмещен, гардеробная.
- До ближайшей ст.м ""Рассказовка"" - 7 минут на транспорте (3 км).
- Школа, 4 детских сада - в шаговой доступности.
- Закрытая охраняемая территория, детские площадки, спортивные площадки, спорткомплекс.
- Внуково Аутлет, продуктовые магазины, салоны красоты, аптеки - в шаговой доступности.

  ЖК ""Бристоль"" окружен лесом, рядом протекает река Ликово, в 1 км. развлекательный комплекс "" Глория Парк"" (озеро, пляж, барбекю, рыбалка).

Помощь в одобрении ипотеки. Если у вас остались вопросы, звоните!",,44.1,9.2,209.8
https://www.cian.ru/sale/flat/308860409/,https://images.cdn-cian.ru/images/novostroyka-vnukovskoe-aviakonstruktora-petlyakova-ulica-2302036484-4.jpg,ЖК «Солнцево парк»,"Москва, НАО (Новомосковский), м. Пыхтино, Внуковское поселение, улица Авиаконструктора Петлякова, 13",Пешком,14500000.0,251300.0,2.0,7.0,17.0,57.7,"Анна. Современный ремонт. Шикарный вид в сторону озера. Развитая инфраструктура, школа,магазины ,поликлиника ,все рядом . Один взрослый собственник ,без обременений Свободная продажа.",,57.7,14.5,251.3
https://www.cian.ru/sale/flat/311040657/,https://images.cdn-cian.ru/images/kvartira-vnukovskoe-omskaya-ulica-2346230427-4.jpg,,"Москва, НАО (Новомосковский), м. Пыхтино, Внуковское поселение, улица Омская, 15",Транспортом,10500000.0,283784.0,2.0,6.0,18.0,37.0,"Продаётся евро 2-х комнатная квартира в современном доме ЖК Внуково с дизайнерским ремонтом. Использованы современные технологии и материалы премиум класса. Все работы, связанные с коммуникациями выполнены профессионалами. Кухня  гостиная со встроенной кухней и бытовой техникой, с/у совмещенный, изолированная спальная комната, большая лоджия.
Чистый, ухоженный подъезд в подъезде консьерж.
На территории ЖК есть все для комфортной жизни - аптеки, магазины, пекарни, пункты выдачи ОZОN, Яндекс Маркет, WB, шикарные детские и спортивные площадки, сад и школа в самой ближайшей пешей доступности от дома. Спортивный комплекс ""Пегас"" с бассейном. Близость пруда и прогулочной зоны представляет отличную возможность для утренних пробежек или вечерних прогулок.
Рядом две станции метро Внуково и Пыхтино. Станция МЦД Внуково. Удобная дорожная развязка с выездом на Боровское, Киевское и Минское шоссе.
Самолеты над домами НЕ летают.
Один взрослый собственник.
Показ по договоренности.",,37.0,10.5,283.8
https://www.cian.ru/sale/flat/312253438/,https://images.cdn-cian.ru/images/2371931772-4.jpg,,"Москва, НАО (Новомосковский), м. Пыхтино, Внуковское поселение, улица Омская, 14к2",Транспортом,13000000.0,263692.0,2.0,4.0,17.0,49.3,"Арт. 90961264 Срочная продажа! Квартира в хорошем состоянии!
Чистые документы!  Готовы выйти на сделку!

Субсидированная ставка от 14,75% на 1 год или от 11,45 на весь срок

 О КВАРТИРЕ
-Комнаты изолированы
- Застекленная лоджия

О ДОМЕ
-Монолитный дом 
- Чистый подъезд, приличные соседи, благоустроенный двор
- В шаговой доступности: супермаркеты, детский сад, школа, детские площадки, поликлиники, аптека. 

О ЛОКАЦИИ
-15 мин. пешком до ст.м. Пыхтино
- Автобусная остановка за домом
- Московская прописка! 
-Напротив дома есть парковка

ДОКУМЕНТЫ
-1 взрослый собственник 
- Более 5 лет в собственности
- Без перепланировок 

Юридически чистые документы 

Быстрый выход на сделку

Гарантия юридической чистоты сделки от компании ""Самолет+"". 
Будем рады ответить на все ваши вопросы с 9:00 до 21:00. 
Показ по предварительной записи",,49.3,13.0,263.7
https://www.cian.ru/sale/flat/311626698/,https://images.cdn-cian.ru/images/kvartira-vnukovo-centralnaya-ulica-2357808162-4.jpg,,"Москва, ЗАО, р-н Внуково, м. Пыхтино, Центральная улица, 11",Транспортом,13000000.0,298851.0,2.0,1.0,5.0,43.5,"уютная квартира в центре пос.Внуково!
сделан капитальный ремонт 
Жилая комната, кухня-гостиная, гардеробная 
Без Долгов и обременений, быстрый выход на сделку",,43.5,13.0,298.9
https://www.cian.ru/sale/flat/310351540/,https://images.cdn-cian.ru/images/2342412353-4.jpg,ЖК «Рассказово»,"Москва, НАО (Новомосковский), м. Пыхтино, Внуковское поселение, бульвар Андрея Тарковского, 8",Транспортом,20000000.0,370370.0,2.0,5.0,8.0,54.0,"Номер в базе: 3934455. Прекрасная возможность стать владельцем стильной квартиры в современном жилом комплексе с круглосуточной охраной и собственным контрольно-пропускным пунктом! 
Квартира выполнена по дизайн проекту, где каждая деталь продумана до мелочей. Использованы только высококачественные материалы и мебель. Раздельное освещение каждой комнаты, автоматическая подача показателей счетчиков, шумоизоляция пола, умная система слива воды в ванной комнате, возможность регулировать подачу горячей воды в батареи, подробности при встрече!
2 изолированные комнаты + большая кухня гостиная. 

Вся мебель остается.
Юридически чистая и готовая к продаже квартира. 
Удобное расположение: всего 15 минут пешком до станции метро, что позволяет быстро добираться до центра города и всех его удобств. Вокруг развитая инфраструктура: магазины, школы, детские сады и парки — все в шаговой доступности.
Звоните, чтобы записаться на просмотр!

Бонус, помощь в одобрении ипотеки по сниженной ставке! 
Код пользователя: 152134",,54.0,20.0,370.4
https://www.cian.ru/sale/flat/311525537/,https://images.cdn-cian.ru/images/2368119930-4.jpg,ЖК «Солнцево парк»,"Москва, НАО (Новомосковский), м. Пыхтино, Внуковское поселение, улица Летчика Ульянина, 6",Пешком,15900000.0,275563.0,2.0,10.0,22.0,57.7,"Вашему вниманию предлагается двухкомнатная квартира в современном ЖК ""Сoлнцeвo Пapк"".

В квартире выполнен современный ремонт с использованием качественных материалов, а также установлены теплые полы в  кухне и на балконе. 

Функциональная планировка, которая включает в себя: 
* две светлых изолированных спальни, в одной из которых выход на панорамный утепленный балкон, а во второй - большое окно; 
* раздельный сан/узел; 
* большая кухня-гостиная с зонированием пространства: укомплектованная (всей современной бытовой техникой) кухня и обеденная группа, а также зона для отдыха и встречи большого количества гостей.   

Комфортный этаж с прекрасным видом. 
Развитая и сложившаяся инфраструктура района: 
* большое количество игровых площадок во дворе для детей разного возраста; 
* новая большая современная школа через дорогу от дома;
* на территории ЖК есть новый государственный детский сад с предпрофильными классами; 
* спортивный клуб имени Александра Невского;
* медицинский центр и стоматология; 
* сетевые продуктовые магазины; 
* аптеки, рестораны, салоны красоты и другие сферы бытовых услуг. 
Главное преимущество ЖК - это его локация, так как комплекс находится в окружении крупных парковых зон, а именно: 
* Боровский парк в 5-ти минутах пешком; 
* Парк ""Рассказовка"" в пешей доступности с прогулочными зонами для отдыха. 

Транспортная доступность: 
* 11 минут пешком до станции метро ""Пыхтино""; 
* прямой выезд на Боровское, Киевское шоссе и МКАД, направление без пробок. 

Выгодное предложение. Свободная продажа. Один взрослый собственник. Номер в базе: J91",,57.7,15.9,275.6
https://www.cian.ru/sale/flat/310351538/,https://images.cdn-cian.ru/images/2331664965-4.jpg,ЖК «Рассказово»,"Москва, НАО (Новомосковский), м. Пыхтино, Внуковское поселение, бульвар Андрея Тарковского, 5",Транспортом,19980000.0,268910.0,2.0,9.0,9.0,74.3,"Номер в базе: 3934606. Пpодаетcя 2-x комнaтная квартирa с улучшeнной планировкой на 9 (пocлeднeм) этaжe c пoтолками 3,5 метра. Для ценителей выcoких пoтoлков и тишины нaд гoлoвой. Нaслaждайтeсь комфоpтом, тишинoй и cвeжим воздухом c Mоскoвскoй пропиcкoй.
Планировкa:
Спaльня расположeнa в сторону Ульянoвскoго лесопарка. Никакой застройки не будет т.к. лесопарк имеет статус федерального значения. Вид из окон останется прежний. На лес. Свежий и чистый воздух гарантирован.
Кухня, гостиная и лоджия расположена в сторону уютного двора, свободного от машин. Вид из окон панорамный и не выходит близко на соседние дома. Чувствуется уединение.
Лоджия 6,4 м2. Позволяет сделать отдельную комнату-кабинет.
Важно: Солнечный свет оптимально распределяется по всей квартире от рассвета до заката, что положительно влияет на самочувствие и здоровье.
Инфраструктура:
Инфраструктура уже давно развита. На территории ЖК работает мойка/шиномонтаж, супермаркет Пятерочка, ВкусВилл, Фасоль ресторан, кальянная Соuntry Rеstаurаnt Lоungе, 2 семейных кафе, салоны красоты, дом быта/химчистка, булочная ""Буханка"", пивной дом, зоомагазин, Wildbеrriеs/Оzоn Через дорогу от ЖК в Лесопарке - обустроенные дорожки, детские и спортивные площадки, красивое естественное озеро прямо на территории, безопасная и ухоженная территория. Архитектурный стиль комплекса воплощает в себе атмосферу исторического центра Москвы 30-40-х годов. Метро Рассказовка в пешей доступности - в 12 минутах пешком или 1 остановку на автобусе. Один взрослый собственник.



Код пользователя: 152134",,74.3,20.0,268.9
https://www.cian.ru/sale/flat/310505945/,https://images.cdn-cian.ru/images/kvartira-moskva-shekspira-ulica-2334750592-4.jpg,,"Москва, НАО (Новомосковский), м. Пыхтино, улица Шекспира, 1к3",Транспортом,11500000.0,262557.0,2.0,2.0,4.0,43.8,"Однокомнатная квартира без отделки в ЖК Бристоль. 
Планировка квартиры предусматривает: кухню-гостиную, спальню с лоджией,  2 санузла, просторный коридор. 
ЖК Бристоль - это жизнь по-английски на Западе Москвы в 7 км от МКАД. 
Жилой комплекс расположен рядом с Боровское парком. 
Рядом с ЖК торговый центр Vnukovo Outlet Village, магазины, кафе, салоны красоты и т.д. 

Парковка в 100 метрах от ЖК. 

Один взрослый собственник. Квартира в ипотеке ВТБ.",,43.8,11.5,262.6
https://www.cian.ru/sale/flat/312249800/,https://images.cdn-cian.ru/images/2371875867-4.jpg,ЖК «Рассказово»,"Москва, НАО (Новомосковский), м. Пыхтино, Внуковское поселение, бульвар Андрея Тарковского, 10",Транспортом,13900000.0,240069.0,2.0,2.0,20.0,57.9,"Номер в базе: 4293584. Продается 2-комнатная квартира в современном жилом комплексе ""Рассказово"".
Эта квартира с возможностью перепланировки в евро-трешку, станет вашим уютным гнездышком. 

ЖК с закрытой территорией и охраной, окружен лесом. 
Для вашего удобства рядом расположены поликлиника и детский сад, а в следующем году откроется новая школа — все это в шаговой доступности!
15 минут пешком до метро. 

Планировка подгружена не совсем корректная, вышлю по запросу
Звоните прямо сейчас, и мы организуем просмотр! 


Бонус:
Помощь в получении одобрения по ипотеке, юридическое сопровождение сделки, полная юридическая и финансовая гарантия.
Звоните, отвечу на все вопросы.
Код пользователя: 152134",,57.9,13.9,240.1
https://www.cian.ru/sale/flat/306037680/,https://images.cdn-cian.ru/images/2290288796-4.jpg,ЖК «Солнцево парк»,"Москва, НАО (Новомосковский), м. Пыхтино, Внуковское поселение, улица Летчика Ульянина, 3А",Пешком,9999999.0,240964.0,2.0,8.0,13.0,41.5,"Код объекта: 1207150.
 Это предложение по продаже двушки в формате апартаментов, расположенной по адресу: Москва, ул. Лётчика Ульянина, 3А.

Ключевые характеристики:

1. Расположение:
- Площадь 41,5 кв.м
- Окна выходят на лес
- Рядом станция метро ""Пыхтино""
- Вся необходимая инфраструктура (магазины, кафе, сервисы) в шаговой доступности

2. Состояние квартиры:
- Полностью готова для проживания
- Ремонт от застройщика, дополнительно выкрашены стены
- Вся необходимая мебель и техника остаются (при необходимости могут быть вывезены)

3. Документы:
- 2 взрослых собственника
- Без обременений
- свободная продажа
Спешите купить наши апартаменты!",,41.5,10.0,241.0
https://www.cian.ru/sale/flat/304200832/,https://images.cdn-cian.ru/images/kvartira-vnukovo-izvarinskaya-ulica-2210242732-4.jpg,,"Москва, ЗАО, р-н Внуково, м. Пыхтино, улица Изваринская, 4",Транспортом,12000000.0,222222.0,2.0,1.0,17.0,54.0,"Продается добротная двухкомнатная квартира. Комнаты изолированные, санузел раздельный. Один взрослый собственник.Возможен торг.",,54.0,12.0,222.2
https://www.cian.ru/sale/flat/311748457/,https://images.cdn-cian.ru/images/2361170184-4.jpg,ЖК «Солнцево парк»,"Москва, НАО (Новомосковский), м. Пыхтино, Внуковское поселение, улица Летчика Грицевца, 11",Пешком,13990000.0,272710.0,2.0,11.0,17.0,51.3,"Номер в базе: 4244181. О квартире: 
Квартира расположена на 11 этаже 17 этажного дома. Прекрасный вид из окна! Высота потолков 2,8 метра. Квартира очень светлая и приятная. Косметический ремонт, мебель и техника в хорошем состоянии. Санузел раздельный,

Окружение: 
Экологически чистый район Москвы. Развитый микрорайон. Две школы и три сада, взрослая и детская поликлиника, в 2 минутах центр развития творчества, спортивные секции, кружки для детей, а также частная школа. В пешей доступности отличный парк на берегу реки Ликова с мангальными зонами, лежаками для загара, прокатом лодок и сапов, а также Боровский парк с каскадными прудами, площадками для детей, кроссфита, выгула собак, лыжным прокатом. Дворы благоустроенные, с современными детскими и спортивными/скейт площадками.В составе комплекса: на первых этажах жилых домов (магазины, пункты выдачи, аптеки, салоны красоты). Новый, но обжитой район (без строек) с современными стандартами инфраструктуры. 

О доме: 
Дом 2013 года. В доме 3 лифта, 1 грузовой и 2 пассажирских. В подъезде всегда чисто. На этаже есть место для личных вещей (коляска, велосипед и тд.) Соседи тихие и спокойные. 

Транспортная доступность: 
* 10 минут пешком до метро ""Пыхтино""
* 1 минута пешком до остановки ""Солнцево-Парк""
* До МКАДа 15 минут на машине 

О документах: 
1 взрослый собственник. Полная стоимость в договоре. Свободная продажа. Покупали в 2013 году.


Код пользователя: 72568",,51.3,14.0,272.7
https://www.cian.ru/sale/flat/292884438/,https://images.cdn-cian.ru/images/kvartira-vnukovo-izvarinskaya-ulica-1960594879-4.jpg,,"Москва, ЗАО, р-н Внуково, м. Пыхтино, Интернациональная улица, 2к1",Транспортом,11300000.0,209259.0,2.0,9.0,17.0,54.0,"Продается двухкомнатная квартира с раздельными комнатами в районе с развитой инфраструктурой.Дом находится в непосредственной близости от лесополосы,что дает возможность в любое время года проводить прогулки на свежем воздухе. Дома находятся на приличном расстоянии друг от друга.В минуте пешком от дома открылся новый спортивный комплекс с бассейном. Ухоженные,зеленые придомовые дворы с детскими и спортивными площадками. В районе есть все необходимые магазины,аптеки,школа,детский сад. Транспортные средства можно парковать на придомовой территории.Парковочных мет всем хватает. Чистый подъезд. Консьерж.Новые лифты. Соседи хорошие.Есть тамбурная дверь на три квартиры.Сама квартира в хорошем жилом состоянии. Мебель по договоренности .Полная стоимость в ДКП. В квартире никто не зарегистрирован. Быстрый выход на сделку.",,54.0,11.3,209.3
https://www.cian.ru/sale/flat/306893019/,https://images.cdn-cian.ru/images/2340930135-4.jpg,ЖК «Бристоль»,"Москва, НАО (Новомосковский), м. Пыхтино, улица Шекспира, 1к2",Транспортом,13200000.0,199697.0,2.0,3.0,4.0,66.1,"Номер лота: вт-0419910.
К продаже предлагается 2-х комнатная квартира в жилом комплексе ""Бристоль"" в экологически чистом, быстроразвивающемся районе Новой Москвы.
Квартира распашного типа с просторными комнатами, большой кухней и гардеробной, без отделки, что позволят сделать ремонт именно тот, который всегда хотели.
Комплекс состоит из малоэтажных монолитных домов, что создает уникальную среду для комфортного проживания, объединяя современный дизайн с природной красотой и функциональностью. Закрытая территория, видеонаблюдение.
Развитая инфраструктура, на территории жилого комплекса расположены частная школа и детский сад, спортивные и детские площадки. В шаговой доступности многофункциональный торговый центр Vnukovo Outlet Village, продуктовые магазины, поликлиника, медицинский центр, салон красоты, кафе, спортивные центры.
Рядом находится шикарная лесопарковая зона Ульяновского парка с прогулочными дорожками и развлекательный комплекс ""Глория Парк"" с пляжем, вейк-парком, барбекю и рыбалкой.
Удобная транспортная доступность, ЖК ""Бристоль"" расположен по Киевскому шоссе в 7 км от МКАД. Рядом расположена остановка общественного транспорта, ближайшие станции метро- Рассказовка, Пыхтино, Саларьево. 
Квартира приобреталась у застройщика по ДДУ, один собственник. Быстрый выход на сделку!  
 Содействие в получении специальных условий и преференций по ипотеке.",,66.1,13.2,199.7
https://www.cian.ru/sale/flat/306324854/,https://images.cdn-cian.ru/images/kvartira-vnukovskoe-andreya-tarkovskogo-bulvar-2249924087-4.jpg,ЖК «Рассказово»,"Москва, НАО (Новомосковский), м. Пыхтино, Внуковское поселение, бульвар Андрея Тарковского, 3",Транспортом,15850000.0,259836.0,2.0,1.0,9.0,61.0,"Продается просторная двухкомнатная квартира, в квартире выполнены штукатурные работы и проведена электрика, высокий первый этаж в окружении леса, на территории ЖК пруд, въезд через шлагбаум. На территории ЖК муниципальный детский сад, а также частный детский сад, в следующем году вводится в эксплуатацию новая большая школа. До метро 800 метров, удобный выезд на Боровское и Киевское шоссе.",,61.0,15.8,259.8
https://www.cian.ru/sale/flat/312131848/,https://images.cdn-cian.ru/images/2369437028-4.jpg,ЖК «Солнцево парк»,"Москва, НАО (Новомосковский), м. Пыхтино, Внуковское поселение, улица Летчика Ульянина, 3А",Пешком,9600000.0,236453.0,2.0,13.0,13.0,40.6,"Номер в базе: 4357752. Отличные апартаменты ЕВРО-формата, общей площадью 40.6 кв.м. В 5 минутах от метро!

О апартаментах: 
Апартаменты расположены на 13 этаже 13 этажного дома. Высота потолков 2,7 метра. Квартира очень светлая и приятная. Апартаменты подходят как для жизни, так и для сдачи. 

Окружение: 
Экологически чистый район Москвы. Развитый микрорайон. Две школы и три сада, взрослая и детская поликлиника, в 2 минутах центр развития творчества, спортивные секции, кружки для детей, а также частная школа. В пешей доступности отличный парк на берегу реки Ликова с мангальными зонами, лежаками для загара, прокатом лодок и сапов, а также Боровский парк с каскадными прудами, площадками для детей, кроссфита, выгула собак, лыжным прокатом. Дворы благоустроенные, с современными детскими и спортивными/скейт площадками.В составе комплекса: на первых этажах жилых домов (магазины, пункты выдачи, аптеки, салоны красоты). Новый, но обжитой район (без строек) с современными стандартами инфраструктуры. 

О доме: 
Дом 2020 года. В доме 2 лифта, 1 грузовой и 1 пассажирский. В подъезде всегда чисто. В вечернее и ночное время охрана! На этаже есть место для личных вещей (коляска, велосипед и тд.) Соседи тихие и спокойные. Просторная входная группа и на этажах есть так же домофон (прохожий с улицы не зайдет). 90% жильцов проживают на постоянной основе с соблюдением законов тишины, общедомовой чат с инициативной группой. 

Транспортная доступность: 
* 5 минут пешком до метро ""Пыхтино""
* 2 минуты пешком до остановки ""Улица Лётчика Ульянина""
* До МКАДа 15 минут на машине 

О документах: 
ДДУ. 1 взрослый собственник. Свободная продажа.
Код пользователя: 72568",,40.6,9.6,236.5
https://www.cian.ru/sale/flat/311486780/,https://images.cdn-cian.ru/images/2355586495-4.jpg,ЖК «Рассказово»,"Москва, НАО (Новомосковский), м. Пыхтино, Внуковское поселение, бульвар Андрея Тарковского, 3",Транспортом,20800000.0,346667.0,2.0,7.0,9.0,60.0,"Номер в базе: 3990466. Продается двухкомнатная уютная квартира в ЖК Рассказово.

Квартира оформлена по дизайнерскому проекту, выполнен качественный ремонт  пола и стен из дорогих европейских  материалов, заменены все коммуникации от застройщика, гребенка на отопление, переварены выводы на полотенцесушитель. Встроенная кухня с техникой Bosch ( посудомоечная машина, духовой шкаф, холодильник), мойка Blanco и встроенный шкаф в прихожей остаются в квартире, остальная мебель - по договоренности. В ванной установлена сантехника  grohe, hansgrohe, roca. Мебель в ванной сделана на заказ. 

На территории ЖК соблюдена концепция ""двор без машин"", оборудованы места для  автопарковок,  расположены продуктовые магазины. 

Автобусные остановки  расположены рядом с территорией ЖК,  в шаговой доступности - станция метро Рассказовка, зарядка электромобилей.

Юридическая информация: 1 взрослый собственник, без обременений, свободная продажа, полная сумма в ДКП, быстрый выход на сделку.

Звоните! Организуем оперативный показ и помощь в одобрении ипотеки на выгодных условиях для заемщика!
Код пользователя: 173870",,60.0,20.8,346.7
https://www.cian.ru/sale/flat/292638243/,https://images.cdn-cian.ru/images/kvartira-vnukovskoe-letchika-ulyanina-ulica-1948689092-4.jpg,ЖК «Солнцево парк»,"Москва, НАО (Новомосковский), м. Пыхтино, Внуковское поселение, улица Летчика Ульянина, 6",Пешком,15000000.0,256849.0,2.0,16.0,24.0,58.4,"Продается просторная квартира с панорамным видом из окон. Комнаты изолированные с видом на разные стороны света. Документы первичные-дду, 2 взрослых собственника. Альтернативу подберем быстро. Показы по договоренности.",,58.4,15.0,256.8
https://www.cian.ru/sale/flat/305110580/,https://images.cdn-cian.ru/images/kvartira-vnukovo-internacionalnaya-ulica-2277046852-4.jpg,,"Москва, ЗАО, р-н Внуково, м. Пыхтино, Интернациональная улица, 4",Транспортом,11500000.0,215356.0,2.0,8.0,17.0,53.4,"Продается светлая, уютная квартира в 5 мин. езды от м. Пыхтино. 
В собственности более 5 лет. 
8 этаж, окна выходят во двор, есть балкон. 
Чистый, ухоженный подъезд, работает консьерж, 2 лифта - грузовой и пассажирский. Квартира огорожена от лифтов. За дверью, в предбаннике есть пространство для хранения (последнее фото).
Благоустроенный район с развитой инфраструктурой, оборудованы детские и спортивные площадки, зимой заливают каток. В пешей доступности Изваринский лесопарк, школа, детский сад, продуктовые магазины, аптеки, салоны красоты, кафе, фитнес клуб, боулинг, детские секции, новый спортивный комплекс Пегас с бассейном и тренажерным залом рядом с домом. 
В 2 мин. ходьбы автобусная остановка. До ближайшего м. Пыхтино - 2 остановки. Также можно доехать до станций метро Рассказовка, Новопеределкино, Саларьево, Теплый Стан на прямом автобусе.
В районе есть охраняемые парковки, круглосуточный шиномонтаж. Удобный выезд на Киевское и Минское шоссе.

Документы в порядке, свободная продажа, обременений нет, один собственник, полная стоимость в договоре. Оперативный показ. 
Продаем самостоятельно. Агентов просьба не беспокоить.

Если не смогли дозвониться, пишите для связи на ЦИАН.",,53.4,11.5,215.4
https://www.cian.ru/sale/flat/280275666/,https://images.cdn-cian.ru/images/48/549/141/kvartira-vnukovo-rasskazovskaya-ulica-1419458423-4.jpg,,"Москва, ЗАО, р-н Внуково, м. Пыхтино, улица Рассказовская, 26",Транспортом,9500000.0,254011.0,2.0,1.0,12.0,37.4,"Свободная продажа. Один взрослый собственник. 
В 12 минутах пешком станция метро Внуково. 
Комнаты 13,8 кв.м и 9,2 кв.м, кухня 6,4 кв.м, с/у раздельный. 1 этаж. Окна во двор. Чистый подъезд, тамбур на 4 квартиры. В квартире и тамбуре - металлические двери.
Квартира подготовлена к ремонту, произведен демонтаж покрытий.
По программе капремонта произведена замена системы отопления, труб водоснабжения и канализации, а также коммуникации в подвале. 
Квартира в тихом и красивом районе. В шаговой доступности сосновый парк, Пыхтинский пруд (есть пешеходная зона и пляж), спорткомплекс с бассейном, велотрек, каток.
Рядом расположены детсад, школа, магазины.",,37.4,9.5,254.0
https://www.cian.ru/sale/flat/262616536/,https://images.cdn-cian.ru/images/70/488/311/kvartira-vnukovskoe-letchika-gricevca-ulica-1138840704-4.jpg,ЖК «Солнцево парк»,"Москва, НАО (Новомосковский), м. Пыхтино, Внуковское поселение, улица Летчика Грицевца, 5",Пешком,13400000.0,257692.0,2.0,10.0,17.0,52.0,"Продам замечательную 2х комнатную квартиру . Рядом торговый центр, пятерочка, детский сад, школа. В 600 метрах от метро Пыхтино .",,52.0,13.4,257.7
https://www.cian.ru/sale/flat/312138469/,https://images.cdn-cian.ru/images/2369620954-4.jpg,ЖК «Солнцево парк»,"Москва, НАО (Новомосковский), м. Пыхтино, Внуковское поселение, улица Летчика Грицевца, 7",Пешком,18400000.0,313993.0,2.0,14.0,17.0,58.6,"Номер в базе: 3932822. О квартире:
Теплая и просторная 2-комнатная квартира с видом из окон во двор. Большие окна - в квартире много света. Замечательные соседи со всех сторон. В квартире очень тихо и спокойно. Мебель, встроенная техника, диван, кровать, столы, шкафы, прихожая, полки, шторы - остаются. 

О доме и подъезде:
Дом монолитный, построен 2013 году. 
Подъезды чистые, два лифта, мусоропровод, есть консьерж. Коридор просторный - есть место под велосипед или коляску

Транспортная доступность:
Дом находится в центре района Солнцево Парк. 
* 5 минут на транспорте до станции метро ""Рассказовка""
* 7 минут на транспорте до станции метро ""Аэропорт Внуково""
* 9 минут на пешком до станции метро ""Пыхтино""
Быстрый выезд на Боровское и Киевское шоссе. Аэропорт Внуково находится в 8 минутах езды на транспорте

Об инфраструктуре:
Вся необходимая инфраструктура в пешей доступности. Близко к школе 1788, (вторая рядом в 2025), 3 детских сада, автобусные остановки. Парки Пыхтино, Боровский, Рассказовка, большие лесные зоны, Храм Александра Невского Также поблизости находятся различные общественные заведения, где можно отдохнуть и провести время на свежем воздухе. 

О документах: ДКП, в собственности более пяти лет, один взрослый собственник.

Звоните!
Код пользователя: 171475",,58.6,18.4,314.0
https://www.cian.ru/sale/flat/309541884/,https://images.cdn-cian.ru/images/2315861119-4.jpg,ЖК «Солнцево парк»,"Москва, НАО (Новомосковский), м. Пыхтино, Внуковское поселение, улица Летчика Грицевца, 7",Пешком,18400000.0,313993.0,2.0,14.0,16.0,58.6,"Код объекта: 1300347.
 Один взрослый СОБСТВЕННИК ,квартира более 5 лет в собственности

Двушка-распашонка с дополнительным смежным помещением

Квартира в прекрасном, чистом юридическом и техническом состоянии
Один совершеннолетний собственник с момента покупки у застройщика ДКП
Без залогов, аренд, ипотек, мат.капитала и т.д.
(Все документы с начала покупки и постройки дома на руках)

Большая светлая кухня  14кв с эркерным окном и большим обеденным столом

Качественный дизайнерский ремонт
Полы массив дуба/испанский керамогранит с подогревом, теплые окна, большие встроенные шкафы для вещей
Декоративная штукатурка/ кирпич гипс/ натяжные потолки
Ванная с гидромассажем
Встроенная техника: п/м машина, холодильник, варочная плита, духовой шкаф с СВЧ, тихая вытяжка
Кондиционер, стиральная машина
Сантехника GROHE (не течет, не свистит)

 Всегда свежий обновляемый ремонт. Осенью 2023: белые стены/потолок и кабинеты выкрашены. Заменены ВСЕ шаровые краны на батареях. Заменены фильтры очистки на хол/гор воду.
Кухня/коридор/спальня(дет) покрашены в 2018
Горячая паровая чистка стен/потолков/пола/ шкафов/дверей/окон в 2023

 ИДЕАЛЬНОЕ РАСПОЛОЖЕНИЕ:
Дом находится в центре района Солнцево Парк: близко к школе (вторая рядом в 2025), 3 детских сада, автобусные остановки, Перекресток, Дикси, Пятерочка, Ярче, OZON, VB, Яндекс, аптеки, поликлинника дет/взр, салоны красоты, кофейни, скейт парки, фитнес, парки Пыхтино, Боровский, Рассказовка, большие лесные зоны, Храм Александра Невского

До метро Пыхтино 9 минут пешком

 Чистый подъезд, этаж, мусоропровод; есть консьерж, группа жильцов дома в WhatsApp
Замечательные соседи со всех сторон

 Распашонка - зимой тепло, летом идеально 
Высокий этаж наградил квартиру светом и просторным видом из окон

Площадь квартиры в объявлении указана БЕЗ учета двух лоджий: 4,8м и 3,8м

При продаже уезжают: тв и личные вещи
Мебель, встроенная техника, диван, кровать, столы, шкафы, прихожая, полки, шторы - остаются

Количество комнат: 2
Общая площадь: 58.6 м²
Площадь кухни: 13.4 м²
Дополнительно: панорамные окна
Тип комнат: изолированные, смежные
Тёплый пол: есть
Мебель: кухня, хранение одежды, спальные места
Техника: кондиционер, холодильник, стиральная машина, посудомоечная машина
Парковка: наземная многоуровневая, открытая во дворе
Ипотека: нет
Способ продажи: альтернатива (варианты подобраны)",,58.6,18.4,314.0
https://www.cian.ru/sale/flat/308457362/,https://images.cdn-cian.ru/images/2293022603-4.jpg,,"Москва, ЗАО, р-н Внуково, м. Пыхтино, улица Аэрофлотская, 7",Транспортом,9850000.0,223864.0,2.0,5.0,5.0,44.0,"Арт. 75455751 Продаётся уютная 2-к квартира в кирпичном доме во Внуково!

Квартира светлая, установлены деревянные окна со стеклопакетами.
Мебель в квартире остаётся при продаже.
В квартире газ.
В квартире есть кладовая комната, для хранения вещей. Вместительный балкон.

В доме недавно был сделан капитальный ремонт.
Парковка закрытая шлагбаумом, внутри двора.

Район тихий и зелёный, рядом находится 3 парка с прудом.
В пешей доступности :
Магазины (Дикси,Пятерочка,Ярче);
Сбербанк;
МФЦ;
Поликлиника;
Спортивный комплекс.

До станции метро "" Аэропорт Внуково "" 10 минут пешком.
Удобный выезд на боровское шоссе.

Свободная продажа,два собственника, без долгов и обременений.
Данная квартира ждёт именно Вас, ждём Вас на просмотр.",,44.0,9.8,223.9
https://www.cian.ru/sale/flat/309490981/,https://images.cdn-cian.ru/images/kvartira-vnukovskoe-letchika-gricevca-ulica-2314898648-4.jpg,ЖК «Солнцево парк»,"Москва, НАО (Новомосковский), м. Пыхтино, Внуковское поселение, улица Летчика Грицевца, 7",Пешком,18400000.0,313993.0,2.0,14.0,17.0,58.6,"Агентам звонить только при наличии покупателя!
----
1 Взрослый СОБСТВЕННИК более 5 лет

Двушка-распашонка с дополнительной смежной комнатой

Квартира в прекрасном и чистом юридическом, энергетическом, физическом и техническом состоянии
Один совершеннолетний собственник с момента покупки у застройщика ДКП
Без залогов, аренд, ипотек, мат.капитала и т.д.
(Все документы с начала покупки и посройки дома на руках)

Большая светлая кухня  14кв с эркерным окном и большим обеденным столом 185х90

Качественный дизайнерский ремонт
Полы массив дуба/испанский керамогранит с подогревом, теплые окна, большие встроенные шкафы для вещей
Декоративная штукатурка/ кирпич гипс/ натяжные потолки
Ванная с гидромассажем
Встроенная техника: п/м машина, холодильник, варочная плита, духовой шкаф с СВЧ, тихая вытяжка
Кондиционер, стиральная машина
Сантехника GROHE (не течет, не свистит)

 Всегда свежий обновляемый ремонт. Осенью 2023: белые стены/потолок и кабинеты выкрашены. Заменены ВСЕ шаровые краны на батареях. Заменены фильтры гр.очистки на хол/гор воду.
Кухня/коридор/спальня(дет) покрашены в 2018
Горячая паровая чистка стен/потолков/пола/ шкафов/дверей/окон в 2023

 Идеальное расположение
Дом находится в центре района Солнцево Парк: близко к школе (вторая рядом в 2025), 3 детских сада, автобусные остановки, Перекресток, Дикси, Пятерочка, Ярче, OZON, VB, Яндекс, аптеки, поликлинника дет/взр, салоны красоты, кофейни, скейт парки, фитнес, парки Пыхтино, Боровский, Рассказовка, большие лесные зоны, Храм Александра Невского
До метро Пыхтино 9 минут пешком

 Чистый подъезд, этаж, мусоропровод; есть консьерж, группа жильцов дома в WhatsApp
Замечательные соседи со всех сторон

 Из любой комнаты можно сделать спальню, детскую, гостиную или кабинет

 Распашонка - зимой тепло, летом идеально 
Высокий этаж наградил квартиру светом и просторным видом из окон

Площадь квартиры в объявлении указана БЕЗ учета двух лоджий: 4,8м и 3,8м

При продаже уезжают: тв и личные вещи
Мебель, встроенная техника, диван, кровать, столы, шкафы, прихожая, полки, шторы - остаются

Количество комнат: 3
Общая площадь: 58.6 м²
Площадь кухни: 13.4 м²
Дополнительно: панорамные окна
Тип комнат: изолированные, смежные
Тёплый пол: есть
Мебель: кухня, хранение одежды, спальные места
Техника: кондиционер, холодильник, стиральная машина, посудомоечная машина
Парковка: наземная многоуровневая, открытая во дворе
Ипотека: нет
Способ продажи: альтернатива (варианты подобраны)

С АГЕНТАМИ готова общаться только при наличии реального покупателя",,58.6,18.4,314.0
https://www.cian.ru/sale/flat/308836091/,https://images.cdn-cian.ru/images/kvartira-3y-2301639581-4.jpg,,"Москва, НАО (Новомосковский), м. Пыхтино, Московский г., 3-й мкр, 6",Транспортом,15900000.0,273666.0,2.0,3.0,17.0,58.1,"ПРОДАЁТСЯ уютная 2-комнатная квартира, площадью 58,1 кв. м., в новом современном кирпичном доме, 2008 года постройки, в окружении лесного массива. Дом расположен в 10 км от МКАД. Удобный и быстрый выезд на Киевское и Калужское шоссе.                      
                                                                       В квартире выполнен качественный  ремонт, что позволяет сразу заехать и жить. Квартира оборудована мебелью и всей бытовой техникой. Светлая и просторная кухня с выходом на балкон, 9,7 кв.м. Две раздельные комнаты: 16,3 кв.м и 13,8 кв.м. Лоджия и балкон застеклены, окна выходят во двор, поэтому всегда тихо и спокойно.                                                          Дом в хорошем состоянии, во дворе много зелени, что создаёт уютную и комфортную атмосферу, современные спортивные и детские площадки.

Район экологически чистый,  буквально утопает в зелени, окружен живописным лесным массивом.  Природа, чистый воздух, места для занятий спортом, активного отдыха, красивейшие восходы и закаты. Всё это доступно Вам в любое время года! 
                                                                       В шаговой доступности от дома: школа, детский сад, музыкальная и спортивная школа, дом культуры, бассейн, поликлиника, МФЦ, торговый центр, продуктовый рынок, обустроенные зоны для отдыха. 

Отличная транспортная доступность. Рядом с домом автобусная остановка. Всего 8-10 минут на транспорте до м. Саларьево, м. Филатов Луг, м. Юго-Западная, м. Рассказовка, м. Внуково. Всего 35 минут и Вы в центре столицы.

Квартира без каких либо обременений и сложностей. Один взрослый собственник с 2011 года. Полная стоимость в ДКП.

Звоните, будем рады организовать показ квартиры и ответить на все интересующие Вас вопросы!",,58.1,15.9,273.7
https://www.cian.ru/sale/flat/309126633/,https://images.cdn-cian.ru/images/kvartira-vnukovskoe-letchika-ulyanina-ulica-2307920514-4.jpg,ЖК «Солнцево парк»,"Москва, НАО (Новомосковский), м. Пыхтино, Внуковское поселение, улица Летчика Ульянина, 7",Пешком,9990000.0,174224.0,2.0,7.0,19.0,57.34,"Продаются двухкомнатные апартаменты без отделки в современном монолитно-кирпичном доме.

По договору купли продажи (от застройщика) это помещение в Бизнес Центре, но все используют эти апартаменты для жилья. Те можно открыть полноценный офис, ни с кем не нужно согласовывать! 

Помещение можно использовать как для проживания (как квартиру) так и для размещения офиса.

Свободная продажа, один взрослый собственник, быстрый выход на сделку, полная стоимость. Также продаем машиноместо место на -1 этаже (19.7 квм)

Хорошая тpанcпoртная доcтупноcть: 
в 10 минутах пeшком (700м) мeтpо Пыхтино, рядом с домом автoбусные остановки.

На территории ЖК имеются 2 школы, детские сады, поликлиника, супермаркеты, аптеки, зоомагазины, спортивные секции, фитнес, рестораны.

В районе уже создана и функционирует вся необходимая инфраструктура для комфортной жизни (магазины, кафе, салоны, спортивные клубы, детский сад и т.д.).

В доме подземный паркинг, перед домом бесплатная парковка.

В пешей доступности Боровский парк - отличное место для прогулок и занятий спортом.

Удобный проезд до аэропорта Внуково, Киевского шоссе и Боровского шоссе.",,57.3,10.0,174.2
https://www.cian.ru/sale/flat/308907082/,https://images.cdn-cian.ru/images/2303009782-4.jpg,ЖК «Солнцево парк»,"Москва, НАО (Новомосковский), м. Пыхтино, Внуковское поселение, улица Летчика Ульянина, 7",Пешком,9990000.0,174224.0,2.0,10.0,19.0,57.34,"Код объекта: 1283890.
 Продаётся уютная 2-комнатная квартира в Новомосковском административном округе Москвы

Продаются просторные двухкомнатные апартаменты общей площадью 57,34 м² на десятом этаже кирпично-монолитного дома в развитом районе Внуково в Москве. Дом построен в 2017 году, отопление центральное, перекрытия смешанные. Квартира находится по адресу: улица Лётчика Ульянина, 7.

Квартира без отделки, что позволит новому владельцу воплотить в жизнь любые дизайнерские идеи и создать комфортное пространство для жизни. Высота потолков  3,1 метра, благодаря чему комнаты выглядят ещё просторнее и светлее. Общая площадь квартиры составляет 57,34 м², жилая  31 м², а кухня занимает 9,4 м². Площадь комнат  30,87 м². Окна выходят на улицу и во двор.

В доме есть пассажирский и грузовой лифт, так же подземный паркинг, в подъезде консьерж сервис, всегда тепло и чисто. Район с развитой инфраструктурой: рядом детские сады, школы, поликлиники, торговые центры, кафе и рестораны. Удобное транспортное сообщение позволяет быстро добраться до центра города.

Мы гарантируем безопасную сделку и юридическую поддержку нашим клиентам. Поможем одобрить ипотеку с сниженной ставкой.

Не упустите возможность приобрести просторную двухкомнатную квартиру в одном из самых развитых районов Москвы! Звоните прямо сейчас, чтобы узнать больше о квартире и договориться о просмотре.",,57.3,10.0,174.2
https://www.cian.ru/sale/flat/310665442/,https://images.cdn-cian.ru/images/kvartira-vnukovskoe-andreya-tarkovskogo-bulvar-2337949197-4.jpg,ЖК «Рассказово»,"Москва, НАО (Новомосковский), м. Пыхтино, Внуковское поселение, бульвар Андрея Тарковского, 3",Транспортом,20800000.0,346667.0,2.0,7.0,9.0,60.0,"Продаю 2-х комнатную квартиру в ЖК Рассказово, с дорогим и качественным ремонтом, без обременений, ипотек и прочего, в собственности более 5 лет. Заменены все коммуникации от застройщика, гребенка на отопление, переварены выводы на полотеносушитель и т.д. Встроенная кухня с техникой Bosch ( посудомоечная машина, духовой шкаф, холодильник), мойка Blanco. Встроенный шкаф в прихожей. Сантехника в ванной grohe, hansgrohe, roca. Мебель в ванной сделана на заказ. Материалы Пола и стен европейские. 
Продаю сам, риэлторам не звонить.",,60.0,20.8,346.7
https://www.cian.ru/sale/flat/299084454/,https://images.cdn-cian.ru/images/kvartira-vnukovo-internacionalnaya-ulica-2111198196-4.jpg,,"Москва, ЗАО, р-н Внуково, м. Пыхтино, Интернациональная улица, 4",Транспортом,11400000.0,211111.0,2.0,14.0,17.0,54.0,"!
Продаем  2-х комнатную квартиру  с изолированными комнатами в районе с хорошо развитой инфраструктурой : новый спортивный комплекс с  бассейном "" Пегас"", сетевые магазины , торговый центр , школа , детский сад , МФЦ , лесной массив с прогулочными зонами . Удобный выезд на Боровское , Киевское , Минское шоссе . До метро Внуково 5-7 минут езды . Также удобно добираться и до метро Пыхтино и Рассказовка . 
Комнаты изолированные , лоджия застекленная , стеклопакеты есть, натяжной потолок . Тамбур на 4 квартиры . Один взрослый собственник , СВОБОДНАЯ, ПРЯМАЯ продажа , перепланировок нет , документы основания -договор купли-продажи  2021 года .",,54.0,11.4,211.1
https://www.cian.ru/sale/flat/309500192/,https://images.cdn-cian.ru/images/kvartira-vnukovskoe-omskaya-ulica-2315058655-4.jpg,,"Москва, НАО (Новомосковский), м. Пыхтино, Внуковское поселение, улица Омская, 15",Транспортом,13500000.0,236842.0,2.0,6.0,17.0,57.0,"Продаю полноценную двухкомнатную квартиру от Собственника. Окна выходят на детский сад и внутренний двор. Большая кухня, две отдельные комнаты, раздельный сан. узел. 
Со всей  мебелью и техникой.
Без обременений.
Возможен Торг.
Риэлторов без покупателей с помощью в продаже прошу не беспокоить.
лучше связываться в чате",,57.0,13.5,236.8
https://www.cian.ru/sale/flat/309188182/,https://images.cdn-cian.ru/images/kvartira-vnukovskoe-omskaya-ulica-2308989746-4.jpg,,"Москва, НАО (Новомосковский), м. Пыхтино, Внуковское поселение, улица Омская, 18",Транспортом,14500000.0,250000.0,2.0,4.0,18.0,58.0,"Лучшее предложение в этом районе, в квартире остаётся вся мебель и техника,сделан евроремонт из импортных материалов, комнаты изолированные,приличные соседи,развитая инфраструктура,хорошее транспортное сообщение, без обременения и долгов,материнский капитал не использовался ,один взрослый собственник,полная стоимость в договоре,оперативный показ.",,58.0,14.5,250.0
https://www.cian.ru/sale/flat/310844624/,https://images.cdn-cian.ru/images/kvartira-vnukovskoe-letchika-gricevca-ulica-2341451653-4.jpg,ЖК «Солнцево парк»,"Москва, НАО (Новомосковский), м. Пыхтино, Внуковское поселение, улица Летчика Грицевца, 11",Пешком,13990000.0,272710.0,2.0,11.0,17.0,51.3,"Продаётся двухкомнатная квартира в ЖК Солнцево-Парк. В квартире сделан евроремонт, есть вся необходимая мебель и бытовая техника (см. фото), всё остаётся и входит в стоимость. Дом находится в 10 минутах ходьбы до станции метро Пыхтино, во дворе дома детский сад, в 5 минутах школа. Рядом торговый центр, магазины, парк, речка.
Один собственник, прямая продажа.",,51.3,14.0,272.7
https://www.cian.ru/sale/flat/309853298/,https://images.cdn-cian.ru/images/2322402615-4.jpg,,"Москва, НАО (Новомосковский), м. Пыхтино, Внуковское поселение, улица Омская, 17",Транспортом,15990000.0,205000.0,2.0,13.0,17.0,78.0,"Арт. 80441332 Ваша квартира в ЖК ""Внуково - 2017"" - 20 км до центра Столицы!
 
О КВАРТИРЕ
 
Теплая, светлая евротрешка 78 кв.м. с тремя лоджиями (в каждой комнате своя застекленная лоджия с прекрасными видовыми характеристиками!)
Большая гостиная с кухней и лоджией 28м и две изолированные спальни по 19 м2, планировка-распашонка.
Просторная отдельная ванная комната 6м2 с большим окном  принимая ванну можно любоваться небом и облаками, соседей напротив в окне нет)
Окна квартиры выходят на три стороны. В подъезде есть место под коляски и велосипеды.
 
Полная стоимость в ДКП. Быстрый выход на сделку.
 
О ЖИЛОМ КОМПЛЕКСЕ
 
Предназначен для тех, кто стремится жить в гармонии с природой, и при этом пользоваться комфортными городскими условиями.
Хорошо обустроенный жилой комплекс с развитой инфраструктурой и транспортной доступностью станции метро Внуково и Пыхтино, станция МЦД Внуково 5 мин на автомобиле или 8 минут на маршрутке. Удобная дорожная развязка с выездом на Боровское, Киевское и Минское шоссе. Ходят автобусы и маршрутки.
 
На территории ЖК есть ВСЁ для комфортной жизни - аптеки, магазины, пекарни, пункты выдачи ОZОN, Яндекс Маркет, WB, шикарные детские и спортивные площадки, сад и школа в самой ближайшей пешей доступности от дома. Спортивный комплекс ""Пегас"" с бассейном, парк и пруд в непосредственной близости.
 Идеальное место для семьи с детьми!
 
Звоните прямо сейчас! Оперативный показ!
 
Для наших покупателей помощь в получении ипотеки в ведущих банках, с высокой степенью одобрения и специальными скидками по ставкам.",,78.0,16.0,205.0
https://www.cian.ru/sale/flat/288486697/,https://images.cdn-cian.ru/images/kvartira-vnukovskoe-omskaya-ulica-1762295951-4.jpg,,"Москва, НАО (Новомосковский), м. Пыхтино, Внуковское поселение, улица Омская, 9",Транспортом,10500000.0,262500.0,2.0,1.0,16.0,40.0,"Продается замечательная, уютная двухкомнатная квартира на две стороны, три больших окна. Планировка евро-двухкомнатная. Одна комната изолированная, другая объединенная с кухней-гостинной. Общая площадь квартиры 39,7 м2. Ремонт в квартире от застройщика, потолки высокие,  с/у очень просторный, совмещенный, частично в кафеле, встроенный шкаф. На полу в с/у, на кухне и коридоре кафель. В комнатах ламинат. На стенах обои под покраску. Мебель и техника не входит в стоимость в объявлении.

Квартира торцевая, подойдет под нежилое помещение или бизнес.

Собственность совместная, двое взрослых. Приобретали квартиру у застройщика Самолет по ДДУ. Дом свежий 2017 года. Монолит-кирпич. Подъезд чистый, с видеонаблюдением и консъерж. Два лифта. Стеклянная входная группа, в подъезд два входа. Очень просторно и удобно особенно с колясками. Есть колясочная для самокатов, велосипедов и тд.  Дом тихий, соседи хорошие. Двор благоустроенный, зеленый с детскими площадками, детский сад и школа видны с подъезда. Наличие парковочных мест. Инфраструктура развитая. Рядом магазины Перекресток, Пятерочка, кафе, салоны красоты, боулинг, фитнесс клуб, ТЦ. Район зеленый, воздух свежий, рядом пруд. До метро Пыхтино одна остановка на автобусах 886, 870. Рядом МЦД Внуково, 7 мин на автобусе 870.

Документы в полном порядке. Прописка Московская. Собственность совместная. Прописанные есть.

Помощь агентов исключена! Дубли рекламы запрещены! Читаем внимательно, в помощи не нуждаюсь! С предложением о сотрудничестве звонить бесполезно!

Цена в объявлении без мебели и техники!

Квартира Вашей мечты ждет Вас!
Показы по договорённости! Туристов прошу не беспокоить!

Объект актуален, просмотр доступен.",,40.0,10.5,262.5
https://www.cian.ru/sale/flat/312052988/,https://images.cdn-cian.ru/images/2367700218-4.jpg,ЖК «Солнцево парк»,"Москва, НАО (Новомосковский), м. Пыхтино, Внуковское поселение, улица Летчика Грицевца, 14А",Пешком,16000000.0,222222.0,2.0,4.0,15.0,72.0,"Готовый арендный бизнес для долгосрочной и посуточной аренды!
Студия+ Еврооднушка.
Свободная продажа.
Один собственник.
Вся сумма в договоре.
Ипотека возможна.
Прекрасная инвестиция.
Подробности по телефону.",,72.0,16.0,222.2
https://www.cian.ru/sale/flat/309590021/,https://images.cdn-cian.ru/images/kvartira-vnukovskoe-omskaya-ulica-2316752373-4.jpg,,"Москва, НАО (Новомосковский), м. Пыхтино, Внуковское поселение, улица Омская, 17",Транспортом,10850000.0,298898.0,2.0,12.0,18.0,36.3,"Продается уютная квартира евро двушка, кухня -гостиная 18 кВ м и спальня 11 кв м, изначально кв шла с ремонтом, но качество материалов было ужасным, поэтому были заменены откосы и подоконники у окон и порожек перед балконной дверью, весь пол заменен на немецкий ламинат 33 класса, картонные двери заменены на  красивые и тяжелые из ламинированного дсп, балкон полностью сделан- потолок и полы с винилом, есть место для хранения , отделенное рольставней, ванная полностью переделана- отделка плиткой из керамогранита, на полу дизайнерская испанская плитка в виде сот, все трубы из гибкой нержавейки, натяжной потолок, дизайнерская раковина laufen, инсталляция Grohe, кухонной мебели нет, но выведены трубы также из гибкой нержавейки. Общая площадь с балконом около 40 кв м. Вид из окна на детский сад и взлетающие скмолеты.  До м Пыхтино 1 остановка на автобусе 886. Свободна продажа от собственника.",,36.3,10.8,298.9
https://www.cian.ru/sale/flat/309377328/,https://images.cdn-cian.ru/images/2312658460-4.jpg,ЖК «Солнцево парк»,"Москва, НАО (Новомосковский), м. Пыхтино, Внуковское поселение, улица Авиаконструктора Петлякова, 13к1",Пешком,14500000.0,263158.0,2.0,6.0,17.0,55.1,"Двухкомнатная квартира в обжитом районе Солнцево-Парк. От метро 7 мин. пешком. Ремонт косметический. Есть гардеробная. Рядом с домом парк Пыхтино, прогулочные дорожки, школа, магазины и детские площадки . Полная стоимость в договоре.1 взрослый собственник. Свободная продажа.",,55.1,14.5,263.2
https://www.cian.ru/sale/flat/242093065/,https://images.cdn-cian.ru/images/9/295/169/kvartira-vnukovskoe-andreya-tarkovskogo-bulvar-961592954-4.jpg,ЖК «Рассказово»,"Москва, НАО (Новомосковский), м. Пыхтино, Внуковское поселение, бульвар Андрея Тарковского, 5",Транспортом,22000000.0,301370.0,2.0,6.0,9.0,73.0,"Риэлторам без реального покупателя-не показываю!Пожалуйста, не звоните с просьбой помочь продать!Риелтер есть свой! Торг не закладываю!Продавать буду столько, сколько мне надо! Квартире установлены стены, произведена механическая штукатурка стен, утеплен балкон, заменено на тройное из хорошего профиля   остекление, поставлена хорошая входная дверь, сейчас проводится электропроводка. Шикарная планировка! Окна на бульвар А Тарковского и во двор(без машин! с кучей детских площадок для разного возраста). Находится под круглосуточной охраной , въезд по пропускам , дворы без машин, консьерж в подъезде , видеонаблюдение , есть паркинги.. Стиль домов сталинский ампир , чистые благоустроенная территория с кучей цветов , много современных детских  и спортивных площадок. Бего - и велодорожки , зоны отдыха с водоемами и без , выход в лес, супермаркеты , школа и 3 детских сада, поликлиника. Покупалась за наличные у застройщика в 2014 году. Обременений нет. Полная стоимость  в договоре! Подходит на ипотеку. Документы готовы к сделке!На балконе поставлены стеклопакеты Саламандер, произведен опуск стояка канализации, имеется несколько вариантов дизайн- проекта  от архитектора.Если объявление опубликовано-то квартира продается!Если вы не дозвонились по причине занятости-пишите",,73.0,22.0,301.4
https://www.cian.ru/sale/flat/311483152/,https://images.cdn-cian.ru/images/2355520695-4.jpg,,"Москва, ЗАО, р-н Внуково, м. Пыхтино, улица Большая Внуковская, 1",Транспортом,9500000.0,223529.0,2.0,1.0,5.0,42.5,"Код объекта: 1345317.
 Продаётся уютная двухкомнатная квартира в посёлке Внуково Новомосковского административного округа Москвы. Адрес: Большая Внуковская улица, 1.

Выполнен капитальный ремонт дома с заменой всех коммуникаций.

Панельный дом построен в 1974 году. Общая площадь квартиры — 42,5 м², из которых 30 м² — жилая площадь, по 15 м² на каждую комнату. Площадь кухни — 6 м². Высота потолков — 2,6 метра. В квартире выполнен косметический ремонт, что позволит вам сразу заселиться и наслаждаться новым жильём без дополнительных затрат на обновление интерьера. 

Расположение квартиры идеально для тех, кто ценит спокойствие и уют, но при этом хочет иметь быстрый доступ ко всем городским удобствам. Окна выходят на улицу, что обеспечивает хорошее естественное освещение.

Эта квартира — отличный выбор для семей с детьми или молодых людей, ищущих своё первое жильё. Изолированные комнаты позволят создать комфортное пространство для отдыха и работы. Наземная парковка около дома обеспечит безопасность вашего автомобиля.

Квартира расположена на первом этаже пятиэтажного дома. Несмотря на отсутствие лифтов, расположение на первом этаже может быть удобным для пожилых людей или семей с маленькими детьми. Отопление центральное, перекрытия выполнены из железобетонных плит.

Посёлок Внуково обладает развитой инфраструктурой, что делает жизнь здесь комфортной и удобной. Мы гарантируем безопасную сделку и юридическую поддержку нашим клиентам. Поможем одобрить ипотеку с сниженной ставкой. Не упустите свой шанс стать обладателем этой уютной квартиры!",,42.5,9.5,223.5
https://www.cian.ru/sale/flat/310971343/,https://images.cdn-cian.ru/images/kvartira-vnukovskoe-letchika-ulyanina-ulica-2344295193-4.jpg,ЖК «Солнцево парк»,"Москва, НАО (Новомосковский), м. Пыхтино, Внуковское поселение, улица Летчика Ульянина, 3А",Пешком,9590000.0,235627.0,2.0,13.0,13.0,40.7,"!!!!ВНИМАНИЕ ЦЕНА ДО КОНЦА ГОДА!!!!!
НУЖНЫ ДЕНЬГИ В ОДИН БИЗНЕС ПРОЕКТ

предложение от собственника 


В трех минутах пешком от метро пыхтино,
Продается евродвушка в апартаментах с видом на храм.
Качественный ремонт,готовы для проживания.
Вся техника в квартире остается.
Развитая инфраструктура в шаговой доступности:
-кафе 
-рестораны 
-аптеки 
-паркинг,
-школы 
-детские сады 
-поликлиника 
-торговый центр
Экологически чистый район ближайшее шоссе Боровское Киевское,Минское.
Торговый центр в шаговой доступности.
Рядом парк Пыхтино и Ульяновский лесопарк свободная продажа.
один собственник.",,40.7,9.6,235.6
https://www.cian.ru/sale/flat/310873926/,https://images.cdn-cian.ru/images/2342267271-4.jpg,ЖК «Рассказово»,"Москва, НАО (Новомосковский), м. Пыхтино, Внуковское поселение, бульвар Андрея Тарковского, 3",Транспортом,20800000.0,346667.0,2.0,7.0,9.0,60.0,"Код объекта: 1332388.
 В продаже уютная двухкомнатная квартира в ЖК Рассказово, с дорогим и качественным ремонтом.

В квартире заменены все коммуникации от застройщика, гребенка на отопление, переварены выводы на полотеносушитель и т.д. Встроенная кухня с техникой Bosch ( посудомоечная машина, духовой шкаф, холодильник), мойка Blanco. Встроенный шкаф в прихожей. Сантехника в ванной grohe, hansgrohe, roca. Мебель в ванной сделана на заказ. Материалы Пола и стен европейские. 

Квартира готова к продаже, один собственник, обременений нет, покупали у застройщика, больше 5 лет в собственности",,60.0,20.8,346.7
https://www.cian.ru/sale/flat/309500192/,https://images.cdn-cian.ru/images/kvartira-vnukovskoe-omskaya-ulica-2315058655-4.jpg,,"Москва, НАО (Новомосковский), м. Пыхтино, Внуковское поселение, улица Омская, 15",Транспортом,13500000.0,236842.0,2.0,6.0,17.0,57.0,"Продаю полноценную двухкомнатную квартиру от Собственника. Окна выходят на детский сад и внутренний двор. Большая кухня, две отдельные комнаты, раздельный сан. узел. 
Со всей  мебелью и техникой.
Без обременений.
Возможен Торг.
Риэлторов без покупателей с помощью в продаже прошу не беспокоить.
лучше связываться в чате",,57.0,13.5,236.8
https://www.cian.ru/sale/flat/269352728/,https://images.cdn-cian.ru/images/kvartira-vnukovo-bolshaya-vnukovskaya-ulica-2302707397-4.jpg,,"Москва, ЗАО, р-н Внуково, м. Пыхтино, улица Большая Внуковская, 1",Транспортом,9500000.0,223529.0,2.0,1.0,5.0,42.5,"Продается 2х комнатная квартира с классической функциональной планировкой на западе Москвы в благоустроенном районе ""Внуково"", в 7 минутах ходьбы от станции  метро Внуково. До ближайшей остановки 3 минуты прогулочным шагом. Раздельный санузел, изолированные комнаты. Отличные соседи, ухоженный подъезд и двор. Район с хорошей  развитой инфраструктурой. В шаговой доступности: магазины, поликлиника, школа, аптека, а так же детский сад, во дворе детская и спортивная площадка. Окна выходят на тихий зеленый сквер. В доме чистый подъезд , спокойные соседи. Придомовая территория огорожена шлагбаумом, нет проблем с парковкой. Произведен капитальный ремонт с выполнением облицовки фасада и заменой инженерных коммуникаций в доме, установлены новые трубы. Все объекты социальной инфраструктуры находятся в минутной шаговой доступности. Очень удобная транспортная доступность.
Один собственник. Свободная продажа. Оперативный показ. Без обременений. Никто не зарегистрирован.",,42.5,9.5,223.5
https://www.cian.ru/sale/flat/310844624/,https://images.cdn-cian.ru/images/kvartira-vnukovskoe-letchika-gricevca-ulica-2341451653-4.jpg,ЖК «Солнцево парк»,"Москва, НАО (Новомосковский), м. Пыхтино, Внуковское поселение, улица Летчика Грицевца, 11",Пешком,13990000.0,272710.0,2.0,11.0,17.0,51.3,"Продаётся двухкомнатная квартира в ЖК Солнцево-Парк. В квартире сделан евроремонт, есть вся необходимая мебель и бытовая техника (см. фото), всё остаётся и входит в стоимость. Дом находится в 10 минутах ходьбы до станции метро Пыхтино, во дворе дома детский сад, в 5 минутах школа. Рядом торговый центр, магазины, парк, речка.
Один собственник, прямая продажа.",,51.3,14.0,272.7
https://www.cian.ru/sale/flat/310971343/,https://images.cdn-cian.ru/images/kvartira-vnukovskoe-letchika-ulyanina-ulica-2344295193-4.jpg,ЖК «Солнцево парк»,"Москва, НАО (Новомосковский), м. Пыхтино, Внуковское поселение, улица Летчика Ульянина, 3А",Пешком,9590000.0,235627.0,2.0,13.0,13.0,40.7,"!!!!ВНИМАНИЕ ЦЕНА ДО КОНЦА ГОДА!!!!!
НУЖНЫ ДЕНЬГИ В ОДИН БИЗНЕС ПРОЕКТ

предложение от собственника 


В трех минутах пешком от метро пыхтино,
Продается евродвушка в апартаментах с видом на храм.
Качественный ремонт,готовы для проживания.
Вся техника в квартире остается.
Развитая инфраструктура в шаговой доступности:
-кафе 
-рестораны 
-аптеки 
-паркинг,
-школы 
-детские сады 
-поликлиника 
-торговый центр
Экологически чистый район ближайшее шоссе Боровское Киевское,Минское.
Торговый центр в шаговой доступности.
Рядом парк Пыхтино и Ульяновский лесопарк свободная продажа.
один собственник.",,40.7,9.6,235.6
https://www.cian.ru/sale/flat/288486697/,https://images.cdn-cian.ru/images/kvartira-vnukovskoe-omskaya-ulica-1762295951-4.jpg,,"Москва, НАО (Новомосковский), м. Пыхтино, Внуковское поселение, улица Омская, 9",Транспортом,10500000.0,262500.0,2.0,1.0,16.0,40.0,"Продается замечательная, уютная двухкомнатная квартира на две стороны, три больших окна. Планировка евро-двухкомнатная. Одна комната изолированная, другая объединенная с кухней-гостинной. Общая площадь квартиры 39,7 м2. Ремонт в квартире от застройщика, потолки высокие,  с/у очень просторный, совмещенный, частично в кафеле, встроенный шкаф. На полу в с/у, на кухне и коридоре кафель. В комнатах ламинат. На стенах обои под покраску. Мебель и техника не входит в стоимость в объявлении.

Квартира торцевая, подойдет под нежилое помещение или бизнес.

Собственность совместная, двое взрослых. Приобретали квартиру у застройщика Самолет по ДДУ. Дом свежий 2017 года. Монолит-кирпич. Подъезд чистый, с видеонаблюдением и консъерж. Два лифта. Стеклянная входная группа, в подъезд два входа. Очень просторно и удобно особенно с колясками. Есть колясочная для самокатов, велосипедов и тд.  Дом тихий, соседи хорошие. Двор благоустроенный, зеленый с детскими площадками, детский сад и школа видны с подъезда. Наличие парковочных мест. Инфраструктура развитая. Рядом магазины Перекресток, Пятерочка, кафе, салоны красоты, боулинг, фитнесс клуб, ТЦ. Район зеленый, воздух свежий, рядом пруд. До метро Пыхтино одна остановка на автобусах 886, 870. Рядом МЦД Внуково, 7 мин на автобусе 870.

Документы в полном порядке. Прописка Московская. Собственность совместная. Прописанные есть.

Помощь агентов исключена! Дубли рекламы запрещены! Читаем внимательно, в помощи не нуждаюсь! С предложением о сотрудничестве звонить бесполезно!

Цена в объявлении без мебели и техники!

Квартира Вашей мечты ждет Вас!
Показы по договорённости! Туристов прошу не беспокоить!

Объект актуален, просмотр доступен.",,40.0,10.5,262.5
https://www.cian.ru/sale/flat/308720796/,https://images.cdn-cian.ru/images/kvartira-vnukovskoe-letchika-ulyanina-ulica-2299309312-4.jpg,ЖК «Солнцево парк»,"Москва, НАО (Новомосковский), м. Пыхтино, Внуковское поселение, улица Летчика Ульянина, 7",Пешком,10000000.0,174398.0,2.0,7.0,19.0,57.34,"Продаются двухкомнатные апартаменты без отделки в современном монолитно-кирпичном доме. В районе уже создана и функционирует вся необходимая инфраструктура для комфортной жизни (магазины, кафе, салоны, спортивные клубы, детский сад и т.д.). Помещение можно использовать как для проживания (как квартиру) так и для размещения офиса.
В здaнии есть подземный паркинг. Пepeд дoмом стихийная пaркoвкa. Хopошая тpанcпoртная доcтупноcть: в 10 минутах пeшком ( 700м) мeтpо Пыхтино, рядом с домом автoбусные остановки.
На территории ЖК имеются 2 школы, детские сады, поликлиника, супермаркеты, аптеки, зоомагазины, спортивные секции, фитнес, рестораны
В пешей доступности Боровский парк - отличное место для прогулок и занятий спортом.
Удобный проезд до аэропорта Внуково и до Киевского шоссе.
Один собственник.  Свободная продажа. Полная стоимость.",,57.3,10.0,174.4
https://www.cian.ru/sale/flat/309590021/,https://images.cdn-cian.ru/images/kvartira-vnukovskoe-omskaya-ulica-2316752373-4.jpg,,"Москва, НАО (Новомосковский), м. Пыхтино, Внуковское поселение, улица Омская, 17",Транспортом,10850000.0,298898.0,2.0,12.0,18.0,36.3,"Продается уютная квартира евро двушка, кухня -гостиная 18 кВ м и спальня 11 кв м, изначально кв шла с ремонтом, но качество материалов было ужасным, поэтому были заменены откосы и подоконники у окон и порожек перед балконной дверью, весь пол заменен на немецкий ламинат 33 класса, картонные двери заменены на  красивые и тяжелые из ламинированного дсп, балкон полностью сделан- потолок и полы с винилом, есть место для хранения , отделенное рольставней, ванная полностью переделана- отделка плиткой из керамогранита, на полу дизайнерская испанская плитка в виде сот, все трубы из гибкой нержавейки, натяжной потолок, дизайнерская раковина laufen, инсталляция Grohe, кухонной мебели нет, но выведены трубы также из гибкой нержавейки. Общая площадь с балконом около 40 кв м. Вид из окна на детский сад и взлетающие скмолеты.  До м Пыхтино 1 остановка на автобусе 886. Свободна продажа от собственника.",,36.3,10.8,298.9
https://www.cian.ru/sale/flat/310727557/,https://images.cdn-cian.ru/images/2339151388-4.jpg,,"Москва, НАО (Новомосковский), м. Пыхтино, Внуковское поселение, улица Омская, 9",Транспортом,12350000.0,308750.0,2.0,6.0,14.0,40.0,"Номер в базе: 3955809. Вашему вниманию предлагается квартира на Юго-Западе Москвы, в новом семейном районе. Инфраструктура отличная. 
Предлагаем вашему вниманию уникальную квартиру в одном из самых привлекательных районов Юго-Запада Москвы! Это идеальное место для комфортной жизни вашей семьи. Новый, современный жилой комплекс, построенный в 2017 году, окружен развитой инфраструктурой, которая удовлетворит все ваши потребности.

Квартира расположена на 6 этаже 16-этажного кирпичного дома и отличается высоким качеством строительства. Высота потолков 2.7 метра создает ощущение простора и свободы. Внутреннее пространство квартиры оформлено с любовью и вниманием к деталям: выполнен стильный ремонт, который придаёт уют и комфорт. Удобная планировка включает одну светлую комнату и совмещенный санузел, что делает её идеальной для жизни или аренды. Окна выходят во двор, обеспечивая тишину и спокойствие, а просторная лоджия станет вашим личным уголком для отдыха на свежем воздухе.

Дом находится в отличном состоянии и оборудован двумя пассажирскими и одним грузовым лифтом, что значительно упрощает повседневную жизнь, особенно для семей с детьми. Вокруг дома предусмотрены парковочные места, что избавит вас от проблем с поиском места для автомобиля.

Район славится своей развитой инфраструктурой: в шаговой доступности находятся школы, детские сады, магазины и другие необходимые объекты. Всего за 4 минуты на автомобиле вы сможете добраться до метро ""Аэропорт Внуково"", что делает поездки по городу быстрыми и удобными.

Не упустите возможность стать владельцем этой замечательной квартиры! Звоните прямо сейчас, чтобы записаться на просмотр и почувствовать атмосферу этого уютного уголка Москвы!
Код пользователя: 164316",,40.0,12.3,308.8
https://www.cian.ru/sale/flat/242093065/,https://images.cdn-cian.ru/images/9/295/169/kvartira-vnukovskoe-andreya-tarkovskogo-bulvar-961592954-4.jpg,ЖК «Рассказово»,"Москва, НАО (Новомосковский), м. Пыхтино, Внуковское поселение, бульвар Андрея Тарковского, 5",Транспортом,22000000.0,301370.0,2.0,6.0,9.0,73.0,"Риэлторам без реального покупателя-не показываю!Пожалуйста, не звоните с просьбой помочь продать!Риелтер есть свой! Торг не закладываю!Продавать буду столько, сколько мне надо! Квартире установлены стены, произведена механическая штукатурка стен, утеплен балкон, заменено на тройное из хорошего профиля   остекление, поставлена хорошая входная дверь, сейчас проводится электропроводка. Шикарная планировка! Окна на бульвар А Тарковского и во двор(без машин! с кучей детских площадок для разного возраста). Находится под круглосуточной охраной , въезд по пропускам , дворы без машин, консьерж в подъезде , видеонаблюдение , есть паркинги.. Стиль домов сталинский ампир , чистые благоустроенная территория с кучей цветов , много современных детских  и спортивных площадок. Бего - и велодорожки , зоны отдыха с водоемами и без , выход в лес, супермаркеты , школа и 3 детских сада, поликлиника. Покупалась за наличные у застройщика в 2014 году. Обременений нет. Полная стоимость  в договоре! Подходит на ипотеку. Документы готовы к сделке!На балконе поставлены стеклопакеты Саламандер, произведен опуск стояка канализации, имеется несколько вариантов дизайн- проекта  от архитектора.Если объявление опубликовано-то квартира продается!Если вы не дозвонились по причине занятости-пишите",,73.0,22.0,301.4
https://www.cian.ru/sale/flat/298993883/,https://images.cdn-cian.ru/images/kvartira-vnukovo-internacionalnaya-ulica-2109629349-4.jpg,,"Москва, ЗАО, р-н Внуково, м. Пыхтино, Интернациональная улица, 4",Транспортом,13000000.0,242991.0,2.0,3.0,17.0,53.5,Отличное состояние дома и подъезда. В квартире хороший ремонт. Завтра выложу все фото.,,53.5,13.0,243.0
https://www.cian.ru/sale/flat/305217987/,,,"Москва, НАО (Новомосковский), м. Пыхтино, Новомосковский ао",Транспортом,15800000.0,282648.0,2.0,4.0,8.0,55.9,"Квартира расположена  в ЖК  Дубровка. Закрытая охраняемая территория. Спортклуб,парковая зона, детские площадки, детский сад и начальная школа расположены на территории. Также есть кафе, магазины, косметический салон,стоматологическая клиника. Рядом станция метро Ольховая",,55.9,15.8,282.6
https://www.cian.ru/sale/flat/308215431/,https://images.cdn-cian.ru/images/kvartira-vnukovskoe-letchika-gricevca-ulica-2288494418-4.jpg,ЖК «Солнцево парк»,"Москва, НАО (Новомосковский), м. Пыхтино, Внуковское поселение, улица Летчика Грицевца, 12",Пешком,19900000.0,331115.0,2.0,11.0,17.0,60.1,"ЖК Солнцево Парк.Квартира после полной прокачки по сценарию  собственника. Цель переделки-качество, уют и функциональность для своей семьи. Квартира в монолитно-панельном доме серии П-44Т: 2 изолированные комнаты (мастер спальня, детская) и кухня-гостиная с эркером. Планировка распашного типа. 2 застекленные и утепленные лоджии. Дизайн-проект для семьи с 2 детьми. Что сделано: входная дверь и видеодомофон, электронный замок с доступом по отпечатку пальца (подключен к системе умный дом, для распознавания вошедших и участия в различных сценариях), заменены старые  стеклопакеты на современные с детскими замками. Сделана полная шумоизоляция потолка, пола и частично стен (спальня и детская) с привлечением известной, лидирующей на  Российском рынке, компании в сфере шумоизоляции""ТЕХНОСОНУС"". Проведена гидроизоляция по всей квартире, подогрев пола и потолков на балконах, ниши для раздвижных дверей, идеально ровная геометрия, стены с округленными углами которые покрасили краской в спокойный цвет, разместили 3 гардеробные( места хранения), балконы оборудовали под рабочие зоны, провели проводку для электроприводов под шторы, 3 уровня света с разным назначением, на потолке энергосберегающие лампы которые работают от датчиков движения, 2 кондиционера, в детской опускающийся экран для просмотра фильмов, ниша под видеопроектор, встроенные в потолок звуковые колонки, установили Бризер (поступает свежий и чистый воздух при закрытых окнах), проведена электропроводка для системного использования бытовой техники. Весь ремонт в рамках законности в том числе-проводная, надежная, система управления Умный дом. Умный дом-это жилье, оборудованное современными устройствами и датчиками с подключением к сети. Возможность бытовых приборов подключаться к сети, дистанционное управление с любого конца света, а также взаимодействие гаджетов друг с другом. Система умного дома делает жилище намного безопаснее, а жизнь — комфортнее. Специальные датчики предупредят о взломе квартиры, протечках и др. В детской - система сама приглушает свет, музыку, блокирует интернет,  соблюдая режим сна. Ночная подсветка пола включается при движении. В санузле включается свет и вытяжка на движение, дополнительно включается вентилятор если увеличилась влажность. Показания счетчиков автоматически направляются для оплаты. Кухня-датчики движения (свет включится над столом когда вы едите). Система будет регулировать температуру батареи и теплого пола. Несколько режимов в Умном доме: ночной режим, режим никого нет дома( все выключает, включает режим экономии и режим охраны), режим все дома (все включает). Собственник сделал всю самую сложную и дорогую часть ремонта-проектную черновую и чистовую работу по электрике и ремонту. Покупателю останется создать свой неповторимый интерьер который подчеркнет статус владельцев квартиры. Но главное, конечно, не солидность, а уют и возможность жить по-новому. 1 взрослый собственник более 5 лет. Свободная продажа. Нет обременений. Физически и юридически свободна.",,60.1,19.9,331.1
https://www.cian.ru/sale/flat/311471107/,https://images.cdn-cian.ru/images/novostroyka-17y-2355271481-4.jpg,ЖК «Переделкино Ближнее Город-парк»,"Москва, НАО (Новомосковский), м. Пыхтино, Переделкино Ближнее мкр, 17-й кв-л, к3",Пешком,18500000.0,313559.0,2.0,16.0,17.0,59.0,"Я собственник. Монолитный дом.Квартира с увеличенной высотой потолков (3.4 метра) в экологически-чистом районе ""Переделкино Ближнее"". Все без исключения окна выходят на лесопарковую зону. Европланировка (фактически евро трёшка), просторная кухня-гостиная, при этом в квартире 2 санузла. Современный дизайнерский ремонт от застройщика.Сдача дома планируется в 3 квартале 2025 года, в настоящее время ведутся отделочные работы.
До МЦД4 -10 минут пешком. Без пересадок можно доехать до киевской за 25 минут.  
Напротив благоустроенный парк, рядом с домом строится наземный паркинг, а также поликлиника.
Свободная продажа или обменяю на 1-комнатную квартиру с вашей доплатой  в этом же прекрасном районе(рассматриваю только варианты в монолитных домах, от 35 Кв.м, с ремонтом или без). Ипотека погашена полностью, обременений нет.",,59.0,18.5,313.6
,,,,,13295981.333333334,246142.5158730159,—,—,—,54.04617886178862,Средние значения,126,54.0,13.3,246.1
,,,,,14045680.904761905,255170.97619047618,—,—,—,54.9405,Средние значения,42,54.9,14.0,255.2
,,,,,12921131.547619049,241628.2857142857,—,—,—,53.61518072289156,Средние значения,84,53.6,12.9,241.6
,,,,,14368670.6,251925.675,—,—,—,57.00615384615385,Средние значения,80,57.0,14.4,251.9
,,,,,11430434.782608695,236084.84782608695,—,—,—,48.915555555555564,Средние значения,46,48.9,11.4,236.1
